

================================================================
== Vitis HLS Report for 'hls_color_space_convert_template_3_8_3_8_Pipeline_VITIS_LOOP_58_1'
================================================================
* Date:           Tue Mar 31 11:08:39 2026

* Version:        2025.2 (Build 6295257 on Nov 14 2025)
* Project:        hls_color_space_convert
* Solution:       hls (Vivado IP Flow Target)
* Product family: zynquplus
* Target device:  xck26-sfvc784-2LV-c


================================================================
== Performance Estimates
================================================================
+ Timing: 
    * Summary: 
    +--------+----------+----------+------------+
    |  Clock |  Target  | Estimated| Uncertainty|
    +--------+----------+----------+------------+
    |ap_clk  |  10.00 ns|  3.206 ns|     2.70 ns|
    +--------+----------+----------+------------+

+ Latency: 
    * Summary: 
    +---------+---------+----------+----------+-----+-----+-------------------+
    |  Latency (cycles) |  Latency (absolute) |  Interval |      Pipeline     |
    |   min   |   max   |    min   |    max   | min | max |        Type       |
    +---------+---------+----------+----------+-----+-----+-------------------+
    |        ?|        ?|         ?|         ?|    0|    0|  loop pipeline stp|
    +---------+---------+----------+----------+-----+-----+-------------------+

    + Detail: 
        * Instance: 
        N/A

        * Loop: 
        +-------------------+---------+---------+----------+-----------+-----------+------+----------+
        |                   |  Latency (cycles) | Iteration|  Initiation Interval  | Trip |          |
        |     Loop Name     |   min   |   max   |  Latency |  achieved |   target  | Count| Pipelined|
        +-------------------+---------+---------+----------+-----------+-----------+------+----------+
        |- VITIS_LOOP_58_1  |        ?|        ?|         6|          1|          1|     ?|       yes|
        +-------------------+---------+---------+----------+-----------+-----------+------+----------+



================================================================
== Utilization Estimates
================================================================
* Summary: 
+-----------------+---------+------+--------+--------+-----+
|       Name      | BRAM_18K|  DSP |   FF   |   LUT  | URAM|
+-----------------+---------+------+--------+--------+-----+
|DSP              |        -|     6|       -|       -|    -|
|Expression       |        -|     -|       0|     507|    -|
|FIFO             |        -|     -|       -|       -|    -|
|Instance         |        -|     3|       0|      15|    -|
|Memory           |        -|     -|       -|       -|    -|
|Multiplexer      |        -|     -|       0|      72|    -|
|Register         |        -|     -|     534|      64|    -|
+-----------------+---------+------+--------+--------+-----+
|Total            |        0|     9|     534|     658|    0|
+-----------------+---------+------+--------+--------+-----+
|Available        |      288|  1248|  234240|  117120|   64|
+-----------------+---------+------+--------+--------+-----+
|Utilization (%)  |        0|    ~0|      ~0|      ~0|    0|
+-----------------+---------+------+--------+--------+-----+

+ Detail: 
    * Instance: 
    +-----------------------+--------------------+---------+----+---+----+-----+
    |        Instance       |       Module       | BRAM_18K| DSP| FF| LUT| URAM|
    +-----------------------+--------------------+---------+----+---+----+-----+
    |mul_16s_8ns_24_1_1_U1  |mul_16s_8ns_24_1_1  |        0|   1|  0|   5|    0|
    |mul_16s_8ns_24_1_1_U2  |mul_16s_8ns_24_1_1  |        0|   1|  0|   5|    0|
    |mul_16s_8ns_24_1_1_U3  |mul_16s_8ns_24_1_1  |        0|   1|  0|   5|    0|
    +-----------------------+--------------------+---------+----+---+----+-----+
    |Total                  |                    |        0|   3|  0|  15|    0|
    +-----------------------+--------------------+---------+----+---+----+-----+

    * DSP: 
    +----------------------------------+-------------------------------+--------------+
    |             Instance             |             Module            |  Expression  |
    +----------------------------------+-------------------------------+--------------+
    |mac_muladd_16s_8ns_24s_25_4_1_U4  |mac_muladd_16s_8ns_24s_25_4_1  |  i0 + i1 * i2|
    |mac_muladd_16s_8ns_24s_25_4_1_U5  |mac_muladd_16s_8ns_24s_25_4_1  |  i0 + i1 * i2|
    |mac_muladd_16s_8ns_24s_25_4_1_U6  |mac_muladd_16s_8ns_24s_25_4_1  |  i0 + i1 * i2|
    |mac_muladd_16s_8ns_25s_26_4_1_U7  |mac_muladd_16s_8ns_25s_26_4_1  |  i0 + i1 * i2|
    |mac_muladd_16s_8ns_25s_26_4_1_U8  |mac_muladd_16s_8ns_25s_26_4_1  |  i0 + i1 * i2|
    |mac_muladd_16s_8ns_25s_26_4_1_U9  |mac_muladd_16s_8ns_25s_26_4_1  |  i0 + i1 * i2|
    +----------------------------------+-------------------------------+--------------+

    * Memory: 
    N/A

    * FIFO: 
    N/A

    * Expression: 
    +--------------------------------+----------+----+---+----+------------+------------+
    |          Variable Name         | Operation| DSP| FF| LUT| Bitwidth P0| Bitwidth P1|
    +--------------------------------+----------+----+---+----+------------+------------+
    |add_ln58_fu_280_p2              |         +|   0|  0|  38|          31|           1|
    |result_1_fu_513_p2              |         +|   0|  0|  26|          19|          19|
    |result_2_fu_571_p2              |         +|   0|  0|  26|          19|          19|
    |result_fu_435_p2                |         +|   0|  0|  26|          19|          19|
    |x_1_fu_315_p2                   |         +|   0|  0|  39|          32|           1|
    |y_1_fu_309_p2                   |         +|   0|  0|  39|          32|           1|
    |icmp_ln103_fu_298_p2            |      icmp|   0|  0|  39|          32|           1|
    |icmp_ln104_fu_304_p2            |      icmp|   0|  0|  39|          32|          32|
    |icmp_ln58_fu_275_p2             |      icmp|   0|  0|  39|          32|          32|
    |icmp_ln93_1_fu_540_p2           |      icmp|   0|  0|  18|          11|           1|
    |icmp_ln93_2_fu_598_p2           |      icmp|   0|  0|  18|          11|           1|
    |icmp_ln93_fu_462_p2             |      icmp|   0|  0|  18|          11|           1|
    |ap_block_pp0_stage0_01001_grp1  |        or|   0|  0|   2|           1|           1|
    |or_ln103_fu_292_p2              |        or|   0|  0|  32|          32|          32|
    |or_ln99_1_fu_552_p2             |        or|   0|  0|   2|           1|           1|
    |or_ln99_2_fu_622_p2             |        or|   0|  0|   2|           1|           1|
    |or_ln99_fu_486_p2               |        or|   0|  0|   2|           1|           1|
    |select_ln99_1_fu_628_p3         |    select|   0|  0|   8|           1|           8|
    |select_ln99_2_fu_648_p3         |    select|   0|  0|   8|           1|           8|
    |select_ln99_3_fu_478_p3         |    select|   0|  0|   2|           1|           2|
    |select_ln99_4_fu_614_p3         |    select|   0|  0|   2|           1|           2|
    |select_ln99_5_fu_636_p3         |    select|   0|  0|   2|           1|           2|
    |select_ln99_fu_492_p3           |    select|   0|  0|   8|           1|           8|
    |x_2_fu_321_p3                   |    select|   0|  0|  32|           1|           1|
    |y_2_fu_329_p3                   |    select|   0|  0|  32|           1|          32|
    |ap_enable_pp0                   |       xor|   0|  0|   2|           1|           2|
    |xor_ln99_1_fu_546_p2            |       xor|   0|  0|   2|           1|           2|
    |xor_ln99_2_fu_608_p2            |       xor|   0|  0|   2|           1|           2|
    |xor_ln99_fu_472_p2              |       xor|   0|  0|   2|           1|           2|
    +--------------------------------+----------+----+---+----+------------+------------+
    |Total                           |          |   0|  0| 507|         329|         235|
    +--------------------------------+----------+----+---+----+------------+------------+

    * Multiplexer: 
    +--------------------------+----+-----------+-----+-----------+
    |           Name           | LUT| Input Size| Bits| Total Bits|
    +--------------------------+----+-----------+-----+-----------+
    |ap_done_int               |   9|          2|    1|          2|
    |ap_enable_reg_pp0_iter1   |   9|          2|    1|          2|
    |ap_enable_reg_pp0_iter2   |   9|          2|    1|          2|
    |i_fu_104                  |   9|          2|   31|         62|
    |m_axis_video_TDATA_blk_n  |   9|          2|    1|          2|
    |s_axis_video_TDATA_blk_n  |   9|          2|    1|          2|
    |x_fu_96                   |   9|          2|   32|         64|
    |y_fu_100                  |   9|          2|   32|         64|
    +--------------------------+----+-----------+-----+-----------+
    |Total                     |  72|         16|  100|        200|
    +--------------------------+----+-----------+-----+-----------+

    * Register: 
    +----------------------------------+----+----+-----+-----------+
    |               Name               | FF | LUT| Bits| Const Bits|
    +----------------------------------+----+----+-----+-----------+
    |ap_CS_fsm                         |   1|   0|    1|          0|
    |ap_done_reg                       |   1|   0|    1|          0|
    |ap_enable_reg_pp0_iter1           |   1|   0|    1|          0|
    |ap_enable_reg_pp0_iter2           |   1|   0|    1|          0|
    |ap_enable_reg_pp0_iter3           |   1|   0|    1|          0|
    |ap_enable_reg_pp0_iter4           |   1|   0|    1|          0|
    |ap_enable_reg_pp0_iter5           |   1|   0|    1|          0|
    |ap_enable_reg_pp0_iter6           |   1|   0|    1|          0|
    |ap_loop_exit_ready_pp0_iter2_reg  |   1|   0|    1|          0|
    |ap_loop_exit_ready_pp0_iter3_reg  |   1|   0|    1|          0|
    |ap_loop_exit_ready_pp0_iter4_reg  |   1|   0|    1|          0|
    |ap_loop_exit_ready_pp0_iter5_reg  |   1|   0|    1|          0|
    |i_fu_104                          |  31|   0|   31|          0|
    |icmp_ln103_reg_816                |   1|   0|    1|          0|
    |icmp_ln104_reg_821                |   1|   0|    1|          0|
    |lshr_ln_reg_831                   |   8|   0|    8|          0|
    |lshr_ln_reg_831_pp0_iter3_reg     |   8|   0|    8|          0|
    |sext_ln58_cast_reg_797            |  19|   0|   19|          0|
    |sext_ln83_10_cast_reg_802         |  19|   0|   19|          0|
    |sext_ln83_1_cast_reg_787          |  24|   0|   24|          0|
    |sext_ln83_2_cast_reg_782          |  24|   0|   24|          0|
    |sext_ln83_3_cast_reg_777          |  24|   0|   24|          0|
    |sext_ln83_4_cast_reg_772          |  24|   0|   24|          0|
    |sext_ln83_5_cast_reg_767          |  24|   0|   24|          0|
    |sext_ln83_6_cast_reg_762          |  24|   0|   24|          0|
    |sext_ln83_7_cast_reg_757          |  24|   0|   24|          0|
    |sext_ln83_8_cast_reg_752          |  24|   0|   24|          0|
    |sext_ln83_9_cast_reg_807          |  19|   0|   19|          0|
    |sext_ln83_cast_reg_792            |  24|   0|   24|          0|
    |trunc_ln65_reg_826                |   8|   0|    8|          0|
    |x_fu_96                           |  32|   0|   32|          0|
    |y_fu_100                          |  32|   0|   32|          0|
    |icmp_ln103_reg_816                |  64|  32|    1|          0|
    |icmp_ln104_reg_821                |  64|  32|    1|          0|
    +----------------------------------+----+----+-----+-----------+
    |Total                             | 534|  64|  408|          0|
    +----------------------------------+----+----+-----+-----------+



================================================================
== Interface
================================================================
* Summary: 
+---------------------+-----+-----+------------+-----------------------------------------------------------------------+--------------+
|      RTL Ports      | Dir | Bits|  Protocol  |                             Source Object                             |    C Type    |
+---------------------+-----+-----+------------+-----------------------------------------------------------------------+--------------+
|ap_clk               |   in|    1|  ap_ctrl_hs|  hls_color_space_convert_template<3, 8, 3, 8>_Pipeline_VITIS_LOOP_58_1|  return value|
|ap_rst               |   in|    1|  ap_ctrl_hs|  hls_color_space_convert_template<3, 8, 3, 8>_Pipeline_VITIS_LOOP_58_1|  return value|
|ap_start             |   in|    1|  ap_ctrl_hs|  hls_color_space_convert_template<3, 8, 3, 8>_Pipeline_VITIS_LOOP_58_1|  return value|
|ap_done              |  out|    1|  ap_ctrl_hs|  hls_color_space_convert_template<3, 8, 3, 8>_Pipeline_VITIS_LOOP_58_1|  return value|
|ap_idle              |  out|    1|  ap_ctrl_hs|  hls_color_space_convert_template<3, 8, 3, 8>_Pipeline_VITIS_LOOP_58_1|  return value|
|ap_ready             |  out|    1|  ap_ctrl_hs|  hls_color_space_convert_template<3, 8, 3, 8>_Pipeline_VITIS_LOOP_58_1|  return value|
|s_axis_video_TVALID  |   in|    1|        axis|                                                           s_axis_video|       pointer|
|s_axis_video_TDATA   |   in|   32|        axis|                                                           s_axis_video|       pointer|
|s_axis_video_TREADY  |  out|    1|        axis|                                                           s_axis_video|       pointer|
|m_axis_video_TREADY  |   in|    1|        axis|                                                           m_axis_video|       pointer|
|m_axis_video_TDATA   |  out|   32|        axis|                                                           m_axis_video|       pointer|
|m_axis_video_TVALID  |  out|    1|        axis|                                                           m_axis_video|       pointer|
|total_pixels         |   in|   32|     ap_none|                                                           total_pixels|        scalar|
|sext_ln83            |   in|   16|     ap_none|                                                              sext_ln83|        scalar|
|sext_ln83_1          |   in|   16|     ap_none|                                                            sext_ln83_1|        scalar|
|sext_ln83_2          |   in|   16|     ap_none|                                                            sext_ln83_2|        scalar|
|sext_ln83_9          |   in|   16|     ap_none|                                                            sext_ln83_9|        scalar|
|sext_ln83_3          |   in|   16|     ap_none|                                                            sext_ln83_3|        scalar|
|sext_ln83_4          |   in|   16|     ap_none|                                                            sext_ln83_4|        scalar|
|sext_ln83_5          |   in|   16|     ap_none|                                                            sext_ln83_5|        scalar|
|sext_ln83_10         |   in|   16|     ap_none|                                                           sext_ln83_10|        scalar|
|sext_ln83_6          |   in|   16|     ap_none|                                                            sext_ln83_6|        scalar|
|sext_ln83_7          |   in|   16|     ap_none|                                                            sext_ln83_7|        scalar|
|sext_ln83_8          |   in|   16|     ap_none|                                                            sext_ln83_8|        scalar|
|sext_ln58            |   in|   16|     ap_none|                                                              sext_ln58|        scalar|
|add_ln104            |   in|   32|     ap_none|                                                              add_ln104|        scalar|
+---------------------+-----+-----+------------+-----------------------------------------------------------------------+--------------+

============================================================
+ Verbose Summary: Synthesis Manager
============================================================
InlineROM: 1
ExposeGlobal: 0
============================================================
+ Verbose Summary: CDFG Model
============================================================
IsTopModel: 0
ResetActiveHigh: 1
IsCombinational: 2
IsDatapathOnly: 2
HasWiredReturn: 1
HasMFsm: 2
HasVarLatency: 1
IsPipeline: 0
IsRtlPipelined: 0
IsInstanceOverlapped: 0
IsDontTouch: 0
HasImplIP: 0
IsGatedGlobalClock: 0

+ Individual pipeline summary: 
  * Pipeline-0: initiation interval (II) = 1, depth = 7


============================================================
+ Verbose Summary: Schedule
============================================================
* Number of FSM states : 7
* Pipeline : 1
  Pipeline-0 : II = 1, D = 7, States = { 1 2 3 4 5 6 7 }
* Dataflow Pipeline: 0

* FSM state transitions: 
1 --> 2 
2 --> 3 
3 --> 4 
4 --> 5 
5 --> 6 
6 --> 7 
7 --> 

* FSM state operations: 

State 1 <SV = 0> <Delay = 0.42>
ST_1 : Operation 9 [1/1] (0.00ns)   --->   "%x = alloca i32 1" [hls_color_space_convert.cpp:50]   --->   Operation 9 'alloca' 'x' <Predicate = true> <Delay = 0.00>
ST_1 : Operation 10 [1/1] (0.00ns)   --->   "%y = alloca i32 1" [hls_color_space_convert.cpp:51]   --->   Operation 10 'alloca' 'y' <Predicate = true> <Delay = 0.00>
ST_1 : Operation 11 [1/1] (0.00ns)   --->   "%i = alloca i32 1"   --->   Operation 11 'alloca' 'i' <Predicate = true> <Delay = 0.00>
ST_1 : Operation 12 [1/1] (0.00ns)   --->   "%add_ln104_read = read i32 @_ssdm_op_Read.ap_auto.i32, i32 %add_ln104"   --->   Operation 12 'read' 'add_ln104_read' <Predicate = true> <Delay = 0.00>
ST_1 : Operation 13 [1/1] (0.00ns)   --->   "%sext_ln58_read = read i16 @_ssdm_op_Read.ap_auto.i16, i16 %sext_ln58"   --->   Operation 13 'read' 'sext_ln58_read' <Predicate = true> <Delay = 0.00>
ST_1 : Operation 14 [1/1] (0.00ns)   --->   "%sext_ln83_8_read = read i16 @_ssdm_op_Read.ap_auto.i16, i16 %sext_ln83_8"   --->   Operation 14 'read' 'sext_ln83_8_read' <Predicate = true> <Delay = 0.00>
ST_1 : Operation 15 [1/1] (0.00ns)   --->   "%sext_ln83_7_read = read i16 @_ssdm_op_Read.ap_auto.i16, i16 %sext_ln83_7"   --->   Operation 15 'read' 'sext_ln83_7_read' <Predicate = true> <Delay = 0.00>
ST_1 : Operation 16 [1/1] (0.00ns)   --->   "%sext_ln83_6_read = read i16 @_ssdm_op_Read.ap_auto.i16, i16 %sext_ln83_6"   --->   Operation 16 'read' 'sext_ln83_6_read' <Predicate = true> <Delay = 0.00>
ST_1 : Operation 17 [1/1] (0.00ns)   --->   "%sext_ln83_10_read = read i16 @_ssdm_op_Read.ap_auto.i16, i16 %sext_ln83_10"   --->   Operation 17 'read' 'sext_ln83_10_read' <Predicate = true> <Delay = 0.00>
ST_1 : Operation 18 [1/1] (0.00ns)   --->   "%sext_ln83_5_read = read i16 @_ssdm_op_Read.ap_auto.i16, i16 %sext_ln83_5"   --->   Operation 18 'read' 'sext_ln83_5_read' <Predicate = true> <Delay = 0.00>
ST_1 : Operation 19 [1/1] (0.00ns)   --->   "%sext_ln83_4_read = read i16 @_ssdm_op_Read.ap_auto.i16, i16 %sext_ln83_4"   --->   Operation 19 'read' 'sext_ln83_4_read' <Predicate = true> <Delay = 0.00>
ST_1 : Operation 20 [1/1] (0.00ns)   --->   "%sext_ln83_3_read = read i16 @_ssdm_op_Read.ap_auto.i16, i16 %sext_ln83_3"   --->   Operation 20 'read' 'sext_ln83_3_read' <Predicate = true> <Delay = 0.00>
ST_1 : Operation 21 [1/1] (0.00ns)   --->   "%sext_ln83_9_read = read i16 @_ssdm_op_Read.ap_auto.i16, i16 %sext_ln83_9"   --->   Operation 21 'read' 'sext_ln83_9_read' <Predicate = true> <Delay = 0.00>
ST_1 : Operation 22 [1/1] (0.00ns)   --->   "%sext_ln83_2_read = read i16 @_ssdm_op_Read.ap_auto.i16, i16 %sext_ln83_2"   --->   Operation 22 'read' 'sext_ln83_2_read' <Predicate = true> <Delay = 0.00>
ST_1 : Operation 23 [1/1] (0.00ns)   --->   "%sext_ln83_1_read = read i16 @_ssdm_op_Read.ap_auto.i16, i16 %sext_ln83_1"   --->   Operation 23 'read' 'sext_ln83_1_read' <Predicate = true> <Delay = 0.00>
ST_1 : Operation 24 [1/1] (0.00ns)   --->   "%sext_ln83_read = read i16 @_ssdm_op_Read.ap_auto.i16, i16 %sext_ln83"   --->   Operation 24 'read' 'sext_ln83_read' <Predicate = true> <Delay = 0.00>
ST_1 : Operation 25 [1/1] (0.00ns)   --->   "%total_pixels_read = read i32 @_ssdm_op_Read.ap_auto.i32, i32 %total_pixels"   --->   Operation 25 'read' 'total_pixels_read' <Predicate = true> <Delay = 0.00>
ST_1 : Operation 26 [1/1] (0.00ns)   --->   "%sext_ln83_8_cast = sext i16 %sext_ln83_8_read"   --->   Operation 26 'sext' 'sext_ln83_8_cast' <Predicate = true> <Delay = 0.00>
ST_1 : Operation 27 [1/1] (0.00ns)   --->   "%sext_ln83_7_cast = sext i16 %sext_ln83_7_read"   --->   Operation 27 'sext' 'sext_ln83_7_cast' <Predicate = true> <Delay = 0.00>
ST_1 : Operation 28 [1/1] (0.00ns)   --->   "%sext_ln83_6_cast = sext i16 %sext_ln83_6_read"   --->   Operation 28 'sext' 'sext_ln83_6_cast' <Predicate = true> <Delay = 0.00>
ST_1 : Operation 29 [1/1] (0.00ns)   --->   "%sext_ln83_5_cast = sext i16 %sext_ln83_5_read"   --->   Operation 29 'sext' 'sext_ln83_5_cast' <Predicate = true> <Delay = 0.00>
ST_1 : Operation 30 [1/1] (0.00ns)   --->   "%sext_ln83_4_cast = sext i16 %sext_ln83_4_read"   --->   Operation 30 'sext' 'sext_ln83_4_cast' <Predicate = true> <Delay = 0.00>
ST_1 : Operation 31 [1/1] (0.00ns)   --->   "%sext_ln83_3_cast = sext i16 %sext_ln83_3_read"   --->   Operation 31 'sext' 'sext_ln83_3_cast' <Predicate = true> <Delay = 0.00>
ST_1 : Operation 32 [1/1] (0.00ns)   --->   "%sext_ln83_2_cast = sext i16 %sext_ln83_2_read"   --->   Operation 32 'sext' 'sext_ln83_2_cast' <Predicate = true> <Delay = 0.00>
ST_1 : Operation 33 [1/1] (0.00ns)   --->   "%sext_ln83_1_cast = sext i16 %sext_ln83_1_read"   --->   Operation 33 'sext' 'sext_ln83_1_cast' <Predicate = true> <Delay = 0.00>
ST_1 : Operation 34 [1/1] (0.00ns)   --->   "%sext_ln83_cast = sext i16 %sext_ln83_read"   --->   Operation 34 'sext' 'sext_ln83_cast' <Predicate = true> <Delay = 0.00>
ST_1 : Operation 35 [1/1] (0.00ns)   --->   "%sext_ln58_cast = sext i16 %sext_ln58_read"   --->   Operation 35 'sext' 'sext_ln58_cast' <Predicate = true> <Delay = 0.00>
ST_1 : Operation 36 [1/1] (0.00ns)   --->   "%sext_ln83_10_cast = sext i16 %sext_ln83_10_read"   --->   Operation 36 'sext' 'sext_ln83_10_cast' <Predicate = true> <Delay = 0.00>
ST_1 : Operation 37 [1/1] (0.00ns)   --->   "%sext_ln83_9_cast = sext i16 %sext_ln83_9_read"   --->   Operation 37 'sext' 'sext_ln83_9_cast' <Predicate = true> <Delay = 0.00>
ST_1 : Operation 38 [1/1] (0.00ns)   --->   "%specinterface_ln0 = specinterface void @_ssdm_op_SpecInterface, i32 %s_axis_video, void @empty, i32 0, i32 0, void @empty_0, i32 0, i32 0, void @empty_1, void @empty_1, void @empty_1, i32 0, i32 0, i32 0, i32 0, void @empty_1, void @empty_1, i32 4294967295, i32 0, i32 0, i32 0"   --->   Operation 38 'specinterface' 'specinterface_ln0' <Predicate = true> <Delay = 0.00>
ST_1 : Operation 39 [1/1] (0.00ns)   --->   "%specinterface_ln0 = specinterface void @_ssdm_op_SpecInterface, i32 %m_axis_video, void @empty, i32 0, i32 0, void @empty_0, i32 0, i32 0, void @empty_1, void @empty_1, void @empty_1, i32 0, i32 0, i32 0, i32 0, void @empty_1, void @empty_1, i32 4294967295, i32 0, i32 0, i32 0"   --->   Operation 39 'specinterface' 'specinterface_ln0' <Predicate = true> <Delay = 0.00>
ST_1 : Operation 40 [1/1] (0.42ns)   --->   "%store_ln0 = store i31 0, i31 %i"   --->   Operation 40 'store' 'store_ln0' <Predicate = true> <Delay = 0.42>
ST_1 : Operation 41 [1/1] (0.42ns)   --->   "%store_ln51 = store i32 0, i32 %y" [hls_color_space_convert.cpp:51]   --->   Operation 41 'store' 'store_ln51' <Predicate = true> <Delay = 0.42>
ST_1 : Operation 42 [1/1] (0.42ns)   --->   "%store_ln50 = store i32 0, i32 %x" [hls_color_space_convert.cpp:50]   --->   Operation 42 'store' 'store_ln50' <Predicate = true> <Delay = 0.42>
ST_1 : Operation 43 [1/1] (0.00ns)   --->   "%br_ln58 = br void %VITIS_LOOP_71_2" [hls_color_space_convert.cpp:58]   --->   Operation 43 'br' 'br_ln58' <Predicate = true> <Delay = 0.00>

State 2 <SV = 1> <Delay = 1.89>
ST_2 : Operation 44 [1/1] (0.00ns)   --->   "%i_load = load i31 %i" [hls_color_space_convert.cpp:58]   --->   Operation 44 'load' 'i_load' <Predicate = true> <Delay = 0.00>
ST_2 : Operation 45 [1/1] (0.00ns)   --->   "%zext_ln32 = zext i31 %i_load" [hls_color_space_convert.cpp:32]   --->   Operation 45 'zext' 'zext_ln32' <Predicate = true> <Delay = 0.00>
ST_2 : Operation 46 [1/1] (1.01ns)   --->   "%icmp_ln58 = icmp_slt  i32 %zext_ln32, i32 %total_pixels_read" [hls_color_space_convert.cpp:58]   --->   Operation 46 'icmp' 'icmp_ln58' <Predicate = true> <Delay = 1.01> <CoreInst = "Cmp">   --->   Core 9 'Cmp' <Latency = 0> <II = 1> <Delay = 1.01> <FuncUnit> <Opcode : 'seteq' 'setne' 'setle' 'setge' 'setlt' 'setgt'> <InPorts = 2> <OutPorts = 1>
ST_2 : Operation 47 [1/1] (1.00ns)   --->   "%add_ln58 = add i31 %i_load, i31 1" [hls_color_space_convert.cpp:58]   --->   Operation 47 'add' 'add_ln58' <Predicate = true> <Delay = 1.00> <CoreInst = "Adder">   --->   Core 1 'Adder' <Latency = 0> <II = 1> <Delay = 1.00> <FuncUnit> <Opcode : 'add' 'sub'> <InPorts = 2> <OutPorts = 1>
ST_2 : Operation 48 [1/1] (0.00ns)   --->   "%br_ln58 = br i1 %icmp_ln58, void %for.end46.exitStub, void %VITIS_LOOP_71_2.split" [hls_color_space_convert.cpp:58]   --->   Operation 48 'br' 'br_ln58' <Predicate = true> <Delay = 0.00>
ST_2 : Operation 49 [1/1] (0.00ns)   --->   "%x_load = load i32 %x" [hls_color_space_convert.cpp:114]   --->   Operation 49 'load' 'x_load' <Predicate = (icmp_ln58)> <Delay = 0.00>
ST_2 : Operation 50 [1/1] (0.00ns)   --->   "%y_load = load i32 %y" [hls_color_space_convert.cpp:112]   --->   Operation 50 'load' 'y_load' <Predicate = (icmp_ln58)> <Delay = 0.00>
ST_2 : Operation 51 [1/1] (0.00ns) (grouped into LUT with out node icmp_ln103)   --->   "%or_ln103 = or i32 %x_load, i32 %y_load" [hls_color_space_convert.cpp:103]   --->   Operation 51 'or' 'or_ln103' <Predicate = (icmp_ln58)> <Delay = 0.00> <CoreInst = "LogicGate">   --->   Core 74 'LogicGate' <Latency = 0> <II = 1> <Delay = 0.35> <FuncUnit> <Opcode : 'and' 'or' 'xor'> <InPorts = 2> <OutPorts = 1>
ST_2 : Operation 52 [1/1] (1.01ns) (out node of the LUT)   --->   "%icmp_ln103 = icmp_eq  i32 %or_ln103, i32 0" [hls_color_space_convert.cpp:103]   --->   Operation 52 'icmp' 'icmp_ln103' <Predicate = (icmp_ln58)> <Delay = 1.01> <CoreInst = "Cmp">   --->   Core 9 'Cmp' <Latency = 0> <II = 1> <Delay = 1.01> <FuncUnit> <Opcode : 'seteq' 'setne' 'setle' 'setge' 'setlt' 'setgt'> <InPorts = 2> <OutPorts = 1>
ST_2 : Operation 53 [1/1] (1.01ns)   --->   "%icmp_ln104 = icmp_eq  i32 %x_load, i32 %add_ln104_read" [hls_color_space_convert.cpp:104]   --->   Operation 53 'icmp' 'icmp_ln104' <Predicate = (icmp_ln58)> <Delay = 1.01> <CoreInst = "Cmp">   --->   Core 9 'Cmp' <Latency = 0> <II = 1> <Delay = 1.01> <FuncUnit> <Opcode : 'seteq' 'setne' 'setle' 'setge' 'setlt' 'setgt'> <InPorts = 2> <OutPorts = 1>
ST_2 : Operation 54 [1/1] (1.01ns)   --->   "%y_1 = add i32 %y_load, i32 1" [hls_color_space_convert.cpp:112]   --->   Operation 54 'add' 'y_1' <Predicate = (icmp_ln58)> <Delay = 1.01> <CoreInst = "Adder">   --->   Core 1 'Adder' <Latency = 0> <II = 1> <Delay = 1.01> <FuncUnit> <Opcode : 'add' 'sub'> <InPorts = 2> <OutPorts = 1>
ST_2 : Operation 55 [1/1] (1.01ns)   --->   "%x_1 = add i32 %x_load, i32 1" [hls_color_space_convert.cpp:114]   --->   Operation 55 'add' 'x_1' <Predicate = (icmp_ln58)> <Delay = 1.01> <CoreInst = "Adder">   --->   Core 1 'Adder' <Latency = 0> <II = 1> <Delay = 1.01> <FuncUnit> <Opcode : 'add' 'sub'> <InPorts = 2> <OutPorts = 1>
ST_2 : Operation 56 [1/1] (0.44ns)   --->   "%x_2 = select i1 %icmp_ln104, i32 0, i32 %x_1" [hls_color_space_convert.cpp:110]   --->   Operation 56 'select' 'x_2' <Predicate = (icmp_ln58)> <Delay = 0.44> <CoreInst = "Sel">   --->   Core 73 'Sel' <Latency = 0> <II = 1> <Delay = 0.44> <FuncUnit> <Opcode : 'select'> <InPorts = 3> <OutPorts = 1>
ST_2 : Operation 57 [1/1] (0.44ns)   --->   "%y_2 = select i1 %icmp_ln104, i32 %y_1, i32 %y_load" [hls_color_space_convert.cpp:110]   --->   Operation 57 'select' 'y_2' <Predicate = (icmp_ln58)> <Delay = 0.44> <CoreInst = "Sel">   --->   Core 73 'Sel' <Latency = 0> <II = 1> <Delay = 0.44> <FuncUnit> <Opcode : 'select'> <InPorts = 3> <OutPorts = 1>
ST_2 : Operation 58 [1/1] (0.42ns)   --->   "%store_ln58 = store i31 %add_ln58, i31 %i" [hls_color_space_convert.cpp:58]   --->   Operation 58 'store' 'store_ln58' <Predicate = (icmp_ln58)> <Delay = 0.42>
ST_2 : Operation 59 [1/1] (0.42ns)   --->   "%store_ln51 = store i32 %y_2, i32 %y" [hls_color_space_convert.cpp:51]   --->   Operation 59 'store' 'store_ln51' <Predicate = (icmp_ln58)> <Delay = 0.42>
ST_2 : Operation 60 [1/1] (0.42ns)   --->   "%store_ln50 = store i32 %x_2, i32 %x" [hls_color_space_convert.cpp:50]   --->   Operation 60 'store' 'store_ln50' <Predicate = (icmp_ln58)> <Delay = 0.42>

State 3 <SV = 2> <Delay = 1.07>
ST_3 : Operation 61 [1/1] ( I:0.07ns O:0.07ns )   --->   "%s_axis_video_read = read i32 @_ssdm_op_Read.axis.volatile.i32P128A, i32 %s_axis_video" [hls_color_space_convert.cpp:65]   --->   Operation 61 'read' 's_axis_video_read' <Predicate = true> <Delay = 0.07> <CoreInst = "regslice">   --->   Core 147 'regslice' <Latency = 0> <II = 1> <Delay = 0.65> <Adapter> <Opcode : 'read' 'write'>
ST_3 : Operation 62 [1/1] (0.00ns)   --->   "%trunc_ln65 = trunc i32 %s_axis_video_read" [hls_color_space_convert.cpp:65]   --->   Operation 62 'trunc' 'trunc_ln65' <Predicate = true> <Delay = 0.00>
ST_3 : Operation 63 [1/1] (0.00ns)   --->   "%lshr_ln = partselect i8 @_ssdm_op_PartSelect.i8.i32.i32.i32, i32 %s_axis_video_read, i32 8, i32 15" [hls_color_space_convert.cpp:65]   --->   Operation 63 'partselect' 'lshr_ln' <Predicate = true> <Delay = 0.00>
ST_3 : Operation 64 [1/1] (0.00ns)   --->   "%lshr_ln65_1 = partselect i8 @_ssdm_op_PartSelect.i8.i32.i32.i32, i32 %s_axis_video_read, i32 16, i32 23" [hls_color_space_convert.cpp:65]   --->   Operation 64 'partselect' 'lshr_ln65_1' <Predicate = true> <Delay = 0.00>
ST_3 : Operation 65 [1/1] (0.00ns)   --->   "%zext_ln65_1 = zext i8 %lshr_ln65_1" [hls_color_space_convert.cpp:65]   --->   Operation 65 'zext' 'zext_ln65_1' <Predicate = true> <Delay = 0.00>
ST_3 : Operation 66 [3/3] (0.99ns) (grouped into DSP with root node add_ln83)   --->   "%mul_ln83_1 = mul i24 %sext_ln83_2_cast, i24 %zext_ln65_1" [hls_color_space_convert.cpp:83]   --->   Operation 66 'mul' 'mul_ln83_1' <Predicate = true> <Delay = 0.99> <CoreInst = "DSP48">   --->   Core 124 'DSP48' <Latency = 3> <II = 1> <Delay = 0.53> <IPBlock> <Opcode : 'add' 'sub' 'mul' 'select'> <InPorts = 0> <OutPorts = 1> <Sync> <CReg>
ST_3 : Operation 67 [3/3] (0.99ns) (grouped into DSP with root node add_ln83_2)   --->   "%mul_ln83_4 = mul i24 %sext_ln83_5_cast, i24 %zext_ln65_1" [hls_color_space_convert.cpp:83]   --->   Operation 67 'mul' 'mul_ln83_4' <Predicate = true> <Delay = 0.99> <CoreInst = "DSP48">   --->   Core 124 'DSP48' <Latency = 3> <II = 1> <Delay = 0.53> <IPBlock> <Opcode : 'add' 'sub' 'mul' 'select'> <InPorts = 0> <OutPorts = 1> <Sync> <CReg>
ST_3 : Operation 68 [3/3] (0.99ns) (grouped into DSP with root node add_ln83_4)   --->   "%mul_ln83_7 = mul i24 %sext_ln83_8_cast, i24 %zext_ln65_1" [hls_color_space_convert.cpp:83]   --->   Operation 68 'mul' 'mul_ln83_7' <Predicate = true> <Delay = 0.99> <CoreInst = "DSP48">   --->   Core 124 'DSP48' <Latency = 3> <II = 1> <Delay = 0.53> <IPBlock> <Opcode : 'add' 'sub' 'mul' 'select'> <InPorts = 0> <OutPorts = 1> <Sync> <CReg>

State 4 <SV = 3> <Delay = 0.99>
ST_4 : Operation 69 [1/1] (0.00ns)   --->   "%zext_ln65 = zext i8 %trunc_ln65" [hls_color_space_convert.cpp:65]   --->   Operation 69 'zext' 'zext_ln65' <Predicate = true> <Delay = 0.00>
ST_4 : Operation 70 [3/3] (0.99ns) (grouped into DSP with root node sum_1)   --->   "%sum = mul i24 %sext_ln83_cast, i24 %zext_ln65" [hls_color_space_convert.cpp:83]   --->   Operation 70 'mul' 'sum' <Predicate = true> <Delay = 0.99> <CoreInst = "DSP48">   --->   Core 124 'DSP48' <Latency = 3> <II = 1> <Delay = 0.53> <IPBlock> <Opcode : 'add' 'sub' 'mul' 'select'> <InPorts = 0> <OutPorts = 1> <Sync> <CReg>
ST_4 : Operation 71 [2/3] (0.99ns) (grouped into DSP with root node add_ln83)   --->   "%mul_ln83_1 = mul i24 %sext_ln83_2_cast, i24 %zext_ln65_1" [hls_color_space_convert.cpp:83]   --->   Operation 71 'mul' 'mul_ln83_1' <Predicate = true> <Delay = 0.99> <CoreInst = "DSP48">   --->   Core 124 'DSP48' <Latency = 3> <II = 1> <Delay = 0.53> <IPBlock> <Opcode : 'add' 'sub' 'mul' 'select'> <InPorts = 0> <OutPorts = 1> <Sync> <CReg>
ST_4 : Operation 72 [3/3] (0.99ns) (grouped into DSP with root node sum_3)   --->   "%sum_2 = mul i24 %sext_ln83_3_cast, i24 %zext_ln65" [hls_color_space_convert.cpp:83]   --->   Operation 72 'mul' 'sum_2' <Predicate = true> <Delay = 0.99> <CoreInst = "DSP48">   --->   Core 124 'DSP48' <Latency = 3> <II = 1> <Delay = 0.53> <IPBlock> <Opcode : 'add' 'sub' 'mul' 'select'> <InPorts = 0> <OutPorts = 1> <Sync> <CReg>
ST_4 : Operation 73 [2/3] (0.99ns) (grouped into DSP with root node add_ln83_2)   --->   "%mul_ln83_4 = mul i24 %sext_ln83_5_cast, i24 %zext_ln65_1" [hls_color_space_convert.cpp:83]   --->   Operation 73 'mul' 'mul_ln83_4' <Predicate = true> <Delay = 0.99> <CoreInst = "DSP48">   --->   Core 124 'DSP48' <Latency = 3> <II = 1> <Delay = 0.53> <IPBlock> <Opcode : 'add' 'sub' 'mul' 'select'> <InPorts = 0> <OutPorts = 1> <Sync> <CReg>
ST_4 : Operation 74 [3/3] (0.99ns) (grouped into DSP with root node sum_5)   --->   "%sum_4 = mul i24 %sext_ln83_6_cast, i24 %zext_ln65" [hls_color_space_convert.cpp:83]   --->   Operation 74 'mul' 'sum_4' <Predicate = true> <Delay = 0.99> <CoreInst = "DSP48">   --->   Core 124 'DSP48' <Latency = 3> <II = 1> <Delay = 0.53> <IPBlock> <Opcode : 'add' 'sub' 'mul' 'select'> <InPorts = 0> <OutPorts = 1> <Sync> <CReg>
ST_4 : Operation 75 [2/3] (0.99ns) (grouped into DSP with root node add_ln83_4)   --->   "%mul_ln83_7 = mul i24 %sext_ln83_8_cast, i24 %zext_ln65_1" [hls_color_space_convert.cpp:83]   --->   Operation 75 'mul' 'mul_ln83_7' <Predicate = true> <Delay = 0.99> <CoreInst = "DSP48">   --->   Core 124 'DSP48' <Latency = 3> <II = 1> <Delay = 0.53> <IPBlock> <Opcode : 'add' 'sub' 'mul' 'select'> <InPorts = 0> <OutPorts = 1> <Sync> <CReg>

State 5 <SV = 4> <Delay = 3.02>
ST_5 : Operation 76 [2/3] (0.99ns) (grouped into DSP with root node sum_1)   --->   "%sum = mul i24 %sext_ln83_cast, i24 %zext_ln65" [hls_color_space_convert.cpp:83]   --->   Operation 76 'mul' 'sum' <Predicate = true> <Delay = 0.99> <CoreInst = "DSP48">   --->   Core 124 'DSP48' <Latency = 3> <II = 1> <Delay = 0.53> <IPBlock> <Opcode : 'add' 'sub' 'mul' 'select'> <InPorts = 0> <OutPorts = 1> <Sync> <CReg>
ST_5 : Operation 77 [1/1] (0.00ns)   --->   "%zext_ln83 = zext i8 %lshr_ln" [hls_color_space_convert.cpp:83]   --->   Operation 77 'zext' 'zext_ln83' <Predicate = true> <Delay = 0.00>
ST_5 : Operation 78 [1/1] (2.38ns)   --->   "%mul_ln83 = mul i24 %sext_ln83_1_cast, i24 %zext_ln83" [hls_color_space_convert.cpp:83]   --->   Operation 78 'mul' 'mul_ln83' <Predicate = true> <Delay = 2.38> <CoreInst = "Multiplier">   --->   Core 3 'Multiplier' <Latency = 0> <II = 1> <Delay = 2.38> <FuncUnit> <Opcode : 'mul'> <InPorts = 2> <OutPorts = 1>
ST_5 : Operation 79 [1/1] (0.00ns)   --->   "%sext_ln83_11 = sext i24 %mul_ln83" [hls_color_space_convert.cpp:83]   --->   Operation 79 'sext' 'sext_ln83_11' <Predicate = true> <Delay = 0.00>
ST_5 : Operation 80 [1/3] (0.00ns) (grouped into DSP with root node add_ln83)   --->   "%mul_ln83_1 = mul i24 %sext_ln83_2_cast, i24 %zext_ln65_1" [hls_color_space_convert.cpp:83]   --->   Operation 80 'mul' 'mul_ln83_1' <Predicate = true> <Delay = 0.00> <CoreInst = "DSP48">   --->   Core 124 'DSP48' <Latency = 3> <II = 1> <Delay = 0.53> <IPBlock> <Opcode : 'add' 'sub' 'mul' 'select'> <InPorts = 0> <OutPorts = 1> <Sync> <CReg>
ST_5 : Operation 81 [1/1] (0.00ns) (grouped into DSP with root node add_ln83)   --->   "%sext_ln83_12 = sext i24 %mul_ln83_1" [hls_color_space_convert.cpp:83]   --->   Operation 81 'sext' 'sext_ln83_12' <Predicate = true> <Delay = 0.00>
ST_5 : Operation 82 [2/2] (0.64ns) (root node of the DSP)   --->   "%add_ln83 = add i25 %sext_ln83_11, i25 %sext_ln83_12" [hls_color_space_convert.cpp:83]   --->   Operation 82 'add' 'add_ln83' <Predicate = true> <Delay = 0.64> <CoreInst = "DSP48">   --->   Core 124 'DSP48' <Latency = 3> <II = 1> <Delay = 0.53> <IPBlock> <Opcode : 'add' 'sub' 'mul' 'select'> <InPorts = 0> <OutPorts = 1> <Sync> <CReg>
ST_5 : Operation 83 [2/3] (0.99ns) (grouped into DSP with root node sum_3)   --->   "%sum_2 = mul i24 %sext_ln83_3_cast, i24 %zext_ln65" [hls_color_space_convert.cpp:83]   --->   Operation 83 'mul' 'sum_2' <Predicate = true> <Delay = 0.99> <CoreInst = "DSP48">   --->   Core 124 'DSP48' <Latency = 3> <II = 1> <Delay = 0.53> <IPBlock> <Opcode : 'add' 'sub' 'mul' 'select'> <InPorts = 0> <OutPorts = 1> <Sync> <CReg>
ST_5 : Operation 84 [1/1] (2.38ns)   --->   "%mul_ln83_3 = mul i24 %sext_ln83_4_cast, i24 %zext_ln83" [hls_color_space_convert.cpp:83]   --->   Operation 84 'mul' 'mul_ln83_3' <Predicate = true> <Delay = 2.38> <CoreInst = "Multiplier">   --->   Core 3 'Multiplier' <Latency = 0> <II = 1> <Delay = 2.38> <FuncUnit> <Opcode : 'mul'> <InPorts = 2> <OutPorts = 1>
ST_5 : Operation 85 [1/1] (0.00ns)   --->   "%sext_ln83_14 = sext i24 %mul_ln83_3" [hls_color_space_convert.cpp:83]   --->   Operation 85 'sext' 'sext_ln83_14' <Predicate = true> <Delay = 0.00>
ST_5 : Operation 86 [1/3] (0.00ns) (grouped into DSP with root node add_ln83_2)   --->   "%mul_ln83_4 = mul i24 %sext_ln83_5_cast, i24 %zext_ln65_1" [hls_color_space_convert.cpp:83]   --->   Operation 86 'mul' 'mul_ln83_4' <Predicate = true> <Delay = 0.00> <CoreInst = "DSP48">   --->   Core 124 'DSP48' <Latency = 3> <II = 1> <Delay = 0.53> <IPBlock> <Opcode : 'add' 'sub' 'mul' 'select'> <InPorts = 0> <OutPorts = 1> <Sync> <CReg>
ST_5 : Operation 87 [1/1] (0.00ns) (grouped into DSP with root node add_ln83_2)   --->   "%sext_ln83_15 = sext i24 %mul_ln83_4" [hls_color_space_convert.cpp:83]   --->   Operation 87 'sext' 'sext_ln83_15' <Predicate = true> <Delay = 0.00>
ST_5 : Operation 88 [2/2] (0.64ns) (root node of the DSP)   --->   "%add_ln83_2 = add i25 %sext_ln83_14, i25 %sext_ln83_15" [hls_color_space_convert.cpp:83]   --->   Operation 88 'add' 'add_ln83_2' <Predicate = true> <Delay = 0.64> <CoreInst = "DSP48">   --->   Core 124 'DSP48' <Latency = 3> <II = 1> <Delay = 0.53> <IPBlock> <Opcode : 'add' 'sub' 'mul' 'select'> <InPorts = 0> <OutPorts = 1> <Sync> <CReg>
ST_5 : Operation 89 [2/3] (0.99ns) (grouped into DSP with root node sum_5)   --->   "%sum_4 = mul i24 %sext_ln83_6_cast, i24 %zext_ln65" [hls_color_space_convert.cpp:83]   --->   Operation 89 'mul' 'sum_4' <Predicate = true> <Delay = 0.99> <CoreInst = "DSP48">   --->   Core 124 'DSP48' <Latency = 3> <II = 1> <Delay = 0.53> <IPBlock> <Opcode : 'add' 'sub' 'mul' 'select'> <InPorts = 0> <OutPorts = 1> <Sync> <CReg>
ST_5 : Operation 90 [1/1] (2.38ns)   --->   "%mul_ln83_6 = mul i24 %sext_ln83_7_cast, i24 %zext_ln83" [hls_color_space_convert.cpp:83]   --->   Operation 90 'mul' 'mul_ln83_6' <Predicate = true> <Delay = 2.38> <CoreInst = "Multiplier">   --->   Core 3 'Multiplier' <Latency = 0> <II = 1> <Delay = 2.38> <FuncUnit> <Opcode : 'mul'> <InPorts = 2> <OutPorts = 1>
ST_5 : Operation 91 [1/1] (0.00ns)   --->   "%sext_ln83_17 = sext i24 %mul_ln83_6" [hls_color_space_convert.cpp:83]   --->   Operation 91 'sext' 'sext_ln83_17' <Predicate = true> <Delay = 0.00>
ST_5 : Operation 92 [1/3] (0.00ns) (grouped into DSP with root node add_ln83_4)   --->   "%mul_ln83_7 = mul i24 %sext_ln83_8_cast, i24 %zext_ln65_1" [hls_color_space_convert.cpp:83]   --->   Operation 92 'mul' 'mul_ln83_7' <Predicate = true> <Delay = 0.00> <CoreInst = "DSP48">   --->   Core 124 'DSP48' <Latency = 3> <II = 1> <Delay = 0.53> <IPBlock> <Opcode : 'add' 'sub' 'mul' 'select'> <InPorts = 0> <OutPorts = 1> <Sync> <CReg>
ST_5 : Operation 93 [1/1] (0.00ns) (grouped into DSP with root node add_ln83_4)   --->   "%sext_ln83_18 = sext i24 %mul_ln83_7" [hls_color_space_convert.cpp:83]   --->   Operation 93 'sext' 'sext_ln83_18' <Predicate = true> <Delay = 0.00>
ST_5 : Operation 94 [2/2] (0.64ns) (root node of the DSP)   --->   "%add_ln83_4 = add i25 %sext_ln83_17, i25 %sext_ln83_18" [hls_color_space_convert.cpp:83]   --->   Operation 94 'add' 'add_ln83_4' <Predicate = true> <Delay = 0.64> <CoreInst = "DSP48">   --->   Core 124 'DSP48' <Latency = 3> <II = 1> <Delay = 0.53> <IPBlock> <Opcode : 'add' 'sub' 'mul' 'select'> <InPorts = 0> <OutPorts = 1> <Sync> <CReg>

State 6 <SV = 5> <Delay = 1.29>
ST_6 : Operation 95 [1/3] (0.00ns) (grouped into DSP with root node sum_1)   --->   "%sum = mul i24 %sext_ln83_cast, i24 %zext_ln65" [hls_color_space_convert.cpp:83]   --->   Operation 95 'mul' 'sum' <Predicate = true> <Delay = 0.00> <CoreInst = "DSP48">   --->   Core 124 'DSP48' <Latency = 3> <II = 1> <Delay = 0.53> <IPBlock> <Opcode : 'add' 'sub' 'mul' 'select'> <InPorts = 0> <OutPorts = 1> <Sync> <CReg>
ST_6 : Operation 96 [1/1] (0.00ns) (grouped into DSP with root node sum_1)   --->   "%sext_ln78 = sext i24 %sum" [hls_color_space_convert.cpp:78]   --->   Operation 96 'sext' 'sext_ln78' <Predicate = true> <Delay = 0.00>
ST_6 : Operation 97 [1/2] (0.64ns) (root node of the DSP)   --->   "%add_ln83 = add i25 %sext_ln83_11, i25 %sext_ln83_12" [hls_color_space_convert.cpp:83]   --->   Operation 97 'add' 'add_ln83' <Predicate = true> <Delay = 0.64> <CoreInst = "DSP48">   --->   Core 124 'DSP48' <Latency = 3> <II = 1> <Delay = 0.53> <IPBlock> <Opcode : 'add' 'sub' 'mul' 'select'> <InPorts = 0> <OutPorts = 1> <Sync> <CReg>
ST_6 : Operation 98 [1/1] (0.00ns)   --->   "%sext_ln83_13 = sext i25 %add_ln83" [hls_color_space_convert.cpp:83]   --->   Operation 98 'sext' 'sext_ln83_13' <Predicate = true> <Delay = 0.00>
ST_6 : Operation 99 [2/2] (0.64ns) (root node of the DSP)   --->   "%sum_1 = add i26 %sext_ln83_13, i26 %sext_ln78" [hls_color_space_convert.cpp:83]   --->   Operation 99 'add' 'sum_1' <Predicate = true> <Delay = 0.64> <CoreInst = "DSP48">   --->   Core 124 'DSP48' <Latency = 3> <II = 1> <Delay = 0.53> <IPBlock> <Opcode : 'add' 'sub' 'mul' 'select'> <InPorts = 0> <OutPorts = 1> <Sync> <CReg>
ST_6 : Operation 100 [1/3] (0.00ns) (grouped into DSP with root node sum_3)   --->   "%sum_2 = mul i24 %sext_ln83_3_cast, i24 %zext_ln65" [hls_color_space_convert.cpp:83]   --->   Operation 100 'mul' 'sum_2' <Predicate = true> <Delay = 0.00> <CoreInst = "DSP48">   --->   Core 124 'DSP48' <Latency = 3> <II = 1> <Delay = 0.53> <IPBlock> <Opcode : 'add' 'sub' 'mul' 'select'> <InPorts = 0> <OutPorts = 1> <Sync> <CReg>
ST_6 : Operation 101 [1/1] (0.00ns) (grouped into DSP with root node sum_3)   --->   "%sext_ln78_1 = sext i24 %sum_2" [hls_color_space_convert.cpp:78]   --->   Operation 101 'sext' 'sext_ln78_1' <Predicate = true> <Delay = 0.00>
ST_6 : Operation 102 [1/2] (0.64ns) (root node of the DSP)   --->   "%add_ln83_2 = add i25 %sext_ln83_14, i25 %sext_ln83_15" [hls_color_space_convert.cpp:83]   --->   Operation 102 'add' 'add_ln83_2' <Predicate = true> <Delay = 0.64> <CoreInst = "DSP48">   --->   Core 124 'DSP48' <Latency = 3> <II = 1> <Delay = 0.53> <IPBlock> <Opcode : 'add' 'sub' 'mul' 'select'> <InPorts = 0> <OutPorts = 1> <Sync> <CReg>
ST_6 : Operation 103 [1/1] (0.00ns)   --->   "%sext_ln83_16 = sext i25 %add_ln83_2" [hls_color_space_convert.cpp:83]   --->   Operation 103 'sext' 'sext_ln83_16' <Predicate = true> <Delay = 0.00>
ST_6 : Operation 104 [2/2] (0.64ns) (root node of the DSP)   --->   "%sum_3 = add i26 %sext_ln83_16, i26 %sext_ln78_1" [hls_color_space_convert.cpp:83]   --->   Operation 104 'add' 'sum_3' <Predicate = true> <Delay = 0.64> <CoreInst = "DSP48">   --->   Core 124 'DSP48' <Latency = 3> <II = 1> <Delay = 0.53> <IPBlock> <Opcode : 'add' 'sub' 'mul' 'select'> <InPorts = 0> <OutPorts = 1> <Sync> <CReg>
ST_6 : Operation 105 [1/3] (0.00ns) (grouped into DSP with root node sum_5)   --->   "%sum_4 = mul i24 %sext_ln83_6_cast, i24 %zext_ln65" [hls_color_space_convert.cpp:83]   --->   Operation 105 'mul' 'sum_4' <Predicate = true> <Delay = 0.00> <CoreInst = "DSP48">   --->   Core 124 'DSP48' <Latency = 3> <II = 1> <Delay = 0.53> <IPBlock> <Opcode : 'add' 'sub' 'mul' 'select'> <InPorts = 0> <OutPorts = 1> <Sync> <CReg>
ST_6 : Operation 106 [1/1] (0.00ns) (grouped into DSP with root node sum_5)   --->   "%sext_ln78_2 = sext i24 %sum_4" [hls_color_space_convert.cpp:78]   --->   Operation 106 'sext' 'sext_ln78_2' <Predicate = true> <Delay = 0.00>
ST_6 : Operation 107 [1/2] (0.64ns) (root node of the DSP)   --->   "%add_ln83_4 = add i25 %sext_ln83_17, i25 %sext_ln83_18" [hls_color_space_convert.cpp:83]   --->   Operation 107 'add' 'add_ln83_4' <Predicate = true> <Delay = 0.64> <CoreInst = "DSP48">   --->   Core 124 'DSP48' <Latency = 3> <II = 1> <Delay = 0.53> <IPBlock> <Opcode : 'add' 'sub' 'mul' 'select'> <InPorts = 0> <OutPorts = 1> <Sync> <CReg>
ST_6 : Operation 108 [1/1] (0.00ns)   --->   "%sext_ln83_19 = sext i25 %add_ln83_4" [hls_color_space_convert.cpp:83]   --->   Operation 108 'sext' 'sext_ln83_19' <Predicate = true> <Delay = 0.00>
ST_6 : Operation 109 [2/2] (0.64ns) (root node of the DSP)   --->   "%sum_5 = add i26 %sext_ln83_19, i26 %sext_ln78_2" [hls_color_space_convert.cpp:83]   --->   Operation 109 'add' 'sum_5' <Predicate = true> <Delay = 0.64> <CoreInst = "DSP48">   --->   Core 124 'DSP48' <Latency = 3> <II = 1> <Delay = 0.53> <IPBlock> <Opcode : 'add' 'sub' 'mul' 'select'> <InPorts = 0> <OutPorts = 1> <Sync> <CReg>
ST_6 : Operation 155 [1/1] (0.42ns)   --->   "%ret_ln0 = ret"   --->   Operation 155 'ret' 'ret_ln0' <Predicate = (!icmp_ln58)> <Delay = 0.42>

State 7 <SV = 6> <Delay = 3.20>
ST_7 : Operation 110 [1/1] (0.00ns)   --->   "%specpipeline_ln62 = specpipeline void @_ssdm_op_SpecPipeline, i32 1, i32 0, i32 0, i32 0, i32 4294967295, void @empty_1" [hls_color_space_convert.cpp:62]   --->   Operation 110 'specpipeline' 'specpipeline_ln62' <Predicate = true> <Delay = 0.00>
ST_7 : Operation 111 [1/1] (0.00ns)   --->   "%specloopname_ln58 = specloopname void @_ssdm_op_SpecLoopName, void @empty_20" [hls_color_space_convert.cpp:58]   --->   Operation 111 'specloopname' 'specloopname_ln58' <Predicate = true> <Delay = 0.00>
ST_7 : Operation 112 [1/2] (0.64ns) (root node of the DSP)   --->   "%sum_1 = add i26 %sext_ln83_13, i26 %sext_ln78" [hls_color_space_convert.cpp:83]   --->   Operation 112 'add' 'sum_1' <Predicate = true> <Delay = 0.64> <CoreInst = "DSP48">   --->   Core 124 'DSP48' <Latency = 3> <II = 1> <Delay = 0.53> <IPBlock> <Opcode : 'add' 'sub' 'mul' 'select'> <InPorts = 0> <OutPorts = 1> <Sync> <CReg>
ST_7 : Operation 113 [1/1] (0.00ns)   --->   "%trunc_ln = partselect i18 @_ssdm_op_PartSelect.i18.i26.i32.i32, i26 %sum_1, i32 8, i32 25" [hls_color_space_convert.cpp:88]   --->   Operation 113 'partselect' 'trunc_ln' <Predicate = true> <Delay = 0.00>
ST_7 : Operation 114 [1/1] (0.00ns)   --->   "%sext_ln88 = sext i18 %trunc_ln" [hls_color_space_convert.cpp:88]   --->   Operation 114 'sext' 'sext_ln88' <Predicate = true> <Delay = 0.00>
ST_7 : Operation 115 [1/1] (0.87ns)   --->   "%result = add i19 %sext_ln88, i19 %sext_ln83_9_cast" [hls_color_space_convert.cpp:88]   --->   Operation 115 'add' 'result' <Predicate = true> <Delay = 0.87> <CoreInst = "Adder">   --->   Core 1 'Adder' <Latency = 0> <II = 1> <Delay = 0.88> <FuncUnit> <Opcode : 'add' 'sub'> <InPorts = 2> <OutPorts = 1>
ST_7 : Operation 116 [1/1] (0.00ns)   --->   "%sext_ln88_1 = sext i19 %result" [hls_color_space_convert.cpp:88]   --->   Operation 116 'sext' 'sext_ln88_1' <Predicate = true> <Delay = 0.00>
ST_7 : Operation 117 [1/1] (0.00ns)   --->   "%tmp = bitselect i1 @_ssdm_op_BitSelect.i1.i41.i32, i41 %sext_ln88_1, i32 40" [hls_color_space_convert.cpp:91]   --->   Operation 117 'bitselect' 'tmp' <Predicate = true> <Delay = 0.00>
ST_7 : Operation 118 [1/1] (0.00ns)   --->   "%tmp_1 = partselect i11 @_ssdm_op_PartSelect.i11.i19.i32.i32, i19 %result, i32 8, i32 18" [hls_color_space_convert.cpp:93]   --->   Operation 118 'partselect' 'tmp_1' <Predicate = true> <Delay = 0.00>
ST_7 : Operation 119 [1/1] (0.79ns)   --->   "%icmp_ln93 = icmp_sgt  i11 %tmp_1, i11 0" [hls_color_space_convert.cpp:93]   --->   Operation 119 'icmp' 'icmp_ln93' <Predicate = true> <Delay = 0.79> <CoreInst = "Cmp">   --->   Core 9 'Cmp' <Latency = 0> <II = 1> <Delay = 0.79> <FuncUnit> <Opcode : 'seteq' 'setne' 'setle' 'setge' 'setlt' 'setgt'> <InPorts = 2> <OutPorts = 1>
ST_7 : Operation 120 [1/1] (0.00ns) (grouped into LUT with out node select_ln99)   --->   "%trunc_ln99 = trunc i19 %result" [hls_color_space_convert.cpp:99]   --->   Operation 120 'trunc' 'trunc_ln99' <Predicate = true> <Delay = 0.00>
ST_7 : Operation 121 [1/1] (0.00ns) (grouped into LUT with out node select_ln99)   --->   "%xor_ln99 = xor i1 %tmp, i1 1" [hls_color_space_convert.cpp:99]   --->   Operation 121 'xor' 'xor_ln99' <Predicate = true> <Delay = 0.00> <CoreInst = "LogicGate">   --->   Core 74 'LogicGate' <Latency = 0> <II = 1> <Delay = 0.28> <FuncUnit> <Opcode : 'and' 'or' 'xor'> <InPorts = 2> <OutPorts = 1>
ST_7 : Operation 122 [1/1] (0.00ns) (grouped into LUT with out node select_ln99)   --->   "%select_ln99_3 = select i1 %xor_ln99, i8 255, i8 0" [hls_color_space_convert.cpp:99]   --->   Operation 122 'select' 'select_ln99_3' <Predicate = true> <Delay = 0.00> <CoreInst = "Sel">   --->   Core 73 'Sel' <Latency = 0> <II = 1> <Delay = 0.17> <FuncUnit> <Opcode : 'select'> <InPorts = 3> <OutPorts = 1>
ST_7 : Operation 123 [1/1] (0.00ns) (grouped into LUT with out node select_ln99)   --->   "%or_ln99 = or i1 %tmp, i1 %icmp_ln93" [hls_color_space_convert.cpp:99]   --->   Operation 123 'or' 'or_ln99' <Predicate = true> <Delay = 0.00> <CoreInst = "LogicGate">   --->   Core 74 'LogicGate' <Latency = 0> <II = 1> <Delay = 0.28> <FuncUnit> <Opcode : 'and' 'or' 'xor'> <InPorts = 2> <OutPorts = 1>
ST_7 : Operation 124 [1/1] (0.39ns) (out node of the LUT)   --->   "%select_ln99 = select i1 %or_ln99, i8 %select_ln99_3, i8 %trunc_ln99" [hls_color_space_convert.cpp:99]   --->   Operation 124 'select' 'select_ln99' <Predicate = true> <Delay = 0.39> <CoreInst = "Sel">   --->   Core 73 'Sel' <Latency = 0> <II = 1> <Delay = 0.39> <FuncUnit> <Opcode : 'select'> <InPorts = 3> <OutPorts = 1>
ST_7 : Operation 125 [1/2] (0.64ns) (root node of the DSP)   --->   "%sum_3 = add i26 %sext_ln83_16, i26 %sext_ln78_1" [hls_color_space_convert.cpp:83]   --->   Operation 125 'add' 'sum_3' <Predicate = true> <Delay = 0.64> <CoreInst = "DSP48">   --->   Core 124 'DSP48' <Latency = 3> <II = 1> <Delay = 0.53> <IPBlock> <Opcode : 'add' 'sub' 'mul' 'select'> <InPorts = 0> <OutPorts = 1> <Sync> <CReg>
ST_7 : Operation 126 [1/1] (0.00ns)   --->   "%trunc_ln88_1 = partselect i18 @_ssdm_op_PartSelect.i18.i26.i32.i32, i26 %sum_3, i32 8, i32 25" [hls_color_space_convert.cpp:88]   --->   Operation 126 'partselect' 'trunc_ln88_1' <Predicate = true> <Delay = 0.00>
ST_7 : Operation 127 [1/1] (0.00ns)   --->   "%sext_ln88_2 = sext i18 %trunc_ln88_1" [hls_color_space_convert.cpp:88]   --->   Operation 127 'sext' 'sext_ln88_2' <Predicate = true> <Delay = 0.00>
ST_7 : Operation 128 [1/1] (0.87ns)   --->   "%result_1 = add i19 %sext_ln88_2, i19 %sext_ln83_10_cast" [hls_color_space_convert.cpp:88]   --->   Operation 128 'add' 'result_1' <Predicate = true> <Delay = 0.87> <CoreInst = "Adder">   --->   Core 1 'Adder' <Latency = 0> <II = 1> <Delay = 0.88> <FuncUnit> <Opcode : 'add' 'sub'> <InPorts = 2> <OutPorts = 1>
ST_7 : Operation 129 [1/1] (0.00ns)   --->   "%sext_ln88_3 = sext i19 %result_1" [hls_color_space_convert.cpp:88]   --->   Operation 129 'sext' 'sext_ln88_3' <Predicate = true> <Delay = 0.00>
ST_7 : Operation 130 [1/1] (0.00ns)   --->   "%tmp_2 = bitselect i1 @_ssdm_op_BitSelect.i1.i41.i32, i41 %sext_ln88_3, i32 40" [hls_color_space_convert.cpp:91]   --->   Operation 130 'bitselect' 'tmp_2' <Predicate = true> <Delay = 0.00>
ST_7 : Operation 131 [1/1] (0.00ns)   --->   "%tmp_3 = partselect i11 @_ssdm_op_PartSelect.i11.i19.i32.i32, i19 %result_1, i32 8, i32 18" [hls_color_space_convert.cpp:93]   --->   Operation 131 'partselect' 'tmp_3' <Predicate = true> <Delay = 0.00>
ST_7 : Operation 132 [1/1] (0.79ns)   --->   "%icmp_ln93_1 = icmp_sgt  i11 %tmp_3, i11 0" [hls_color_space_convert.cpp:93]   --->   Operation 132 'icmp' 'icmp_ln93_1' <Predicate = true> <Delay = 0.79> <CoreInst = "Cmp">   --->   Core 9 'Cmp' <Latency = 0> <II = 1> <Delay = 0.79> <FuncUnit> <Opcode : 'seteq' 'setne' 'setle' 'setge' 'setlt' 'setgt'> <InPorts = 2> <OutPorts = 1>
ST_7 : Operation 133 [1/1] (0.00ns) (grouped into LUT with out node select_ln99_2)   --->   "%xor_ln99_1 = xor i1 %tmp_2, i1 1" [hls_color_space_convert.cpp:99]   --->   Operation 133 'xor' 'xor_ln99_1' <Predicate = true> <Delay = 0.00> <CoreInst = "LogicGate">   --->   Core 74 'LogicGate' <Latency = 0> <II = 1> <Delay = 0.28> <FuncUnit> <Opcode : 'and' 'or' 'xor'> <InPorts = 2> <OutPorts = 1>
ST_7 : Operation 134 [1/1] (0.00ns) (grouped into LUT with out node select_ln99_2)   --->   "%or_ln99_1 = or i1 %tmp_2, i1 %icmp_ln93_1" [hls_color_space_convert.cpp:99]   --->   Operation 134 'or' 'or_ln99_1' <Predicate = true> <Delay = 0.00> <CoreInst = "LogicGate">   --->   Core 74 'LogicGate' <Latency = 0> <II = 1> <Delay = 0.28> <FuncUnit> <Opcode : 'and' 'or' 'xor'> <InPorts = 2> <OutPorts = 1>
ST_7 : Operation 135 [1/2] (0.64ns) (root node of the DSP)   --->   "%sum_5 = add i26 %sext_ln83_19, i26 %sext_ln78_2" [hls_color_space_convert.cpp:83]   --->   Operation 135 'add' 'sum_5' <Predicate = true> <Delay = 0.64> <CoreInst = "DSP48">   --->   Core 124 'DSP48' <Latency = 3> <II = 1> <Delay = 0.53> <IPBlock> <Opcode : 'add' 'sub' 'mul' 'select'> <InPorts = 0> <OutPorts = 1> <Sync> <CReg>
ST_7 : Operation 136 [1/1] (0.00ns)   --->   "%trunc_ln88_2 = partselect i18 @_ssdm_op_PartSelect.i18.i26.i32.i32, i26 %sum_5, i32 8, i32 25" [hls_color_space_convert.cpp:88]   --->   Operation 136 'partselect' 'trunc_ln88_2' <Predicate = true> <Delay = 0.00>
ST_7 : Operation 137 [1/1] (0.00ns)   --->   "%sext_ln88_4 = sext i18 %trunc_ln88_2" [hls_color_space_convert.cpp:88]   --->   Operation 137 'sext' 'sext_ln88_4' <Predicate = true> <Delay = 0.00>
ST_7 : Operation 138 [1/1] (0.87ns)   --->   "%result_2 = add i19 %sext_ln88_4, i19 %sext_ln58_cast" [hls_color_space_convert.cpp:88]   --->   Operation 138 'add' 'result_2' <Predicate = true> <Delay = 0.87> <CoreInst = "Adder">   --->   Core 1 'Adder' <Latency = 0> <II = 1> <Delay = 0.88> <FuncUnit> <Opcode : 'add' 'sub'> <InPorts = 2> <OutPorts = 1>
ST_7 : Operation 139 [1/1] (0.00ns)   --->   "%sext_ln88_5 = sext i19 %result_2" [hls_color_space_convert.cpp:88]   --->   Operation 139 'sext' 'sext_ln88_5' <Predicate = true> <Delay = 0.00>
ST_7 : Operation 140 [1/1] (0.00ns)   --->   "%tmp_4 = bitselect i1 @_ssdm_op_BitSelect.i1.i41.i32, i41 %sext_ln88_5, i32 40" [hls_color_space_convert.cpp:91]   --->   Operation 140 'bitselect' 'tmp_4' <Predicate = true> <Delay = 0.00>
ST_7 : Operation 141 [1/1] (0.00ns)   --->   "%tmp_5 = partselect i11 @_ssdm_op_PartSelect.i11.i19.i32.i32, i19 %result_2, i32 8, i32 18" [hls_color_space_convert.cpp:93]   --->   Operation 141 'partselect' 'tmp_5' <Predicate = true> <Delay = 0.00>
ST_7 : Operation 142 [1/1] (0.79ns)   --->   "%icmp_ln93_2 = icmp_sgt  i11 %tmp_5, i11 0" [hls_color_space_convert.cpp:93]   --->   Operation 142 'icmp' 'icmp_ln93_2' <Predicate = true> <Delay = 0.79> <CoreInst = "Cmp">   --->   Core 9 'Cmp' <Latency = 0> <II = 1> <Delay = 0.79> <FuncUnit> <Opcode : 'seteq' 'setne' 'setle' 'setge' 'setlt' 'setgt'> <InPorts = 2> <OutPorts = 1>
ST_7 : Operation 143 [1/1] (0.00ns) (grouped into LUT with out node select_ln99_1)   --->   "%trunc_ln99_1 = trunc i19 %result_2" [hls_color_space_convert.cpp:99]   --->   Operation 143 'trunc' 'trunc_ln99_1' <Predicate = true> <Delay = 0.00>
ST_7 : Operation 144 [1/1] (0.00ns) (grouped into LUT with out node select_ln99_1)   --->   "%xor_ln99_2 = xor i1 %tmp_4, i1 1" [hls_color_space_convert.cpp:99]   --->   Operation 144 'xor' 'xor_ln99_2' <Predicate = true> <Delay = 0.00> <CoreInst = "LogicGate">   --->   Core 74 'LogicGate' <Latency = 0> <II = 1> <Delay = 0.28> <FuncUnit> <Opcode : 'and' 'or' 'xor'> <InPorts = 2> <OutPorts = 1>
ST_7 : Operation 145 [1/1] (0.00ns) (grouped into LUT with out node select_ln99_1)   --->   "%select_ln99_4 = select i1 %xor_ln99_2, i8 255, i8 0" [hls_color_space_convert.cpp:99]   --->   Operation 145 'select' 'select_ln99_4' <Predicate = true> <Delay = 0.00> <CoreInst = "Sel">   --->   Core 73 'Sel' <Latency = 0> <II = 1> <Delay = 0.17> <FuncUnit> <Opcode : 'select'> <InPorts = 3> <OutPorts = 1>
ST_7 : Operation 146 [1/1] (0.00ns) (grouped into LUT with out node select_ln99_1)   --->   "%or_ln99_2 = or i1 %tmp_4, i1 %icmp_ln93_2" [hls_color_space_convert.cpp:99]   --->   Operation 146 'or' 'or_ln99_2' <Predicate = true> <Delay = 0.00> <CoreInst = "LogicGate">   --->   Core 74 'LogicGate' <Latency = 0> <II = 1> <Delay = 0.28> <FuncUnit> <Opcode : 'and' 'or' 'xor'> <InPorts = 2> <OutPorts = 1>
ST_7 : Operation 147 [1/1] (0.39ns) (out node of the LUT)   --->   "%select_ln99_1 = select i1 %or_ln99_2, i8 %select_ln99_4, i8 %trunc_ln99_1" [hls_color_space_convert.cpp:99]   --->   Operation 147 'select' 'select_ln99_1' <Predicate = true> <Delay = 0.39> <CoreInst = "Sel">   --->   Core 73 'Sel' <Latency = 0> <II = 1> <Delay = 0.39> <FuncUnit> <Opcode : 'select'> <InPorts = 3> <OutPorts = 1>
ST_7 : Operation 148 [1/1] (0.00ns) (grouped into LUT with out node select_ln99_2)   --->   "%select_ln99_5 = select i1 %xor_ln99_1, i8 255, i8 0" [hls_color_space_convert.cpp:99]   --->   Operation 148 'select' 'select_ln99_5' <Predicate = true> <Delay = 0.00> <CoreInst = "Sel">   --->   Core 73 'Sel' <Latency = 0> <II = 1> <Delay = 0.17> <FuncUnit> <Opcode : 'select'> <InPorts = 3> <OutPorts = 1>
ST_7 : Operation 149 [1/1] (0.00ns) (grouped into LUT with out node select_ln99_2)   --->   "%trunc_ln107 = trunc i19 %result_1" [hls_color_space_convert.cpp:107]   --->   Operation 149 'trunc' 'trunc_ln107' <Predicate = true> <Delay = 0.00>
ST_7 : Operation 150 [1/1] (0.39ns) (out node of the LUT)   --->   "%select_ln99_2 = select i1 %or_ln99_1, i8 %select_ln99_5, i8 %trunc_ln107" [hls_color_space_convert.cpp:99]   --->   Operation 150 'select' 'select_ln99_2' <Predicate = true> <Delay = 0.39> <CoreInst = "Sel">   --->   Core 73 'Sel' <Latency = 0> <II = 1> <Delay = 0.39> <FuncUnit> <Opcode : 'select'> <InPorts = 3> <OutPorts = 1>
ST_7 : Operation 151 [1/1] (0.00ns)   --->   "%or_ln107_7 = bitconcatenate i26 @_ssdm_op_BitConcatenate.i26.i1.i1.i8.i8.i8, i1 %icmp_ln104, i1 %icmp_ln103, i8 %select_ln99_1, i8 %select_ln99_2, i8 %select_ln99" [hls_color_space_convert.cpp:107]   --->   Operation 151 'bitconcatenate' 'or_ln107_7' <Predicate = true> <Delay = 0.00>
ST_7 : Operation 152 [1/1] (0.00ns)   --->   "%zext_ln107 = zext i26 %or_ln107_7" [hls_color_space_convert.cpp:107]   --->   Operation 152 'zext' 'zext_ln107' <Predicate = true> <Delay = 0.00>
ST_7 : Operation 153 [1/1] ( I:0.49ns O:0.49ns )   --->   "%write_ln107 = write void @_ssdm_op_Write.axis.volatile.i32P128A, i32 %m_axis_video, i32 %zext_ln107" [hls_color_space_convert.cpp:107]   --->   Operation 153 'write' 'write_ln107' <Predicate = true> <Delay = 0.49> <CoreInst = "regslice">   --->   Core 147 'regslice' <Latency = 0> <II = 1> <Delay = 0.65> <Adapter> <Opcode : 'read' 'write'>
ST_7 : Operation 154 [1/1] (0.00ns)   --->   "%br_ln58 = br void %VITIS_LOOP_71_2" [hls_color_space_convert.cpp:58]   --->   Operation 154 'br' 'br_ln58' <Predicate = true> <Delay = 0.00>


============================================================
+ Verbose Summary: Binding
============================================================
STG Binding: 
---------------- STG Properties BEGIN ----------------
- Is combinational: 0
- Is one-state seq: 0
- Is datapath-only: 0
- Is pipelined: 0
- Is top level: 0
Port [ Return ] is wired: 1; IO mode=ap_ctrl_hs:ce=0
Port [ total_pixels]:  wired=1; compound=0; hidden=0; nouse=0; global=0; static=0; extern=0; dir=0; type=0; pingpong=0; private_global=0; IO mode=ap_none:ce=0
Port [ s_axis_video]:  wired=1; compound=1; hidden=0; nouse=0; global=0; static=0; extern=0; dir=0; type=0; pingpong=0; private_global=0; IO mode=axis:ce=0
Port [ sext_ln83]:  wired=1; compound=0; hidden=0; nouse=0; global=0; static=0; extern=0; dir=0; type=0; pingpong=0; private_global=0; IO mode=ap_none:ce=0
Port [ sext_ln83_1]:  wired=1; compound=0; hidden=0; nouse=0; global=0; static=0; extern=0; dir=0; type=0; pingpong=0; private_global=0; IO mode=ap_none:ce=0
Port [ sext_ln83_2]:  wired=1; compound=0; hidden=0; nouse=0; global=0; static=0; extern=0; dir=0; type=0; pingpong=0; private_global=0; IO mode=ap_none:ce=0
Port [ sext_ln83_9]:  wired=1; compound=0; hidden=0; nouse=0; global=0; static=0; extern=0; dir=0; type=0; pingpong=0; private_global=0; IO mode=ap_none:ce=0
Port [ sext_ln83_3]:  wired=1; compound=0; hidden=0; nouse=0; global=0; static=0; extern=0; dir=0; type=0; pingpong=0; private_global=0; IO mode=ap_none:ce=0
Port [ sext_ln83_4]:  wired=1; compound=0; hidden=0; nouse=0; global=0; static=0; extern=0; dir=0; type=0; pingpong=0; private_global=0; IO mode=ap_none:ce=0
Port [ sext_ln83_5]:  wired=1; compound=0; hidden=0; nouse=0; global=0; static=0; extern=0; dir=0; type=0; pingpong=0; private_global=0; IO mode=ap_none:ce=0
Port [ sext_ln83_10]:  wired=1; compound=0; hidden=0; nouse=0; global=0; static=0; extern=0; dir=0; type=0; pingpong=0; private_global=0; IO mode=ap_none:ce=0
Port [ sext_ln83_6]:  wired=1; compound=0; hidden=0; nouse=0; global=0; static=0; extern=0; dir=0; type=0; pingpong=0; private_global=0; IO mode=ap_none:ce=0
Port [ sext_ln83_7]:  wired=1; compound=0; hidden=0; nouse=0; global=0; static=0; extern=0; dir=0; type=0; pingpong=0; private_global=0; IO mode=ap_none:ce=0
Port [ sext_ln83_8]:  wired=1; compound=0; hidden=0; nouse=0; global=0; static=0; extern=0; dir=0; type=0; pingpong=0; private_global=0; IO mode=ap_none:ce=0
Port [ sext_ln58]:  wired=1; compound=0; hidden=0; nouse=0; global=0; static=0; extern=0; dir=0; type=0; pingpong=0; private_global=0; IO mode=ap_none:ce=0
Port [ add_ln104]:  wired=1; compound=0; hidden=0; nouse=0; global=0; static=0; extern=0; dir=0; type=0; pingpong=0; private_global=0; IO mode=ap_none:ce=0
Port [ m_axis_video]:  wired=1; compound=1; hidden=0; nouse=0; global=0; static=0; extern=0; dir=1; type=0; pingpong=0; private_global=0; IO mode=axis:ce=0
---------------- STG Properties END ------------------

---------------- Datapath Model BEGIN ----------------

<LifeTime>
<method=bitvector/>
x                 (alloca        ) [ 01100000]
y                 (alloca        ) [ 01100000]
i                 (alloca        ) [ 01100000]
add_ln104_read    (read          ) [ 01100000]
sext_ln58_read    (read          ) [ 00000000]
sext_ln83_8_read  (read          ) [ 00000000]
sext_ln83_7_read  (read          ) [ 00000000]
sext_ln83_6_read  (read          ) [ 00000000]
sext_ln83_10_read (read          ) [ 00000000]
sext_ln83_5_read  (read          ) [ 00000000]
sext_ln83_4_read  (read          ) [ 00000000]
sext_ln83_3_read  (read          ) [ 00000000]
sext_ln83_9_read  (read          ) [ 00000000]
sext_ln83_2_read  (read          ) [ 00000000]
sext_ln83_1_read  (read          ) [ 00000000]
sext_ln83_read    (read          ) [ 00000000]
total_pixels_read (read          ) [ 01100000]
sext_ln83_8_cast  (sext          ) [ 01111100]
sext_ln83_7_cast  (sext          ) [ 01111100]
sext_ln83_6_cast  (sext          ) [ 01111110]
sext_ln83_5_cast  (sext          ) [ 01111100]
sext_ln83_4_cast  (sext          ) [ 01111100]
sext_ln83_3_cast  (sext          ) [ 01111110]
sext_ln83_2_cast  (sext          ) [ 01111100]
sext_ln83_1_cast  (sext          ) [ 01111100]
sext_ln83_cast    (sext          ) [ 01111110]
sext_ln58_cast    (sext          ) [ 01111111]
sext_ln83_10_cast (sext          ) [ 01111111]
sext_ln83_9_cast  (sext          ) [ 01111111]
specinterface_ln0 (specinterface ) [ 00000000]
specinterface_ln0 (specinterface ) [ 00000000]
store_ln0         (store         ) [ 00000000]
store_ln51        (store         ) [ 00000000]
store_ln50        (store         ) [ 00000000]
br_ln58           (br            ) [ 00000000]
i_load            (load          ) [ 00000000]
zext_ln32         (zext          ) [ 00000000]
icmp_ln58         (icmp          ) [ 01111110]
add_ln58          (add           ) [ 00000000]
br_ln58           (br            ) [ 00000000]
x_load            (load          ) [ 00000000]
y_load            (load          ) [ 00000000]
or_ln103          (or            ) [ 00000000]
icmp_ln103        (icmp          ) [ 01011111]
icmp_ln104        (icmp          ) [ 01011111]
y_1               (add           ) [ 00000000]
x_1               (add           ) [ 00000000]
x_2               (select        ) [ 00000000]
y_2               (select        ) [ 00000000]
store_ln58        (store         ) [ 00000000]
store_ln51        (store         ) [ 00000000]
store_ln50        (store         ) [ 00000000]
s_axis_video_read (read          ) [ 00000000]
trunc_ln65        (trunc         ) [ 01001000]
lshr_ln           (partselect    ) [ 01001100]
lshr_ln65_1       (partselect    ) [ 00000000]
zext_ln65_1       (zext          ) [ 01001100]
zext_ln65         (zext          ) [ 01000110]
zext_ln83         (zext          ) [ 00000000]
mul_ln83          (mul           ) [ 00000000]
sext_ln83_11      (sext          ) [ 01000010]
mul_ln83_1        (mul           ) [ 00000000]
sext_ln83_12      (sext          ) [ 01000010]
mul_ln83_3        (mul           ) [ 00000000]
sext_ln83_14      (sext          ) [ 01000010]
mul_ln83_4        (mul           ) [ 00000000]
sext_ln83_15      (sext          ) [ 01000010]
mul_ln83_6        (mul           ) [ 00000000]
sext_ln83_17      (sext          ) [ 01000010]
mul_ln83_7        (mul           ) [ 00000000]
sext_ln83_18      (sext          ) [ 01000010]
sum               (mul           ) [ 00000000]
sext_ln78         (sext          ) [ 01000001]
add_ln83          (add           ) [ 00000000]
sext_ln83_13      (sext          ) [ 01000001]
sum_2             (mul           ) [ 00000000]
sext_ln78_1       (sext          ) [ 01000001]
add_ln83_2        (add           ) [ 00000000]
sext_ln83_16      (sext          ) [ 01000001]
sum_4             (mul           ) [ 00000000]
sext_ln78_2       (sext          ) [ 01000001]
add_ln83_4        (add           ) [ 00000000]
sext_ln83_19      (sext          ) [ 01000001]
specpipeline_ln62 (specpipeline  ) [ 00000000]
specloopname_ln58 (specloopname  ) [ 00000000]
sum_1             (add           ) [ 00000000]
trunc_ln          (partselect    ) [ 00000000]
sext_ln88         (sext          ) [ 00000000]
result            (add           ) [ 00000000]
sext_ln88_1       (sext          ) [ 00000000]
tmp               (bitselect     ) [ 00000000]
tmp_1             (partselect    ) [ 00000000]
icmp_ln93         (icmp          ) [ 00000000]
trunc_ln99        (trunc         ) [ 00000000]
xor_ln99          (xor           ) [ 00000000]
select_ln99_3     (select        ) [ 00000000]
or_ln99           (or            ) [ 00000000]
select_ln99       (select        ) [ 00000000]
sum_3             (add           ) [ 00000000]
trunc_ln88_1      (partselect    ) [ 00000000]
sext_ln88_2       (sext          ) [ 00000000]
result_1          (add           ) [ 00000000]
sext_ln88_3       (sext          ) [ 00000000]
tmp_2             (bitselect     ) [ 00000000]
tmp_3             (partselect    ) [ 00000000]
icmp_ln93_1       (icmp          ) [ 00000000]
xor_ln99_1        (xor           ) [ 00000000]
or_ln99_1         (or            ) [ 00000000]
sum_5             (add           ) [ 00000000]
trunc_ln88_2      (partselect    ) [ 00000000]
sext_ln88_4       (sext          ) [ 00000000]
result_2          (add           ) [ 00000000]
sext_ln88_5       (sext          ) [ 00000000]
tmp_4             (bitselect     ) [ 00000000]
tmp_5             (partselect    ) [ 00000000]
icmp_ln93_2       (icmp          ) [ 00000000]
trunc_ln99_1      (trunc         ) [ 00000000]
xor_ln99_2        (xor           ) [ 00000000]
select_ln99_4     (select        ) [ 00000000]
or_ln99_2         (or            ) [ 00000000]
select_ln99_1     (select        ) [ 00000000]
select_ln99_5     (select        ) [ 00000000]
trunc_ln107       (trunc         ) [ 00000000]
select_ln99_2     (select        ) [ 00000000]
or_ln107_7        (bitconcatenate) [ 00000000]
zext_ln107        (zext          ) [ 00000000]
write_ln107       (write         ) [ 00000000]
br_ln58           (br            ) [ 00000000]
ret_ln0           (ret           ) [ 00000000]
</LifeTime>

<model>

<comp_list>
<comp id="0" class="1000" name="total_pixels">
<pin_list>
<pin id="1" dir="1" index="0" bw="1" slack="0"/>
</pin_list>
<bind>
<StgValue><ssdm name="total_pixels"/></StgValue>
</bind>
</comp>

<comp id="2" class="1000" name="s_axis_video">
<pin_list>
<pin id="3" dir="1" index="0" bw="1" slack="0"/>
</pin_list>
<bind>
<StgValue><ssdm name="s_axis_video"/></StgValue>
</bind>
</comp>

<comp id="4" class="1000" name="sext_ln83">
<pin_list>
<pin id="5" dir="1" index="0" bw="1" slack="0"/>
</pin_list>
<bind>
<StgValue><ssdm name="sext_ln83"/></StgValue>
</bind>
</comp>

<comp id="6" class="1000" name="sext_ln83_1">
<pin_list>
<pin id="7" dir="1" index="0" bw="1" slack="0"/>
</pin_list>
<bind>
<StgValue><ssdm name="sext_ln83_1"/></StgValue>
</bind>
</comp>

<comp id="8" class="1000" name="sext_ln83_2">
<pin_list>
<pin id="9" dir="1" index="0" bw="1" slack="0"/>
</pin_list>
<bind>
<StgValue><ssdm name="sext_ln83_2"/></StgValue>
</bind>
</comp>

<comp id="10" class="1000" name="sext_ln83_9">
<pin_list>
<pin id="11" dir="1" index="0" bw="1" slack="0"/>
</pin_list>
<bind>
<StgValue><ssdm name="sext_ln83_9"/></StgValue>
</bind>
</comp>

<comp id="12" class="1000" name="sext_ln83_3">
<pin_list>
<pin id="13" dir="1" index="0" bw="1" slack="0"/>
</pin_list>
<bind>
<StgValue><ssdm name="sext_ln83_3"/></StgValue>
</bind>
</comp>

<comp id="14" class="1000" name="sext_ln83_4">
<pin_list>
<pin id="15" dir="1" index="0" bw="1" slack="0"/>
</pin_list>
<bind>
<StgValue><ssdm name="sext_ln83_4"/></StgValue>
</bind>
</comp>

<comp id="16" class="1000" name="sext_ln83_5">
<pin_list>
<pin id="17" dir="1" index="0" bw="1" slack="0"/>
</pin_list>
<bind>
<StgValue><ssdm name="sext_ln83_5"/></StgValue>
</bind>
</comp>

<comp id="18" class="1000" name="sext_ln83_10">
<pin_list>
<pin id="19" dir="1" index="0" bw="1" slack="0"/>
</pin_list>
<bind>
<StgValue><ssdm name="sext_ln83_10"/></StgValue>
</bind>
</comp>

<comp id="20" class="1000" name="sext_ln83_6">
<pin_list>
<pin id="21" dir="1" index="0" bw="1" slack="0"/>
</pin_list>
<bind>
<StgValue><ssdm name="sext_ln83_6"/></StgValue>
</bind>
</comp>

<comp id="22" class="1000" name="sext_ln83_7">
<pin_list>
<pin id="23" dir="1" index="0" bw="1" slack="0"/>
</pin_list>
<bind>
<StgValue><ssdm name="sext_ln83_7"/></StgValue>
</bind>
</comp>

<comp id="24" class="1000" name="sext_ln83_8">
<pin_list>
<pin id="25" dir="1" index="0" bw="1" slack="0"/>
</pin_list>
<bind>
<StgValue><ssdm name="sext_ln83_8"/></StgValue>
</bind>
</comp>

<comp id="26" class="1000" name="sext_ln58">
<pin_list>
<pin id="27" dir="1" index="0" bw="1" slack="0"/>
</pin_list>
<bind>
<StgValue><ssdm name="sext_ln58"/></StgValue>
</bind>
</comp>

<comp id="28" class="1000" name="add_ln104">
<pin_list>
<pin id="29" dir="1" index="0" bw="1" slack="0"/>
</pin_list>
<bind>
<StgValue><ssdm name="add_ln104"/></StgValue>
</bind>
</comp>

<comp id="30" class="1000" name="m_axis_video">
<pin_list>
<pin id="31" dir="1" index="0" bw="1" slack="0"/>
</pin_list>
<bind>
<StgValue><ssdm name="m_axis_video"/></StgValue>
</bind>
</comp>

<comp id="32" class="1001" name="const_32">
<pin_list>
<pin id="33" dir="1" index="0" bw="1" slack="0"/>
</pin_list>
<bind>
<StgValue><ssdm name=""/></StgValue>
</bind>
</comp>

<comp id="34" class="1001" name="const_34">
<pin_list>
<pin id="35" dir="1" index="0" bw="1" slack="0"/>
</pin_list>
<bind>
<StgValue><ssdm name="_ssdm_op_Read.ap_auto.i32"/></StgValue>
</bind>
</comp>

<comp id="36" class="1001" name="const_36">
<pin_list>
<pin id="37" dir="1" index="0" bw="1" slack="0"/>
</pin_list>
<bind>
<StgValue><ssdm name="_ssdm_op_Read.ap_auto.i16"/></StgValue>
</bind>
</comp>

<comp id="38" class="1001" name="const_38">
<pin_list>
<pin id="39" dir="1" index="0" bw="1" slack="2147483647"/>
</pin_list>
<bind>
<StgValue><ssdm name="_ssdm_op_SpecInterface"/></StgValue>
</bind>
</comp>

<comp id="40" class="1001" name="const_40">
<pin_list>
<pin id="41" dir="1" index="0" bw="1" slack="2147483647"/>
</pin_list>
<bind>
<StgValue><ssdm name="empty"/></StgValue>
</bind>
</comp>

<comp id="42" class="1001" name="const_42">
<pin_list>
<pin id="43" dir="1" index="0" bw="1" slack="0"/>
</pin_list>
<bind>
<StgValue><ssdm name=""/></StgValue>
</bind>
</comp>

<comp id="44" class="1001" name="const_44">
<pin_list>
<pin id="45" dir="1" index="0" bw="1" slack="2147483647"/>
</pin_list>
<bind>
<StgValue><ssdm name="empty_0"/></StgValue>
</bind>
</comp>

<comp id="46" class="1001" name="const_46">
<pin_list>
<pin id="47" dir="1" index="0" bw="1" slack="2147483647"/>
</pin_list>
<bind>
<StgValue><ssdm name="empty_1"/></StgValue>
</bind>
</comp>

<comp id="48" class="1001" name="const_48">
<pin_list>
<pin id="49" dir="1" index="0" bw="1" slack="2147483647"/>
</pin_list>
<bind>
<StgValue><ssdm name=""/></StgValue>
</bind>
</comp>

<comp id="50" class="1001" name="const_50">
<pin_list>
<pin id="51" dir="1" index="0" bw="1" slack="0"/>
</pin_list>
<bind>
<StgValue><ssdm name=""/></StgValue>
</bind>
</comp>

<comp id="52" class="1001" name="const_52">
<pin_list>
<pin id="53" dir="1" index="0" bw="1" slack="0"/>
</pin_list>
<bind>
<StgValue><ssdm name=""/></StgValue>
</bind>
</comp>

<comp id="54" class="1001" name="const_54">
<pin_list>
<pin id="55" dir="1" index="0" bw="1" slack="0"/>
</pin_list>
<bind>
<StgValue><ssdm name="_ssdm_op_Read.axis.volatile.i32P128A"/></StgValue>
</bind>
</comp>

<comp id="56" class="1001" name="const_56">
<pin_list>
<pin id="57" dir="1" index="0" bw="1" slack="0"/>
</pin_list>
<bind>
<StgValue><ssdm name="_ssdm_op_PartSelect.i8.i32.i32.i32"/></StgValue>
</bind>
</comp>

<comp id="58" class="1001" name="const_58">
<pin_list>
<pin id="59" dir="1" index="0" bw="1" slack="0"/>
</pin_list>
<bind>
<StgValue><ssdm name=""/></StgValue>
</bind>
</comp>

<comp id="60" class="1001" name="const_60">
<pin_list>
<pin id="61" dir="1" index="0" bw="1" slack="0"/>
</pin_list>
<bind>
<StgValue><ssdm name=""/></StgValue>
</bind>
</comp>

<comp id="62" class="1001" name="const_62">
<pin_list>
<pin id="63" dir="1" index="0" bw="1" slack="0"/>
</pin_list>
<bind>
<StgValue><ssdm name=""/></StgValue>
</bind>
</comp>

<comp id="64" class="1001" name="const_64">
<pin_list>
<pin id="65" dir="1" index="0" bw="1" slack="0"/>
</pin_list>
<bind>
<StgValue><ssdm name=""/></StgValue>
</bind>
</comp>

<comp id="66" class="1001" name="const_66">
<pin_list>
<pin id="67" dir="1" index="0" bw="1" slack="2147483647"/>
</pin_list>
<bind>
<StgValue><ssdm name="_ssdm_op_SpecPipeline"/></StgValue>
</bind>
</comp>

<comp id="68" class="1001" name="const_68">
<pin_list>
<pin id="69" dir="1" index="0" bw="1" slack="2147483647"/>
</pin_list>
<bind>
<StgValue><ssdm name="_ssdm_op_SpecLoopName"/></StgValue>
</bind>
</comp>

<comp id="70" class="1001" name="const_70">
<pin_list>
<pin id="71" dir="1" index="0" bw="1" slack="2147483647"/>
</pin_list>
<bind>
<StgValue><ssdm name="empty_20"/></StgValue>
</bind>
</comp>

<comp id="72" class="1001" name="const_72">
<pin_list>
<pin id="73" dir="1" index="0" bw="1" slack="0"/>
</pin_list>
<bind>
<StgValue><ssdm name="_ssdm_op_PartSelect.i18.i26.i32.i32"/></StgValue>
</bind>
</comp>

<comp id="74" class="1001" name="const_74">
<pin_list>
<pin id="75" dir="1" index="0" bw="1" slack="0"/>
</pin_list>
<bind>
<StgValue><ssdm name=""/></StgValue>
</bind>
</comp>

<comp id="76" class="1001" name="const_76">
<pin_list>
<pin id="77" dir="1" index="0" bw="1" slack="0"/>
</pin_list>
<bind>
<StgValue><ssdm name="_ssdm_op_BitSelect.i1.i41.i32"/></StgValue>
</bind>
</comp>

<comp id="78" class="1001" name="const_78">
<pin_list>
<pin id="79" dir="1" index="0" bw="1" slack="0"/>
</pin_list>
<bind>
<StgValue><ssdm name=""/></StgValue>
</bind>
</comp>

<comp id="80" class="1001" name="const_80">
<pin_list>
<pin id="81" dir="1" index="0" bw="1" slack="0"/>
</pin_list>
<bind>
<StgValue><ssdm name="_ssdm_op_PartSelect.i11.i19.i32.i32"/></StgValue>
</bind>
</comp>

<comp id="82" class="1001" name="const_82">
<pin_list>
<pin id="83" dir="1" index="0" bw="1" slack="0"/>
</pin_list>
<bind>
<StgValue><ssdm name=""/></StgValue>
</bind>
</comp>

<comp id="84" class="1001" name="const_84">
<pin_list>
<pin id="85" dir="1" index="0" bw="1" slack="0"/>
</pin_list>
<bind>
<StgValue><ssdm name=""/></StgValue>
</bind>
</comp>

<comp id="86" class="1001" name="const_86">
<pin_list>
<pin id="87" dir="1" index="0" bw="1" slack="0"/>
</pin_list>
<bind>
<StgValue><ssdm name=""/></StgValue>
</bind>
</comp>

<comp id="88" class="1001" name="const_88">
<pin_list>
<pin id="89" dir="1" index="0" bw="1" slack="0"/>
</pin_list>
<bind>
<StgValue><ssdm name=""/></StgValue>
</bind>
</comp>

<comp id="90" class="1001" name="const_90">
<pin_list>
<pin id="91" dir="1" index="0" bw="1" slack="0"/>
</pin_list>
<bind>
<StgValue><ssdm name=""/></StgValue>
</bind>
</comp>

<comp id="92" class="1001" name="const_92">
<pin_list>
<pin id="93" dir="1" index="0" bw="1" slack="0"/>
</pin_list>
<bind>
<StgValue><ssdm name="_ssdm_op_BitConcatenate.i26.i1.i1.i8.i8.i8"/></StgValue>
</bind>
</comp>

<comp id="94" class="1001" name="const_94">
<pin_list>
<pin id="95" dir="1" index="0" bw="1" slack="0"/>
</pin_list>
<bind>
<StgValue><ssdm name="_ssdm_op_Write.axis.volatile.i32P128A"/></StgValue>
</bind>
</comp>

<comp id="96" class="1004" name="x_fu_96">
<pin_list>
<pin id="97" dir="0" index="0" bw="1" slack="0"/>
<pin id="98" dir="1" index="1" bw="32" slack="0"/>
</pin_list>
<bind>
<opcode="alloca(26) " fcode="alloca"/>
<opset="x/1 "/>
</bind>
</comp>

<comp id="100" class="1004" name="y_fu_100">
<pin_list>
<pin id="101" dir="0" index="0" bw="1" slack="0"/>
<pin id="102" dir="1" index="1" bw="32" slack="0"/>
</pin_list>
<bind>
<opcode="alloca(26) " fcode="alloca"/>
<opset="y/1 "/>
</bind>
</comp>

<comp id="104" class="1004" name="i_fu_104">
<pin_list>
<pin id="105" dir="0" index="0" bw="1" slack="0"/>
<pin id="106" dir="1" index="1" bw="31" slack="0"/>
</pin_list>
<bind>
<opcode="alloca(26) " fcode="alloca"/>
<opset="i/1 "/>
</bind>
</comp>

<comp id="108" class="1004" name="add_ln104_read_read_fu_108">
<pin_list>
<pin id="109" dir="0" index="0" bw="32" slack="0"/>
<pin id="110" dir="0" index="1" bw="32" slack="0"/>
<pin id="111" dir="1" index="2" bw="32" slack="1"/>
</pin_list>
<bind>
<opcode="read(1150) " fcode="read"/>
<opset="add_ln104_read/1 "/>
</bind>
</comp>

<comp id="114" class="1004" name="sext_ln58_read_read_fu_114">
<pin_list>
<pin id="115" dir="0" index="0" bw="16" slack="0"/>
<pin id="116" dir="0" index="1" bw="16" slack="0"/>
<pin id="117" dir="1" index="2" bw="16" slack="0"/>
</pin_list>
<bind>
<opcode="read(1150) " fcode="read"/>
<opset="sext_ln58_read/1 "/>
</bind>
</comp>

<comp id="120" class="1004" name="sext_ln83_8_read_read_fu_120">
<pin_list>
<pin id="121" dir="0" index="0" bw="16" slack="0"/>
<pin id="122" dir="0" index="1" bw="16" slack="0"/>
<pin id="123" dir="1" index="2" bw="16" slack="0"/>
</pin_list>
<bind>
<opcode="read(1150) " fcode="read"/>
<opset="sext_ln83_8_read/1 "/>
</bind>
</comp>

<comp id="126" class="1004" name="sext_ln83_7_read_read_fu_126">
<pin_list>
<pin id="127" dir="0" index="0" bw="16" slack="0"/>
<pin id="128" dir="0" index="1" bw="16" slack="0"/>
<pin id="129" dir="1" index="2" bw="16" slack="0"/>
</pin_list>
<bind>
<opcode="read(1150) " fcode="read"/>
<opset="sext_ln83_7_read/1 "/>
</bind>
</comp>

<comp id="132" class="1004" name="sext_ln83_6_read_read_fu_132">
<pin_list>
<pin id="133" dir="0" index="0" bw="16" slack="0"/>
<pin id="134" dir="0" index="1" bw="16" slack="0"/>
<pin id="135" dir="1" index="2" bw="16" slack="0"/>
</pin_list>
<bind>
<opcode="read(1150) " fcode="read"/>
<opset="sext_ln83_6_read/1 "/>
</bind>
</comp>

<comp id="138" class="1004" name="sext_ln83_10_read_read_fu_138">
<pin_list>
<pin id="139" dir="0" index="0" bw="16" slack="0"/>
<pin id="140" dir="0" index="1" bw="16" slack="0"/>
<pin id="141" dir="1" index="2" bw="16" slack="0"/>
</pin_list>
<bind>
<opcode="read(1150) " fcode="read"/>
<opset="sext_ln83_10_read/1 "/>
</bind>
</comp>

<comp id="144" class="1004" name="sext_ln83_5_read_read_fu_144">
<pin_list>
<pin id="145" dir="0" index="0" bw="16" slack="0"/>
<pin id="146" dir="0" index="1" bw="16" slack="0"/>
<pin id="147" dir="1" index="2" bw="16" slack="0"/>
</pin_list>
<bind>
<opcode="read(1150) " fcode="read"/>
<opset="sext_ln83_5_read/1 "/>
</bind>
</comp>

<comp id="150" class="1004" name="sext_ln83_4_read_read_fu_150">
<pin_list>
<pin id="151" dir="0" index="0" bw="16" slack="0"/>
<pin id="152" dir="0" index="1" bw="16" slack="0"/>
<pin id="153" dir="1" index="2" bw="16" slack="0"/>
</pin_list>
<bind>
<opcode="read(1150) " fcode="read"/>
<opset="sext_ln83_4_read/1 "/>
</bind>
</comp>

<comp id="156" class="1004" name="sext_ln83_3_read_read_fu_156">
<pin_list>
<pin id="157" dir="0" index="0" bw="16" slack="0"/>
<pin id="158" dir="0" index="1" bw="16" slack="0"/>
<pin id="159" dir="1" index="2" bw="16" slack="0"/>
</pin_list>
<bind>
<opcode="read(1150) " fcode="read"/>
<opset="sext_ln83_3_read/1 "/>
</bind>
</comp>

<comp id="162" class="1004" name="sext_ln83_9_read_read_fu_162">
<pin_list>
<pin id="163" dir="0" index="0" bw="16" slack="0"/>
<pin id="164" dir="0" index="1" bw="16" slack="0"/>
<pin id="165" dir="1" index="2" bw="16" slack="0"/>
</pin_list>
<bind>
<opcode="read(1150) " fcode="read"/>
<opset="sext_ln83_9_read/1 "/>
</bind>
</comp>

<comp id="168" class="1004" name="sext_ln83_2_read_read_fu_168">
<pin_list>
<pin id="169" dir="0" index="0" bw="16" slack="0"/>
<pin id="170" dir="0" index="1" bw="16" slack="0"/>
<pin id="171" dir="1" index="2" bw="16" slack="0"/>
</pin_list>
<bind>
<opcode="read(1150) " fcode="read"/>
<opset="sext_ln83_2_read/1 "/>
</bind>
</comp>

<comp id="174" class="1004" name="sext_ln83_1_read_read_fu_174">
<pin_list>
<pin id="175" dir="0" index="0" bw="16" slack="0"/>
<pin id="176" dir="0" index="1" bw="16" slack="0"/>
<pin id="177" dir="1" index="2" bw="16" slack="0"/>
</pin_list>
<bind>
<opcode="read(1150) " fcode="read"/>
<opset="sext_ln83_1_read/1 "/>
</bind>
</comp>

<comp id="180" class="1004" name="sext_ln83_read_read_fu_180">
<pin_list>
<pin id="181" dir="0" index="0" bw="16" slack="0"/>
<pin id="182" dir="0" index="1" bw="16" slack="0"/>
<pin id="183" dir="1" index="2" bw="16" slack="0"/>
</pin_list>
<bind>
<opcode="read(1150) " fcode="read"/>
<opset="sext_ln83_read/1 "/>
</bind>
</comp>

<comp id="186" class="1004" name="total_pixels_read_read_fu_186">
<pin_list>
<pin id="187" dir="0" index="0" bw="32" slack="0"/>
<pin id="188" dir="0" index="1" bw="32" slack="0"/>
<pin id="189" dir="1" index="2" bw="32" slack="1"/>
</pin_list>
<bind>
<opcode="read(1150) " fcode="read"/>
<opset="total_pixels_read/1 "/>
</bind>
</comp>

<comp id="192" class="1004" name="s_axis_video_read_read_fu_192">
<pin_list>
<pin id="193" dir="0" index="0" bw="32" slack="0"/>
<pin id="194" dir="0" index="1" bw="32" slack="0"/>
<pin id="195" dir="1" index="2" bw="32" slack="0"/>
</pin_list>
<bind>
<opcode="read(1150) " fcode="read"/>
<opset="s_axis_video_read/3 "/>
</bind>
</comp>

<comp id="198" class="1004" name="write_ln107_write_fu_198">
<pin_list>
<pin id="199" dir="0" index="0" bw="0" slack="0"/>
<pin id="200" dir="0" index="1" bw="32" slack="0"/>
<pin id="201" dir="0" index="2" bw="26" slack="0"/>
<pin id="202" dir="1" index="3" bw="0" slack="2147483647"/>
</pin_list>
<bind>
<opcode="write(1151) " fcode="write"/>
<opset="write_ln107/7 "/>
</bind>
</comp>

<comp id="205" class="1004" name="sext_ln83_8_cast_fu_205">
<pin_list>
<pin id="206" dir="0" index="0" bw="16" slack="0"/>
<pin id="207" dir="1" index="1" bw="24" slack="2"/>
</pin_list>
<bind>
<opcode="sext(35) " fcode="sext"/>
<opset="sext_ln83_8_cast/1 "/>
</bind>
</comp>

<comp id="209" class="1004" name="sext_ln83_7_cast_fu_209">
<pin_list>
<pin id="210" dir="0" index="0" bw="16" slack="0"/>
<pin id="211" dir="1" index="1" bw="24" slack="4"/>
</pin_list>
<bind>
<opcode="sext(35) " fcode="sext"/>
<opset="sext_ln83_7_cast/1 "/>
</bind>
</comp>

<comp id="213" class="1004" name="sext_ln83_6_cast_fu_213">
<pin_list>
<pin id="214" dir="0" index="0" bw="16" slack="0"/>
<pin id="215" dir="1" index="1" bw="24" slack="3"/>
</pin_list>
<bind>
<opcode="sext(35) " fcode="sext"/>
<opset="sext_ln83_6_cast/1 "/>
</bind>
</comp>

<comp id="217" class="1004" name="sext_ln83_5_cast_fu_217">
<pin_list>
<pin id="218" dir="0" index="0" bw="16" slack="0"/>
<pin id="219" dir="1" index="1" bw="24" slack="2"/>
</pin_list>
<bind>
<opcode="sext(35) " fcode="sext"/>
<opset="sext_ln83_5_cast/1 "/>
</bind>
</comp>

<comp id="221" class="1004" name="sext_ln83_4_cast_fu_221">
<pin_list>
<pin id="222" dir="0" index="0" bw="16" slack="0"/>
<pin id="223" dir="1" index="1" bw="24" slack="4"/>
</pin_list>
<bind>
<opcode="sext(35) " fcode="sext"/>
<opset="sext_ln83_4_cast/1 "/>
</bind>
</comp>

<comp id="225" class="1004" name="sext_ln83_3_cast_fu_225">
<pin_list>
<pin id="226" dir="0" index="0" bw="16" slack="0"/>
<pin id="227" dir="1" index="1" bw="24" slack="3"/>
</pin_list>
<bind>
<opcode="sext(35) " fcode="sext"/>
<opset="sext_ln83_3_cast/1 "/>
</bind>
</comp>

<comp id="229" class="1004" name="sext_ln83_2_cast_fu_229">
<pin_list>
<pin id="230" dir="0" index="0" bw="16" slack="0"/>
<pin id="231" dir="1" index="1" bw="24" slack="2"/>
</pin_list>
<bind>
<opcode="sext(35) " fcode="sext"/>
<opset="sext_ln83_2_cast/1 "/>
</bind>
</comp>

<comp id="233" class="1004" name="sext_ln83_1_cast_fu_233">
<pin_list>
<pin id="234" dir="0" index="0" bw="16" slack="0"/>
<pin id="235" dir="1" index="1" bw="24" slack="4"/>
</pin_list>
<bind>
<opcode="sext(35) " fcode="sext"/>
<opset="sext_ln83_1_cast/1 "/>
</bind>
</comp>

<comp id="237" class="1004" name="sext_ln83_cast_fu_237">
<pin_list>
<pin id="238" dir="0" index="0" bw="16" slack="0"/>
<pin id="239" dir="1" index="1" bw="24" slack="3"/>
</pin_list>
<bind>
<opcode="sext(35) " fcode="sext"/>
<opset="sext_ln83_cast/1 "/>
</bind>
</comp>

<comp id="241" class="1004" name="sext_ln58_cast_fu_241">
<pin_list>
<pin id="242" dir="0" index="0" bw="16" slack="0"/>
<pin id="243" dir="1" index="1" bw="19" slack="6"/>
</pin_list>
<bind>
<opcode="sext(35) " fcode="sext"/>
<opset="sext_ln58_cast/1 "/>
</bind>
</comp>

<comp id="245" class="1004" name="sext_ln83_10_cast_fu_245">
<pin_list>
<pin id="246" dir="0" index="0" bw="16" slack="0"/>
<pin id="247" dir="1" index="1" bw="19" slack="6"/>
</pin_list>
<bind>
<opcode="sext(35) " fcode="sext"/>
<opset="sext_ln83_10_cast/1 "/>
</bind>
</comp>

<comp id="249" class="1004" name="sext_ln83_9_cast_fu_249">
<pin_list>
<pin id="250" dir="0" index="0" bw="16" slack="0"/>
<pin id="251" dir="1" index="1" bw="19" slack="6"/>
</pin_list>
<bind>
<opcode="sext(35) " fcode="sext"/>
<opset="sext_ln83_9_cast/1 "/>
</bind>
</comp>

<comp id="253" class="1004" name="store_ln0_store_fu_253">
<pin_list>
<pin id="254" dir="0" index="0" bw="1" slack="0"/>
<pin id="255" dir="0" index="1" bw="31" slack="0"/>
<pin id="256" dir="1" index="2" bw="0" slack="2147483647"/>
</pin_list>
<bind>
<opcode="store(28) " fcode="store"/>
<opset="store_ln0/1 "/>
</bind>
</comp>

<comp id="258" class="1004" name="store_ln51_store_fu_258">
<pin_list>
<pin id="259" dir="0" index="0" bw="1" slack="0"/>
<pin id="260" dir="0" index="1" bw="32" slack="0"/>
<pin id="261" dir="1" index="2" bw="0" slack="2147483647"/>
</pin_list>
<bind>
<opcode="store(28) " fcode="store"/>
<opset="store_ln51/1 "/>
</bind>
</comp>

<comp id="263" class="1004" name="store_ln50_store_fu_263">
<pin_list>
<pin id="264" dir="0" index="0" bw="1" slack="0"/>
<pin id="265" dir="0" index="1" bw="32" slack="0"/>
<pin id="266" dir="1" index="2" bw="0" slack="2147483647"/>
</pin_list>
<bind>
<opcode="store(28) " fcode="store"/>
<opset="store_ln50/1 "/>
</bind>
</comp>

<comp id="268" class="1004" name="i_load_load_fu_268">
<pin_list>
<pin id="269" dir="0" index="0" bw="31" slack="1"/>
<pin id="270" dir="1" index="1" bw="31" slack="0"/>
</pin_list>
<bind>
<opcode="load(27) " fcode="load"/>
<opset="i_load/2 "/>
</bind>
</comp>

<comp id="271" class="1004" name="zext_ln32_fu_271">
<pin_list>
<pin id="272" dir="0" index="0" bw="31" slack="0"/>
<pin id="273" dir="1" index="1" bw="32" slack="0"/>
</pin_list>
<bind>
<opcode="zext(34) " fcode="zext"/>
<opset="zext_ln32/2 "/>
</bind>
</comp>

<comp id="275" class="1004" name="icmp_ln58_fu_275">
<pin_list>
<pin id="276" dir="0" index="0" bw="32" slack="0"/>
<pin id="277" dir="0" index="1" bw="32" slack="1"/>
<pin id="278" dir="1" index="2" bw="1" slack="4"/>
</pin_list>
<bind>
<opcode="icmp(45) " fcode="icmp"/>
<opset="icmp_ln58/2 "/>
</bind>
</comp>

<comp id="280" class="1004" name="add_ln58_fu_280">
<pin_list>
<pin id="281" dir="0" index="0" bw="31" slack="0"/>
<pin id="282" dir="0" index="1" bw="1" slack="0"/>
<pin id="283" dir="1" index="2" bw="31" slack="0"/>
</pin_list>
<bind>
<opcode="add(8) " fcode="add"/>
<opset="add_ln58/2 "/>
</bind>
</comp>

<comp id="286" class="1004" name="x_load_load_fu_286">
<pin_list>
<pin id="287" dir="0" index="0" bw="32" slack="1"/>
<pin id="288" dir="1" index="1" bw="32" slack="0"/>
</pin_list>
<bind>
<opcode="load(27) " fcode="load"/>
<opset="x_load/2 "/>
</bind>
</comp>

<comp id="289" class="1004" name="y_load_load_fu_289">
<pin_list>
<pin id="290" dir="0" index="0" bw="32" slack="1"/>
<pin id="291" dir="1" index="1" bw="32" slack="0"/>
</pin_list>
<bind>
<opcode="load(27) " fcode="load"/>
<opset="y_load/2 "/>
</bind>
</comp>

<comp id="292" class="1004" name="or_ln103_fu_292">
<pin_list>
<pin id="293" dir="0" index="0" bw="32" slack="0"/>
<pin id="294" dir="0" index="1" bw="32" slack="0"/>
<pin id="295" dir="1" index="2" bw="32" slack="0"/>
</pin_list>
<bind>
<opcode="or(24) " fcode="or"/>
<opset="or_ln103/2 "/>
</bind>
</comp>

<comp id="298" class="1004" name="icmp_ln103_fu_298">
<pin_list>
<pin id="299" dir="0" index="0" bw="32" slack="0"/>
<pin id="300" dir="0" index="1" bw="32" slack="0"/>
<pin id="301" dir="1" index="2" bw="1" slack="5"/>
</pin_list>
<bind>
<opcode="icmp(45) " fcode="icmp"/>
<opset="icmp_ln103/2 "/>
</bind>
</comp>

<comp id="304" class="1004" name="icmp_ln104_fu_304">
<pin_list>
<pin id="305" dir="0" index="0" bw="32" slack="0"/>
<pin id="306" dir="0" index="1" bw="32" slack="1"/>
<pin id="307" dir="1" index="2" bw="1" slack="0"/>
</pin_list>
<bind>
<opcode="icmp(45) " fcode="icmp"/>
<opset="icmp_ln104/2 "/>
</bind>
</comp>

<comp id="309" class="1004" name="y_1_fu_309">
<pin_list>
<pin id="310" dir="0" index="0" bw="32" slack="0"/>
<pin id="311" dir="0" index="1" bw="1" slack="0"/>
<pin id="312" dir="1" index="2" bw="32" slack="0"/>
</pin_list>
<bind>
<opcode="add(8) " fcode="add"/>
<opset="y_1/2 "/>
</bind>
</comp>

<comp id="315" class="1004" name="x_1_fu_315">
<pin_list>
<pin id="316" dir="0" index="0" bw="32" slack="0"/>
<pin id="317" dir="0" index="1" bw="1" slack="0"/>
<pin id="318" dir="1" index="2" bw="32" slack="0"/>
</pin_list>
<bind>
<opcode="add(8) " fcode="add"/>
<opset="x_1/2 "/>
</bind>
</comp>

<comp id="321" class="1004" name="x_2_fu_321">
<pin_list>
<pin id="322" dir="0" index="0" bw="1" slack="0"/>
<pin id="323" dir="0" index="1" bw="32" slack="0"/>
<pin id="324" dir="0" index="2" bw="32" slack="0"/>
<pin id="325" dir="1" index="3" bw="32" slack="0"/>
</pin_list>
<bind>
<opcode="select(49) " fcode="select"/>
<opset="x_2/2 "/>
</bind>
</comp>

<comp id="329" class="1004" name="y_2_fu_329">
<pin_list>
<pin id="330" dir="0" index="0" bw="1" slack="0"/>
<pin id="331" dir="0" index="1" bw="32" slack="0"/>
<pin id="332" dir="0" index="2" bw="32" slack="0"/>
<pin id="333" dir="1" index="3" bw="32" slack="0"/>
</pin_list>
<bind>
<opcode="select(49) " fcode="select"/>
<opset="y_2/2 "/>
</bind>
</comp>

<comp id="337" class="1004" name="store_ln58_store_fu_337">
<pin_list>
<pin id="338" dir="0" index="0" bw="31" slack="0"/>
<pin id="339" dir="0" index="1" bw="31" slack="1"/>
<pin id="340" dir="1" index="2" bw="0" slack="2147483647"/>
</pin_list>
<bind>
<opcode="store(28) " fcode="store"/>
<opset="store_ln58/2 "/>
</bind>
</comp>

<comp id="342" class="1004" name="store_ln51_store_fu_342">
<pin_list>
<pin id="343" dir="0" index="0" bw="32" slack="0"/>
<pin id="344" dir="0" index="1" bw="32" slack="1"/>
<pin id="345" dir="1" index="2" bw="0" slack="2147483647"/>
</pin_list>
<bind>
<opcode="store(28) " fcode="store"/>
<opset="store_ln51/2 "/>
</bind>
</comp>

<comp id="347" class="1004" name="store_ln50_store_fu_347">
<pin_list>
<pin id="348" dir="0" index="0" bw="32" slack="0"/>
<pin id="349" dir="0" index="1" bw="32" slack="1"/>
<pin id="350" dir="1" index="2" bw="0" slack="2147483647"/>
</pin_list>
<bind>
<opcode="store(28) " fcode="store"/>
<opset="store_ln50/2 "/>
</bind>
</comp>

<comp id="352" class="1004" name="trunc_ln65_fu_352">
<pin_list>
<pin id="353" dir="0" index="0" bw="32" slack="0"/>
<pin id="354" dir="1" index="1" bw="8" slack="1"/>
</pin_list>
<bind>
<opcode="trunc(33) " fcode="trunc"/>
<opset="trunc_ln65/3 "/>
</bind>
</comp>

<comp id="356" class="1004" name="lshr_ln_fu_356">
<pin_list>
<pin id="357" dir="0" index="0" bw="8" slack="0"/>
<pin id="358" dir="0" index="1" bw="32" slack="0"/>
<pin id="359" dir="0" index="2" bw="5" slack="0"/>
<pin id="360" dir="0" index="3" bw="5" slack="0"/>
<pin id="361" dir="1" index="4" bw="8" slack="2"/>
</pin_list>
<bind>
<opcode="partselect(1002) " fcode="partselect"/>
<opset="lshr_ln/3 "/>
</bind>
</comp>

<comp id="366" class="1004" name="lshr_ln65_1_fu_366">
<pin_list>
<pin id="367" dir="0" index="0" bw="8" slack="0"/>
<pin id="368" dir="0" index="1" bw="32" slack="0"/>
<pin id="369" dir="0" index="2" bw="6" slack="0"/>
<pin id="370" dir="0" index="3" bw="6" slack="0"/>
<pin id="371" dir="1" index="4" bw="8" slack="0"/>
</pin_list>
<bind>
<opcode="partselect(1002) " fcode="partselect"/>
<opset="lshr_ln65_1/3 "/>
</bind>
</comp>

<comp id="376" class="1004" name="zext_ln65_1_fu_376">
<pin_list>
<pin id="377" dir="0" index="0" bw="8" slack="0"/>
<pin id="378" dir="1" index="1" bw="24" slack="0"/>
</pin_list>
<bind>
<opcode="zext(34) " fcode="zext"/>
<opset="zext_ln65_1/3 "/>
</bind>
</comp>

<comp id="380" class="1004" name="zext_ln65_fu_380">
<pin_list>
<pin id="381" dir="0" index="0" bw="8" slack="1"/>
<pin id="382" dir="1" index="1" bw="24" slack="0"/>
</pin_list>
<bind>
<opcode="zext(34) " fcode="zext"/>
<opset="zext_ln65/4 "/>
</bind>
</comp>

<comp id="383" class="1004" name="zext_ln83_fu_383">
<pin_list>
<pin id="384" dir="0" index="0" bw="8" slack="2"/>
<pin id="385" dir="1" index="1" bw="24" slack="0"/>
</pin_list>
<bind>
<opcode="zext(34) " fcode="zext"/>
<opset="zext_ln83/5 "/>
</bind>
</comp>

<comp id="386" class="1004" name="mul_ln83_fu_386">
<pin_list>
<pin id="387" dir="0" index="0" bw="16" slack="4"/>
<pin id="388" dir="0" index="1" bw="8" slack="0"/>
<pin id="389" dir="1" index="2" bw="24" slack="0"/>
</pin_list>
<bind>
<opcode="mul(12) " fcode="mul"/>
<opset="mul_ln83/5 "/>
</bind>
</comp>

<comp id="391" class="1004" name="sext_ln83_11_fu_391">
<pin_list>
<pin id="392" dir="0" index="0" bw="24" slack="0"/>
<pin id="393" dir="1" index="1" bw="25" slack="0"/>
</pin_list>
<bind>
<opcode="sext(35) " fcode="sext"/>
<opset="sext_ln83_11/5 "/>
</bind>
</comp>

<comp id="395" class="1004" name="mul_ln83_3_fu_395">
<pin_list>
<pin id="396" dir="0" index="0" bw="16" slack="4"/>
<pin id="397" dir="0" index="1" bw="8" slack="0"/>
<pin id="398" dir="1" index="2" bw="24" slack="0"/>
</pin_list>
<bind>
<opcode="mul(12) " fcode="mul"/>
<opset="mul_ln83_3/5 "/>
</bind>
</comp>

<comp id="400" class="1004" name="sext_ln83_14_fu_400">
<pin_list>
<pin id="401" dir="0" index="0" bw="24" slack="0"/>
<pin id="402" dir="1" index="1" bw="25" slack="0"/>
</pin_list>
<bind>
<opcode="sext(35) " fcode="sext"/>
<opset="sext_ln83_14/5 "/>
</bind>
</comp>

<comp id="404" class="1004" name="mul_ln83_6_fu_404">
<pin_list>
<pin id="405" dir="0" index="0" bw="16" slack="4"/>
<pin id="406" dir="0" index="1" bw="8" slack="0"/>
<pin id="407" dir="1" index="2" bw="24" slack="0"/>
</pin_list>
<bind>
<opcode="mul(12) " fcode="mul"/>
<opset="mul_ln83_6/5 "/>
</bind>
</comp>

<comp id="409" class="1004" name="sext_ln83_17_fu_409">
<pin_list>
<pin id="410" dir="0" index="0" bw="24" slack="0"/>
<pin id="411" dir="1" index="1" bw="25" slack="0"/>
</pin_list>
<bind>
<opcode="sext(35) " fcode="sext"/>
<opset="sext_ln83_17/5 "/>
</bind>
</comp>

<comp id="413" class="1004" name="sext_ln83_13_fu_413">
<pin_list>
<pin id="414" dir="0" index="0" bw="25" slack="0"/>
<pin id="415" dir="1" index="1" bw="26" slack="0"/>
</pin_list>
<bind>
<opcode="sext(35) " fcode="sext"/>
<opset="sext_ln83_13/6 "/>
</bind>
</comp>

<comp id="416" class="1004" name="sext_ln83_16_fu_416">
<pin_list>
<pin id="417" dir="0" index="0" bw="25" slack="0"/>
<pin id="418" dir="1" index="1" bw="26" slack="0"/>
</pin_list>
<bind>
<opcode="sext(35) " fcode="sext"/>
<opset="sext_ln83_16/6 "/>
</bind>
</comp>

<comp id="419" class="1004" name="sext_ln83_19_fu_419">
<pin_list>
<pin id="420" dir="0" index="0" bw="25" slack="0"/>
<pin id="421" dir="1" index="1" bw="26" slack="0"/>
</pin_list>
<bind>
<opcode="sext(35) " fcode="sext"/>
<opset="sext_ln83_19/6 "/>
</bind>
</comp>

<comp id="422" class="1004" name="trunc_ln_fu_422">
<pin_list>
<pin id="423" dir="0" index="0" bw="18" slack="0"/>
<pin id="424" dir="0" index="1" bw="26" slack="0"/>
<pin id="425" dir="0" index="2" bw="5" slack="0"/>
<pin id="426" dir="0" index="3" bw="6" slack="0"/>
<pin id="427" dir="1" index="4" bw="18" slack="0"/>
</pin_list>
<bind>
<opcode="partselect(1002) " fcode="partselect"/>
<opset="trunc_ln/7 "/>
</bind>
</comp>

<comp id="431" class="1004" name="sext_ln88_fu_431">
<pin_list>
<pin id="432" dir="0" index="0" bw="18" slack="0"/>
<pin id="433" dir="1" index="1" bw="19" slack="0"/>
</pin_list>
<bind>
<opcode="sext(35) " fcode="sext"/>
<opset="sext_ln88/7 "/>
</bind>
</comp>

<comp id="435" class="1004" name="result_fu_435">
<pin_list>
<pin id="436" dir="0" index="0" bw="18" slack="0"/>
<pin id="437" dir="0" index="1" bw="16" slack="6"/>
<pin id="438" dir="1" index="2" bw="19" slack="0"/>
</pin_list>
<bind>
<opcode="add(8) " fcode="add"/>
<opset="result/7 "/>
</bind>
</comp>

<comp id="440" class="1004" name="sext_ln88_1_fu_440">
<pin_list>
<pin id="441" dir="0" index="0" bw="19" slack="0"/>
<pin id="442" dir="1" index="1" bw="41" slack="0"/>
</pin_list>
<bind>
<opcode="sext(35) " fcode="sext"/>
<opset="sext_ln88_1/7 "/>
</bind>
</comp>

<comp id="444" class="1004" name="tmp_fu_444">
<pin_list>
<pin id="445" dir="0" index="0" bw="1" slack="0"/>
<pin id="446" dir="0" index="1" bw="19" slack="0"/>
<pin id="447" dir="0" index="2" bw="7" slack="0"/>
<pin id="448" dir="1" index="3" bw="1" slack="0"/>
</pin_list>
<bind>
<opcode="bitselect(1000) " fcode="bitselect"/>
<opset="tmp/7 "/>
</bind>
</comp>

<comp id="452" class="1004" name="tmp_1_fu_452">
<pin_list>
<pin id="453" dir="0" index="0" bw="11" slack="0"/>
<pin id="454" dir="0" index="1" bw="19" slack="0"/>
<pin id="455" dir="0" index="2" bw="5" slack="0"/>
<pin id="456" dir="0" index="3" bw="6" slack="0"/>
<pin id="457" dir="1" index="4" bw="11" slack="0"/>
</pin_list>
<bind>
<opcode="partselect(1002) " fcode="partselect"/>
<opset="tmp_1/7 "/>
</bind>
</comp>

<comp id="462" class="1004" name="icmp_ln93_fu_462">
<pin_list>
<pin id="463" dir="0" index="0" bw="11" slack="0"/>
<pin id="464" dir="0" index="1" bw="11" slack="0"/>
<pin id="465" dir="1" index="2" bw="1" slack="0"/>
</pin_list>
<bind>
<opcode="icmp(45) " fcode="icmp"/>
<opset="icmp_ln93/7 "/>
</bind>
</comp>

<comp id="468" class="1004" name="trunc_ln99_fu_468">
<pin_list>
<pin id="469" dir="0" index="0" bw="19" slack="0"/>
<pin id="470" dir="1" index="1" bw="8" slack="0"/>
</pin_list>
<bind>
<opcode="trunc(33) " fcode="trunc"/>
<opset="trunc_ln99/7 "/>
</bind>
</comp>

<comp id="472" class="1004" name="xor_ln99_fu_472">
<pin_list>
<pin id="473" dir="0" index="0" bw="1" slack="0"/>
<pin id="474" dir="0" index="1" bw="1" slack="0"/>
<pin id="475" dir="1" index="2" bw="1" slack="0"/>
</pin_list>
<bind>
<opcode="xor(25) " fcode="xor"/>
<opset="xor_ln99/7 "/>
</bind>
</comp>

<comp id="478" class="1004" name="select_ln99_3_fu_478">
<pin_list>
<pin id="479" dir="0" index="0" bw="1" slack="0"/>
<pin id="480" dir="0" index="1" bw="8" slack="0"/>
<pin id="481" dir="0" index="2" bw="8" slack="0"/>
<pin id="482" dir="1" index="3" bw="8" slack="0"/>
</pin_list>
<bind>
<opcode="select(49) " fcode="select"/>
<opset="select_ln99_3/7 "/>
</bind>
</comp>

<comp id="486" class="1004" name="or_ln99_fu_486">
<pin_list>
<pin id="487" dir="0" index="0" bw="1" slack="0"/>
<pin id="488" dir="0" index="1" bw="1" slack="0"/>
<pin id="489" dir="1" index="2" bw="1" slack="0"/>
</pin_list>
<bind>
<opcode="or(24) " fcode="or"/>
<opset="or_ln99/7 "/>
</bind>
</comp>

<comp id="492" class="1004" name="select_ln99_fu_492">
<pin_list>
<pin id="493" dir="0" index="0" bw="1" slack="0"/>
<pin id="494" dir="0" index="1" bw="8" slack="0"/>
<pin id="495" dir="0" index="2" bw="8" slack="0"/>
<pin id="496" dir="1" index="3" bw="8" slack="0"/>
</pin_list>
<bind>
<opcode="select(49) " fcode="select"/>
<opset="select_ln99/7 "/>
</bind>
</comp>

<comp id="500" class="1004" name="trunc_ln88_1_fu_500">
<pin_list>
<pin id="501" dir="0" index="0" bw="18" slack="0"/>
<pin id="502" dir="0" index="1" bw="26" slack="0"/>
<pin id="503" dir="0" index="2" bw="5" slack="0"/>
<pin id="504" dir="0" index="3" bw="6" slack="0"/>
<pin id="505" dir="1" index="4" bw="18" slack="0"/>
</pin_list>
<bind>
<opcode="partselect(1002) " fcode="partselect"/>
<opset="trunc_ln88_1/7 "/>
</bind>
</comp>

<comp id="509" class="1004" name="sext_ln88_2_fu_509">
<pin_list>
<pin id="510" dir="0" index="0" bw="18" slack="0"/>
<pin id="511" dir="1" index="1" bw="19" slack="0"/>
</pin_list>
<bind>
<opcode="sext(35) " fcode="sext"/>
<opset="sext_ln88_2/7 "/>
</bind>
</comp>

<comp id="513" class="1004" name="result_1_fu_513">
<pin_list>
<pin id="514" dir="0" index="0" bw="18" slack="0"/>
<pin id="515" dir="0" index="1" bw="16" slack="6"/>
<pin id="516" dir="1" index="2" bw="19" slack="0"/>
</pin_list>
<bind>
<opcode="add(8) " fcode="add"/>
<opset="result_1/7 "/>
</bind>
</comp>

<comp id="518" class="1004" name="sext_ln88_3_fu_518">
<pin_list>
<pin id="519" dir="0" index="0" bw="19" slack="0"/>
<pin id="520" dir="1" index="1" bw="41" slack="0"/>
</pin_list>
<bind>
<opcode="sext(35) " fcode="sext"/>
<opset="sext_ln88_3/7 "/>
</bind>
</comp>

<comp id="522" class="1004" name="tmp_2_fu_522">
<pin_list>
<pin id="523" dir="0" index="0" bw="1" slack="0"/>
<pin id="524" dir="0" index="1" bw="19" slack="0"/>
<pin id="525" dir="0" index="2" bw="7" slack="0"/>
<pin id="526" dir="1" index="3" bw="1" slack="0"/>
</pin_list>
<bind>
<opcode="bitselect(1000) " fcode="bitselect"/>
<opset="tmp_2/7 "/>
</bind>
</comp>

<comp id="530" class="1004" name="tmp_3_fu_530">
<pin_list>
<pin id="531" dir="0" index="0" bw="11" slack="0"/>
<pin id="532" dir="0" index="1" bw="19" slack="0"/>
<pin id="533" dir="0" index="2" bw="5" slack="0"/>
<pin id="534" dir="0" index="3" bw="6" slack="0"/>
<pin id="535" dir="1" index="4" bw="11" slack="0"/>
</pin_list>
<bind>
<opcode="partselect(1002) " fcode="partselect"/>
<opset="tmp_3/7 "/>
</bind>
</comp>

<comp id="540" class="1004" name="icmp_ln93_1_fu_540">
<pin_list>
<pin id="541" dir="0" index="0" bw="11" slack="0"/>
<pin id="542" dir="0" index="1" bw="11" slack="0"/>
<pin id="543" dir="1" index="2" bw="1" slack="0"/>
</pin_list>
<bind>
<opcode="icmp(45) " fcode="icmp"/>
<opset="icmp_ln93_1/7 "/>
</bind>
</comp>

<comp id="546" class="1004" name="xor_ln99_1_fu_546">
<pin_list>
<pin id="547" dir="0" index="0" bw="1" slack="0"/>
<pin id="548" dir="0" index="1" bw="1" slack="0"/>
<pin id="549" dir="1" index="2" bw="1" slack="0"/>
</pin_list>
<bind>
<opcode="xor(25) " fcode="xor"/>
<opset="xor_ln99_1/7 "/>
</bind>
</comp>

<comp id="552" class="1004" name="or_ln99_1_fu_552">
<pin_list>
<pin id="553" dir="0" index="0" bw="1" slack="0"/>
<pin id="554" dir="0" index="1" bw="1" slack="0"/>
<pin id="555" dir="1" index="2" bw="1" slack="0"/>
</pin_list>
<bind>
<opcode="or(24) " fcode="or"/>
<opset="or_ln99_1/7 "/>
</bind>
</comp>

<comp id="558" class="1004" name="trunc_ln88_2_fu_558">
<pin_list>
<pin id="559" dir="0" index="0" bw="18" slack="0"/>
<pin id="560" dir="0" index="1" bw="26" slack="0"/>
<pin id="561" dir="0" index="2" bw="5" slack="0"/>
<pin id="562" dir="0" index="3" bw="6" slack="0"/>
<pin id="563" dir="1" index="4" bw="18" slack="0"/>
</pin_list>
<bind>
<opcode="partselect(1002) " fcode="partselect"/>
<opset="trunc_ln88_2/7 "/>
</bind>
</comp>

<comp id="567" class="1004" name="sext_ln88_4_fu_567">
<pin_list>
<pin id="568" dir="0" index="0" bw="18" slack="0"/>
<pin id="569" dir="1" index="1" bw="19" slack="0"/>
</pin_list>
<bind>
<opcode="sext(35) " fcode="sext"/>
<opset="sext_ln88_4/7 "/>
</bind>
</comp>

<comp id="571" class="1004" name="result_2_fu_571">
<pin_list>
<pin id="572" dir="0" index="0" bw="18" slack="0"/>
<pin id="573" dir="0" index="1" bw="16" slack="6"/>
<pin id="574" dir="1" index="2" bw="19" slack="0"/>
</pin_list>
<bind>
<opcode="add(8) " fcode="add"/>
<opset="result_2/7 "/>
</bind>
</comp>

<comp id="576" class="1004" name="sext_ln88_5_fu_576">
<pin_list>
<pin id="577" dir="0" index="0" bw="19" slack="0"/>
<pin id="578" dir="1" index="1" bw="41" slack="0"/>
</pin_list>
<bind>
<opcode="sext(35) " fcode="sext"/>
<opset="sext_ln88_5/7 "/>
</bind>
</comp>

<comp id="580" class="1004" name="tmp_4_fu_580">
<pin_list>
<pin id="581" dir="0" index="0" bw="1" slack="0"/>
<pin id="582" dir="0" index="1" bw="19" slack="0"/>
<pin id="583" dir="0" index="2" bw="7" slack="0"/>
<pin id="584" dir="1" index="3" bw="1" slack="0"/>
</pin_list>
<bind>
<opcode="bitselect(1000) " fcode="bitselect"/>
<opset="tmp_4/7 "/>
</bind>
</comp>

<comp id="588" class="1004" name="tmp_5_fu_588">
<pin_list>
<pin id="589" dir="0" index="0" bw="11" slack="0"/>
<pin id="590" dir="0" index="1" bw="19" slack="0"/>
<pin id="591" dir="0" index="2" bw="5" slack="0"/>
<pin id="592" dir="0" index="3" bw="6" slack="0"/>
<pin id="593" dir="1" index="4" bw="11" slack="0"/>
</pin_list>
<bind>
<opcode="partselect(1002) " fcode="partselect"/>
<opset="tmp_5/7 "/>
</bind>
</comp>

<comp id="598" class="1004" name="icmp_ln93_2_fu_598">
<pin_list>
<pin id="599" dir="0" index="0" bw="11" slack="0"/>
<pin id="600" dir="0" index="1" bw="11" slack="0"/>
<pin id="601" dir="1" index="2" bw="1" slack="0"/>
</pin_list>
<bind>
<opcode="icmp(45) " fcode="icmp"/>
<opset="icmp_ln93_2/7 "/>
</bind>
</comp>

<comp id="604" class="1004" name="trunc_ln99_1_fu_604">
<pin_list>
<pin id="605" dir="0" index="0" bw="19" slack="0"/>
<pin id="606" dir="1" index="1" bw="8" slack="0"/>
</pin_list>
<bind>
<opcode="trunc(33) " fcode="trunc"/>
<opset="trunc_ln99_1/7 "/>
</bind>
</comp>

<comp id="608" class="1004" name="xor_ln99_2_fu_608">
<pin_list>
<pin id="609" dir="0" index="0" bw="1" slack="0"/>
<pin id="610" dir="0" index="1" bw="1" slack="0"/>
<pin id="611" dir="1" index="2" bw="1" slack="0"/>
</pin_list>
<bind>
<opcode="xor(25) " fcode="xor"/>
<opset="xor_ln99_2/7 "/>
</bind>
</comp>

<comp id="614" class="1004" name="select_ln99_4_fu_614">
<pin_list>
<pin id="615" dir="0" index="0" bw="1" slack="0"/>
<pin id="616" dir="0" index="1" bw="8" slack="0"/>
<pin id="617" dir="0" index="2" bw="8" slack="0"/>
<pin id="618" dir="1" index="3" bw="8" slack="0"/>
</pin_list>
<bind>
<opcode="select(49) " fcode="select"/>
<opset="select_ln99_4/7 "/>
</bind>
</comp>

<comp id="622" class="1004" name="or_ln99_2_fu_622">
<pin_list>
<pin id="623" dir="0" index="0" bw="1" slack="0"/>
<pin id="624" dir="0" index="1" bw="1" slack="0"/>
<pin id="625" dir="1" index="2" bw="1" slack="0"/>
</pin_list>
<bind>
<opcode="or(24) " fcode="or"/>
<opset="or_ln99_2/7 "/>
</bind>
</comp>

<comp id="628" class="1004" name="select_ln99_1_fu_628">
<pin_list>
<pin id="629" dir="0" index="0" bw="1" slack="0"/>
<pin id="630" dir="0" index="1" bw="8" slack="0"/>
<pin id="631" dir="0" index="2" bw="8" slack="0"/>
<pin id="632" dir="1" index="3" bw="8" slack="0"/>
</pin_list>
<bind>
<opcode="select(49) " fcode="select"/>
<opset="select_ln99_1/7 "/>
</bind>
</comp>

<comp id="636" class="1004" name="select_ln99_5_fu_636">
<pin_list>
<pin id="637" dir="0" index="0" bw="1" slack="0"/>
<pin id="638" dir="0" index="1" bw="8" slack="0"/>
<pin id="639" dir="0" index="2" bw="8" slack="0"/>
<pin id="640" dir="1" index="3" bw="8" slack="0"/>
</pin_list>
<bind>
<opcode="select(49) " fcode="select"/>
<opset="select_ln99_5/7 "/>
</bind>
</comp>

<comp id="644" class="1004" name="trunc_ln107_fu_644">
<pin_list>
<pin id="645" dir="0" index="0" bw="19" slack="0"/>
<pin id="646" dir="1" index="1" bw="8" slack="0"/>
</pin_list>
<bind>
<opcode="trunc(33) " fcode="trunc"/>
<opset="trunc_ln107/7 "/>
</bind>
</comp>

<comp id="648" class="1004" name="select_ln99_2_fu_648">
<pin_list>
<pin id="649" dir="0" index="0" bw="1" slack="0"/>
<pin id="650" dir="0" index="1" bw="8" slack="0"/>
<pin id="651" dir="0" index="2" bw="8" slack="0"/>
<pin id="652" dir="1" index="3" bw="8" slack="0"/>
</pin_list>
<bind>
<opcode="select(49) " fcode="select"/>
<opset="select_ln99_2/7 "/>
</bind>
</comp>

<comp id="656" class="1004" name="or_ln107_7_fu_656">
<pin_list>
<pin id="657" dir="0" index="0" bw="26" slack="0"/>
<pin id="658" dir="0" index="1" bw="1" slack="5"/>
<pin id="659" dir="0" index="2" bw="1" slack="5"/>
<pin id="660" dir="0" index="3" bw="8" slack="0"/>
<pin id="661" dir="0" index="4" bw="8" slack="0"/>
<pin id="662" dir="0" index="5" bw="8" slack="0"/>
<pin id="663" dir="1" index="6" bw="26" slack="0"/>
</pin_list>
<bind>
<opcode="bitconcatenate(1004) " fcode="bitconcatenate"/>
<opset="or_ln107_7/7 "/>
</bind>
</comp>

<comp id="668" class="1004" name="zext_ln107_fu_668">
<pin_list>
<pin id="669" dir="0" index="0" bw="26" slack="0"/>
<pin id="670" dir="1" index="1" bw="32" slack="0"/>
</pin_list>
<bind>
<opcode="zext(34) " fcode="zext"/>
<opset="zext_ln107/7 "/>
</bind>
</comp>

<comp id="673" class="1007" name="grp_fu_673">
<pin_list>
<pin id="674" dir="0" index="0" bw="16" slack="1"/>
<pin id="675" dir="0" index="1" bw="8" slack="0"/>
<pin id="676" dir="0" index="2" bw="24" slack="0"/>
<pin id="677" dir="1" index="3" bw="25" slack="0"/>
</pin_list>
<bind>
<opcode="muladd(1172) " fcode="muladd"/>
<opset="mul_ln83_1/3 sext_ln83_12/5 add_ln83/5 "/>
</bind>
</comp>

<comp id="681" class="1007" name="grp_fu_681">
<pin_list>
<pin id="682" dir="0" index="0" bw="16" slack="1"/>
<pin id="683" dir="0" index="1" bw="8" slack="0"/>
<pin id="684" dir="0" index="2" bw="24" slack="0"/>
<pin id="685" dir="1" index="3" bw="25" slack="0"/>
</pin_list>
<bind>
<opcode="muladd(1172) " fcode="muladd"/>
<opset="mul_ln83_4/3 sext_ln83_15/5 add_ln83_2/5 "/>
</bind>
</comp>

<comp id="689" class="1007" name="grp_fu_689">
<pin_list>
<pin id="690" dir="0" index="0" bw="16" slack="1"/>
<pin id="691" dir="0" index="1" bw="8" slack="0"/>
<pin id="692" dir="0" index="2" bw="24" slack="0"/>
<pin id="693" dir="1" index="3" bw="25" slack="0"/>
</pin_list>
<bind>
<opcode="muladd(1172) " fcode="muladd"/>
<opset="mul_ln83_7/3 sext_ln83_18/5 add_ln83_4/5 "/>
</bind>
</comp>

<comp id="697" class="1007" name="grp_fu_697">
<pin_list>
<pin id="698" dir="0" index="0" bw="16" slack="1"/>
<pin id="699" dir="0" index="1" bw="8" slack="0"/>
<pin id="700" dir="0" index="2" bw="25" slack="0"/>
<pin id="701" dir="1" index="3" bw="26" slack="0"/>
</pin_list>
<bind>
<opcode="muladd(1172) " fcode="muladd"/>
<opset="sum/4 sext_ln78/6 sum_1/6 "/>
</bind>
</comp>

<comp id="705" class="1007" name="grp_fu_705">
<pin_list>
<pin id="706" dir="0" index="0" bw="16" slack="1"/>
<pin id="707" dir="0" index="1" bw="8" slack="0"/>
<pin id="708" dir="0" index="2" bw="25" slack="0"/>
<pin id="709" dir="1" index="3" bw="26" slack="0"/>
</pin_list>
<bind>
<opcode="muladd(1172) " fcode="muladd"/>
<opset="sum_2/4 sext_ln78_1/6 sum_3/6 "/>
</bind>
</comp>

<comp id="713" class="1007" name="grp_fu_713">
<pin_list>
<pin id="714" dir="0" index="0" bw="16" slack="1"/>
<pin id="715" dir="0" index="1" bw="8" slack="0"/>
<pin id="716" dir="0" index="2" bw="25" slack="0"/>
<pin id="717" dir="1" index="3" bw="26" slack="0"/>
</pin_list>
<bind>
<opcode="muladd(1172) " fcode="muladd"/>
<opset="sum_4/4 sext_ln78_2/6 sum_5/6 "/>
</bind>
</comp>

<comp id="721" class="1005" name="x_reg_721">
<pin_list>
<pin id="722" dir="0" index="0" bw="32" slack="0"/>
<pin id="723" dir="1" index="1" bw="32" slack="0"/>
</pin_list>
<bind>
<opset="x "/>
</bind>
</comp>

<comp id="728" class="1005" name="y_reg_728">
<pin_list>
<pin id="729" dir="0" index="0" bw="32" slack="0"/>
<pin id="730" dir="1" index="1" bw="32" slack="0"/>
</pin_list>
<bind>
<opset="y "/>
</bind>
</comp>

<comp id="735" class="1005" name="i_reg_735">
<pin_list>
<pin id="736" dir="0" index="0" bw="31" slack="0"/>
<pin id="737" dir="1" index="1" bw="31" slack="0"/>
</pin_list>
<bind>
<opset="i "/>
</bind>
</comp>

<comp id="742" class="1005" name="add_ln104_read_reg_742">
<pin_list>
<pin id="743" dir="0" index="0" bw="32" slack="1"/>
<pin id="744" dir="1" index="1" bw="32" slack="1"/>
</pin_list>
<bind>
<opset="add_ln104_read "/>
</bind>
</comp>

<comp id="747" class="1005" name="total_pixels_read_reg_747">
<pin_list>
<pin id="748" dir="0" index="0" bw="32" slack="1"/>
<pin id="749" dir="1" index="1" bw="32" slack="1"/>
</pin_list>
<bind>
<opset="total_pixels_read "/>
</bind>
</comp>

<comp id="752" class="1005" name="sext_ln83_8_cast_reg_752">
<pin_list>
<pin id="753" dir="0" index="0" bw="24" slack="2"/>
<pin id="754" dir="1" index="1" bw="24" slack="2"/>
</pin_list>
<bind>
<opset="sext_ln83_8_cast "/>
</bind>
</comp>

<comp id="757" class="1005" name="sext_ln83_7_cast_reg_757">
<pin_list>
<pin id="758" dir="0" index="0" bw="24" slack="4"/>
<pin id="759" dir="1" index="1" bw="24" slack="4"/>
</pin_list>
<bind>
<opset="sext_ln83_7_cast "/>
</bind>
</comp>

<comp id="762" class="1005" name="sext_ln83_6_cast_reg_762">
<pin_list>
<pin id="763" dir="0" index="0" bw="24" slack="3"/>
<pin id="764" dir="1" index="1" bw="24" slack="3"/>
</pin_list>
<bind>
<opset="sext_ln83_6_cast "/>
</bind>
</comp>

<comp id="767" class="1005" name="sext_ln83_5_cast_reg_767">
<pin_list>
<pin id="768" dir="0" index="0" bw="24" slack="2"/>
<pin id="769" dir="1" index="1" bw="24" slack="2"/>
</pin_list>
<bind>
<opset="sext_ln83_5_cast "/>
</bind>
</comp>

<comp id="772" class="1005" name="sext_ln83_4_cast_reg_772">
<pin_list>
<pin id="773" dir="0" index="0" bw="24" slack="4"/>
<pin id="774" dir="1" index="1" bw="24" slack="4"/>
</pin_list>
<bind>
<opset="sext_ln83_4_cast "/>
</bind>
</comp>

<comp id="777" class="1005" name="sext_ln83_3_cast_reg_777">
<pin_list>
<pin id="778" dir="0" index="0" bw="24" slack="3"/>
<pin id="779" dir="1" index="1" bw="24" slack="3"/>
</pin_list>
<bind>
<opset="sext_ln83_3_cast "/>
</bind>
</comp>

<comp id="782" class="1005" name="sext_ln83_2_cast_reg_782">
<pin_list>
<pin id="783" dir="0" index="0" bw="24" slack="2"/>
<pin id="784" dir="1" index="1" bw="24" slack="2"/>
</pin_list>
<bind>
<opset="sext_ln83_2_cast "/>
</bind>
</comp>

<comp id="787" class="1005" name="sext_ln83_1_cast_reg_787">
<pin_list>
<pin id="788" dir="0" index="0" bw="24" slack="4"/>
<pin id="789" dir="1" index="1" bw="24" slack="4"/>
</pin_list>
<bind>
<opset="sext_ln83_1_cast "/>
</bind>
</comp>

<comp id="792" class="1005" name="sext_ln83_cast_reg_792">
<pin_list>
<pin id="793" dir="0" index="0" bw="24" slack="3"/>
<pin id="794" dir="1" index="1" bw="24" slack="3"/>
</pin_list>
<bind>
<opset="sext_ln83_cast "/>
</bind>
</comp>

<comp id="797" class="1005" name="sext_ln58_cast_reg_797">
<pin_list>
<pin id="798" dir="0" index="0" bw="19" slack="6"/>
<pin id="799" dir="1" index="1" bw="19" slack="6"/>
</pin_list>
<bind>
<opset="sext_ln58_cast "/>
</bind>
</comp>

<comp id="802" class="1005" name="sext_ln83_10_cast_reg_802">
<pin_list>
<pin id="803" dir="0" index="0" bw="19" slack="6"/>
<pin id="804" dir="1" index="1" bw="19" slack="6"/>
</pin_list>
<bind>
<opset="sext_ln83_10_cast "/>
</bind>
</comp>

<comp id="807" class="1005" name="sext_ln83_9_cast_reg_807">
<pin_list>
<pin id="808" dir="0" index="0" bw="19" slack="6"/>
<pin id="809" dir="1" index="1" bw="19" slack="6"/>
</pin_list>
<bind>
<opset="sext_ln83_9_cast "/>
</bind>
</comp>

<comp id="812" class="1005" name="icmp_ln58_reg_812">
<pin_list>
<pin id="813" dir="0" index="0" bw="1" slack="4"/>
<pin id="814" dir="1" index="1" bw="1" slack="2147483647"/>
</pin_list>
<bind>
<opset="icmp_ln58 "/>
</bind>
</comp>

<comp id="816" class="1005" name="icmp_ln103_reg_816">
<pin_list>
<pin id="817" dir="0" index="0" bw="1" slack="5"/>
<pin id="818" dir="1" index="1" bw="1" slack="5"/>
</pin_list>
<bind>
<opset="icmp_ln103 "/>
</bind>
</comp>

<comp id="821" class="1005" name="icmp_ln104_reg_821">
<pin_list>
<pin id="822" dir="0" index="0" bw="1" slack="5"/>
<pin id="823" dir="1" index="1" bw="1" slack="5"/>
</pin_list>
<bind>
<opset="icmp_ln104 "/>
</bind>
</comp>

<comp id="826" class="1005" name="trunc_ln65_reg_826">
<pin_list>
<pin id="827" dir="0" index="0" bw="8" slack="1"/>
<pin id="828" dir="1" index="1" bw="8" slack="1"/>
</pin_list>
<bind>
<opset="trunc_ln65 "/>
</bind>
</comp>

<comp id="831" class="1005" name="lshr_ln_reg_831">
<pin_list>
<pin id="832" dir="0" index="0" bw="8" slack="2"/>
<pin id="833" dir="1" index="1" bw="8" slack="2"/>
</pin_list>
<bind>
<opset="lshr_ln "/>
</bind>
</comp>

<comp id="836" class="1005" name="zext_ln65_1_reg_836">
<pin_list>
<pin id="837" dir="0" index="0" bw="24" slack="1"/>
<pin id="838" dir="1" index="1" bw="24" slack="1"/>
</pin_list>
<bind>
<opset="zext_ln65_1 "/>
</bind>
</comp>

<comp id="843" class="1005" name="zext_ln65_reg_843">
<pin_list>
<pin id="844" dir="0" index="0" bw="24" slack="1"/>
<pin id="845" dir="1" index="1" bw="24" slack="1"/>
</pin_list>
<bind>
<opset="zext_ln65 "/>
</bind>
</comp>

<comp id="850" class="1005" name="sext_ln83_11_reg_850">
<pin_list>
<pin id="851" dir="0" index="0" bw="25" slack="1"/>
<pin id="852" dir="1" index="1" bw="25" slack="1"/>
</pin_list>
<bind>
<opset="sext_ln83_11 "/>
</bind>
</comp>

<comp id="855" class="1005" name="sext_ln83_14_reg_855">
<pin_list>
<pin id="856" dir="0" index="0" bw="25" slack="1"/>
<pin id="857" dir="1" index="1" bw="25" slack="1"/>
</pin_list>
<bind>
<opset="sext_ln83_14 "/>
</bind>
</comp>

<comp id="860" class="1005" name="sext_ln83_17_reg_860">
<pin_list>
<pin id="861" dir="0" index="0" bw="25" slack="1"/>
<pin id="862" dir="1" index="1" bw="25" slack="1"/>
</pin_list>
<bind>
<opset="sext_ln83_17 "/>
</bind>
</comp>

<comp id="865" class="1005" name="sext_ln83_13_reg_865">
<pin_list>
<pin id="866" dir="0" index="0" bw="26" slack="1"/>
<pin id="867" dir="1" index="1" bw="26" slack="1"/>
</pin_list>
<bind>
<opset="sext_ln83_13 "/>
</bind>
</comp>

<comp id="870" class="1005" name="sext_ln83_16_reg_870">
<pin_list>
<pin id="871" dir="0" index="0" bw="26" slack="1"/>
<pin id="872" dir="1" index="1" bw="26" slack="1"/>
</pin_list>
<bind>
<opset="sext_ln83_16 "/>
</bind>
</comp>

<comp id="875" class="1005" name="sext_ln83_19_reg_875">
<pin_list>
<pin id="876" dir="0" index="0" bw="26" slack="1"/>
<pin id="877" dir="1" index="1" bw="26" slack="1"/>
</pin_list>
<bind>
<opset="sext_ln83_19 "/>
</bind>
</comp>

</comp_list>

<net_list>
<net id="99"><net_src comp="32" pin="0"/><net_sink comp="96" pin=0"/></net>

<net id="103"><net_src comp="32" pin="0"/><net_sink comp="100" pin=0"/></net>

<net id="107"><net_src comp="32" pin="0"/><net_sink comp="104" pin=0"/></net>

<net id="112"><net_src comp="34" pin="0"/><net_sink comp="108" pin=0"/></net>

<net id="113"><net_src comp="28" pin="0"/><net_sink comp="108" pin=1"/></net>

<net id="118"><net_src comp="36" pin="0"/><net_sink comp="114" pin=0"/></net>

<net id="119"><net_src comp="26" pin="0"/><net_sink comp="114" pin=1"/></net>

<net id="124"><net_src comp="36" pin="0"/><net_sink comp="120" pin=0"/></net>

<net id="125"><net_src comp="24" pin="0"/><net_sink comp="120" pin=1"/></net>

<net id="130"><net_src comp="36" pin="0"/><net_sink comp="126" pin=0"/></net>

<net id="131"><net_src comp="22" pin="0"/><net_sink comp="126" pin=1"/></net>

<net id="136"><net_src comp="36" pin="0"/><net_sink comp="132" pin=0"/></net>

<net id="137"><net_src comp="20" pin="0"/><net_sink comp="132" pin=1"/></net>

<net id="142"><net_src comp="36" pin="0"/><net_sink comp="138" pin=0"/></net>

<net id="143"><net_src comp="18" pin="0"/><net_sink comp="138" pin=1"/></net>

<net id="148"><net_src comp="36" pin="0"/><net_sink comp="144" pin=0"/></net>

<net id="149"><net_src comp="16" pin="0"/><net_sink comp="144" pin=1"/></net>

<net id="154"><net_src comp="36" pin="0"/><net_sink comp="150" pin=0"/></net>

<net id="155"><net_src comp="14" pin="0"/><net_sink comp="150" pin=1"/></net>

<net id="160"><net_src comp="36" pin="0"/><net_sink comp="156" pin=0"/></net>

<net id="161"><net_src comp="12" pin="0"/><net_sink comp="156" pin=1"/></net>

<net id="166"><net_src comp="36" pin="0"/><net_sink comp="162" pin=0"/></net>

<net id="167"><net_src comp="10" pin="0"/><net_sink comp="162" pin=1"/></net>

<net id="172"><net_src comp="36" pin="0"/><net_sink comp="168" pin=0"/></net>

<net id="173"><net_src comp="8" pin="0"/><net_sink comp="168" pin=1"/></net>

<net id="178"><net_src comp="36" pin="0"/><net_sink comp="174" pin=0"/></net>

<net id="179"><net_src comp="6" pin="0"/><net_sink comp="174" pin=1"/></net>

<net id="184"><net_src comp="36" pin="0"/><net_sink comp="180" pin=0"/></net>

<net id="185"><net_src comp="4" pin="0"/><net_sink comp="180" pin=1"/></net>

<net id="190"><net_src comp="34" pin="0"/><net_sink comp="186" pin=0"/></net>

<net id="191"><net_src comp="0" pin="0"/><net_sink comp="186" pin=1"/></net>

<net id="196"><net_src comp="54" pin="0"/><net_sink comp="192" pin=0"/></net>

<net id="197"><net_src comp="2" pin="0"/><net_sink comp="192" pin=1"/></net>

<net id="203"><net_src comp="94" pin="0"/><net_sink comp="198" pin=0"/></net>

<net id="204"><net_src comp="30" pin="0"/><net_sink comp="198" pin=1"/></net>

<net id="208"><net_src comp="120" pin="2"/><net_sink comp="205" pin=0"/></net>

<net id="212"><net_src comp="126" pin="2"/><net_sink comp="209" pin=0"/></net>

<net id="216"><net_src comp="132" pin="2"/><net_sink comp="213" pin=0"/></net>

<net id="220"><net_src comp="144" pin="2"/><net_sink comp="217" pin=0"/></net>

<net id="224"><net_src comp="150" pin="2"/><net_sink comp="221" pin=0"/></net>

<net id="228"><net_src comp="156" pin="2"/><net_sink comp="225" pin=0"/></net>

<net id="232"><net_src comp="168" pin="2"/><net_sink comp="229" pin=0"/></net>

<net id="236"><net_src comp="174" pin="2"/><net_sink comp="233" pin=0"/></net>

<net id="240"><net_src comp="180" pin="2"/><net_sink comp="237" pin=0"/></net>

<net id="244"><net_src comp="114" pin="2"/><net_sink comp="241" pin=0"/></net>

<net id="248"><net_src comp="138" pin="2"/><net_sink comp="245" pin=0"/></net>

<net id="252"><net_src comp="162" pin="2"/><net_sink comp="249" pin=0"/></net>

<net id="257"><net_src comp="50" pin="0"/><net_sink comp="253" pin=0"/></net>

<net id="262"><net_src comp="42" pin="0"/><net_sink comp="258" pin=0"/></net>

<net id="267"><net_src comp="42" pin="0"/><net_sink comp="263" pin=0"/></net>

<net id="274"><net_src comp="268" pin="1"/><net_sink comp="271" pin=0"/></net>

<net id="279"><net_src comp="271" pin="1"/><net_sink comp="275" pin=0"/></net>

<net id="284"><net_src comp="268" pin="1"/><net_sink comp="280" pin=0"/></net>

<net id="285"><net_src comp="52" pin="0"/><net_sink comp="280" pin=1"/></net>

<net id="296"><net_src comp="286" pin="1"/><net_sink comp="292" pin=0"/></net>

<net id="297"><net_src comp="289" pin="1"/><net_sink comp="292" pin=1"/></net>

<net id="302"><net_src comp="292" pin="2"/><net_sink comp="298" pin=0"/></net>

<net id="303"><net_src comp="42" pin="0"/><net_sink comp="298" pin=1"/></net>

<net id="308"><net_src comp="286" pin="1"/><net_sink comp="304" pin=0"/></net>

<net id="313"><net_src comp="289" pin="1"/><net_sink comp="309" pin=0"/></net>

<net id="314"><net_src comp="32" pin="0"/><net_sink comp="309" pin=1"/></net>

<net id="319"><net_src comp="286" pin="1"/><net_sink comp="315" pin=0"/></net>

<net id="320"><net_src comp="32" pin="0"/><net_sink comp="315" pin=1"/></net>

<net id="326"><net_src comp="304" pin="2"/><net_sink comp="321" pin=0"/></net>

<net id="327"><net_src comp="42" pin="0"/><net_sink comp="321" pin=1"/></net>

<net id="328"><net_src comp="315" pin="2"/><net_sink comp="321" pin=2"/></net>

<net id="334"><net_src comp="304" pin="2"/><net_sink comp="329" pin=0"/></net>

<net id="335"><net_src comp="309" pin="2"/><net_sink comp="329" pin=1"/></net>

<net id="336"><net_src comp="289" pin="1"/><net_sink comp="329" pin=2"/></net>

<net id="341"><net_src comp="280" pin="2"/><net_sink comp="337" pin=0"/></net>

<net id="346"><net_src comp="329" pin="3"/><net_sink comp="342" pin=0"/></net>

<net id="351"><net_src comp="321" pin="3"/><net_sink comp="347" pin=0"/></net>

<net id="355"><net_src comp="192" pin="2"/><net_sink comp="352" pin=0"/></net>

<net id="362"><net_src comp="56" pin="0"/><net_sink comp="356" pin=0"/></net>

<net id="363"><net_src comp="192" pin="2"/><net_sink comp="356" pin=1"/></net>

<net id="364"><net_src comp="58" pin="0"/><net_sink comp="356" pin=2"/></net>

<net id="365"><net_src comp="60" pin="0"/><net_sink comp="356" pin=3"/></net>

<net id="372"><net_src comp="56" pin="0"/><net_sink comp="366" pin=0"/></net>

<net id="373"><net_src comp="192" pin="2"/><net_sink comp="366" pin=1"/></net>

<net id="374"><net_src comp="62" pin="0"/><net_sink comp="366" pin=2"/></net>

<net id="375"><net_src comp="64" pin="0"/><net_sink comp="366" pin=3"/></net>

<net id="379"><net_src comp="366" pin="4"/><net_sink comp="376" pin=0"/></net>

<net id="390"><net_src comp="383" pin="1"/><net_sink comp="386" pin=1"/></net>

<net id="394"><net_src comp="386" pin="2"/><net_sink comp="391" pin=0"/></net>

<net id="399"><net_src comp="383" pin="1"/><net_sink comp="395" pin=1"/></net>

<net id="403"><net_src comp="395" pin="2"/><net_sink comp="400" pin=0"/></net>

<net id="408"><net_src comp="383" pin="1"/><net_sink comp="404" pin=1"/></net>

<net id="412"><net_src comp="404" pin="2"/><net_sink comp="409" pin=0"/></net>

<net id="428"><net_src comp="72" pin="0"/><net_sink comp="422" pin=0"/></net>

<net id="429"><net_src comp="58" pin="0"/><net_sink comp="422" pin=2"/></net>

<net id="430"><net_src comp="74" pin="0"/><net_sink comp="422" pin=3"/></net>

<net id="434"><net_src comp="422" pin="4"/><net_sink comp="431" pin=0"/></net>

<net id="439"><net_src comp="431" pin="1"/><net_sink comp="435" pin=0"/></net>

<net id="443"><net_src comp="435" pin="2"/><net_sink comp="440" pin=0"/></net>

<net id="449"><net_src comp="76" pin="0"/><net_sink comp="444" pin=0"/></net>

<net id="450"><net_src comp="440" pin="1"/><net_sink comp="444" pin=1"/></net>

<net id="451"><net_src comp="78" pin="0"/><net_sink comp="444" pin=2"/></net>

<net id="458"><net_src comp="80" pin="0"/><net_sink comp="452" pin=0"/></net>

<net id="459"><net_src comp="435" pin="2"/><net_sink comp="452" pin=1"/></net>

<net id="460"><net_src comp="58" pin="0"/><net_sink comp="452" pin=2"/></net>

<net id="461"><net_src comp="82" pin="0"/><net_sink comp="452" pin=3"/></net>

<net id="466"><net_src comp="452" pin="4"/><net_sink comp="462" pin=0"/></net>

<net id="467"><net_src comp="84" pin="0"/><net_sink comp="462" pin=1"/></net>

<net id="471"><net_src comp="435" pin="2"/><net_sink comp="468" pin=0"/></net>

<net id="476"><net_src comp="444" pin="3"/><net_sink comp="472" pin=0"/></net>

<net id="477"><net_src comp="86" pin="0"/><net_sink comp="472" pin=1"/></net>

<net id="483"><net_src comp="472" pin="2"/><net_sink comp="478" pin=0"/></net>

<net id="484"><net_src comp="88" pin="0"/><net_sink comp="478" pin=1"/></net>

<net id="485"><net_src comp="90" pin="0"/><net_sink comp="478" pin=2"/></net>

<net id="490"><net_src comp="444" pin="3"/><net_sink comp="486" pin=0"/></net>

<net id="491"><net_src comp="462" pin="2"/><net_sink comp="486" pin=1"/></net>

<net id="497"><net_src comp="486" pin="2"/><net_sink comp="492" pin=0"/></net>

<net id="498"><net_src comp="478" pin="3"/><net_sink comp="492" pin=1"/></net>

<net id="499"><net_src comp="468" pin="1"/><net_sink comp="492" pin=2"/></net>

<net id="506"><net_src comp="72" pin="0"/><net_sink comp="500" pin=0"/></net>

<net id="507"><net_src comp="58" pin="0"/><net_sink comp="500" pin=2"/></net>

<net id="508"><net_src comp="74" pin="0"/><net_sink comp="500" pin=3"/></net>

<net id="512"><net_src comp="500" pin="4"/><net_sink comp="509" pin=0"/></net>

<net id="517"><net_src comp="509" pin="1"/><net_sink comp="513" pin=0"/></net>

<net id="521"><net_src comp="513" pin="2"/><net_sink comp="518" pin=0"/></net>

<net id="527"><net_src comp="76" pin="0"/><net_sink comp="522" pin=0"/></net>

<net id="528"><net_src comp="518" pin="1"/><net_sink comp="522" pin=1"/></net>

<net id="529"><net_src comp="78" pin="0"/><net_sink comp="522" pin=2"/></net>

<net id="536"><net_src comp="80" pin="0"/><net_sink comp="530" pin=0"/></net>

<net id="537"><net_src comp="513" pin="2"/><net_sink comp="530" pin=1"/></net>

<net id="538"><net_src comp="58" pin="0"/><net_sink comp="530" pin=2"/></net>

<net id="539"><net_src comp="82" pin="0"/><net_sink comp="530" pin=3"/></net>

<net id="544"><net_src comp="530" pin="4"/><net_sink comp="540" pin=0"/></net>

<net id="545"><net_src comp="84" pin="0"/><net_sink comp="540" pin=1"/></net>

<net id="550"><net_src comp="522" pin="3"/><net_sink comp="546" pin=0"/></net>

<net id="551"><net_src comp="86" pin="0"/><net_sink comp="546" pin=1"/></net>

<net id="556"><net_src comp="522" pin="3"/><net_sink comp="552" pin=0"/></net>

<net id="557"><net_src comp="540" pin="2"/><net_sink comp="552" pin=1"/></net>

<net id="564"><net_src comp="72" pin="0"/><net_sink comp="558" pin=0"/></net>

<net id="565"><net_src comp="58" pin="0"/><net_sink comp="558" pin=2"/></net>

<net id="566"><net_src comp="74" pin="0"/><net_sink comp="558" pin=3"/></net>

<net id="570"><net_src comp="558" pin="4"/><net_sink comp="567" pin=0"/></net>

<net id="575"><net_src comp="567" pin="1"/><net_sink comp="571" pin=0"/></net>

<net id="579"><net_src comp="571" pin="2"/><net_sink comp="576" pin=0"/></net>

<net id="585"><net_src comp="76" pin="0"/><net_sink comp="580" pin=0"/></net>

<net id="586"><net_src comp="576" pin="1"/><net_sink comp="580" pin=1"/></net>

<net id="587"><net_src comp="78" pin="0"/><net_sink comp="580" pin=2"/></net>

<net id="594"><net_src comp="80" pin="0"/><net_sink comp="588" pin=0"/></net>

<net id="595"><net_src comp="571" pin="2"/><net_sink comp="588" pin=1"/></net>

<net id="596"><net_src comp="58" pin="0"/><net_sink comp="588" pin=2"/></net>

<net id="597"><net_src comp="82" pin="0"/><net_sink comp="588" pin=3"/></net>

<net id="602"><net_src comp="588" pin="4"/><net_sink comp="598" pin=0"/></net>

<net id="603"><net_src comp="84" pin="0"/><net_sink comp="598" pin=1"/></net>

<net id="607"><net_src comp="571" pin="2"/><net_sink comp="604" pin=0"/></net>

<net id="612"><net_src comp="580" pin="3"/><net_sink comp="608" pin=0"/></net>

<net id="613"><net_src comp="86" pin="0"/><net_sink comp="608" pin=1"/></net>

<net id="619"><net_src comp="608" pin="2"/><net_sink comp="614" pin=0"/></net>

<net id="620"><net_src comp="88" pin="0"/><net_sink comp="614" pin=1"/></net>

<net id="621"><net_src comp="90" pin="0"/><net_sink comp="614" pin=2"/></net>

<net id="626"><net_src comp="580" pin="3"/><net_sink comp="622" pin=0"/></net>

<net id="627"><net_src comp="598" pin="2"/><net_sink comp="622" pin=1"/></net>

<net id="633"><net_src comp="622" pin="2"/><net_sink comp="628" pin=0"/></net>

<net id="634"><net_src comp="614" pin="3"/><net_sink comp="628" pin=1"/></net>

<net id="635"><net_src comp="604" pin="1"/><net_sink comp="628" pin=2"/></net>

<net id="641"><net_src comp="546" pin="2"/><net_sink comp="636" pin=0"/></net>

<net id="642"><net_src comp="88" pin="0"/><net_sink comp="636" pin=1"/></net>

<net id="643"><net_src comp="90" pin="0"/><net_sink comp="636" pin=2"/></net>

<net id="647"><net_src comp="513" pin="2"/><net_sink comp="644" pin=0"/></net>

<net id="653"><net_src comp="552" pin="2"/><net_sink comp="648" pin=0"/></net>

<net id="654"><net_src comp="636" pin="3"/><net_sink comp="648" pin=1"/></net>

<net id="655"><net_src comp="644" pin="1"/><net_sink comp="648" pin=2"/></net>

<net id="664"><net_src comp="92" pin="0"/><net_sink comp="656" pin=0"/></net>

<net id="665"><net_src comp="628" pin="3"/><net_sink comp="656" pin=3"/></net>

<net id="666"><net_src comp="648" pin="3"/><net_sink comp="656" pin=4"/></net>

<net id="667"><net_src comp="492" pin="3"/><net_sink comp="656" pin=5"/></net>

<net id="671"><net_src comp="656" pin="6"/><net_sink comp="668" pin=0"/></net>

<net id="672"><net_src comp="668" pin="1"/><net_sink comp="198" pin=2"/></net>

<net id="678"><net_src comp="376" pin="1"/><net_sink comp="673" pin=1"/></net>

<net id="679"><net_src comp="391" pin="1"/><net_sink comp="673" pin=2"/></net>

<net id="680"><net_src comp="673" pin="3"/><net_sink comp="413" pin=0"/></net>

<net id="686"><net_src comp="376" pin="1"/><net_sink comp="681" pin=1"/></net>

<net id="687"><net_src comp="400" pin="1"/><net_sink comp="681" pin=2"/></net>

<net id="688"><net_src comp="681" pin="3"/><net_sink comp="416" pin=0"/></net>

<net id="694"><net_src comp="376" pin="1"/><net_sink comp="689" pin=1"/></net>

<net id="695"><net_src comp="409" pin="1"/><net_sink comp="689" pin=2"/></net>

<net id="696"><net_src comp="689" pin="3"/><net_sink comp="419" pin=0"/></net>

<net id="702"><net_src comp="380" pin="1"/><net_sink comp="697" pin=1"/></net>

<net id="703"><net_src comp="413" pin="1"/><net_sink comp="697" pin=2"/></net>

<net id="704"><net_src comp="697" pin="3"/><net_sink comp="422" pin=1"/></net>

<net id="710"><net_src comp="380" pin="1"/><net_sink comp="705" pin=1"/></net>

<net id="711"><net_src comp="416" pin="1"/><net_sink comp="705" pin=2"/></net>

<net id="712"><net_src comp="705" pin="3"/><net_sink comp="500" pin=1"/></net>

<net id="718"><net_src comp="380" pin="1"/><net_sink comp="713" pin=1"/></net>

<net id="719"><net_src comp="419" pin="1"/><net_sink comp="713" pin=2"/></net>

<net id="720"><net_src comp="713" pin="3"/><net_sink comp="558" pin=1"/></net>

<net id="724"><net_src comp="96" pin="1"/><net_sink comp="721" pin=0"/></net>

<net id="725"><net_src comp="721" pin="1"/><net_sink comp="263" pin=1"/></net>

<net id="726"><net_src comp="721" pin="1"/><net_sink comp="286" pin=0"/></net>

<net id="727"><net_src comp="721" pin="1"/><net_sink comp="347" pin=1"/></net>

<net id="731"><net_src comp="100" pin="1"/><net_sink comp="728" pin=0"/></net>

<net id="732"><net_src comp="728" pin="1"/><net_sink comp="258" pin=1"/></net>

<net id="733"><net_src comp="728" pin="1"/><net_sink comp="289" pin=0"/></net>

<net id="734"><net_src comp="728" pin="1"/><net_sink comp="342" pin=1"/></net>

<net id="738"><net_src comp="104" pin="1"/><net_sink comp="735" pin=0"/></net>

<net id="739"><net_src comp="735" pin="1"/><net_sink comp="253" pin=1"/></net>

<net id="740"><net_src comp="735" pin="1"/><net_sink comp="268" pin=0"/></net>

<net id="741"><net_src comp="735" pin="1"/><net_sink comp="337" pin=1"/></net>

<net id="745"><net_src comp="108" pin="2"/><net_sink comp="742" pin=0"/></net>

<net id="746"><net_src comp="742" pin="1"/><net_sink comp="304" pin=1"/></net>

<net id="750"><net_src comp="186" pin="2"/><net_sink comp="747" pin=0"/></net>

<net id="751"><net_src comp="747" pin="1"/><net_sink comp="275" pin=1"/></net>

<net id="755"><net_src comp="205" pin="1"/><net_sink comp="752" pin=0"/></net>

<net id="756"><net_src comp="752" pin="1"/><net_sink comp="689" pin=0"/></net>

<net id="760"><net_src comp="209" pin="1"/><net_sink comp="757" pin=0"/></net>

<net id="761"><net_src comp="757" pin="1"/><net_sink comp="404" pin=0"/></net>

<net id="765"><net_src comp="213" pin="1"/><net_sink comp="762" pin=0"/></net>

<net id="766"><net_src comp="762" pin="1"/><net_sink comp="713" pin=0"/></net>

<net id="770"><net_src comp="217" pin="1"/><net_sink comp="767" pin=0"/></net>

<net id="771"><net_src comp="767" pin="1"/><net_sink comp="681" pin=0"/></net>

<net id="775"><net_src comp="221" pin="1"/><net_sink comp="772" pin=0"/></net>

<net id="776"><net_src comp="772" pin="1"/><net_sink comp="395" pin=0"/></net>

<net id="780"><net_src comp="225" pin="1"/><net_sink comp="777" pin=0"/></net>

<net id="781"><net_src comp="777" pin="1"/><net_sink comp="705" pin=0"/></net>

<net id="785"><net_src comp="229" pin="1"/><net_sink comp="782" pin=0"/></net>

<net id="786"><net_src comp="782" pin="1"/><net_sink comp="673" pin=0"/></net>

<net id="790"><net_src comp="233" pin="1"/><net_sink comp="787" pin=0"/></net>

<net id="791"><net_src comp="787" pin="1"/><net_sink comp="386" pin=0"/></net>

<net id="795"><net_src comp="237" pin="1"/><net_sink comp="792" pin=0"/></net>

<net id="796"><net_src comp="792" pin="1"/><net_sink comp="697" pin=0"/></net>

<net id="800"><net_src comp="241" pin="1"/><net_sink comp="797" pin=0"/></net>

<net id="801"><net_src comp="797" pin="1"/><net_sink comp="571" pin=1"/></net>

<net id="805"><net_src comp="245" pin="1"/><net_sink comp="802" pin=0"/></net>

<net id="806"><net_src comp="802" pin="1"/><net_sink comp="513" pin=1"/></net>

<net id="810"><net_src comp="249" pin="1"/><net_sink comp="807" pin=0"/></net>

<net id="811"><net_src comp="807" pin="1"/><net_sink comp="435" pin=1"/></net>

<net id="815"><net_src comp="275" pin="2"/><net_sink comp="812" pin=0"/></net>

<net id="819"><net_src comp="298" pin="2"/><net_sink comp="816" pin=0"/></net>

<net id="820"><net_src comp="816" pin="1"/><net_sink comp="656" pin=2"/></net>

<net id="824"><net_src comp="304" pin="2"/><net_sink comp="821" pin=0"/></net>

<net id="825"><net_src comp="821" pin="1"/><net_sink comp="656" pin=1"/></net>

<net id="829"><net_src comp="352" pin="1"/><net_sink comp="826" pin=0"/></net>

<net id="830"><net_src comp="826" pin="1"/><net_sink comp="380" pin=0"/></net>

<net id="834"><net_src comp="356" pin="4"/><net_sink comp="831" pin=0"/></net>

<net id="835"><net_src comp="831" pin="1"/><net_sink comp="383" pin=0"/></net>

<net id="839"><net_src comp="376" pin="1"/><net_sink comp="836" pin=0"/></net>

<net id="840"><net_src comp="836" pin="1"/><net_sink comp="673" pin=1"/></net>

<net id="841"><net_src comp="836" pin="1"/><net_sink comp="681" pin=1"/></net>

<net id="842"><net_src comp="836" pin="1"/><net_sink comp="689" pin=1"/></net>

<net id="846"><net_src comp="380" pin="1"/><net_sink comp="843" pin=0"/></net>

<net id="847"><net_src comp="843" pin="1"/><net_sink comp="697" pin=1"/></net>

<net id="848"><net_src comp="843" pin="1"/><net_sink comp="705" pin=1"/></net>

<net id="849"><net_src comp="843" pin="1"/><net_sink comp="713" pin=1"/></net>

<net id="853"><net_src comp="391" pin="1"/><net_sink comp="850" pin=0"/></net>

<net id="854"><net_src comp="850" pin="1"/><net_sink comp="673" pin=0"/></net>

<net id="858"><net_src comp="400" pin="1"/><net_sink comp="855" pin=0"/></net>

<net id="859"><net_src comp="855" pin="1"/><net_sink comp="681" pin=0"/></net>

<net id="863"><net_src comp="409" pin="1"/><net_sink comp="860" pin=0"/></net>

<net id="864"><net_src comp="860" pin="1"/><net_sink comp="689" pin=0"/></net>

<net id="868"><net_src comp="413" pin="1"/><net_sink comp="865" pin=0"/></net>

<net id="869"><net_src comp="865" pin="1"/><net_sink comp="697" pin=0"/></net>

<net id="873"><net_src comp="416" pin="1"/><net_sink comp="870" pin=0"/></net>

<net id="874"><net_src comp="870" pin="1"/><net_sink comp="705" pin=0"/></net>

<net id="878"><net_src comp="419" pin="1"/><net_sink comp="875" pin=0"/></net>

<net id="879"><net_src comp="875" pin="1"/><net_sink comp="713" pin=0"/></net>

</net_list>

</model> 
---------------- Datapath Model END ------------------

* FSMD analyzer results:
  - Output states:
	Port: s_axis_video | {}
	Port: m_axis_video | {7 }
 - Input state : 
	Port: hls_color_space_convert_template<3, 8, 3, 8>_Pipeline_VITIS_LOOP_58_1 : total_pixels | {1 }
	Port: hls_color_space_convert_template<3, 8, 3, 8>_Pipeline_VITIS_LOOP_58_1 : s_axis_video | {3 }
	Port: hls_color_space_convert_template<3, 8, 3, 8>_Pipeline_VITIS_LOOP_58_1 : sext_ln83 | {1 }
	Port: hls_color_space_convert_template<3, 8, 3, 8>_Pipeline_VITIS_LOOP_58_1 : sext_ln83_1 | {1 }
	Port: hls_color_space_convert_template<3, 8, 3, 8>_Pipeline_VITIS_LOOP_58_1 : sext_ln83_2 | {1 }
	Port: hls_color_space_convert_template<3, 8, 3, 8>_Pipeline_VITIS_LOOP_58_1 : sext_ln83_9 | {1 }
	Port: hls_color_space_convert_template<3, 8, 3, 8>_Pipeline_VITIS_LOOP_58_1 : sext_ln83_3 | {1 }
	Port: hls_color_space_convert_template<3, 8, 3, 8>_Pipeline_VITIS_LOOP_58_1 : sext_ln83_4 | {1 }
	Port: hls_color_space_convert_template<3, 8, 3, 8>_Pipeline_VITIS_LOOP_58_1 : sext_ln83_5 | {1 }
	Port: hls_color_space_convert_template<3, 8, 3, 8>_Pipeline_VITIS_LOOP_58_1 : sext_ln83_10 | {1 }
	Port: hls_color_space_convert_template<3, 8, 3, 8>_Pipeline_VITIS_LOOP_58_1 : sext_ln83_6 | {1 }
	Port: hls_color_space_convert_template<3, 8, 3, 8>_Pipeline_VITIS_LOOP_58_1 : sext_ln83_7 | {1 }
	Port: hls_color_space_convert_template<3, 8, 3, 8>_Pipeline_VITIS_LOOP_58_1 : sext_ln83_8 | {1 }
	Port: hls_color_space_convert_template<3, 8, 3, 8>_Pipeline_VITIS_LOOP_58_1 : sext_ln58 | {1 }
	Port: hls_color_space_convert_template<3, 8, 3, 8>_Pipeline_VITIS_LOOP_58_1 : add_ln104 | {1 }
	Port: hls_color_space_convert_template<3, 8, 3, 8>_Pipeline_VITIS_LOOP_58_1 : m_axis_video | {}
  - Chain level:
	State 1
		store_ln0 : 1
		store_ln51 : 1
		store_ln50 : 1
	State 2
		zext_ln32 : 1
		icmp_ln58 : 2
		add_ln58 : 1
		br_ln58 : 3
		or_ln103 : 1
		icmp_ln103 : 1
		icmp_ln104 : 1
		y_1 : 1
		x_1 : 1
		x_2 : 2
		y_2 : 2
		store_ln58 : 2
		store_ln51 : 3
		store_ln50 : 3
	State 3
		zext_ln65_1 : 1
		mul_ln83_1 : 2
		mul_ln83_4 : 2
		mul_ln83_7 : 2
	State 4
		sum : 1
		sum_2 : 1
		sum_4 : 1
	State 5
		mul_ln83 : 1
		sext_ln83_11 : 2
		sext_ln83_12 : 1
		add_ln83 : 3
		mul_ln83_3 : 1
		sext_ln83_14 : 2
		sext_ln83_15 : 1
		add_ln83_2 : 3
		mul_ln83_6 : 1
		sext_ln83_17 : 2
		sext_ln83_18 : 1
		add_ln83_4 : 3
	State 6
		sext_ln78 : 1
		sext_ln83_13 : 1
		sum_1 : 2
		sext_ln78_1 : 1
		sext_ln83_16 : 1
		sum_3 : 2
		sext_ln78_2 : 1
		sext_ln83_19 : 1
		sum_5 : 2
	State 7
		trunc_ln : 1
		sext_ln88 : 2
		result : 3
		sext_ln88_1 : 4
		tmp : 5
		tmp_1 : 4
		icmp_ln93 : 5
		trunc_ln99 : 4
		xor_ln99 : 6
		select_ln99_3 : 6
		or_ln99 : 6
		select_ln99 : 7
		trunc_ln88_1 : 1
		sext_ln88_2 : 2
		result_1 : 3
		sext_ln88_3 : 4
		tmp_2 : 5
		tmp_3 : 4
		icmp_ln93_1 : 5
		xor_ln99_1 : 6
		or_ln99_1 : 6
		trunc_ln88_2 : 1
		sext_ln88_4 : 2
		result_2 : 3
		sext_ln88_5 : 4
		tmp_4 : 5
		tmp_5 : 4
		icmp_ln93_2 : 5
		trunc_ln99_1 : 4
		xor_ln99_2 : 6
		select_ln99_4 : 6
		or_ln99_2 : 6
		select_ln99_1 : 7
		select_ln99_5 : 6
		trunc_ln107 : 4
		select_ln99_2 : 7
		or_ln107_7 : 8
		zext_ln107 : 9
		write_ln107 : 10


============================================================
+ Verbose Summary: Datapath Resource usage 
============================================================

* Functional unit list:
|----------|-------------------------------|---------|---------|---------|
| Operation|        Functional Unit        |   DSP   |    FF   |   LUT   |
|----------|-------------------------------|---------|---------|---------|
|          |        add_ln58_fu_280        |    0    |    0    |    38   |
|          |           y_1_fu_309          |    0    |    0    |    39   |
|    add   |           x_1_fu_315          |    0    |    0    |    39   |
|          |         result_fu_435         |    0    |    0    |    25   |
|          |        result_1_fu_513        |    0    |    0    |    25   |
|          |        result_2_fu_571        |    0    |    0    |    25   |
|----------|-------------------------------|---------|---------|---------|
|          |        icmp_ln58_fu_275       |    0    |    0    |    39   |
|          |       icmp_ln103_fu_298       |    0    |    0    |    39   |
|   icmp   |       icmp_ln104_fu_304       |    0    |    0    |    39   |
|          |        icmp_ln93_fu_462       |    0    |    0    |    18   |
|          |       icmp_ln93_1_fu_540      |    0    |    0    |    18   |
|          |       icmp_ln93_2_fu_598      |    0    |    0    |    18   |
|----------|-------------------------------|---------|---------|---------|
|          |           x_2_fu_321          |    0    |    0    |    32   |
|          |           y_2_fu_329          |    0    |    0    |    32   |
|          |      select_ln99_3_fu_478     |    0    |    0    |    8    |
|  select  |       select_ln99_fu_492      |    0    |    0    |    8    |
|          |      select_ln99_4_fu_614     |    0    |    0    |    8    |
|          |      select_ln99_1_fu_628     |    0    |    0    |    8    |
|          |      select_ln99_5_fu_636     |    0    |    0    |    8    |
|          |      select_ln99_2_fu_648     |    0    |    0    |    8    |
|----------|-------------------------------|---------|---------|---------|
|          |        or_ln103_fu_292        |    0    |    0    |    32   |
|    or    |         or_ln99_fu_486        |    0    |    0    |    2    |
|          |        or_ln99_1_fu_552       |    0    |    0    |    2    |
|          |        or_ln99_2_fu_622       |    0    |    0    |    2    |
|----------|-------------------------------|---------|---------|---------|
|          |        mul_ln83_fu_386        |    1    |    0    |    5    |
|    mul   |       mul_ln83_3_fu_395       |    1    |    0    |    5    |
|          |       mul_ln83_6_fu_404       |    1    |    0    |    5    |
|----------|-------------------------------|---------|---------|---------|
|          |        xor_ln99_fu_472        |    0    |    0    |    2    |
|    xor   |       xor_ln99_1_fu_546       |    0    |    0    |    2    |
|          |       xor_ln99_2_fu_608       |    0    |    0    |    2    |
|----------|-------------------------------|---------|---------|---------|
|          |           grp_fu_673          |    1    |    0    |    0    |
|          |           grp_fu_681          |    1    |    0    |    0    |
|  muladd  |           grp_fu_689          |    1    |    0    |    0    |
|          |           grp_fu_697          |    1    |    0    |    0    |
|          |           grp_fu_705          |    1    |    0    |    0    |
|          |           grp_fu_713          |    1    |    0    |    0    |
|----------|-------------------------------|---------|---------|---------|
|          |   add_ln104_read_read_fu_108  |    0    |    0    |    0    |
|          |   sext_ln58_read_read_fu_114  |    0    |    0    |    0    |
|          |  sext_ln83_8_read_read_fu_120 |    0    |    0    |    0    |
|          |  sext_ln83_7_read_read_fu_126 |    0    |    0    |    0    |
|          |  sext_ln83_6_read_read_fu_132 |    0    |    0    |    0    |
|          | sext_ln83_10_read_read_fu_138 |    0    |    0    |    0    |
|          |  sext_ln83_5_read_read_fu_144 |    0    |    0    |    0    |
|   read   |  sext_ln83_4_read_read_fu_150 |    0    |    0    |    0    |
|          |  sext_ln83_3_read_read_fu_156 |    0    |    0    |    0    |
|          |  sext_ln83_9_read_read_fu_162 |    0    |    0    |    0    |
|          |  sext_ln83_2_read_read_fu_168 |    0    |    0    |    0    |
|          |  sext_ln83_1_read_read_fu_174 |    0    |    0    |    0    |
|          |   sext_ln83_read_read_fu_180  |    0    |    0    |    0    |
|          | total_pixels_read_read_fu_186 |    0    |    0    |    0    |
|          | s_axis_video_read_read_fu_192 |    0    |    0    |    0    |
|----------|-------------------------------|---------|---------|---------|
|   write  |    write_ln107_write_fu_198   |    0    |    0    |    0    |
|----------|-------------------------------|---------|---------|---------|
|          |    sext_ln83_8_cast_fu_205    |    0    |    0    |    0    |
|          |    sext_ln83_7_cast_fu_209    |    0    |    0    |    0    |
|          |    sext_ln83_6_cast_fu_213    |    0    |    0    |    0    |
|          |    sext_ln83_5_cast_fu_217    |    0    |    0    |    0    |
|          |    sext_ln83_4_cast_fu_221    |    0    |    0    |    0    |
|          |    sext_ln83_3_cast_fu_225    |    0    |    0    |    0    |
|          |    sext_ln83_2_cast_fu_229    |    0    |    0    |    0    |
|          |    sext_ln83_1_cast_fu_233    |    0    |    0    |    0    |
|          |     sext_ln83_cast_fu_237     |    0    |    0    |    0    |
|          |     sext_ln58_cast_fu_241     |    0    |    0    |    0    |
|          |    sext_ln83_10_cast_fu_245   |    0    |    0    |    0    |
|   sext   |    sext_ln83_9_cast_fu_249    |    0    |    0    |    0    |
|          |      sext_ln83_11_fu_391      |    0    |    0    |    0    |
|          |      sext_ln83_14_fu_400      |    0    |    0    |    0    |
|          |      sext_ln83_17_fu_409      |    0    |    0    |    0    |
|          |      sext_ln83_13_fu_413      |    0    |    0    |    0    |
|          |      sext_ln83_16_fu_416      |    0    |    0    |    0    |
|          |      sext_ln83_19_fu_419      |    0    |    0    |    0    |
|          |        sext_ln88_fu_431       |    0    |    0    |    0    |
|          |       sext_ln88_1_fu_440      |    0    |    0    |    0    |
|          |       sext_ln88_2_fu_509      |    0    |    0    |    0    |
|          |       sext_ln88_3_fu_518      |    0    |    0    |    0    |
|          |       sext_ln88_4_fu_567      |    0    |    0    |    0    |
|          |       sext_ln88_5_fu_576      |    0    |    0    |    0    |
|----------|-------------------------------|---------|---------|---------|
|          |        zext_ln32_fu_271       |    0    |    0    |    0    |
|          |       zext_ln65_1_fu_376      |    0    |    0    |    0    |
|   zext   |        zext_ln65_fu_380       |    0    |    0    |    0    |
|          |        zext_ln83_fu_383       |    0    |    0    |    0    |
|          |       zext_ln107_fu_668       |    0    |    0    |    0    |
|----------|-------------------------------|---------|---------|---------|
|          |       trunc_ln65_fu_352       |    0    |    0    |    0    |
|   trunc  |       trunc_ln99_fu_468       |    0    |    0    |    0    |
|          |      trunc_ln99_1_fu_604      |    0    |    0    |    0    |
|          |       trunc_ln107_fu_644      |    0    |    0    |    0    |
|----------|-------------------------------|---------|---------|---------|
|          |         lshr_ln_fu_356        |    0    |    0    |    0    |
|          |       lshr_ln65_1_fu_366      |    0    |    0    |    0    |
|          |        trunc_ln_fu_422        |    0    |    0    |    0    |
|partselect|          tmp_1_fu_452         |    0    |    0    |    0    |
|          |      trunc_ln88_1_fu_500      |    0    |    0    |    0    |
|          |          tmp_3_fu_530         |    0    |    0    |    0    |
|          |      trunc_ln88_2_fu_558      |    0    |    0    |    0    |
|          |          tmp_5_fu_588         |    0    |    0    |    0    |
|----------|-------------------------------|---------|---------|---------|
|          |           tmp_fu_444          |    0    |    0    |    0    |
| bitselect|          tmp_2_fu_522         |    0    |    0    |    0    |
|          |          tmp_4_fu_580         |    0    |    0    |    0    |
|----------|-------------------------------|---------|---------|---------|
|bitconcatenate|       or_ln107_7_fu_656       |    0    |    0    |    0    |
|----------|-------------------------------|---------|---------|---------|
|   Total  |                               |    9    |    0    |   533   |
|----------|-------------------------------|---------|---------|---------|

Memories:
N/A

* Register list:
+-------------------------+--------+
|                         |   FF   |
+-------------------------+--------+
|  add_ln104_read_reg_742 |   32   |
|        i_reg_735        |   31   |
|    icmp_ln103_reg_816   |    1   |
|    icmp_ln104_reg_821   |    1   |
|    icmp_ln58_reg_812    |    1   |
|     lshr_ln_reg_831     |    8   |
|  sext_ln58_cast_reg_797 |   19   |
|sext_ln83_10_cast_reg_802|   19   |
|   sext_ln83_11_reg_850  |   25   |
|   sext_ln83_13_reg_865  |   26   |
|   sext_ln83_14_reg_855  |   25   |
|   sext_ln83_16_reg_870  |   26   |
|   sext_ln83_17_reg_860  |   25   |
|   sext_ln83_19_reg_875  |   26   |
| sext_ln83_1_cast_reg_787|   24   |
| sext_ln83_2_cast_reg_782|   24   |
| sext_ln83_3_cast_reg_777|   24   |
| sext_ln83_4_cast_reg_772|   24   |
| sext_ln83_5_cast_reg_767|   24   |
| sext_ln83_6_cast_reg_762|   24   |
| sext_ln83_7_cast_reg_757|   24   |
| sext_ln83_8_cast_reg_752|   24   |
| sext_ln83_9_cast_reg_807|   19   |
|  sext_ln83_cast_reg_792 |   24   |
|total_pixels_read_reg_747|   32   |
|    trunc_ln65_reg_826   |    8   |
|        x_reg_721        |   32   |
|        y_reg_728        |   32   |
|   zext_ln65_1_reg_836   |   24   |
|    zext_ln65_reg_843    |   24   |
+-------------------------+--------+
|          Total          |   652  |
+-------------------------+--------+

* Multiplexer (MUX) list: 
|------------|------|------|------|--------||---------||---------||---------|
|    Comp    |  Pin | Size |  BW  | S x BW ||  Delay  ||    FF   ||   LUT   |
|------------|------|------|------|--------||---------||---------||---------|
| grp_fu_673 |  p0  |   2  |  16  |   32   ||    0    ||    9    |
| grp_fu_673 |  p1  |   2  |   8  |   16   ||    0    ||    9    |
| grp_fu_681 |  p0  |   2  |  16  |   32   ||    0    ||    9    |
| grp_fu_681 |  p1  |   2  |   8  |   16   ||    0    ||    9    |
| grp_fu_689 |  p0  |   2  |  16  |   32   ||    0    ||    9    |
| grp_fu_689 |  p1  |   2  |   8  |   16   ||    0    ||    9    |
| grp_fu_697 |  p0  |   2  |  16  |   32   ||    0    ||    9    |
| grp_fu_697 |  p1  |   2  |   8  |   16   ||    0    ||    9    |
| grp_fu_705 |  p0  |   2  |  16  |   32   ||    0    ||    9    |
| grp_fu_705 |  p1  |   2  |   8  |   16   ||    0    ||    9    |
| grp_fu_713 |  p0  |   2  |  16  |   32   ||    0    ||    9    |
| grp_fu_713 |  p1  |   2  |   8  |   16   ||    0    ||    9    |
|------------|------|------|------|--------||---------||---------||---------|
|    Total   |      |      |      |   288  ||  5.124  ||    0    ||   108   |
|------------|------|------|------|--------||---------||---------||---------|



* Summary:
+-----------+--------+--------+--------+--------+
|           |   DSP  |  Delay |   FF   |   LUT  |
+-----------+--------+--------+--------+--------+
|  Function |    9   |    -   |    0   |   533  |
|   Memory  |    -   |    -   |    -   |    -   |
|Multiplexer|    -   |    5   |    0   |   108  |
|  Register |    -   |    -   |   652  |    -   |
+-----------+--------+--------+--------+--------+
|   Total   |    9   |    5   |   652  |   641  |
+-----------+--------+--------+--------+--------+
