Copyright 1986-2022 Xilinx, Inc. All Rights Reserved. Copyright 2022-2024 Advanced Micro Devices, Inc. All Rights Reserved.
---------------------------------------------------------------------------------------------------------------------------------------------
| Tool Version : Vivado v.2024.2 (win64) Build 5239630 Fri Nov 08 22:35:27 MST 2024
| Date         : Mon Jan 13 17:08:11 2025
| Host         : NORMANDI running 64-bit major release  (build 9200)
| Command      : report_drc -file design_1_wrapper_drc_opted.rpt -pb design_1_wrapper_drc_opted.pb -rpx design_1_wrapper_drc_opted.rpx
| Design       : design_1_wrapper
| Device       : xczu7ev-ffvc1156-2-e
| Speed File   : -2
| Design State : Synthesized
---------------------------------------------------------------------------------------------------------------------------------------------

Report DRC

Table of Contents
-----------------
1. REPORT SUMMARY
2. REPORT DETAILS

1. REPORT SUMMARY
-----------------
            Netlist: netlist
          Floorplan: design_1
      Design limits: <entire design considered>
           Ruledeck: default
             Max checks: <unlimited>
             Checks found: 215
+-----------+----------+---------------------------------------------------------------------+--------+
| Rule      | Severity | Description                                                         | Checks |
+-----------+----------+---------------------------------------------------------------------+--------+
| DPIP-2    | Warning  | Input pipelining                                                    | 74     |
| DPOP-3    | Warning  | PREG Output pipelining                                              | 67     |
| DPOP-4    | Warning  | MREG Output pipelining                                              | 11     |
| REQP-1935 | Warning  | RAMB36E2_nochange_collision_advisory                                | 1      |
| AVAL-155  | Advisory | enum_AMULTSEL_BMULTSEL_enum_DREG_ADREG_0_connects_CED_CEAD_RSTD_GND | 49     |
| AVAL-156  | Advisory | enum_USE_MULT_NONE__enum_DREG_ADREG_0_connects_CED_CEAD_RSTD_GND    | 13     |
+-----------+----------+---------------------------------------------------------------------+--------+

2. REPORT DETAILS
-----------------
DPIP-2#1 Warning
Input pipelining  
DSP design_1_i/fractal/U0/add_ln17_100_fu_10401_p2 input design_1_i/fractal/U0/add_ln17_100_fu_10401_p2/C[47:0] is not pipelined. Pipelining DSP48 input will improve performance.
Related violations: <none>

DPIP-2#2 Warning
Input pipelining  
DSP design_1_i/fractal/U0/add_ln17_104_fu_10443_p2 input design_1_i/fractal/U0/add_ln17_104_fu_10443_p2/C[47:0] is not pipelined. Pipelining DSP48 input will improve performance.
Related violations: <none>

DPIP-2#3 Warning
Input pipelining  
DSP design_1_i/fractal/U0/add_ln17_10_fu_9466_p2 input design_1_i/fractal/U0/add_ln17_10_fu_9466_p2/C[47:0] is not pipelined. Pipelining DSP48 input will improve performance.
Related violations: <none>

DPIP-2#4 Warning
Input pipelining  
DSP design_1_i/fractal/U0/add_ln17_12_fu_9487_p2 input design_1_i/fractal/U0/add_ln17_12_fu_9487_p2/C[47:0] is not pipelined. Pipelining DSP48 input will improve performance.
Related violations: <none>

DPIP-2#5 Warning
Input pipelining  
DSP design_1_i/fractal/U0/add_ln17_16_fu_9529_p2 input design_1_i/fractal/U0/add_ln17_16_fu_9529_p2/C[47:0] is not pipelined. Pipelining DSP48 input will improve performance.
Related violations: <none>

DPIP-2#6 Warning
Input pipelining  
DSP design_1_i/fractal/U0/add_ln17_18_reg_18379_reg input design_1_i/fractal/U0/add_ln17_18_reg_18379_reg/C[47:0] is not pipelined. Pipelining DSP48 input will improve performance.
Related violations: <none>

DPIP-2#7 Warning
Input pipelining  
DSP design_1_i/fractal/U0/add_ln17_20_fu_9566_p2 input design_1_i/fractal/U0/add_ln17_20_fu_9566_p2/C[47:0] is not pipelined. Pipelining DSP48 input will improve performance.
Related violations: <none>

DPIP-2#8 Warning
Input pipelining  
DSP design_1_i/fractal/U0/add_ln17_22_fu_9587_p2 input design_1_i/fractal/U0/add_ln17_22_fu_9587_p2/C[47:0] is not pipelined. Pipelining DSP48 input will improve performance.
Related violations: <none>

DPIP-2#9 Warning
Input pipelining  
DSP design_1_i/fractal/U0/add_ln17_24_fu_9608_p2 input design_1_i/fractal/U0/add_ln17_24_fu_9608_p2/C[47:0] is not pipelined. Pipelining DSP48 input will improve performance.
Related violations: <none>

DPIP-2#10 Warning
Input pipelining  
DSP design_1_i/fractal/U0/add_ln17_26_fu_9629_p2 input design_1_i/fractal/U0/add_ln17_26_fu_9629_p2/C[47:0] is not pipelined. Pipelining DSP48 input will improve performance.
Related violations: <none>

DPIP-2#11 Warning
Input pipelining  
DSP design_1_i/fractal/U0/add_ln17_28_fu_9650_p2 input design_1_i/fractal/U0/add_ln17_28_fu_9650_p2/C[47:0] is not pipelined. Pipelining DSP48 input will improve performance.
Related violations: <none>

DPIP-2#12 Warning
Input pipelining  
DSP design_1_i/fractal/U0/add_ln17_32_fu_9692_p2 input design_1_i/fractal/U0/add_ln17_32_fu_9692_p2/C[47:0] is not pipelined. Pipelining DSP48 input will improve performance.
Related violations: <none>

DPIP-2#13 Warning
Input pipelining  
DSP design_1_i/fractal/U0/add_ln17_34_fu_9713_p2 input design_1_i/fractal/U0/add_ln17_34_fu_9713_p2/C[47:0] is not pipelined. Pipelining DSP48 input will improve performance.
Related violations: <none>

DPIP-2#14 Warning
Input pipelining  
DSP design_1_i/fractal/U0/add_ln17_36_fu_9734_p2 input design_1_i/fractal/U0/add_ln17_36_fu_9734_p2/C[47:0] is not pipelined. Pipelining DSP48 input will improve performance.
Related violations: <none>

DPIP-2#15 Warning
Input pipelining  
DSP design_1_i/fractal/U0/add_ln17_38_fu_9755_p2 input design_1_i/fractal/U0/add_ln17_38_fu_9755_p2/C[47:0] is not pipelined. Pipelining DSP48 input will improve performance.
Related violations: <none>

DPIP-2#16 Warning
Input pipelining  
DSP design_1_i/fractal/U0/add_ln17_40_reg_18384_reg input design_1_i/fractal/U0/add_ln17_40_reg_18384_reg/C[47:0] is not pipelined. Pipelining DSP48 input will improve performance.
Related violations: <none>

DPIP-2#17 Warning
Input pipelining  
DSP design_1_i/fractal/U0/add_ln17_42_fu_9792_p2 input design_1_i/fractal/U0/add_ln17_42_fu_9792_p2/C[47:0] is not pipelined. Pipelining DSP48 input will improve performance.
Related violations: <none>

DPIP-2#18 Warning
Input pipelining  
DSP design_1_i/fractal/U0/add_ln17_44_fu_9813_p2 input design_1_i/fractal/U0/add_ln17_44_fu_9813_p2/C[47:0] is not pipelined. Pipelining DSP48 input will improve performance.
Related violations: <none>

DPIP-2#19 Warning
Input pipelining  
DSP design_1_i/fractal/U0/add_ln17_48_fu_9855_p2 input design_1_i/fractal/U0/add_ln17_48_fu_9855_p2/C[47:0] is not pipelined. Pipelining DSP48 input will improve performance.
Related violations: <none>

DPIP-2#20 Warning
Input pipelining  
DSP design_1_i/fractal/U0/add_ln17_4_fu_9403_p2 input design_1_i/fractal/U0/add_ln17_4_fu_9403_p2/C[47:0] is not pipelined. Pipelining DSP48 input will improve performance.
Related violations: <none>

DPIP-2#21 Warning
Input pipelining  
DSP design_1_i/fractal/U0/add_ln17_50_fu_9876_p2 input design_1_i/fractal/U0/add_ln17_50_fu_9876_p2/C[47:0] is not pipelined. Pipelining DSP48 input will improve performance.
Related violations: <none>

DPIP-2#22 Warning
Input pipelining  
DSP design_1_i/fractal/U0/add_ln17_52_fu_9897_p2 input design_1_i/fractal/U0/add_ln17_52_fu_9897_p2/C[47:0] is not pipelined. Pipelining DSP48 input will improve performance.
Related violations: <none>

DPIP-2#23 Warning
Input pipelining  
DSP design_1_i/fractal/U0/add_ln17_56_fu_9939_p2 input design_1_i/fractal/U0/add_ln17_56_fu_9939_p2/C[47:0] is not pipelined. Pipelining DSP48 input will improve performance.
Related violations: <none>

DPIP-2#24 Warning
Input pipelining  
DSP design_1_i/fractal/U0/add_ln17_68_fu_10065_p2 input design_1_i/fractal/U0/add_ln17_68_fu_10065_p2/C[47:0] is not pipelined. Pipelining DSP48 input will improve performance.
Related violations: <none>

DPIP-2#25 Warning
Input pipelining  
DSP design_1_i/fractal/U0/add_ln17_72_fu_10107_p2 input design_1_i/fractal/U0/add_ln17_72_fu_10107_p2/C[47:0] is not pipelined. Pipelining DSP48 input will improve performance.
Related violations: <none>

DPIP-2#26 Warning
Input pipelining  
DSP design_1_i/fractal/U0/add_ln17_74_fu_10128_p2 input design_1_i/fractal/U0/add_ln17_74_fu_10128_p2/C[47:0] is not pipelined. Pipelining DSP48 input will improve performance.
Related violations: <none>

DPIP-2#27 Warning
Input pipelining  
DSP design_1_i/fractal/U0/add_ln17_76_fu_10149_p2 input design_1_i/fractal/U0/add_ln17_76_fu_10149_p2/C[47:0] is not pipelined. Pipelining DSP48 input will improve performance.
Related violations: <none>

DPIP-2#28 Warning
Input pipelining  
DSP design_1_i/fractal/U0/add_ln17_80_fu_10191_p2 input design_1_i/fractal/U0/add_ln17_80_fu_10191_p2/C[47:0] is not pipelined. Pipelining DSP48 input will improve performance.
Related violations: <none>

DPIP-2#29 Warning
Input pipelining  
DSP design_1_i/fractal/U0/add_ln17_82_fu_10212_p2 input design_1_i/fractal/U0/add_ln17_82_fu_10212_p2/C[47:0] is not pipelined. Pipelining DSP48 input will improve performance.
Related violations: <none>

DPIP-2#30 Warning
Input pipelining  
DSP design_1_i/fractal/U0/add_ln17_84_fu_10233_p2 input design_1_i/fractal/U0/add_ln17_84_fu_10233_p2/C[47:0] is not pipelined. Pipelining DSP48 input will improve performance.
Related violations: <none>

DPIP-2#31 Warning
Input pipelining  
DSP design_1_i/fractal/U0/add_ln17_88_fu_10275_p2 input design_1_i/fractal/U0/add_ln17_88_fu_10275_p2/C[47:0] is not pipelined. Pipelining DSP48 input will improve performance.
Related violations: <none>

DPIP-2#32 Warning
Input pipelining  
DSP design_1_i/fractal/U0/fadd_32ns_32ns_32_10_full_dsp_1_U4454/fractal_fadd_32ns_32ns_32_10_full_dsp_1_ip_u/inst/i_synth/ADDSUB_OP.ADDSUB/DSP.OP/DSP48E1_BODY.ALIGN_ADD/DSP2/i_no_versal_es1_workaround.DSP input design_1_i/fractal/U0/fadd_32ns_32ns_32_10_full_dsp_1_U4454/fractal_fadd_32ns_32ns_32_10_full_dsp_1_ip_u/inst/i_synth/ADDSUB_OP.ADDSUB/DSP.OP/DSP48E1_BODY.ALIGN_ADD/DSP2/i_no_versal_es1_workaround.DSP/B[17:0] is not pipelined. Pipelining DSP48 input will improve performance.
Related violations: <none>

DPIP-2#33 Warning
Input pipelining  
DSP design_1_i/fractal/U0/fadd_32ns_32ns_32_10_full_dsp_1_U4454/fractal_fadd_32ns_32ns_32_10_full_dsp_1_ip_u/inst/i_synth/ADDSUB_OP.ADDSUB/DSP.OP/DSP48E1_BODY.NORM_RND/FULL_USAGE_DSP.SHIFT_RND/i_no_versal_es1_workaround.DSP input design_1_i/fractal/U0/fadd_32ns_32ns_32_10_full_dsp_1_U4454/fractal_fadd_32ns_32ns_32_10_full_dsp_1_ip_u/inst/i_synth/ADDSUB_OP.ADDSUB/DSP.OP/DSP48E1_BODY.NORM_RND/FULL_USAGE_DSP.SHIFT_RND/i_no_versal_es1_workaround.DSP/C[47:0] is not pipelined. Pipelining DSP48 input will improve performance.
Related violations: <none>

DPIP-2#34 Warning
Input pipelining  
DSP design_1_i/fractal/U0/fmul_32ns_32ns_32_6_max_dsp_1_U4455/fractal_fmul_32ns_32ns_32_6_max_dsp_1_ip_u/inst/i_synth/MULT.OP/i_non_prim.MULT/DSP48E1_SPD_SGL_VARIANT.FIX_MULT/DSP1/i_no_versal_es1_workaround.DSP input design_1_i/fractal/U0/fmul_32ns_32ns_32_6_max_dsp_1_U4455/fractal_fmul_32ns_32ns_32_6_max_dsp_1_ip_u/inst/i_synth/MULT.OP/i_non_prim.MULT/DSP48E1_SPD_SGL_VARIANT.FIX_MULT/DSP1/i_no_versal_es1_workaround.DSP/A[29:0] is not pipelined. Pipelining DSP48 input will improve performance.
Related violations: <none>

DPIP-2#35 Warning
Input pipelining  
DSP design_1_i/fractal/U0/fmul_32ns_32ns_32_6_max_dsp_1_U4455/fractal_fmul_32ns_32ns_32_6_max_dsp_1_ip_u/inst/i_synth/MULT.OP/i_non_prim.MULT/DSP48E1_SPD_SGL_VARIANT.FIX_MULT/DSP1/i_no_versal_es1_workaround.DSP input design_1_i/fractal/U0/fmul_32ns_32ns_32_6_max_dsp_1_U4455/fractal_fmul_32ns_32ns_32_6_max_dsp_1_ip_u/inst/i_synth/MULT.OP/i_non_prim.MULT/DSP48E1_SPD_SGL_VARIANT.FIX_MULT/DSP1/i_no_versal_es1_workaround.DSP/B[17:0] is not pipelined. Pipelining DSP48 input will improve performance.
Related violations: <none>

DPIP-2#36 Warning
Input pipelining  
DSP design_1_i/fractal/U0/grp_fractal_iterate_fu_21489/fadd_32ns_32ns_32_10_full_dsp_1_U22/fractal_fadd_32ns_32ns_32_10_full_dsp_1_ip_u/inst/i_synth/ADDSUB_OP.ADDSUB/DSP.OP/DSP48E1_BODY.ALIGN_ADD/DSP2/i_no_versal_es1_workaround.DSP input design_1_i/fractal/U0/grp_fractal_iterate_fu_21489/fadd_32ns_32ns_32_10_full_dsp_1_U22/fractal_fadd_32ns_32ns_32_10_full_dsp_1_ip_u/inst/i_synth/ADDSUB_OP.ADDSUB/DSP.OP/DSP48E1_BODY.ALIGN_ADD/DSP2/i_no_versal_es1_workaround.DSP/B[17:0] is not pipelined. Pipelining DSP48 input will improve performance.
Related violations: <none>

DPIP-2#37 Warning
Input pipelining  
DSP design_1_i/fractal/U0/grp_fractal_iterate_fu_21489/fadd_32ns_32ns_32_10_full_dsp_1_U22/fractal_fadd_32ns_32ns_32_10_full_dsp_1_ip_u/inst/i_synth/ADDSUB_OP.ADDSUB/DSP.OP/DSP48E1_BODY.NORM_RND/FULL_USAGE_DSP.SHIFT_RND/i_no_versal_es1_workaround.DSP input design_1_i/fractal/U0/grp_fractal_iterate_fu_21489/fadd_32ns_32ns_32_10_full_dsp_1_U22/fractal_fadd_32ns_32ns_32_10_full_dsp_1_ip_u/inst/i_synth/ADDSUB_OP.ADDSUB/DSP.OP/DSP48E1_BODY.NORM_RND/FULL_USAGE_DSP.SHIFT_RND/i_no_versal_es1_workaround.DSP/C[47:0] is not pipelined. Pipelining DSP48 input will improve performance.
Related violations: <none>

DPIP-2#38 Warning
Input pipelining  
DSP design_1_i/fractal/U0/grp_fractal_iterate_fu_21489/fadd_32ns_32ns_32_10_full_dsp_1_U24/fractal_fadd_32ns_32ns_32_10_full_dsp_1_ip_u/inst/i_synth/ADDSUB_OP.ADDSUB/DSP.OP/DSP48E1_BODY.ALIGN_ADD/DSP2/i_no_versal_es1_workaround.DSP input design_1_i/fractal/U0/grp_fractal_iterate_fu_21489/fadd_32ns_32ns_32_10_full_dsp_1_U24/fractal_fadd_32ns_32ns_32_10_full_dsp_1_ip_u/inst/i_synth/ADDSUB_OP.ADDSUB/DSP.OP/DSP48E1_BODY.ALIGN_ADD/DSP2/i_no_versal_es1_workaround.DSP/B[17:0] is not pipelined. Pipelining DSP48 input will improve performance.
Related violations: <none>

DPIP-2#39 Warning
Input pipelining  
DSP design_1_i/fractal/U0/grp_fractal_iterate_fu_21489/fadd_32ns_32ns_32_10_full_dsp_1_U24/fractal_fadd_32ns_32ns_32_10_full_dsp_1_ip_u/inst/i_synth/ADDSUB_OP.ADDSUB/DSP.OP/DSP48E1_BODY.NORM_RND/FULL_USAGE_DSP.SHIFT_RND/i_no_versal_es1_workaround.DSP input design_1_i/fractal/U0/grp_fractal_iterate_fu_21489/fadd_32ns_32ns_32_10_full_dsp_1_U24/fractal_fadd_32ns_32ns_32_10_full_dsp_1_ip_u/inst/i_synth/ADDSUB_OP.ADDSUB/DSP.OP/DSP48E1_BODY.NORM_RND/FULL_USAGE_DSP.SHIFT_RND/i_no_versal_es1_workaround.DSP/C[47:0] is not pipelined. Pipelining DSP48 input will improve performance.
Related violations: <none>

DPIP-2#40 Warning
Input pipelining  
DSP design_1_i/fractal/U0/grp_fractal_iterate_fu_21489/fadd_32ns_32ns_32_10_full_dsp_1_U26/fractal_fadd_32ns_32ns_32_10_full_dsp_1_ip_u/inst/i_synth/ADDSUB_OP.ADDSUB/DSP.OP/DSP48E1_BODY.ALIGN_ADD/DSP2/i_no_versal_es1_workaround.DSP input design_1_i/fractal/U0/grp_fractal_iterate_fu_21489/fadd_32ns_32ns_32_10_full_dsp_1_U26/fractal_fadd_32ns_32ns_32_10_full_dsp_1_ip_u/inst/i_synth/ADDSUB_OP.ADDSUB/DSP.OP/DSP48E1_BODY.ALIGN_ADD/DSP2/i_no_versal_es1_workaround.DSP/B[17:0] is not pipelined. Pipelining DSP48 input will improve performance.
Related violations: <none>

DPIP-2#41 Warning
Input pipelining  
DSP design_1_i/fractal/U0/grp_fractal_iterate_fu_21489/fadd_32ns_32ns_32_10_full_dsp_1_U26/fractal_fadd_32ns_32ns_32_10_full_dsp_1_ip_u/inst/i_synth/ADDSUB_OP.ADDSUB/DSP.OP/DSP48E1_BODY.NORM_RND/FULL_USAGE_DSP.SHIFT_RND/i_no_versal_es1_workaround.DSP input design_1_i/fractal/U0/grp_fractal_iterate_fu_21489/fadd_32ns_32ns_32_10_full_dsp_1_U26/fractal_fadd_32ns_32ns_32_10_full_dsp_1_ip_u/inst/i_synth/ADDSUB_OP.ADDSUB/DSP.OP/DSP48E1_BODY.NORM_RND/FULL_USAGE_DSP.SHIFT_RND/i_no_versal_es1_workaround.DSP/C[47:0] is not pipelined. Pipelining DSP48 input will improve performance.
Related violations: <none>

DPIP-2#42 Warning
Input pipelining  
DSP design_1_i/fractal/U0/grp_fractal_iterate_fu_21489/fadd_32ns_32ns_32_10_full_dsp_1_U27/fractal_fadd_32ns_32ns_32_10_full_dsp_1_ip_u/inst/i_synth/ADDSUB_OP.ADDSUB/DSP.OP/DSP48E1_BODY.ALIGN_ADD/DSP2/i_no_versal_es1_workaround.DSP input design_1_i/fractal/U0/grp_fractal_iterate_fu_21489/fadd_32ns_32ns_32_10_full_dsp_1_U27/fractal_fadd_32ns_32ns_32_10_full_dsp_1_ip_u/inst/i_synth/ADDSUB_OP.ADDSUB/DSP.OP/DSP48E1_BODY.ALIGN_ADD/DSP2/i_no_versal_es1_workaround.DSP/B[17:0] is not pipelined. Pipelining DSP48 input will improve performance.
Related violations: <none>

DPIP-2#43 Warning
Input pipelining  
DSP design_1_i/fractal/U0/grp_fractal_iterate_fu_21489/fadd_32ns_32ns_32_10_full_dsp_1_U27/fractal_fadd_32ns_32ns_32_10_full_dsp_1_ip_u/inst/i_synth/ADDSUB_OP.ADDSUB/DSP.OP/DSP48E1_BODY.NORM_RND/FULL_USAGE_DSP.SHIFT_RND/i_no_versal_es1_workaround.DSP input design_1_i/fractal/U0/grp_fractal_iterate_fu_21489/fadd_32ns_32ns_32_10_full_dsp_1_U27/fractal_fadd_32ns_32ns_32_10_full_dsp_1_ip_u/inst/i_synth/ADDSUB_OP.ADDSUB/DSP.OP/DSP48E1_BODY.NORM_RND/FULL_USAGE_DSP.SHIFT_RND/i_no_versal_es1_workaround.DSP/C[47:0] is not pipelined. Pipelining DSP48 input will improve performance.
Related violations: <none>

DPIP-2#44 Warning
Input pipelining  
DSP design_1_i/fractal/U0/grp_fractal_iterate_fu_21489/fadd_32ns_32ns_32_10_full_dsp_1_U28/fractal_fadd_32ns_32ns_32_10_full_dsp_1_ip_u/inst/i_synth/ADDSUB_OP.ADDSUB/DSP.OP/DSP48E1_BODY.ALIGN_ADD/DSP2/i_no_versal_es1_workaround.DSP input design_1_i/fractal/U0/grp_fractal_iterate_fu_21489/fadd_32ns_32ns_32_10_full_dsp_1_U28/fractal_fadd_32ns_32ns_32_10_full_dsp_1_ip_u/inst/i_synth/ADDSUB_OP.ADDSUB/DSP.OP/DSP48E1_BODY.ALIGN_ADD/DSP2/i_no_versal_es1_workaround.DSP/B[17:0] is not pipelined. Pipelining DSP48 input will improve performance.
Related violations: <none>

DPIP-2#45 Warning
Input pipelining  
DSP design_1_i/fractal/U0/grp_fractal_iterate_fu_21489/fadd_32ns_32ns_32_10_full_dsp_1_U28/fractal_fadd_32ns_32ns_32_10_full_dsp_1_ip_u/inst/i_synth/ADDSUB_OP.ADDSUB/DSP.OP/DSP48E1_BODY.NORM_RND/FULL_USAGE_DSP.SHIFT_RND/i_no_versal_es1_workaround.DSP input design_1_i/fractal/U0/grp_fractal_iterate_fu_21489/fadd_32ns_32ns_32_10_full_dsp_1_U28/fractal_fadd_32ns_32ns_32_10_full_dsp_1_ip_u/inst/i_synth/ADDSUB_OP.ADDSUB/DSP.OP/DSP48E1_BODY.NORM_RND/FULL_USAGE_DSP.SHIFT_RND/i_no_versal_es1_workaround.DSP/C[47:0] is not pipelined. Pipelining DSP48 input will improve performance.
Related violations: <none>

DPIP-2#46 Warning
Input pipelining  
DSP design_1_i/fractal/U0/grp_fractal_iterate_fu_21489/fadd_32ns_32ns_32_10_full_dsp_1_U29/fractal_fadd_32ns_32ns_32_10_full_dsp_1_ip_u/inst/i_synth/ADDSUB_OP.ADDSUB/DSP.OP/DSP48E1_BODY.ALIGN_ADD/DSP2/i_no_versal_es1_workaround.DSP input design_1_i/fractal/U0/grp_fractal_iterate_fu_21489/fadd_32ns_32ns_32_10_full_dsp_1_U29/fractal_fadd_32ns_32ns_32_10_full_dsp_1_ip_u/inst/i_synth/ADDSUB_OP.ADDSUB/DSP.OP/DSP48E1_BODY.ALIGN_ADD/DSP2/i_no_versal_es1_workaround.DSP/B[17:0] is not pipelined. Pipelining DSP48 input will improve performance.
Related violations: <none>

DPIP-2#47 Warning
Input pipelining  
DSP design_1_i/fractal/U0/grp_fractal_iterate_fu_21489/fadd_32ns_32ns_32_10_full_dsp_1_U29/fractal_fadd_32ns_32ns_32_10_full_dsp_1_ip_u/inst/i_synth/ADDSUB_OP.ADDSUB/DSP.OP/DSP48E1_BODY.NORM_RND/FULL_USAGE_DSP.SHIFT_RND/i_no_versal_es1_workaround.DSP input design_1_i/fractal/U0/grp_fractal_iterate_fu_21489/fadd_32ns_32ns_32_10_full_dsp_1_U29/fractal_fadd_32ns_32ns_32_10_full_dsp_1_ip_u/inst/i_synth/ADDSUB_OP.ADDSUB/DSP.OP/DSP48E1_BODY.NORM_RND/FULL_USAGE_DSP.SHIFT_RND/i_no_versal_es1_workaround.DSP/C[47:0] is not pipelined. Pipelining DSP48 input will improve performance.
Related violations: <none>

DPIP-2#48 Warning
Input pipelining  
DSP design_1_i/fractal/U0/grp_fractal_iterate_fu_21489/fadd_32ns_32ns_32_10_full_dsp_1_U30/fractal_fadd_32ns_32ns_32_10_full_dsp_1_ip_u/inst/i_synth/ADDSUB_OP.ADDSUB/DSP.OP/DSP48E1_BODY.ALIGN_ADD/DSP2/i_no_versal_es1_workaround.DSP input design_1_i/fractal/U0/grp_fractal_iterate_fu_21489/fadd_32ns_32ns_32_10_full_dsp_1_U30/fractal_fadd_32ns_32ns_32_10_full_dsp_1_ip_u/inst/i_synth/ADDSUB_OP.ADDSUB/DSP.OP/DSP48E1_BODY.ALIGN_ADD/DSP2/i_no_versal_es1_workaround.DSP/B[17:0] is not pipelined. Pipelining DSP48 input will improve performance.
Related violations: <none>

DPIP-2#49 Warning
Input pipelining  
DSP design_1_i/fractal/U0/grp_fractal_iterate_fu_21489/fadd_32ns_32ns_32_10_full_dsp_1_U30/fractal_fadd_32ns_32ns_32_10_full_dsp_1_ip_u/inst/i_synth/ADDSUB_OP.ADDSUB/DSP.OP/DSP48E1_BODY.NORM_RND/FULL_USAGE_DSP.SHIFT_RND/i_no_versal_es1_workaround.DSP input design_1_i/fractal/U0/grp_fractal_iterate_fu_21489/fadd_32ns_32ns_32_10_full_dsp_1_U30/fractal_fadd_32ns_32ns_32_10_full_dsp_1_ip_u/inst/i_synth/ADDSUB_OP.ADDSUB/DSP.OP/DSP48E1_BODY.NORM_RND/FULL_USAGE_DSP.SHIFT_RND/i_no_versal_es1_workaround.DSP/C[47:0] is not pipelined. Pipelining DSP48 input will improve performance.
Related violations: <none>

DPIP-2#50 Warning
Input pipelining  
DSP design_1_i/fractal/U0/grp_fractal_iterate_fu_21489/fmul_32ns_32ns_32_6_max_dsp_1_U31/fractal_fmul_32ns_32ns_32_6_max_dsp_1_ip_u/inst/i_synth/MULT.OP/i_non_prim.MULT/DSP48E1_SPD_SGL_VARIANT.FIX_MULT/DSP1/i_no_versal_es1_workaround.DSP input design_1_i/fractal/U0/grp_fractal_iterate_fu_21489/fmul_32ns_32ns_32_6_max_dsp_1_U31/fractal_fmul_32ns_32ns_32_6_max_dsp_1_ip_u/inst/i_synth/MULT.OP/i_non_prim.MULT/DSP48E1_SPD_SGL_VARIANT.FIX_MULT/DSP1/i_no_versal_es1_workaround.DSP/A[29:0] is not pipelined. Pipelining DSP48 input will improve performance.
Related violations: <none>

DPIP-2#51 Warning
Input pipelining  
DSP design_1_i/fractal/U0/grp_fractal_iterate_fu_21489/fmul_32ns_32ns_32_6_max_dsp_1_U31/fractal_fmul_32ns_32ns_32_6_max_dsp_1_ip_u/inst/i_synth/MULT.OP/i_non_prim.MULT/DSP48E1_SPD_SGL_VARIANT.FIX_MULT/DSP1/i_no_versal_es1_workaround.DSP input design_1_i/fractal/U0/grp_fractal_iterate_fu_21489/fmul_32ns_32ns_32_6_max_dsp_1_U31/fractal_fmul_32ns_32ns_32_6_max_dsp_1_ip_u/inst/i_synth/MULT.OP/i_non_prim.MULT/DSP48E1_SPD_SGL_VARIANT.FIX_MULT/DSP1/i_no_versal_es1_workaround.DSP/B[17:0] is not pipelined. Pipelining DSP48 input will improve performance.
Related violations: <none>

DPIP-2#52 Warning
Input pipelining  
DSP design_1_i/fractal/U0/grp_fractal_iterate_fu_21489/fmul_32ns_32ns_32_6_max_dsp_1_U32/fractal_fmul_32ns_32ns_32_6_max_dsp_1_ip_u/inst/i_synth/MULT.OP/i_non_prim.MULT/DSP48E1_SPD_SGL_VARIANT.FIX_MULT/DSP1/i_no_versal_es1_workaround.DSP input design_1_i/fractal/U0/grp_fractal_iterate_fu_21489/fmul_32ns_32ns_32_6_max_dsp_1_U32/fractal_fmul_32ns_32ns_32_6_max_dsp_1_ip_u/inst/i_synth/MULT.OP/i_non_prim.MULT/DSP48E1_SPD_SGL_VARIANT.FIX_MULT/DSP1/i_no_versal_es1_workaround.DSP/A[29:0] is not pipelined. Pipelining DSP48 input will improve performance.
Related violations: <none>

DPIP-2#53 Warning
Input pipelining  
DSP design_1_i/fractal/U0/grp_fractal_iterate_fu_21489/fmul_32ns_32ns_32_6_max_dsp_1_U33/fractal_fmul_32ns_32ns_32_6_max_dsp_1_ip_u/inst/i_synth/MULT.OP/i_non_prim.MULT/DSP48E1_SPD_SGL_VARIANT.FIX_MULT/DSP1/i_no_versal_es1_workaround.DSP input design_1_i/fractal/U0/grp_fractal_iterate_fu_21489/fmul_32ns_32ns_32_6_max_dsp_1_U33/fractal_fmul_32ns_32ns_32_6_max_dsp_1_ip_u/inst/i_synth/MULT.OP/i_non_prim.MULT/DSP48E1_SPD_SGL_VARIANT.FIX_MULT/DSP1/i_no_versal_es1_workaround.DSP/A[29:0] is not pipelined. Pipelining DSP48 input will improve performance.
Related violations: <none>

DPIP-2#54 Warning
Input pipelining  
DSP design_1_i/fractal/U0/grp_fractal_iterate_fu_21489/fmul_32ns_32ns_32_6_max_dsp_1_U33/fractal_fmul_32ns_32ns_32_6_max_dsp_1_ip_u/inst/i_synth/MULT.OP/i_non_prim.MULT/DSP48E1_SPD_SGL_VARIANT.FIX_MULT/DSP1/i_no_versal_es1_workaround.DSP input design_1_i/fractal/U0/grp_fractal_iterate_fu_21489/fmul_32ns_32ns_32_6_max_dsp_1_U33/fractal_fmul_32ns_32ns_32_6_max_dsp_1_ip_u/inst/i_synth/MULT.OP/i_non_prim.MULT/DSP48E1_SPD_SGL_VARIANT.FIX_MULT/DSP1/i_no_versal_es1_workaround.DSP/B[17:0] is not pipelined. Pipelining DSP48 input will improve performance.
Related violations: <none>

DPIP-2#55 Warning
Input pipelining  
DSP design_1_i/fractal/U0/grp_fractal_iterate_fu_21489/fmul_32ns_32ns_32_6_max_dsp_1_U34/fractal_fmul_32ns_32ns_32_6_max_dsp_1_ip_u/inst/i_synth/MULT.OP/i_non_prim.MULT/DSP48E1_SPD_SGL_VARIANT.FIX_MULT/DSP1/i_no_versal_es1_workaround.DSP input design_1_i/fractal/U0/grp_fractal_iterate_fu_21489/fmul_32ns_32ns_32_6_max_dsp_1_U34/fractal_fmul_32ns_32ns_32_6_max_dsp_1_ip_u/inst/i_synth/MULT.OP/i_non_prim.MULT/DSP48E1_SPD_SGL_VARIANT.FIX_MULT/DSP1/i_no_versal_es1_workaround.DSP/A[29:0] is not pipelined. Pipelining DSP48 input will improve performance.
Related violations: <none>

DPIP-2#56 Warning
Input pipelining  
DSP design_1_i/fractal/U0/grp_fractal_iterate_fu_21489/fmul_32ns_32ns_32_6_max_dsp_1_U34/fractal_fmul_32ns_32ns_32_6_max_dsp_1_ip_u/inst/i_synth/MULT.OP/i_non_prim.MULT/DSP48E1_SPD_SGL_VARIANT.FIX_MULT/DSP1/i_no_versal_es1_workaround.DSP input design_1_i/fractal/U0/grp_fractal_iterate_fu_21489/fmul_32ns_32ns_32_6_max_dsp_1_U34/fractal_fmul_32ns_32ns_32_6_max_dsp_1_ip_u/inst/i_synth/MULT.OP/i_non_prim.MULT/DSP48E1_SPD_SGL_VARIANT.FIX_MULT/DSP1/i_no_versal_es1_workaround.DSP/B[17:0] is not pipelined. Pipelining DSP48 input will improve performance.
Related violations: <none>

DPIP-2#57 Warning
Input pipelining  
DSP design_1_i/fractal/U0/grp_fractal_iterate_fu_21489/fmul_32ns_32ns_32_6_max_dsp_1_U35/fractal_fmul_32ns_32ns_32_6_max_dsp_1_ip_u/inst/i_synth/MULT.OP/i_non_prim.MULT/DSP48E1_SPD_SGL_VARIANT.FIX_MULT/DSP1/i_no_versal_es1_workaround.DSP input design_1_i/fractal/U0/grp_fractal_iterate_fu_21489/fmul_32ns_32ns_32_6_max_dsp_1_U35/fractal_fmul_32ns_32ns_32_6_max_dsp_1_ip_u/inst/i_synth/MULT.OP/i_non_prim.MULT/DSP48E1_SPD_SGL_VARIANT.FIX_MULT/DSP1/i_no_versal_es1_workaround.DSP/A[29:0] is not pipelined. Pipelining DSP48 input will improve performance.
Related violations: <none>

DPIP-2#58 Warning
Input pipelining  
DSP design_1_i/fractal/U0/grp_fractal_iterate_fu_21489/fmul_32ns_32ns_32_6_max_dsp_1_U35/fractal_fmul_32ns_32ns_32_6_max_dsp_1_ip_u/inst/i_synth/MULT.OP/i_non_prim.MULT/DSP48E1_SPD_SGL_VARIANT.FIX_MULT/DSP1/i_no_versal_es1_workaround.DSP input design_1_i/fractal/U0/grp_fractal_iterate_fu_21489/fmul_32ns_32ns_32_6_max_dsp_1_U35/fractal_fmul_32ns_32ns_32_6_max_dsp_1_ip_u/inst/i_synth/MULT.OP/i_non_prim.MULT/DSP48E1_SPD_SGL_VARIANT.FIX_MULT/DSP1/i_no_versal_es1_workaround.DSP/B[17:0] is not pipelined. Pipelining DSP48 input will improve performance.
Related violations: <none>

DPIP-2#59 Warning
Input pipelining  
DSP design_1_i/fractal/U0/grp_fractal_iterate_fu_21489/fmul_32ns_32ns_32_6_max_dsp_1_U36/fractal_fmul_32ns_32ns_32_6_max_dsp_1_ip_u/inst/i_synth/MULT.OP/i_non_prim.MULT/DSP48E1_SPD_SGL_VARIANT.FIX_MULT/DSP1/i_no_versal_es1_workaround.DSP input design_1_i/fractal/U0/grp_fractal_iterate_fu_21489/fmul_32ns_32ns_32_6_max_dsp_1_U36/fractal_fmul_32ns_32ns_32_6_max_dsp_1_ip_u/inst/i_synth/MULT.OP/i_non_prim.MULT/DSP48E1_SPD_SGL_VARIANT.FIX_MULT/DSP1/i_no_versal_es1_workaround.DSP/A[29:0] is not pipelined. Pipelining DSP48 input will improve performance.
Related violations: <none>

DPIP-2#60 Warning
Input pipelining  
DSP design_1_i/fractal/U0/grp_fractal_iterate_fu_21489/fmul_32ns_32ns_32_6_max_dsp_1_U36/fractal_fmul_32ns_32ns_32_6_max_dsp_1_ip_u/inst/i_synth/MULT.OP/i_non_prim.MULT/DSP48E1_SPD_SGL_VARIANT.FIX_MULT/DSP1/i_no_versal_es1_workaround.DSP input design_1_i/fractal/U0/grp_fractal_iterate_fu_21489/fmul_32ns_32ns_32_6_max_dsp_1_U36/fractal_fmul_32ns_32ns_32_6_max_dsp_1_ip_u/inst/i_synth/MULT.OP/i_non_prim.MULT/DSP48E1_SPD_SGL_VARIANT.FIX_MULT/DSP1/i_no_versal_es1_workaround.DSP/B[17:0] is not pipelined. Pipelining DSP48 input will improve performance.
Related violations: <none>

DPIP-2#61 Warning
Input pipelining  
DSP design_1_i/fractal/U0/grp_fractal_iterate_fu_21489/fmul_32ns_32ns_32_6_max_dsp_1_U37/fractal_fmul_32ns_32ns_32_6_max_dsp_1_ip_u/inst/i_synth/MULT.OP/i_non_prim.MULT/DSP48E1_SPD_SGL_VARIANT.FIX_MULT/DSP1/i_no_versal_es1_workaround.DSP input design_1_i/fractal/U0/grp_fractal_iterate_fu_21489/fmul_32ns_32ns_32_6_max_dsp_1_U37/fractal_fmul_32ns_32ns_32_6_max_dsp_1_ip_u/inst/i_synth/MULT.OP/i_non_prim.MULT/DSP48E1_SPD_SGL_VARIANT.FIX_MULT/DSP1/i_no_versal_es1_workaround.DSP/A[29:0] is not pipelined. Pipelining DSP48 input will improve performance.
Related violations: <none>

DPIP-2#62 Warning
Input pipelining  
DSP design_1_i/fractal/U0/grp_fractal_iterate_fu_21489/fmul_32ns_32ns_32_6_max_dsp_1_U37/fractal_fmul_32ns_32ns_32_6_max_dsp_1_ip_u/inst/i_synth/MULT.OP/i_non_prim.MULT/DSP48E1_SPD_SGL_VARIANT.FIX_MULT/DSP1/i_no_versal_es1_workaround.DSP input design_1_i/fractal/U0/grp_fractal_iterate_fu_21489/fmul_32ns_32ns_32_6_max_dsp_1_U37/fractal_fmul_32ns_32ns_32_6_max_dsp_1_ip_u/inst/i_synth/MULT.OP/i_non_prim.MULT/DSP48E1_SPD_SGL_VARIANT.FIX_MULT/DSP1/i_no_versal_es1_workaround.DSP/B[17:0] is not pipelined. Pipelining DSP48 input will improve performance.
Related violations: <none>

DPIP-2#63 Warning
Input pipelining  
DSP design_1_i/fractal/U0/grp_fractal_iterate_fu_21489/fmul_32ns_32ns_32_6_max_dsp_1_U38/fractal_fmul_32ns_32ns_32_6_max_dsp_1_ip_u/inst/i_synth/MULT.OP/i_non_prim.MULT/DSP48E1_SPD_SGL_VARIANT.FIX_MULT/DSP1/i_no_versal_es1_workaround.DSP input design_1_i/fractal/U0/grp_fractal_iterate_fu_21489/fmul_32ns_32ns_32_6_max_dsp_1_U38/fractal_fmul_32ns_32ns_32_6_max_dsp_1_ip_u/inst/i_synth/MULT.OP/i_non_prim.MULT/DSP48E1_SPD_SGL_VARIANT.FIX_MULT/DSP1/i_no_versal_es1_workaround.DSP/A[29:0] is not pipelined. Pipelining DSP48 input will improve performance.
Related violations: <none>

DPIP-2#64 Warning
Input pipelining  
DSP design_1_i/fractal/U0/grp_fractal_iterate_fu_21489/fmul_32ns_32ns_32_6_max_dsp_1_U38/fractal_fmul_32ns_32ns_32_6_max_dsp_1_ip_u/inst/i_synth/MULT.OP/i_non_prim.MULT/DSP48E1_SPD_SGL_VARIANT.FIX_MULT/DSP1/i_no_versal_es1_workaround.DSP input design_1_i/fractal/U0/grp_fractal_iterate_fu_21489/fmul_32ns_32ns_32_6_max_dsp_1_U38/fractal_fmul_32ns_32ns_32_6_max_dsp_1_ip_u/inst/i_synth/MULT.OP/i_non_prim.MULT/DSP48E1_SPD_SGL_VARIANT.FIX_MULT/DSP1/i_no_versal_es1_workaround.DSP/B[17:0] is not pipelined. Pipelining DSP48 input will improve performance.
Related violations: <none>

DPIP-2#65 Warning
Input pipelining  
DSP design_1_i/fractal/U0/grp_fractal_iterate_fu_21489/fmul_32ns_32ns_32_6_max_dsp_1_U39/fractal_fmul_32ns_32ns_32_6_max_dsp_1_ip_u/inst/i_synth/MULT.OP/i_non_prim.MULT/DSP48E1_SPD_SGL_VARIANT.FIX_MULT/DSP1/i_no_versal_es1_workaround.DSP input design_1_i/fractal/U0/grp_fractal_iterate_fu_21489/fmul_32ns_32ns_32_6_max_dsp_1_U39/fractal_fmul_32ns_32ns_32_6_max_dsp_1_ip_u/inst/i_synth/MULT.OP/i_non_prim.MULT/DSP48E1_SPD_SGL_VARIANT.FIX_MULT/DSP1/i_no_versal_es1_workaround.DSP/A[29:0] is not pipelined. Pipelining DSP48 input will improve performance.
Related violations: <none>

DPIP-2#66 Warning
Input pipelining  
DSP design_1_i/fractal/U0/grp_fractal_iterate_fu_21489/fmul_32ns_32ns_32_6_max_dsp_1_U40/fractal_fmul_32ns_32ns_32_6_max_dsp_1_ip_u/inst/i_synth/MULT.OP/i_non_prim.MULT/DSP48E1_SPD_SGL_VARIANT.FIX_MULT/DSP1/i_no_versal_es1_workaround.DSP input design_1_i/fractal/U0/grp_fractal_iterate_fu_21489/fmul_32ns_32ns_32_6_max_dsp_1_U40/fractal_fmul_32ns_32ns_32_6_max_dsp_1_ip_u/inst/i_synth/MULT.OP/i_non_prim.MULT/DSP48E1_SPD_SGL_VARIANT.FIX_MULT/DSP1/i_no_versal_es1_workaround.DSP/A[29:0] is not pipelined. Pipelining DSP48 input will improve performance.
Related violations: <none>

DPIP-2#67 Warning
Input pipelining  
DSP design_1_i/fractal/U0/grp_fractal_iterate_fu_21489/fmul_32ns_32ns_32_6_max_dsp_1_U41/fractal_fmul_32ns_32ns_32_6_max_dsp_1_ip_u/inst/i_synth/MULT.OP/i_non_prim.MULT/DSP48E1_SPD_SGL_VARIANT.FIX_MULT/DSP1/i_no_versal_es1_workaround.DSP input design_1_i/fractal/U0/grp_fractal_iterate_fu_21489/fmul_32ns_32ns_32_6_max_dsp_1_U41/fractal_fmul_32ns_32ns_32_6_max_dsp_1_ip_u/inst/i_synth/MULT.OP/i_non_prim.MULT/DSP48E1_SPD_SGL_VARIANT.FIX_MULT/DSP1/i_no_versal_es1_workaround.DSP/A[29:0] is not pipelined. Pipelining DSP48 input will improve performance.
Related violations: <none>

DPIP-2#68 Warning
Input pipelining  
DSP design_1_i/fractal/U0/grp_fractal_iterate_fu_21489/fmul_32ns_32ns_32_6_max_dsp_1_U41/fractal_fmul_32ns_32ns_32_6_max_dsp_1_ip_u/inst/i_synth/MULT.OP/i_non_prim.MULT/DSP48E1_SPD_SGL_VARIANT.FIX_MULT/DSP1/i_no_versal_es1_workaround.DSP input design_1_i/fractal/U0/grp_fractal_iterate_fu_21489/fmul_32ns_32ns_32_6_max_dsp_1_U41/fractal_fmul_32ns_32ns_32_6_max_dsp_1_ip_u/inst/i_synth/MULT.OP/i_non_prim.MULT/DSP48E1_SPD_SGL_VARIANT.FIX_MULT/DSP1/i_no_versal_es1_workaround.DSP/B[17:0] is not pipelined. Pipelining DSP48 input will improve performance.
Related violations: <none>

DPIP-2#69 Warning
Input pipelining  
DSP design_1_i/fractal/U0/grp_fractal_iterate_fu_21489/fmul_32ns_32ns_32_6_max_dsp_1_U42/fractal_fmul_32ns_32ns_32_6_max_dsp_1_ip_u/inst/i_synth/MULT.OP/i_non_prim.MULT/DSP48E1_SPD_SGL_VARIANT.FIX_MULT/DSP1/i_no_versal_es1_workaround.DSP input design_1_i/fractal/U0/grp_fractal_iterate_fu_21489/fmul_32ns_32ns_32_6_max_dsp_1_U42/fractal_fmul_32ns_32ns_32_6_max_dsp_1_ip_u/inst/i_synth/MULT.OP/i_non_prim.MULT/DSP48E1_SPD_SGL_VARIANT.FIX_MULT/DSP1/i_no_versal_es1_workaround.DSP/A[29:0] is not pipelined. Pipelining DSP48 input will improve performance.
Related violations: <none>

DPIP-2#70 Warning
Input pipelining  
DSP design_1_i/fractal/U0/grp_fractal_iterate_fu_21489/fmul_32ns_32ns_32_6_max_dsp_1_U42/fractal_fmul_32ns_32ns_32_6_max_dsp_1_ip_u/inst/i_synth/MULT.OP/i_non_prim.MULT/DSP48E1_SPD_SGL_VARIANT.FIX_MULT/DSP1/i_no_versal_es1_workaround.DSP input design_1_i/fractal/U0/grp_fractal_iterate_fu_21489/fmul_32ns_32ns_32_6_max_dsp_1_U42/fractal_fmul_32ns_32ns_32_6_max_dsp_1_ip_u/inst/i_synth/MULT.OP/i_non_prim.MULT/DSP48E1_SPD_SGL_VARIANT.FIX_MULT/DSP1/i_no_versal_es1_workaround.DSP/B[17:0] is not pipelined. Pipelining DSP48 input will improve performance.
Related violations: <none>

DPIP-2#71 Warning
Input pipelining  
DSP design_1_i/fractal/U0/grp_fractal_iterate_fu_21489/fsub_32ns_32ns_32_10_full_dsp_1_U23/fractal_fsub_32ns_32ns_32_10_full_dsp_1_ip_u/inst/i_synth/ADDSUB_OP.ADDSUB/DSP.OP/DSP48E1_BODY.ALIGN_ADD/DSP2/i_no_versal_es1_workaround.DSP input design_1_i/fractal/U0/grp_fractal_iterate_fu_21489/fsub_32ns_32ns_32_10_full_dsp_1_U23/fractal_fsub_32ns_32ns_32_10_full_dsp_1_ip_u/inst/i_synth/ADDSUB_OP.ADDSUB/DSP.OP/DSP48E1_BODY.ALIGN_ADD/DSP2/i_no_versal_es1_workaround.DSP/B[17:0] is not pipelined. Pipelining DSP48 input will improve performance.
Related violations: <none>

DPIP-2#72 Warning
Input pipelining  
DSP design_1_i/fractal/U0/grp_fractal_iterate_fu_21489/fsub_32ns_32ns_32_10_full_dsp_1_U23/fractal_fsub_32ns_32ns_32_10_full_dsp_1_ip_u/inst/i_synth/ADDSUB_OP.ADDSUB/DSP.OP/DSP48E1_BODY.NORM_RND/FULL_USAGE_DSP.SHIFT_RND/i_no_versal_es1_workaround.DSP input design_1_i/fractal/U0/grp_fractal_iterate_fu_21489/fsub_32ns_32ns_32_10_full_dsp_1_U23/fractal_fsub_32ns_32ns_32_10_full_dsp_1_ip_u/inst/i_synth/ADDSUB_OP.ADDSUB/DSP.OP/DSP48E1_BODY.NORM_RND/FULL_USAGE_DSP.SHIFT_RND/i_no_versal_es1_workaround.DSP/C[47:0] is not pipelined. Pipelining DSP48 input will improve performance.
Related violations: <none>

DPIP-2#73 Warning
Input pipelining  
DSP design_1_i/fractal/U0/grp_fractal_iterate_fu_21489/fsub_32ns_32ns_32_10_full_dsp_1_U25/fractal_fsub_32ns_32ns_32_10_full_dsp_1_ip_u/inst/i_synth/ADDSUB_OP.ADDSUB/DSP.OP/DSP48E1_BODY.ALIGN_ADD/DSP2/i_no_versal_es1_workaround.DSP input design_1_i/fractal/U0/grp_fractal_iterate_fu_21489/fsub_32ns_32ns_32_10_full_dsp_1_U25/fractal_fsub_32ns_32ns_32_10_full_dsp_1_ip_u/inst/i_synth/ADDSUB_OP.ADDSUB/DSP.OP/DSP48E1_BODY.ALIGN_ADD/DSP2/i_no_versal_es1_workaround.DSP/B[17:0] is not pipelined. Pipelining DSP48 input will improve performance.
Related violations: <none>

DPIP-2#74 Warning
Input pipelining  
DSP design_1_i/fractal/U0/grp_fractal_iterate_fu_21489/fsub_32ns_32ns_32_10_full_dsp_1_U25/fractal_fsub_32ns_32ns_32_10_full_dsp_1_ip_u/inst/i_synth/ADDSUB_OP.ADDSUB/DSP.OP/DSP48E1_BODY.NORM_RND/FULL_USAGE_DSP.SHIFT_RND/i_no_versal_es1_workaround.DSP input design_1_i/fractal/U0/grp_fractal_iterate_fu_21489/fsub_32ns_32ns_32_10_full_dsp_1_U25/fractal_fsub_32ns_32ns_32_10_full_dsp_1_ip_u/inst/i_synth/ADDSUB_OP.ADDSUB/DSP.OP/DSP48E1_BODY.NORM_RND/FULL_USAGE_DSP.SHIFT_RND/i_no_versal_es1_workaround.DSP/C[47:0] is not pipelined. Pipelining DSP48 input will improve performance.
Related violations: <none>

DPOP-3#1 Warning
PREG Output pipelining  
DSP design_1_i/fractal/U0/add_ln17_100_fu_10401_p2 output design_1_i/fractal/U0/add_ln17_100_fu_10401_p2/P[47:0] is not pipelined (PREG=0). Pipelining the DSP48 output will improve performance and often saves power so it is suggested whenever possible to fully pipeline this function.  If this DSP48 function was inferred, it is suggested to describe an additional register stage after this function.  If the DSP48 was instantiated in the design, it is suggested to set the PREG attribute to 1.
Related violations: <none>

DPOP-3#2 Warning
PREG Output pipelining  
DSP design_1_i/fractal/U0/add_ln17_102_fu_10422_p2 output design_1_i/fractal/U0/add_ln17_102_fu_10422_p2/P[47:0] is not pipelined (PREG=0). Pipelining the DSP48 output will improve performance and often saves power so it is suggested whenever possible to fully pipeline this function.  If this DSP48 function was inferred, it is suggested to describe an additional register stage after this function.  If the DSP48 was instantiated in the design, it is suggested to set the PREG attribute to 1.
Related violations: <none>

DPOP-3#3 Warning
PREG Output pipelining  
DSP design_1_i/fractal/U0/add_ln17_104_fu_10443_p2 output design_1_i/fractal/U0/add_ln17_104_fu_10443_p2/P[47:0] is not pipelined (PREG=0). Pipelining the DSP48 output will improve performance and often saves power so it is suggested whenever possible to fully pipeline this function.  If this DSP48 function was inferred, it is suggested to describe an additional register stage after this function.  If the DSP48 was instantiated in the design, it is suggested to set the PREG attribute to 1.
Related violations: <none>

DPOP-3#4 Warning
PREG Output pipelining  
DSP design_1_i/fractal/U0/add_ln17_10_fu_9466_p2 output design_1_i/fractal/U0/add_ln17_10_fu_9466_p2/P[47:0] is not pipelined (PREG=0). Pipelining the DSP48 output will improve performance and often saves power so it is suggested whenever possible to fully pipeline this function.  If this DSP48 function was inferred, it is suggested to describe an additional register stage after this function.  If the DSP48 was instantiated in the design, it is suggested to set the PREG attribute to 1.
Related violations: <none>

DPOP-3#5 Warning
PREG Output pipelining  
DSP design_1_i/fractal/U0/add_ln17_110_fu_10506_p2 output design_1_i/fractal/U0/add_ln17_110_fu_10506_p2/P[47:0] is not pipelined (PREG=0). Pipelining the DSP48 output will improve performance and often saves power so it is suggested whenever possible to fully pipeline this function.  If this DSP48 function was inferred, it is suggested to describe an additional register stage after this function.  If the DSP48 was instantiated in the design, it is suggested to set the PREG attribute to 1.
Related violations: <none>

DPOP-3#6 Warning
PREG Output pipelining  
DSP design_1_i/fractal/U0/add_ln17_120_fu_10611_p2 output design_1_i/fractal/U0/add_ln17_120_fu_10611_p2/P[47:0] is not pipelined (PREG=0). Pipelining the DSP48 output will improve performance and often saves power so it is suggested whenever possible to fully pipeline this function.  If this DSP48 function was inferred, it is suggested to describe an additional register stage after this function.  If the DSP48 was instantiated in the design, it is suggested to set the PREG attribute to 1.
Related violations: <none>

DPOP-3#7 Warning
PREG Output pipelining  
DSP design_1_i/fractal/U0/add_ln17_122_fu_10632_p2 output design_1_i/fractal/U0/add_ln17_122_fu_10632_p2/P[47:0] is not pipelined (PREG=0). Pipelining the DSP48 output will improve performance and often saves power so it is suggested whenever possible to fully pipeline this function.  If this DSP48 function was inferred, it is suggested to describe an additional register stage after this function.  If the DSP48 was instantiated in the design, it is suggested to set the PREG attribute to 1.
Related violations: <none>

DPOP-3#8 Warning
PREG Output pipelining  
DSP design_1_i/fractal/U0/add_ln17_12_fu_9487_p2 output design_1_i/fractal/U0/add_ln17_12_fu_9487_p2/P[47:0] is not pipelined (PREG=0). Pipelining the DSP48 output will improve performance and often saves power so it is suggested whenever possible to fully pipeline this function.  If this DSP48 function was inferred, it is suggested to describe an additional register stage after this function.  If the DSP48 was instantiated in the design, it is suggested to set the PREG attribute to 1.
Related violations: <none>

DPOP-3#9 Warning
PREG Output pipelining  
DSP design_1_i/fractal/U0/add_ln17_16_fu_9529_p2 output design_1_i/fractal/U0/add_ln17_16_fu_9529_p2/P[47:0] is not pipelined (PREG=0). Pipelining the DSP48 output will improve performance and often saves power so it is suggested whenever possible to fully pipeline this function.  If this DSP48 function was inferred, it is suggested to describe an additional register stage after this function.  If the DSP48 was instantiated in the design, it is suggested to set the PREG attribute to 1.
Related violations: <none>

DPOP-3#10 Warning
PREG Output pipelining  
DSP design_1_i/fractal/U0/add_ln17_20_fu_9566_p2 output design_1_i/fractal/U0/add_ln17_20_fu_9566_p2/P[47:0] is not pipelined (PREG=0). Pipelining the DSP48 output will improve performance and often saves power so it is suggested whenever possible to fully pipeline this function.  If this DSP48 function was inferred, it is suggested to describe an additional register stage after this function.  If the DSP48 was instantiated in the design, it is suggested to set the PREG attribute to 1.
Related violations: <none>

DPOP-3#11 Warning
PREG Output pipelining  
DSP design_1_i/fractal/U0/add_ln17_22_fu_9587_p2 output design_1_i/fractal/U0/add_ln17_22_fu_9587_p2/P[47:0] is not pipelined (PREG=0). Pipelining the DSP48 output will improve performance and often saves power so it is suggested whenever possible to fully pipeline this function.  If this DSP48 function was inferred, it is suggested to describe an additional register stage after this function.  If the DSP48 was instantiated in the design, it is suggested to set the PREG attribute to 1.
Related violations: <none>

DPOP-3#12 Warning
PREG Output pipelining  
DSP design_1_i/fractal/U0/add_ln17_24_fu_9608_p2 output design_1_i/fractal/U0/add_ln17_24_fu_9608_p2/P[47:0] is not pipelined (PREG=0). Pipelining the DSP48 output will improve performance and often saves power so it is suggested whenever possible to fully pipeline this function.  If this DSP48 function was inferred, it is suggested to describe an additional register stage after this function.  If the DSP48 was instantiated in the design, it is suggested to set the PREG attribute to 1.
Related violations: <none>

DPOP-3#13 Warning
PREG Output pipelining  
DSP design_1_i/fractal/U0/add_ln17_26_fu_9629_p2 output design_1_i/fractal/U0/add_ln17_26_fu_9629_p2/P[47:0] is not pipelined (PREG=0). Pipelining the DSP48 output will improve performance and often saves power so it is suggested whenever possible to fully pipeline this function.  If this DSP48 function was inferred, it is suggested to describe an additional register stage after this function.  If the DSP48 was instantiated in the design, it is suggested to set the PREG attribute to 1.
Related violations: <none>

DPOP-3#14 Warning
PREG Output pipelining  
DSP design_1_i/fractal/U0/add_ln17_28_fu_9650_p2 output design_1_i/fractal/U0/add_ln17_28_fu_9650_p2/P[47:0] is not pipelined (PREG=0). Pipelining the DSP48 output will improve performance and often saves power so it is suggested whenever possible to fully pipeline this function.  If this DSP48 function was inferred, it is suggested to describe an additional register stage after this function.  If the DSP48 was instantiated in the design, it is suggested to set the PREG attribute to 1.
Related violations: <none>

DPOP-3#15 Warning
PREG Output pipelining  
DSP design_1_i/fractal/U0/add_ln17_32_fu_9692_p2 output design_1_i/fractal/U0/add_ln17_32_fu_9692_p2/P[47:0] is not pipelined (PREG=0). Pipelining the DSP48 output will improve performance and often saves power so it is suggested whenever possible to fully pipeline this function.  If this DSP48 function was inferred, it is suggested to describe an additional register stage after this function.  If the DSP48 was instantiated in the design, it is suggested to set the PREG attribute to 1.
Related violations: <none>

DPOP-3#16 Warning
PREG Output pipelining  
DSP design_1_i/fractal/U0/add_ln17_34_fu_9713_p2 output design_1_i/fractal/U0/add_ln17_34_fu_9713_p2/P[47:0] is not pipelined (PREG=0). Pipelining the DSP48 output will improve performance and often saves power so it is suggested whenever possible to fully pipeline this function.  If this DSP48 function was inferred, it is suggested to describe an additional register stage after this function.  If the DSP48 was instantiated in the design, it is suggested to set the PREG attribute to 1.
Related violations: <none>

DPOP-3#17 Warning
PREG Output pipelining  
DSP design_1_i/fractal/U0/add_ln17_36_fu_9734_p2 output design_1_i/fractal/U0/add_ln17_36_fu_9734_p2/P[47:0] is not pipelined (PREG=0). Pipelining the DSP48 output will improve performance and often saves power so it is suggested whenever possible to fully pipeline this function.  If this DSP48 function was inferred, it is suggested to describe an additional register stage after this function.  If the DSP48 was instantiated in the design, it is suggested to set the PREG attribute to 1.
Related violations: <none>

DPOP-3#18 Warning
PREG Output pipelining  
DSP design_1_i/fractal/U0/add_ln17_38_fu_9755_p2 output design_1_i/fractal/U0/add_ln17_38_fu_9755_p2/P[47:0] is not pipelined (PREG=0). Pipelining the DSP48 output will improve performance and often saves power so it is suggested whenever possible to fully pipeline this function.  If this DSP48 function was inferred, it is suggested to describe an additional register stage after this function.  If the DSP48 was instantiated in the design, it is suggested to set the PREG attribute to 1.
Related violations: <none>

DPOP-3#19 Warning
PREG Output pipelining  
DSP design_1_i/fractal/U0/add_ln17_42_fu_9792_p2 output design_1_i/fractal/U0/add_ln17_42_fu_9792_p2/P[47:0] is not pipelined (PREG=0). Pipelining the DSP48 output will improve performance and often saves power so it is suggested whenever possible to fully pipeline this function.  If this DSP48 function was inferred, it is suggested to describe an additional register stage after this function.  If the DSP48 was instantiated in the design, it is suggested to set the PREG attribute to 1.
Related violations: <none>

DPOP-3#20 Warning
PREG Output pipelining  
DSP design_1_i/fractal/U0/add_ln17_44_fu_9813_p2 output design_1_i/fractal/U0/add_ln17_44_fu_9813_p2/P[47:0] is not pipelined (PREG=0). Pipelining the DSP48 output will improve performance and often saves power so it is suggested whenever possible to fully pipeline this function.  If this DSP48 function was inferred, it is suggested to describe an additional register stage after this function.  If the DSP48 was instantiated in the design, it is suggested to set the PREG attribute to 1.
Related violations: <none>

DPOP-3#21 Warning
PREG Output pipelining  
DSP design_1_i/fractal/U0/add_ln17_48_fu_9855_p2 output design_1_i/fractal/U0/add_ln17_48_fu_9855_p2/P[47:0] is not pipelined (PREG=0). Pipelining the DSP48 output will improve performance and often saves power so it is suggested whenever possible to fully pipeline this function.  If this DSP48 function was inferred, it is suggested to describe an additional register stage after this function.  If the DSP48 was instantiated in the design, it is suggested to set the PREG attribute to 1.
Related violations: <none>

DPOP-3#22 Warning
PREG Output pipelining  
DSP design_1_i/fractal/U0/add_ln17_4_fu_9403_p2 output design_1_i/fractal/U0/add_ln17_4_fu_9403_p2/P[47:0] is not pipelined (PREG=0). Pipelining the DSP48 output will improve performance and often saves power so it is suggested whenever possible to fully pipeline this function.  If this DSP48 function was inferred, it is suggested to describe an additional register stage after this function.  If the DSP48 was instantiated in the design, it is suggested to set the PREG attribute to 1.
Related violations: <none>

DPOP-3#23 Warning
PREG Output pipelining  
DSP design_1_i/fractal/U0/add_ln17_50_fu_9876_p2 output design_1_i/fractal/U0/add_ln17_50_fu_9876_p2/P[47:0] is not pipelined (PREG=0). Pipelining the DSP48 output will improve performance and often saves power so it is suggested whenever possible to fully pipeline this function.  If this DSP48 function was inferred, it is suggested to describe an additional register stage after this function.  If the DSP48 was instantiated in the design, it is suggested to set the PREG attribute to 1.
Related violations: <none>

DPOP-3#24 Warning
PREG Output pipelining  
DSP design_1_i/fractal/U0/add_ln17_52_fu_9897_p2 output design_1_i/fractal/U0/add_ln17_52_fu_9897_p2/P[47:0] is not pipelined (PREG=0). Pipelining the DSP48 output will improve performance and often saves power so it is suggested whenever possible to fully pipeline this function.  If this DSP48 function was inferred, it is suggested to describe an additional register stage after this function.  If the DSP48 was instantiated in the design, it is suggested to set the PREG attribute to 1.
Related violations: <none>

DPOP-3#25 Warning
PREG Output pipelining  
DSP design_1_i/fractal/U0/add_ln17_56_fu_9939_p2 output design_1_i/fractal/U0/add_ln17_56_fu_9939_p2/P[47:0] is not pipelined (PREG=0). Pipelining the DSP48 output will improve performance and often saves power so it is suggested whenever possible to fully pipeline this function.  If this DSP48 function was inferred, it is suggested to describe an additional register stage after this function.  If the DSP48 was instantiated in the design, it is suggested to set the PREG attribute to 1.
Related violations: <none>

DPOP-3#26 Warning
PREG Output pipelining  
DSP design_1_i/fractal/U0/add_ln17_60_fu_9981_p2 output design_1_i/fractal/U0/add_ln17_60_fu_9981_p2/P[47:0] is not pipelined (PREG=0). Pipelining the DSP48 output will improve performance and often saves power so it is suggested whenever possible to fully pipeline this function.  If this DSP48 function was inferred, it is suggested to describe an additional register stage after this function.  If the DSP48 was instantiated in the design, it is suggested to set the PREG attribute to 1.
Related violations: <none>

DPOP-3#27 Warning
PREG Output pipelining  
DSP design_1_i/fractal/U0/add_ln17_64_fu_10023_p2 output design_1_i/fractal/U0/add_ln17_64_fu_10023_p2/P[47:0] is not pipelined (PREG=0). Pipelining the DSP48 output will improve performance and often saves power so it is suggested whenever possible to fully pipeline this function.  If this DSP48 function was inferred, it is suggested to describe an additional register stage after this function.  If the DSP48 was instantiated in the design, it is suggested to set the PREG attribute to 1.
Related violations: <none>

DPOP-3#28 Warning
PREG Output pipelining  
DSP design_1_i/fractal/U0/add_ln17_68_fu_10065_p2 output design_1_i/fractal/U0/add_ln17_68_fu_10065_p2/P[47:0] is not pipelined (PREG=0). Pipelining the DSP48 output will improve performance and often saves power so it is suggested whenever possible to fully pipeline this function.  If this DSP48 function was inferred, it is suggested to describe an additional register stage after this function.  If the DSP48 was instantiated in the design, it is suggested to set the PREG attribute to 1.
Related violations: <none>

DPOP-3#29 Warning
PREG Output pipelining  
DSP design_1_i/fractal/U0/add_ln17_6_fu_9424_p2 output design_1_i/fractal/U0/add_ln17_6_fu_9424_p2/P[47:0] is not pipelined (PREG=0). Pipelining the DSP48 output will improve performance and often saves power so it is suggested whenever possible to fully pipeline this function.  If this DSP48 function was inferred, it is suggested to describe an additional register stage after this function.  If the DSP48 was instantiated in the design, it is suggested to set the PREG attribute to 1.
Related violations: <none>

DPOP-3#30 Warning
PREG Output pipelining  
DSP design_1_i/fractal/U0/add_ln17_70_fu_10086_p2 output design_1_i/fractal/U0/add_ln17_70_fu_10086_p2/P[47:0] is not pipelined (PREG=0). Pipelining the DSP48 output will improve performance and often saves power so it is suggested whenever possible to fully pipeline this function.  If this DSP48 function was inferred, it is suggested to describe an additional register stage after this function.  If the DSP48 was instantiated in the design, it is suggested to set the PREG attribute to 1.
Related violations: <none>

DPOP-3#31 Warning
PREG Output pipelining  
DSP design_1_i/fractal/U0/add_ln17_72_fu_10107_p2 output design_1_i/fractal/U0/add_ln17_72_fu_10107_p2/P[47:0] is not pipelined (PREG=0). Pipelining the DSP48 output will improve performance and often saves power so it is suggested whenever possible to fully pipeline this function.  If this DSP48 function was inferred, it is suggested to describe an additional register stage after this function.  If the DSP48 was instantiated in the design, it is suggested to set the PREG attribute to 1.
Related violations: <none>

DPOP-3#32 Warning
PREG Output pipelining  
DSP design_1_i/fractal/U0/add_ln17_74_fu_10128_p2 output design_1_i/fractal/U0/add_ln17_74_fu_10128_p2/P[47:0] is not pipelined (PREG=0). Pipelining the DSP48 output will improve performance and often saves power so it is suggested whenever possible to fully pipeline this function.  If this DSP48 function was inferred, it is suggested to describe an additional register stage after this function.  If the DSP48 was instantiated in the design, it is suggested to set the PREG attribute to 1.
Related violations: <none>

DPOP-3#33 Warning
PREG Output pipelining  
DSP design_1_i/fractal/U0/add_ln17_76_fu_10149_p2 output design_1_i/fractal/U0/add_ln17_76_fu_10149_p2/P[47:0] is not pipelined (PREG=0). Pipelining the DSP48 output will improve performance and often saves power so it is suggested whenever possible to fully pipeline this function.  If this DSP48 function was inferred, it is suggested to describe an additional register stage after this function.  If the DSP48 was instantiated in the design, it is suggested to set the PREG attribute to 1.
Related violations: <none>

DPOP-3#34 Warning
PREG Output pipelining  
DSP design_1_i/fractal/U0/add_ln17_80_fu_10191_p2 output design_1_i/fractal/U0/add_ln17_80_fu_10191_p2/P[47:0] is not pipelined (PREG=0). Pipelining the DSP48 output will improve performance and often saves power so it is suggested whenever possible to fully pipeline this function.  If this DSP48 function was inferred, it is suggested to describe an additional register stage after this function.  If the DSP48 was instantiated in the design, it is suggested to set the PREG attribute to 1.
Related violations: <none>

DPOP-3#35 Warning
PREG Output pipelining  
DSP design_1_i/fractal/U0/add_ln17_82_fu_10212_p2 output design_1_i/fractal/U0/add_ln17_82_fu_10212_p2/P[47:0] is not pipelined (PREG=0). Pipelining the DSP48 output will improve performance and often saves power so it is suggested whenever possible to fully pipeline this function.  If this DSP48 function was inferred, it is suggested to describe an additional register stage after this function.  If the DSP48 was instantiated in the design, it is suggested to set the PREG attribute to 1.
Related violations: <none>

DPOP-3#36 Warning
PREG Output pipelining  
DSP design_1_i/fractal/U0/add_ln17_84_fu_10233_p2 output design_1_i/fractal/U0/add_ln17_84_fu_10233_p2/P[47:0] is not pipelined (PREG=0). Pipelining the DSP48 output will improve performance and often saves power so it is suggested whenever possible to fully pipeline this function.  If this DSP48 function was inferred, it is suggested to describe an additional register stage after this function.  If the DSP48 was instantiated in the design, it is suggested to set the PREG attribute to 1.
Related violations: <none>

DPOP-3#37 Warning
PREG Output pipelining  
DSP design_1_i/fractal/U0/add_ln17_88_fu_10275_p2 output design_1_i/fractal/U0/add_ln17_88_fu_10275_p2/P[47:0] is not pipelined (PREG=0). Pipelining the DSP48 output will improve performance and often saves power so it is suggested whenever possible to fully pipeline this function.  If this DSP48 function was inferred, it is suggested to describe an additional register stage after this function.  If the DSP48 was instantiated in the design, it is suggested to set the PREG attribute to 1.
Related violations: <none>

DPOP-3#38 Warning
PREG Output pipelining  
DSP design_1_i/fractal/U0/add_ln17_8_fu_9445_p2 output design_1_i/fractal/U0/add_ln17_8_fu_9445_p2/P[47:0] is not pipelined (PREG=0). Pipelining the DSP48 output will improve performance and often saves power so it is suggested whenever possible to fully pipeline this function.  If this DSP48 function was inferred, it is suggested to describe an additional register stage after this function.  If the DSP48 was instantiated in the design, it is suggested to set the PREG attribute to 1.
Related violations: <none>

DPOP-3#39 Warning
PREG Output pipelining  
DSP design_1_i/fractal/U0/add_ln17_90_fu_10296_p2 output design_1_i/fractal/U0/add_ln17_90_fu_10296_p2/P[47:0] is not pipelined (PREG=0). Pipelining the DSP48 output will improve performance and often saves power so it is suggested whenever possible to fully pipeline this function.  If this DSP48 function was inferred, it is suggested to describe an additional register stage after this function.  If the DSP48 was instantiated in the design, it is suggested to set the PREG attribute to 1.
Related violations: <none>

DPOP-3#40 Warning
PREG Output pipelining  
DSP design_1_i/fractal/U0/add_ln17_94_fu_10338_p2 output design_1_i/fractal/U0/add_ln17_94_fu_10338_p2/P[47:0] is not pipelined (PREG=0). Pipelining the DSP48 output will improve performance and often saves power so it is suggested whenever possible to fully pipeline this function.  If this DSP48 function was inferred, it is suggested to describe an additional register stage after this function.  If the DSP48 was instantiated in the design, it is suggested to set the PREG attribute to 1.
Related violations: <none>

DPOP-3#41 Warning
PREG Output pipelining  
DSP design_1_i/fractal/U0/add_ln17_98_fu_10380_p2 output design_1_i/fractal/U0/add_ln17_98_fu_10380_p2/P[47:0] is not pipelined (PREG=0). Pipelining the DSP48 output will improve performance and often saves power so it is suggested whenever possible to fully pipeline this function.  If this DSP48 function was inferred, it is suggested to describe an additional register stage after this function.  If the DSP48 was instantiated in the design, it is suggested to set the PREG attribute to 1.
Related violations: <none>

DPOP-3#42 Warning
PREG Output pipelining  
DSP design_1_i/fractal/U0/fmul_32ns_32ns_32_6_max_dsp_1_U4455/fractal_fmul_32ns_32ns_32_6_max_dsp_1_ip_u/inst/i_synth/MULT.OP/i_non_prim.R_AND_R/LAT_OPT.FULL.R_AND_R/DSP48E1_SGL_EXP_IP.OLD_ADD.ADD/i_no_versal_es1_workaround.DSP output design_1_i/fractal/U0/fmul_32ns_32ns_32_6_max_dsp_1_U4455/fractal_fmul_32ns_32ns_32_6_max_dsp_1_ip_u/inst/i_synth/MULT.OP/i_non_prim.R_AND_R/LAT_OPT.FULL.R_AND_R/DSP48E1_SGL_EXP_IP.OLD_ADD.ADD/i_no_versal_es1_workaround.DSP/CARRYOUT[3:0] is not pipelined (PREG=0). Pipelining the DSP48 output will improve performance and often saves power so it is suggested whenever possible to fully pipeline this function.  If this DSP48 function was inferred, it is suggested to describe an additional register stage after this function.  If the DSP48 was instantiated in the design, it is suggested to set the PREG attribute to 1.
Related violations: <none>

DPOP-3#43 Warning
PREG Output pipelining  
DSP design_1_i/fractal/U0/fmul_32ns_32ns_32_6_max_dsp_1_U4455/fractal_fmul_32ns_32ns_32_6_max_dsp_1_ip_u/inst/i_synth/MULT.OP/i_non_prim.R_AND_R/LAT_OPT.FULL.R_AND_R/DSP48E1_SGL_EXP_IP.OLD_ADD.ADD/i_no_versal_es1_workaround.DSP output design_1_i/fractal/U0/fmul_32ns_32ns_32_6_max_dsp_1_U4455/fractal_fmul_32ns_32ns_32_6_max_dsp_1_ip_u/inst/i_synth/MULT.OP/i_non_prim.R_AND_R/LAT_OPT.FULL.R_AND_R/DSP48E1_SGL_EXP_IP.OLD_ADD.ADD/i_no_versal_es1_workaround.DSP/P[47:0] is not pipelined (PREG=0). Pipelining the DSP48 output will improve performance and often saves power so it is suggested whenever possible to fully pipeline this function.  If this DSP48 function was inferred, it is suggested to describe an additional register stage after this function.  If the DSP48 was instantiated in the design, it is suggested to set the PREG attribute to 1.
Related violations: <none>

DPOP-3#44 Warning
PREG Output pipelining  
DSP design_1_i/fractal/U0/grp_fractal_iterate_fu_21489/fmul_32ns_32ns_32_6_max_dsp_1_U31/fractal_fmul_32ns_32ns_32_6_max_dsp_1_ip_u/inst/i_synth/MULT.OP/i_non_prim.R_AND_R/LAT_OPT.FULL.R_AND_R/DSP48E1_SGL_EXP_IP.OLD_ADD.ADD/i_no_versal_es1_workaround.DSP output design_1_i/fractal/U0/grp_fractal_iterate_fu_21489/fmul_32ns_32ns_32_6_max_dsp_1_U31/fractal_fmul_32ns_32ns_32_6_max_dsp_1_ip_u/inst/i_synth/MULT.OP/i_non_prim.R_AND_R/LAT_OPT.FULL.R_AND_R/DSP48E1_SGL_EXP_IP.OLD_ADD.ADD/i_no_versal_es1_workaround.DSP/CARRYOUT[3:0] is not pipelined (PREG=0). Pipelining the DSP48 output will improve performance and often saves power so it is suggested whenever possible to fully pipeline this function.  If this DSP48 function was inferred, it is suggested to describe an additional register stage after this function.  If the DSP48 was instantiated in the design, it is suggested to set the PREG attribute to 1.
Related violations: <none>

DPOP-3#45 Warning
PREG Output pipelining  
DSP design_1_i/fractal/U0/grp_fractal_iterate_fu_21489/fmul_32ns_32ns_32_6_max_dsp_1_U31/fractal_fmul_32ns_32ns_32_6_max_dsp_1_ip_u/inst/i_synth/MULT.OP/i_non_prim.R_AND_R/LAT_OPT.FULL.R_AND_R/DSP48E1_SGL_EXP_IP.OLD_ADD.ADD/i_no_versal_es1_workaround.DSP output design_1_i/fractal/U0/grp_fractal_iterate_fu_21489/fmul_32ns_32ns_32_6_max_dsp_1_U31/fractal_fmul_32ns_32ns_32_6_max_dsp_1_ip_u/inst/i_synth/MULT.OP/i_non_prim.R_AND_R/LAT_OPT.FULL.R_AND_R/DSP48E1_SGL_EXP_IP.OLD_ADD.ADD/i_no_versal_es1_workaround.DSP/P[47:0] is not pipelined (PREG=0). Pipelining the DSP48 output will improve performance and often saves power so it is suggested whenever possible to fully pipeline this function.  If this DSP48 function was inferred, it is suggested to describe an additional register stage after this function.  If the DSP48 was instantiated in the design, it is suggested to set the PREG attribute to 1.
Related violations: <none>

DPOP-3#46 Warning
PREG Output pipelining  
DSP design_1_i/fractal/U0/grp_fractal_iterate_fu_21489/fmul_32ns_32ns_32_6_max_dsp_1_U32/fractal_fmul_32ns_32ns_32_6_max_dsp_1_ip_u/inst/i_synth/MULT.OP/i_non_prim.R_AND_R/LAT_OPT.FULL.R_AND_R/DSP48E1_SGL_EXP_IP.OLD_ADD.ADD/i_no_versal_es1_workaround.DSP output design_1_i/fractal/U0/grp_fractal_iterate_fu_21489/fmul_32ns_32ns_32_6_max_dsp_1_U32/fractal_fmul_32ns_32ns_32_6_max_dsp_1_ip_u/inst/i_synth/MULT.OP/i_non_prim.R_AND_R/LAT_OPT.FULL.R_AND_R/DSP48E1_SGL_EXP_IP.OLD_ADD.ADD/i_no_versal_es1_workaround.DSP/CARRYOUT[3:0] is not pipelined (PREG=0). Pipelining the DSP48 output will improve performance and often saves power so it is suggested whenever possible to fully pipeline this function.  If this DSP48 function was inferred, it is suggested to describe an additional register stage after this function.  If the DSP48 was instantiated in the design, it is suggested to set the PREG attribute to 1.
Related violations: <none>

DPOP-3#47 Warning
PREG Output pipelining  
DSP design_1_i/fractal/U0/grp_fractal_iterate_fu_21489/fmul_32ns_32ns_32_6_max_dsp_1_U32/fractal_fmul_32ns_32ns_32_6_max_dsp_1_ip_u/inst/i_synth/MULT.OP/i_non_prim.R_AND_R/LAT_OPT.FULL.R_AND_R/DSP48E1_SGL_EXP_IP.OLD_ADD.ADD/i_no_versal_es1_workaround.DSP output design_1_i/fractal/U0/grp_fractal_iterate_fu_21489/fmul_32ns_32ns_32_6_max_dsp_1_U32/fractal_fmul_32ns_32ns_32_6_max_dsp_1_ip_u/inst/i_synth/MULT.OP/i_non_prim.R_AND_R/LAT_OPT.FULL.R_AND_R/DSP48E1_SGL_EXP_IP.OLD_ADD.ADD/i_no_versal_es1_workaround.DSP/P[47:0] is not pipelined (PREG=0). Pipelining the DSP48 output will improve performance and often saves power so it is suggested whenever possible to fully pipeline this function.  If this DSP48 function was inferred, it is suggested to describe an additional register stage after this function.  If the DSP48 was instantiated in the design, it is suggested to set the PREG attribute to 1.
Related violations: <none>

DPOP-3#48 Warning
PREG Output pipelining  
DSP design_1_i/fractal/U0/grp_fractal_iterate_fu_21489/fmul_32ns_32ns_32_6_max_dsp_1_U33/fractal_fmul_32ns_32ns_32_6_max_dsp_1_ip_u/inst/i_synth/MULT.OP/i_non_prim.R_AND_R/LAT_OPT.FULL.R_AND_R/DSP48E1_SGL_EXP_IP.OLD_ADD.ADD/i_no_versal_es1_workaround.DSP output design_1_i/fractal/U0/grp_fractal_iterate_fu_21489/fmul_32ns_32ns_32_6_max_dsp_1_U33/fractal_fmul_32ns_32ns_32_6_max_dsp_1_ip_u/inst/i_synth/MULT.OP/i_non_prim.R_AND_R/LAT_OPT.FULL.R_AND_R/DSP48E1_SGL_EXP_IP.OLD_ADD.ADD/i_no_versal_es1_workaround.DSP/CARRYOUT[3:0] is not pipelined (PREG=0). Pipelining the DSP48 output will improve performance and often saves power so it is suggested whenever possible to fully pipeline this function.  If this DSP48 function was inferred, it is suggested to describe an additional register stage after this function.  If the DSP48 was instantiated in the design, it is suggested to set the PREG attribute to 1.
Related violations: <none>

DPOP-3#49 Warning
PREG Output pipelining  
DSP design_1_i/fractal/U0/grp_fractal_iterate_fu_21489/fmul_32ns_32ns_32_6_max_dsp_1_U33/fractal_fmul_32ns_32ns_32_6_max_dsp_1_ip_u/inst/i_synth/MULT.OP/i_non_prim.R_AND_R/LAT_OPT.FULL.R_AND_R/DSP48E1_SGL_EXP_IP.OLD_ADD.ADD/i_no_versal_es1_workaround.DSP output design_1_i/fractal/U0/grp_fractal_iterate_fu_21489/fmul_32ns_32ns_32_6_max_dsp_1_U33/fractal_fmul_32ns_32ns_32_6_max_dsp_1_ip_u/inst/i_synth/MULT.OP/i_non_prim.R_AND_R/LAT_OPT.FULL.R_AND_R/DSP48E1_SGL_EXP_IP.OLD_ADD.ADD/i_no_versal_es1_workaround.DSP/P[47:0] is not pipelined (PREG=0). Pipelining the DSP48 output will improve performance and often saves power so it is suggested whenever possible to fully pipeline this function.  If this DSP48 function was inferred, it is suggested to describe an additional register stage after this function.  If the DSP48 was instantiated in the design, it is suggested to set the PREG attribute to 1.
Related violations: <none>

DPOP-3#50 Warning
PREG Output pipelining  
DSP design_1_i/fractal/U0/grp_fractal_iterate_fu_21489/fmul_32ns_32ns_32_6_max_dsp_1_U34/fractal_fmul_32ns_32ns_32_6_max_dsp_1_ip_u/inst/i_synth/MULT.OP/i_non_prim.R_AND_R/LAT_OPT.FULL.R_AND_R/DSP48E1_SGL_EXP_IP.OLD_ADD.ADD/i_no_versal_es1_workaround.DSP output design_1_i/fractal/U0/grp_fractal_iterate_fu_21489/fmul_32ns_32ns_32_6_max_dsp_1_U34/fractal_fmul_32ns_32ns_32_6_max_dsp_1_ip_u/inst/i_synth/MULT.OP/i_non_prim.R_AND_R/LAT_OPT.FULL.R_AND_R/DSP48E1_SGL_EXP_IP.OLD_ADD.ADD/i_no_versal_es1_workaround.DSP/CARRYOUT[3:0] is not pipelined (PREG=0). Pipelining the DSP48 output will improve performance and often saves power so it is suggested whenever possible to fully pipeline this function.  If this DSP48 function was inferred, it is suggested to describe an additional register stage after this function.  If the DSP48 was instantiated in the design, it is suggested to set the PREG attribute to 1.
Related violations: <none>

DPOP-3#51 Warning
PREG Output pipelining  
DSP design_1_i/fractal/U0/grp_fractal_iterate_fu_21489/fmul_32ns_32ns_32_6_max_dsp_1_U34/fractal_fmul_32ns_32ns_32_6_max_dsp_1_ip_u/inst/i_synth/MULT.OP/i_non_prim.R_AND_R/LAT_OPT.FULL.R_AND_R/DSP48E1_SGL_EXP_IP.OLD_ADD.ADD/i_no_versal_es1_workaround.DSP output design_1_i/fractal/U0/grp_fractal_iterate_fu_21489/fmul_32ns_32ns_32_6_max_dsp_1_U34/fractal_fmul_32ns_32ns_32_6_max_dsp_1_ip_u/inst/i_synth/MULT.OP/i_non_prim.R_AND_R/LAT_OPT.FULL.R_AND_R/DSP48E1_SGL_EXP_IP.OLD_ADD.ADD/i_no_versal_es1_workaround.DSP/P[47:0] is not pipelined (PREG=0). Pipelining the DSP48 output will improve performance and often saves power so it is suggested whenever possible to fully pipeline this function.  If this DSP48 function was inferred, it is suggested to describe an additional register stage after this function.  If the DSP48 was instantiated in the design, it is suggested to set the PREG attribute to 1.
Related violations: <none>

DPOP-3#52 Warning
PREG Output pipelining  
DSP design_1_i/fractal/U0/grp_fractal_iterate_fu_21489/fmul_32ns_32ns_32_6_max_dsp_1_U35/fractal_fmul_32ns_32ns_32_6_max_dsp_1_ip_u/inst/i_synth/MULT.OP/i_non_prim.R_AND_R/LAT_OPT.FULL.R_AND_R/DSP48E1_SGL_EXP_IP.OLD_ADD.ADD/i_no_versal_es1_workaround.DSP output design_1_i/fractal/U0/grp_fractal_iterate_fu_21489/fmul_32ns_32ns_32_6_max_dsp_1_U35/fractal_fmul_32ns_32ns_32_6_max_dsp_1_ip_u/inst/i_synth/MULT.OP/i_non_prim.R_AND_R/LAT_OPT.FULL.R_AND_R/DSP48E1_SGL_EXP_IP.OLD_ADD.ADD/i_no_versal_es1_workaround.DSP/CARRYOUT[3:0] is not pipelined (PREG=0). Pipelining the DSP48 output will improve performance and often saves power so it is suggested whenever possible to fully pipeline this function.  If this DSP48 function was inferred, it is suggested to describe an additional register stage after this function.  If the DSP48 was instantiated in the design, it is suggested to set the PREG attribute to 1.
Related violations: <none>

DPOP-3#53 Warning
PREG Output pipelining  
DSP design_1_i/fractal/U0/grp_fractal_iterate_fu_21489/fmul_32ns_32ns_32_6_max_dsp_1_U35/fractal_fmul_32ns_32ns_32_6_max_dsp_1_ip_u/inst/i_synth/MULT.OP/i_non_prim.R_AND_R/LAT_OPT.FULL.R_AND_R/DSP48E1_SGL_EXP_IP.OLD_ADD.ADD/i_no_versal_es1_workaround.DSP output design_1_i/fractal/U0/grp_fractal_iterate_fu_21489/fmul_32ns_32ns_32_6_max_dsp_1_U35/fractal_fmul_32ns_32ns_32_6_max_dsp_1_ip_u/inst/i_synth/MULT.OP/i_non_prim.R_AND_R/LAT_OPT.FULL.R_AND_R/DSP48E1_SGL_EXP_IP.OLD_ADD.ADD/i_no_versal_es1_workaround.DSP/P[47:0] is not pipelined (PREG=0). Pipelining the DSP48 output will improve performance and often saves power so it is suggested whenever possible to fully pipeline this function.  If this DSP48 function was inferred, it is suggested to describe an additional register stage after this function.  If the DSP48 was instantiated in the design, it is suggested to set the PREG attribute to 1.
Related violations: <none>

DPOP-3#54 Warning
PREG Output pipelining  
DSP design_1_i/fractal/U0/grp_fractal_iterate_fu_21489/fmul_32ns_32ns_32_6_max_dsp_1_U36/fractal_fmul_32ns_32ns_32_6_max_dsp_1_ip_u/inst/i_synth/MULT.OP/i_non_prim.R_AND_R/LAT_OPT.FULL.R_AND_R/DSP48E1_SGL_EXP_IP.OLD_ADD.ADD/i_no_versal_es1_workaround.DSP output design_1_i/fractal/U0/grp_fractal_iterate_fu_21489/fmul_32ns_32ns_32_6_max_dsp_1_U36/fractal_fmul_32ns_32ns_32_6_max_dsp_1_ip_u/inst/i_synth/MULT.OP/i_non_prim.R_AND_R/LAT_OPT.FULL.R_AND_R/DSP48E1_SGL_EXP_IP.OLD_ADD.ADD/i_no_versal_es1_workaround.DSP/CARRYOUT[3:0] is not pipelined (PREG=0). Pipelining the DSP48 output will improve performance and often saves power so it is suggested whenever possible to fully pipeline this function.  If this DSP48 function was inferred, it is suggested to describe an additional register stage after this function.  If the DSP48 was instantiated in the design, it is suggested to set the PREG attribute to 1.
Related violations: <none>

DPOP-3#55 Warning
PREG Output pipelining  
DSP design_1_i/fractal/U0/grp_fractal_iterate_fu_21489/fmul_32ns_32ns_32_6_max_dsp_1_U36/fractal_fmul_32ns_32ns_32_6_max_dsp_1_ip_u/inst/i_synth/MULT.OP/i_non_prim.R_AND_R/LAT_OPT.FULL.R_AND_R/DSP48E1_SGL_EXP_IP.OLD_ADD.ADD/i_no_versal_es1_workaround.DSP output design_1_i/fractal/U0/grp_fractal_iterate_fu_21489/fmul_32ns_32ns_32_6_max_dsp_1_U36/fractal_fmul_32ns_32ns_32_6_max_dsp_1_ip_u/inst/i_synth/MULT.OP/i_non_prim.R_AND_R/LAT_OPT.FULL.R_AND_R/DSP48E1_SGL_EXP_IP.OLD_ADD.ADD/i_no_versal_es1_workaround.DSP/P[47:0] is not pipelined (PREG=0). Pipelining the DSP48 output will improve performance and often saves power so it is suggested whenever possible to fully pipeline this function.  If this DSP48 function was inferred, it is suggested to describe an additional register stage after this function.  If the DSP48 was instantiated in the design, it is suggested to set the PREG attribute to 1.
Related violations: <none>

DPOP-3#56 Warning
PREG Output pipelining  
DSP design_1_i/fractal/U0/grp_fractal_iterate_fu_21489/fmul_32ns_32ns_32_6_max_dsp_1_U37/fractal_fmul_32ns_32ns_32_6_max_dsp_1_ip_u/inst/i_synth/MULT.OP/i_non_prim.R_AND_R/LAT_OPT.FULL.R_AND_R/DSP48E1_SGL_EXP_IP.OLD_ADD.ADD/i_no_versal_es1_workaround.DSP output design_1_i/fractal/U0/grp_fractal_iterate_fu_21489/fmul_32ns_32ns_32_6_max_dsp_1_U37/fractal_fmul_32ns_32ns_32_6_max_dsp_1_ip_u/inst/i_synth/MULT.OP/i_non_prim.R_AND_R/LAT_OPT.FULL.R_AND_R/DSP48E1_SGL_EXP_IP.OLD_ADD.ADD/i_no_versal_es1_workaround.DSP/CARRYOUT[3:0] is not pipelined (PREG=0). Pipelining the DSP48 output will improve performance and often saves power so it is suggested whenever possible to fully pipeline this function.  If this DSP48 function was inferred, it is suggested to describe an additional register stage after this function.  If the DSP48 was instantiated in the design, it is suggested to set the PREG attribute to 1.
Related violations: <none>

DPOP-3#57 Warning
PREG Output pipelining  
DSP design_1_i/fractal/U0/grp_fractal_iterate_fu_21489/fmul_32ns_32ns_32_6_max_dsp_1_U37/fractal_fmul_32ns_32ns_32_6_max_dsp_1_ip_u/inst/i_synth/MULT.OP/i_non_prim.R_AND_R/LAT_OPT.FULL.R_AND_R/DSP48E1_SGL_EXP_IP.OLD_ADD.ADD/i_no_versal_es1_workaround.DSP output design_1_i/fractal/U0/grp_fractal_iterate_fu_21489/fmul_32ns_32ns_32_6_max_dsp_1_U37/fractal_fmul_32ns_32ns_32_6_max_dsp_1_ip_u/inst/i_synth/MULT.OP/i_non_prim.R_AND_R/LAT_OPT.FULL.R_AND_R/DSP48E1_SGL_EXP_IP.OLD_ADD.ADD/i_no_versal_es1_workaround.DSP/P[47:0] is not pipelined (PREG=0). Pipelining the DSP48 output will improve performance and often saves power so it is suggested whenever possible to fully pipeline this function.  If this DSP48 function was inferred, it is suggested to describe an additional register stage after this function.  If the DSP48 was instantiated in the design, it is suggested to set the PREG attribute to 1.
Related violations: <none>

DPOP-3#58 Warning
PREG Output pipelining  
DSP design_1_i/fractal/U0/grp_fractal_iterate_fu_21489/fmul_32ns_32ns_32_6_max_dsp_1_U38/fractal_fmul_32ns_32ns_32_6_max_dsp_1_ip_u/inst/i_synth/MULT.OP/i_non_prim.R_AND_R/LAT_OPT.FULL.R_AND_R/DSP48E1_SGL_EXP_IP.OLD_ADD.ADD/i_no_versal_es1_workaround.DSP output design_1_i/fractal/U0/grp_fractal_iterate_fu_21489/fmul_32ns_32ns_32_6_max_dsp_1_U38/fractal_fmul_32ns_32ns_32_6_max_dsp_1_ip_u/inst/i_synth/MULT.OP/i_non_prim.R_AND_R/LAT_OPT.FULL.R_AND_R/DSP48E1_SGL_EXP_IP.OLD_ADD.ADD/i_no_versal_es1_workaround.DSP/CARRYOUT[3:0] is not pipelined (PREG=0). Pipelining the DSP48 output will improve performance and often saves power so it is suggested whenever possible to fully pipeline this function.  If this DSP48 function was inferred, it is suggested to describe an additional register stage after this function.  If the DSP48 was instantiated in the design, it is suggested to set the PREG attribute to 1.
Related violations: <none>

DPOP-3#59 Warning
PREG Output pipelining  
DSP design_1_i/fractal/U0/grp_fractal_iterate_fu_21489/fmul_32ns_32ns_32_6_max_dsp_1_U38/fractal_fmul_32ns_32ns_32_6_max_dsp_1_ip_u/inst/i_synth/MULT.OP/i_non_prim.R_AND_R/LAT_OPT.FULL.R_AND_R/DSP48E1_SGL_EXP_IP.OLD_ADD.ADD/i_no_versal_es1_workaround.DSP output design_1_i/fractal/U0/grp_fractal_iterate_fu_21489/fmul_32ns_32ns_32_6_max_dsp_1_U38/fractal_fmul_32ns_32ns_32_6_max_dsp_1_ip_u/inst/i_synth/MULT.OP/i_non_prim.R_AND_R/LAT_OPT.FULL.R_AND_R/DSP48E1_SGL_EXP_IP.OLD_ADD.ADD/i_no_versal_es1_workaround.DSP/P[47:0] is not pipelined (PREG=0). Pipelining the DSP48 output will improve performance and often saves power so it is suggested whenever possible to fully pipeline this function.  If this DSP48 function was inferred, it is suggested to describe an additional register stage after this function.  If the DSP48 was instantiated in the design, it is suggested to set the PREG attribute to 1.
Related violations: <none>

DPOP-3#60 Warning
PREG Output pipelining  
DSP design_1_i/fractal/U0/grp_fractal_iterate_fu_21489/fmul_32ns_32ns_32_6_max_dsp_1_U39/fractal_fmul_32ns_32ns_32_6_max_dsp_1_ip_u/inst/i_synth/MULT.OP/i_non_prim.R_AND_R/LAT_OPT.FULL.R_AND_R/DSP48E1_SGL_EXP_IP.OLD_ADD.ADD/i_no_versal_es1_workaround.DSP output design_1_i/fractal/U0/grp_fractal_iterate_fu_21489/fmul_32ns_32ns_32_6_max_dsp_1_U39/fractal_fmul_32ns_32ns_32_6_max_dsp_1_ip_u/inst/i_synth/MULT.OP/i_non_prim.R_AND_R/LAT_OPT.FULL.R_AND_R/DSP48E1_SGL_EXP_IP.OLD_ADD.ADD/i_no_versal_es1_workaround.DSP/CARRYOUT[3:0] is not pipelined (PREG=0). Pipelining the DSP48 output will improve performance and often saves power so it is suggested whenever possible to fully pipeline this function.  If this DSP48 function was inferred, it is suggested to describe an additional register stage after this function.  If the DSP48 was instantiated in the design, it is suggested to set the PREG attribute to 1.
Related violations: <none>

DPOP-3#61 Warning
PREG Output pipelining  
DSP design_1_i/fractal/U0/grp_fractal_iterate_fu_21489/fmul_32ns_32ns_32_6_max_dsp_1_U39/fractal_fmul_32ns_32ns_32_6_max_dsp_1_ip_u/inst/i_synth/MULT.OP/i_non_prim.R_AND_R/LAT_OPT.FULL.R_AND_R/DSP48E1_SGL_EXP_IP.OLD_ADD.ADD/i_no_versal_es1_workaround.DSP output design_1_i/fractal/U0/grp_fractal_iterate_fu_21489/fmul_32ns_32ns_32_6_max_dsp_1_U39/fractal_fmul_32ns_32ns_32_6_max_dsp_1_ip_u/inst/i_synth/MULT.OP/i_non_prim.R_AND_R/LAT_OPT.FULL.R_AND_R/DSP48E1_SGL_EXP_IP.OLD_ADD.ADD/i_no_versal_es1_workaround.DSP/P[47:0] is not pipelined (PREG=0). Pipelining the DSP48 output will improve performance and often saves power so it is suggested whenever possible to fully pipeline this function.  If this DSP48 function was inferred, it is suggested to describe an additional register stage after this function.  If the DSP48 was instantiated in the design, it is suggested to set the PREG attribute to 1.
Related violations: <none>

DPOP-3#62 Warning
PREG Output pipelining  
DSP design_1_i/fractal/U0/grp_fractal_iterate_fu_21489/fmul_32ns_32ns_32_6_max_dsp_1_U40/fractal_fmul_32ns_32ns_32_6_max_dsp_1_ip_u/inst/i_synth/MULT.OP/i_non_prim.R_AND_R/LAT_OPT.FULL.R_AND_R/DSP48E1_SGL_EXP_IP.OLD_ADD.ADD/i_no_versal_es1_workaround.DSP output design_1_i/fractal/U0/grp_fractal_iterate_fu_21489/fmul_32ns_32ns_32_6_max_dsp_1_U40/fractal_fmul_32ns_32ns_32_6_max_dsp_1_ip_u/inst/i_synth/MULT.OP/i_non_prim.R_AND_R/LAT_OPT.FULL.R_AND_R/DSP48E1_SGL_EXP_IP.OLD_ADD.ADD/i_no_versal_es1_workaround.DSP/CARRYOUT[3:0] is not pipelined (PREG=0). Pipelining the DSP48 output will improve performance and often saves power so it is suggested whenever possible to fully pipeline this function.  If this DSP48 function was inferred, it is suggested to describe an additional register stage after this function.  If the DSP48 was instantiated in the design, it is suggested to set the PREG attribute to 1.
Related violations: <none>

DPOP-3#63 Warning
PREG Output pipelining  
DSP design_1_i/fractal/U0/grp_fractal_iterate_fu_21489/fmul_32ns_32ns_32_6_max_dsp_1_U40/fractal_fmul_32ns_32ns_32_6_max_dsp_1_ip_u/inst/i_synth/MULT.OP/i_non_prim.R_AND_R/LAT_OPT.FULL.R_AND_R/DSP48E1_SGL_EXP_IP.OLD_ADD.ADD/i_no_versal_es1_workaround.DSP output design_1_i/fractal/U0/grp_fractal_iterate_fu_21489/fmul_32ns_32ns_32_6_max_dsp_1_U40/fractal_fmul_32ns_32ns_32_6_max_dsp_1_ip_u/inst/i_synth/MULT.OP/i_non_prim.R_AND_R/LAT_OPT.FULL.R_AND_R/DSP48E1_SGL_EXP_IP.OLD_ADD.ADD/i_no_versal_es1_workaround.DSP/P[47:0] is not pipelined (PREG=0). Pipelining the DSP48 output will improve performance and often saves power so it is suggested whenever possible to fully pipeline this function.  If this DSP48 function was inferred, it is suggested to describe an additional register stage after this function.  If the DSP48 was instantiated in the design, it is suggested to set the PREG attribute to 1.
Related violations: <none>

DPOP-3#64 Warning
PREG Output pipelining  
DSP design_1_i/fractal/U0/grp_fractal_iterate_fu_21489/fmul_32ns_32ns_32_6_max_dsp_1_U41/fractal_fmul_32ns_32ns_32_6_max_dsp_1_ip_u/inst/i_synth/MULT.OP/i_non_prim.R_AND_R/LAT_OPT.FULL.R_AND_R/DSP48E1_SGL_EXP_IP.OLD_ADD.ADD/i_no_versal_es1_workaround.DSP output design_1_i/fractal/U0/grp_fractal_iterate_fu_21489/fmul_32ns_32ns_32_6_max_dsp_1_U41/fractal_fmul_32ns_32ns_32_6_max_dsp_1_ip_u/inst/i_synth/MULT.OP/i_non_prim.R_AND_R/LAT_OPT.FULL.R_AND_R/DSP48E1_SGL_EXP_IP.OLD_ADD.ADD/i_no_versal_es1_workaround.DSP/CARRYOUT[3:0] is not pipelined (PREG=0). Pipelining the DSP48 output will improve performance and often saves power so it is suggested whenever possible to fully pipeline this function.  If this DSP48 function was inferred, it is suggested to describe an additional register stage after this function.  If the DSP48 was instantiated in the design, it is suggested to set the PREG attribute to 1.
Related violations: <none>

DPOP-3#65 Warning
PREG Output pipelining  
DSP design_1_i/fractal/U0/grp_fractal_iterate_fu_21489/fmul_32ns_32ns_32_6_max_dsp_1_U41/fractal_fmul_32ns_32ns_32_6_max_dsp_1_ip_u/inst/i_synth/MULT.OP/i_non_prim.R_AND_R/LAT_OPT.FULL.R_AND_R/DSP48E1_SGL_EXP_IP.OLD_ADD.ADD/i_no_versal_es1_workaround.DSP output design_1_i/fractal/U0/grp_fractal_iterate_fu_21489/fmul_32ns_32ns_32_6_max_dsp_1_U41/fractal_fmul_32ns_32ns_32_6_max_dsp_1_ip_u/inst/i_synth/MULT.OP/i_non_prim.R_AND_R/LAT_OPT.FULL.R_AND_R/DSP48E1_SGL_EXP_IP.OLD_ADD.ADD/i_no_versal_es1_workaround.DSP/P[47:0] is not pipelined (PREG=0). Pipelining the DSP48 output will improve performance and often saves power so it is suggested whenever possible to fully pipeline this function.  If this DSP48 function was inferred, it is suggested to describe an additional register stage after this function.  If the DSP48 was instantiated in the design, it is suggested to set the PREG attribute to 1.
Related violations: <none>

DPOP-3#66 Warning
PREG Output pipelining  
DSP design_1_i/fractal/U0/grp_fractal_iterate_fu_21489/fmul_32ns_32ns_32_6_max_dsp_1_U42/fractal_fmul_32ns_32ns_32_6_max_dsp_1_ip_u/inst/i_synth/MULT.OP/i_non_prim.R_AND_R/LAT_OPT.FULL.R_AND_R/DSP48E1_SGL_EXP_IP.OLD_ADD.ADD/i_no_versal_es1_workaround.DSP output design_1_i/fractal/U0/grp_fractal_iterate_fu_21489/fmul_32ns_32ns_32_6_max_dsp_1_U42/fractal_fmul_32ns_32ns_32_6_max_dsp_1_ip_u/inst/i_synth/MULT.OP/i_non_prim.R_AND_R/LAT_OPT.FULL.R_AND_R/DSP48E1_SGL_EXP_IP.OLD_ADD.ADD/i_no_versal_es1_workaround.DSP/CARRYOUT[3:0] is not pipelined (PREG=0). Pipelining the DSP48 output will improve performance and often saves power so it is suggested whenever possible to fully pipeline this function.  If this DSP48 function was inferred, it is suggested to describe an additional register stage after this function.  If the DSP48 was instantiated in the design, it is suggested to set the PREG attribute to 1.
Related violations: <none>

DPOP-3#67 Warning
PREG Output pipelining  
DSP design_1_i/fractal/U0/grp_fractal_iterate_fu_21489/fmul_32ns_32ns_32_6_max_dsp_1_U42/fractal_fmul_32ns_32ns_32_6_max_dsp_1_ip_u/inst/i_synth/MULT.OP/i_non_prim.R_AND_R/LAT_OPT.FULL.R_AND_R/DSP48E1_SGL_EXP_IP.OLD_ADD.ADD/i_no_versal_es1_workaround.DSP output design_1_i/fractal/U0/grp_fractal_iterate_fu_21489/fmul_32ns_32ns_32_6_max_dsp_1_U42/fractal_fmul_32ns_32ns_32_6_max_dsp_1_ip_u/inst/i_synth/MULT.OP/i_non_prim.R_AND_R/LAT_OPT.FULL.R_AND_R/DSP48E1_SGL_EXP_IP.OLD_ADD.ADD/i_no_versal_es1_workaround.DSP/P[47:0] is not pipelined (PREG=0). Pipelining the DSP48 output will improve performance and often saves power so it is suggested whenever possible to fully pipeline this function.  If this DSP48 function was inferred, it is suggested to describe an additional register stage after this function.  If the DSP48 was instantiated in the design, it is suggested to set the PREG attribute to 1.
Related violations: <none>

DPOP-4#1 Warning
MREG Output pipelining  
DSP design_1_i/fractal/U0/fadd_32ns_32ns_32_10_full_dsp_1_U4454/fractal_fadd_32ns_32ns_32_10_full_dsp_1_ip_u/inst/i_synth/ADDSUB_OP.ADDSUB/DSP.OP/DSP48E1_BODY.NORM_RND/FULL_USAGE_DSP.SHIFT_RND/i_no_versal_es1_workaround.DSP multiplier stage design_1_i/fractal/U0/fadd_32ns_32ns_32_10_full_dsp_1_U4454/fractal_fadd_32ns_32ns_32_10_full_dsp_1_ip_u/inst/i_synth/ADDSUB_OP.ADDSUB/DSP.OP/DSP48E1_BODY.NORM_RND/FULL_USAGE_DSP.SHIFT_RND/i_no_versal_es1_workaround.DSP/P[47:0] is not pipelined (MREG=0). Pipelining the multiplier function will improve performance and will save significant power so it is suggested whenever possible to fully pipeline this function.  If this multiplier was inferred, it is suggested to describe an additional register stage after this function.  If there is no registered adder/accumulator following the multiply function, two pipeline stages are suggested to allow both the MREG and PREG registers to be used.  If the DSP48 was instantiated in the design, it is suggested to set both the MREG and PREG attributes to 1 when performing multiply functions.
Related violations: <none>

DPOP-4#2 Warning
MREG Output pipelining  
DSP design_1_i/fractal/U0/grp_fractal_iterate_fu_21489/fadd_32ns_32ns_32_10_full_dsp_1_U22/fractal_fadd_32ns_32ns_32_10_full_dsp_1_ip_u/inst/i_synth/ADDSUB_OP.ADDSUB/DSP.OP/DSP48E1_BODY.NORM_RND/FULL_USAGE_DSP.SHIFT_RND/i_no_versal_es1_workaround.DSP multiplier stage design_1_i/fractal/U0/grp_fractal_iterate_fu_21489/fadd_32ns_32ns_32_10_full_dsp_1_U22/fractal_fadd_32ns_32ns_32_10_full_dsp_1_ip_u/inst/i_synth/ADDSUB_OP.ADDSUB/DSP.OP/DSP48E1_BODY.NORM_RND/FULL_USAGE_DSP.SHIFT_RND/i_no_versal_es1_workaround.DSP/P[47:0] is not pipelined (MREG=0). Pipelining the multiplier function will improve performance and will save significant power so it is suggested whenever possible to fully pipeline this function.  If this multiplier was inferred, it is suggested to describe an additional register stage after this function.  If there is no registered adder/accumulator following the multiply function, two pipeline stages are suggested to allow both the MREG and PREG registers to be used.  If the DSP48 was instantiated in the design, it is suggested to set both the MREG and PREG attributes to 1 when performing multiply functions.
Related violations: <none>

DPOP-4#3 Warning
MREG Output pipelining  
DSP design_1_i/fractal/U0/grp_fractal_iterate_fu_21489/fadd_32ns_32ns_32_10_full_dsp_1_U24/fractal_fadd_32ns_32ns_32_10_full_dsp_1_ip_u/inst/i_synth/ADDSUB_OP.ADDSUB/DSP.OP/DSP48E1_BODY.NORM_RND/FULL_USAGE_DSP.SHIFT_RND/i_no_versal_es1_workaround.DSP multiplier stage design_1_i/fractal/U0/grp_fractal_iterate_fu_21489/fadd_32ns_32ns_32_10_full_dsp_1_U24/fractal_fadd_32ns_32ns_32_10_full_dsp_1_ip_u/inst/i_synth/ADDSUB_OP.ADDSUB/DSP.OP/DSP48E1_BODY.NORM_RND/FULL_USAGE_DSP.SHIFT_RND/i_no_versal_es1_workaround.DSP/P[47:0] is not pipelined (MREG=0). Pipelining the multiplier function will improve performance and will save significant power so it is suggested whenever possible to fully pipeline this function.  If this multiplier was inferred, it is suggested to describe an additional register stage after this function.  If there is no registered adder/accumulator following the multiply function, two pipeline stages are suggested to allow both the MREG and PREG registers to be used.  If the DSP48 was instantiated in the design, it is suggested to set both the MREG and PREG attributes to 1 when performing multiply functions.
Related violations: <none>

DPOP-4#4 Warning
MREG Output pipelining  
DSP design_1_i/fractal/U0/grp_fractal_iterate_fu_21489/fadd_32ns_32ns_32_10_full_dsp_1_U26/fractal_fadd_32ns_32ns_32_10_full_dsp_1_ip_u/inst/i_synth/ADDSUB_OP.ADDSUB/DSP.OP/DSP48E1_BODY.NORM_RND/FULL_USAGE_DSP.SHIFT_RND/i_no_versal_es1_workaround.DSP multiplier stage design_1_i/fractal/U0/grp_fractal_iterate_fu_21489/fadd_32ns_32ns_32_10_full_dsp_1_U26/fractal_fadd_32ns_32ns_32_10_full_dsp_1_ip_u/inst/i_synth/ADDSUB_OP.ADDSUB/DSP.OP/DSP48E1_BODY.NORM_RND/FULL_USAGE_DSP.SHIFT_RND/i_no_versal_es1_workaround.DSP/P[47:0] is not pipelined (MREG=0). Pipelining the multiplier function will improve performance and will save significant power so it is suggested whenever possible to fully pipeline this function.  If this multiplier was inferred, it is suggested to describe an additional register stage after this function.  If there is no registered adder/accumulator following the multiply function, two pipeline stages are suggested to allow both the MREG and PREG registers to be used.  If the DSP48 was instantiated in the design, it is suggested to set both the MREG and PREG attributes to 1 when performing multiply functions.
Related violations: <none>

DPOP-4#5 Warning
MREG Output pipelining  
DSP design_1_i/fractal/U0/grp_fractal_iterate_fu_21489/fadd_32ns_32ns_32_10_full_dsp_1_U27/fractal_fadd_32ns_32ns_32_10_full_dsp_1_ip_u/inst/i_synth/ADDSUB_OP.ADDSUB/DSP.OP/DSP48E1_BODY.NORM_RND/FULL_USAGE_DSP.SHIFT_RND/i_no_versal_es1_workaround.DSP multiplier stage design_1_i/fractal/U0/grp_fractal_iterate_fu_21489/fadd_32ns_32ns_32_10_full_dsp_1_U27/fractal_fadd_32ns_32ns_32_10_full_dsp_1_ip_u/inst/i_synth/ADDSUB_OP.ADDSUB/DSP.OP/DSP48E1_BODY.NORM_RND/FULL_USAGE_DSP.SHIFT_RND/i_no_versal_es1_workaround.DSP/P[47:0] is not pipelined (MREG=0). Pipelining the multiplier function will improve performance and will save significant power so it is suggested whenever possible to fully pipeline this function.  If this multiplier was inferred, it is suggested to describe an additional register stage after this function.  If there is no registered adder/accumulator following the multiply function, two pipeline stages are suggested to allow both the MREG and PREG registers to be used.  If the DSP48 was instantiated in the design, it is suggested to set both the MREG and PREG attributes to 1 when performing multiply functions.
Related violations: <none>

DPOP-4#6 Warning
MREG Output pipelining  
DSP design_1_i/fractal/U0/grp_fractal_iterate_fu_21489/fadd_32ns_32ns_32_10_full_dsp_1_U28/fractal_fadd_32ns_32ns_32_10_full_dsp_1_ip_u/inst/i_synth/ADDSUB_OP.ADDSUB/DSP.OP/DSP48E1_BODY.NORM_RND/FULL_USAGE_DSP.SHIFT_RND/i_no_versal_es1_workaround.DSP multiplier stage design_1_i/fractal/U0/grp_fractal_iterate_fu_21489/fadd_32ns_32ns_32_10_full_dsp_1_U28/fractal_fadd_32ns_32ns_32_10_full_dsp_1_ip_u/inst/i_synth/ADDSUB_OP.ADDSUB/DSP.OP/DSP48E1_BODY.NORM_RND/FULL_USAGE_DSP.SHIFT_RND/i_no_versal_es1_workaround.DSP/P[47:0] is not pipelined (MREG=0). Pipelining the multiplier function will improve performance and will save significant power so it is suggested whenever possible to fully pipeline this function.  If this multiplier was inferred, it is suggested to describe an additional register stage after this function.  If there is no registered adder/accumulator following the multiply function, two pipeline stages are suggested to allow both the MREG and PREG registers to be used.  If the DSP48 was instantiated in the design, it is suggested to set both the MREG and PREG attributes to 1 when performing multiply functions.
Related violations: <none>

DPOP-4#7 Warning
MREG Output pipelining  
DSP design_1_i/fractal/U0/grp_fractal_iterate_fu_21489/fadd_32ns_32ns_32_10_full_dsp_1_U29/fractal_fadd_32ns_32ns_32_10_full_dsp_1_ip_u/inst/i_synth/ADDSUB_OP.ADDSUB/DSP.OP/DSP48E1_BODY.NORM_RND/FULL_USAGE_DSP.SHIFT_RND/i_no_versal_es1_workaround.DSP multiplier stage design_1_i/fractal/U0/grp_fractal_iterate_fu_21489/fadd_32ns_32ns_32_10_full_dsp_1_U29/fractal_fadd_32ns_32ns_32_10_full_dsp_1_ip_u/inst/i_synth/ADDSUB_OP.ADDSUB/DSP.OP/DSP48E1_BODY.NORM_RND/FULL_USAGE_DSP.SHIFT_RND/i_no_versal_es1_workaround.DSP/P[47:0] is not pipelined (MREG=0). Pipelining the multiplier function will improve performance and will save significant power so it is suggested whenever possible to fully pipeline this function.  If this multiplier was inferred, it is suggested to describe an additional register stage after this function.  If there is no registered adder/accumulator following the multiply function, two pipeline stages are suggested to allow both the MREG and PREG registers to be used.  If the DSP48 was instantiated in the design, it is suggested to set both the MREG and PREG attributes to 1 when performing multiply functions.
Related violations: <none>

DPOP-4#8 Warning
MREG Output pipelining  
DSP design_1_i/fractal/U0/grp_fractal_iterate_fu_21489/fadd_32ns_32ns_32_10_full_dsp_1_U30/fractal_fadd_32ns_32ns_32_10_full_dsp_1_ip_u/inst/i_synth/ADDSUB_OP.ADDSUB/DSP.OP/DSP48E1_BODY.NORM_RND/FULL_USAGE_DSP.SHIFT_RND/i_no_versal_es1_workaround.DSP multiplier stage design_1_i/fractal/U0/grp_fractal_iterate_fu_21489/fadd_32ns_32ns_32_10_full_dsp_1_U30/fractal_fadd_32ns_32ns_32_10_full_dsp_1_ip_u/inst/i_synth/ADDSUB_OP.ADDSUB/DSP.OP/DSP48E1_BODY.NORM_RND/FULL_USAGE_DSP.SHIFT_RND/i_no_versal_es1_workaround.DSP/P[47:0] is not pipelined (MREG=0). Pipelining the multiplier function will improve performance and will save significant power so it is suggested whenever possible to fully pipeline this function.  If this multiplier was inferred, it is suggested to describe an additional register stage after this function.  If there is no registered adder/accumulator following the multiply function, two pipeline stages are suggested to allow both the MREG and PREG registers to be used.  If the DSP48 was instantiated in the design, it is suggested to set both the MREG and PREG attributes to 1 when performing multiply functions.
Related violations: <none>

DPOP-4#9 Warning
MREG Output pipelining  
DSP design_1_i/fractal/U0/grp_fractal_iterate_fu_21489/fsub_32ns_32ns_32_10_full_dsp_1_U23/fractal_fsub_32ns_32ns_32_10_full_dsp_1_ip_u/inst/i_synth/ADDSUB_OP.ADDSUB/DSP.OP/DSP48E1_BODY.NORM_RND/FULL_USAGE_DSP.SHIFT_RND/i_no_versal_es1_workaround.DSP multiplier stage design_1_i/fractal/U0/grp_fractal_iterate_fu_21489/fsub_32ns_32ns_32_10_full_dsp_1_U23/fractal_fsub_32ns_32ns_32_10_full_dsp_1_ip_u/inst/i_synth/ADDSUB_OP.ADDSUB/DSP.OP/DSP48E1_BODY.NORM_RND/FULL_USAGE_DSP.SHIFT_RND/i_no_versal_es1_workaround.DSP/P[47:0] is not pipelined (MREG=0). Pipelining the multiplier function will improve performance and will save significant power so it is suggested whenever possible to fully pipeline this function.  If this multiplier was inferred, it is suggested to describe an additional register stage after this function.  If there is no registered adder/accumulator following the multiply function, two pipeline stages are suggested to allow both the MREG and PREG registers to be used.  If the DSP48 was instantiated in the design, it is suggested to set both the MREG and PREG attributes to 1 when performing multiply functions.
Related violations: <none>

DPOP-4#10 Warning
MREG Output pipelining  
DSP design_1_i/fractal/U0/grp_fractal_iterate_fu_21489/fsub_32ns_32ns_32_10_full_dsp_1_U25/fractal_fsub_32ns_32ns_32_10_full_dsp_1_ip_u/inst/i_synth/ADDSUB_OP.ADDSUB/DSP.OP/DSP48E1_BODY.NORM_RND/FULL_USAGE_DSP.SHIFT_RND/i_no_versal_es1_workaround.DSP multiplier stage design_1_i/fractal/U0/grp_fractal_iterate_fu_21489/fsub_32ns_32ns_32_10_full_dsp_1_U25/fractal_fsub_32ns_32ns_32_10_full_dsp_1_ip_u/inst/i_synth/ADDSUB_OP.ADDSUB/DSP.OP/DSP48E1_BODY.NORM_RND/FULL_USAGE_DSP.SHIFT_RND/i_no_versal_es1_workaround.DSP/P[47:0] is not pipelined (MREG=0). Pipelining the multiplier function will improve performance and will save significant power so it is suggested whenever possible to fully pipeline this function.  If this multiplier was inferred, it is suggested to describe an additional register stage after this function.  If there is no registered adder/accumulator following the multiply function, two pipeline stages are suggested to allow both the MREG and PREG registers to be used.  If the DSP48 was instantiated in the design, it is suggested to set both the MREG and PREG attributes to 1 when performing multiply functions.
Related violations: <none>

DPOP-4#11 Warning
MREG Output pipelining  
DSP design_1_i/fractal/U0/mul_ln17_reg_18306_reg multiplier stage design_1_i/fractal/U0/mul_ln17_reg_18306_reg/P[47:0] is not pipelined (MREG=0). Pipelining the multiplier function will improve performance and will save significant power so it is suggested whenever possible to fully pipeline this function.  If this multiplier was inferred, it is suggested to describe an additional register stage after this function.  If there is no registered adder/accumulator following the multiply function, two pipeline stages are suggested to allow both the MREG and PREG registers to be used.  If the DSP48 was instantiated in the design, it is suggested to set both the MREG and PREG attributes to 1 when performing multiply functions.
Related violations: <none>

REQP-1935#1 Warning
RAMB36E2_nochange_collision_advisory  
Synchronous clocking is detected for BRAM (design_1_i/axi_video_0/U0/video_FIFO/xpm_fifo_async_inst/gnuram_async_fifo.xpm_fifo_base_inst/gen_sdpram.xpm_memory_base_inst/gen_wr_a.gen_word_wide.mem_reg_bram_0) in SDP mode with NO_CHANGE write-mode. This is the preferred mode for best power characteristics. However, NO_CHANGE may exhibit address collisions if the same address appears on both read and write ports resulting in unknown or corrupted read data. It is suggested to confirm via simulation that an address collision never occurs and if so it is suggested to try and avoid this situation. If address collisions cannot be avoided, the write-mode may be set to READ_FIRST which guarantees that the read data is the prior contents of the memory at the cost of additional power in the design. See the FPGA Memory Resources User Guide for additional information.
Related violations: <none>

AVAL-155#1 Advisory
enum_AMULTSEL_BMULTSEL_enum_DREG_ADREG_0_connects_CED_CEAD_RSTD_GND  
design_1_i/fractal/U0/fadd_32ns_32ns_32_10_full_dsp_1_U4454/fractal_fadd_32ns_32ns_32_10_full_dsp_1_ip_u/inst/i_synth/ADDSUB_OP.ADDSUB/DSP.OP/DSP48E1_BODY.NORM_RND/FULL_USAGE_DSP.SHIFT_RND/i_no_versal_es1_workaround.DSP: DSP48E2 is not using the D port (AMULTSEL = A and BMULTSEL = B). For improved power characteristics, set DREG and ADREG to '1', tie CED, CEAD, and RSTD to logic '0'.
Related violations: <none>

AVAL-155#2 Advisory
enum_AMULTSEL_BMULTSEL_enum_DREG_ADREG_0_connects_CED_CEAD_RSTD_GND  
design_1_i/fractal/U0/fmul_32ns_32ns_32_6_max_dsp_1_U4455/fractal_fmul_32ns_32ns_32_6_max_dsp_1_ip_u/inst/i_synth/MULT.OP/i_non_prim.MULT/DSP48E1_SPD_SGL_VARIANT.FIX_MULT/DSP1/i_no_versal_es1_workaround.DSP: DSP48E2 is not using the D port (AMULTSEL = A and BMULTSEL = B). For improved power characteristics, set DREG and ADREG to '1', tie CED, CEAD, and RSTD to logic '0'.
Related violations: <none>

AVAL-155#3 Advisory
enum_AMULTSEL_BMULTSEL_enum_DREG_ADREG_0_connects_CED_CEAD_RSTD_GND  
design_1_i/fractal/U0/fmul_32ns_32ns_32_6_max_dsp_1_U4455/fractal_fmul_32ns_32ns_32_6_max_dsp_1_ip_u/inst/i_synth/MULT.OP/i_non_prim.MULT/DSP48E1_SPD_SGL_VARIANT.FIX_MULT/DSP2/i_no_versal_es1_workaround.DSP: DSP48E2 is not using the D port (AMULTSEL = A and BMULTSEL = B). For improved power characteristics, set DREG and ADREG to '1', tie CED, CEAD, and RSTD to logic '0'.
Related violations: <none>

AVAL-155#4 Advisory
enum_AMULTSEL_BMULTSEL_enum_DREG_ADREG_0_connects_CED_CEAD_RSTD_GND  
design_1_i/fractal/U0/fmul_32ns_32ns_32_6_max_dsp_1_U4455/fractal_fmul_32ns_32ns_32_6_max_dsp_1_ip_u/inst/i_synth/MULT.OP/i_non_prim.R_AND_R/LAT_OPT.FULL.R_AND_R/DSP48E1_SGL_EXP_IP.OLD_ADD.ADD/i_no_versal_es1_workaround.DSP: DSP48E2 is not using the D port (AMULTSEL = A and BMULTSEL = B). For improved power characteristics, set DREG and ADREG to '1', tie CED, CEAD, and RSTD to logic '0'.
Related violations: <none>

AVAL-155#5 Advisory
enum_AMULTSEL_BMULTSEL_enum_DREG_ADREG_0_connects_CED_CEAD_RSTD_GND  
design_1_i/fractal/U0/grp_fractal_iterate_fu_21489/fadd_32ns_32ns_32_10_full_dsp_1_U22/fractal_fadd_32ns_32ns_32_10_full_dsp_1_ip_u/inst/i_synth/ADDSUB_OP.ADDSUB/DSP.OP/DSP48E1_BODY.NORM_RND/FULL_USAGE_DSP.SHIFT_RND/i_no_versal_es1_workaround.DSP: DSP48E2 is not using the D port (AMULTSEL = A and BMULTSEL = B). For improved power characteristics, set DREG and ADREG to '1', tie CED, CEAD, and RSTD to logic '0'.
Related violations: <none>

AVAL-155#6 Advisory
enum_AMULTSEL_BMULTSEL_enum_DREG_ADREG_0_connects_CED_CEAD_RSTD_GND  
design_1_i/fractal/U0/grp_fractal_iterate_fu_21489/fadd_32ns_32ns_32_10_full_dsp_1_U24/fractal_fadd_32ns_32ns_32_10_full_dsp_1_ip_u/inst/i_synth/ADDSUB_OP.ADDSUB/DSP.OP/DSP48E1_BODY.NORM_RND/FULL_USAGE_DSP.SHIFT_RND/i_no_versal_es1_workaround.DSP: DSP48E2 is not using the D port (AMULTSEL = A and BMULTSEL = B). For improved power characteristics, set DREG and ADREG to '1', tie CED, CEAD, and RSTD to logic '0'.
Related violations: <none>

AVAL-155#7 Advisory
enum_AMULTSEL_BMULTSEL_enum_DREG_ADREG_0_connects_CED_CEAD_RSTD_GND  
design_1_i/fractal/U0/grp_fractal_iterate_fu_21489/fadd_32ns_32ns_32_10_full_dsp_1_U26/fractal_fadd_32ns_32ns_32_10_full_dsp_1_ip_u/inst/i_synth/ADDSUB_OP.ADDSUB/DSP.OP/DSP48E1_BODY.NORM_RND/FULL_USAGE_DSP.SHIFT_RND/i_no_versal_es1_workaround.DSP: DSP48E2 is not using the D port (AMULTSEL = A and BMULTSEL = B). For improved power characteristics, set DREG and ADREG to '1', tie CED, CEAD, and RSTD to logic '0'.
Related violations: <none>

AVAL-155#8 Advisory
enum_AMULTSEL_BMULTSEL_enum_DREG_ADREG_0_connects_CED_CEAD_RSTD_GND  
design_1_i/fractal/U0/grp_fractal_iterate_fu_21489/fadd_32ns_32ns_32_10_full_dsp_1_U27/fractal_fadd_32ns_32ns_32_10_full_dsp_1_ip_u/inst/i_synth/ADDSUB_OP.ADDSUB/DSP.OP/DSP48E1_BODY.NORM_RND/FULL_USAGE_DSP.SHIFT_RND/i_no_versal_es1_workaround.DSP: DSP48E2 is not using the D port (AMULTSEL = A and BMULTSEL = B). For improved power characteristics, set DREG and ADREG to '1', tie CED, CEAD, and RSTD to logic '0'.
Related violations: <none>

AVAL-155#9 Advisory
enum_AMULTSEL_BMULTSEL_enum_DREG_ADREG_0_connects_CED_CEAD_RSTD_GND  
design_1_i/fractal/U0/grp_fractal_iterate_fu_21489/fadd_32ns_32ns_32_10_full_dsp_1_U28/fractal_fadd_32ns_32ns_32_10_full_dsp_1_ip_u/inst/i_synth/ADDSUB_OP.ADDSUB/DSP.OP/DSP48E1_BODY.NORM_RND/FULL_USAGE_DSP.SHIFT_RND/i_no_versal_es1_workaround.DSP: DSP48E2 is not using the D port (AMULTSEL = A and BMULTSEL = B). For improved power characteristics, set DREG and ADREG to '1', tie CED, CEAD, and RSTD to logic '0'.
Related violations: <none>

AVAL-155#10 Advisory
enum_AMULTSEL_BMULTSEL_enum_DREG_ADREG_0_connects_CED_CEAD_RSTD_GND  
design_1_i/fractal/U0/grp_fractal_iterate_fu_21489/fadd_32ns_32ns_32_10_full_dsp_1_U29/fractal_fadd_32ns_32ns_32_10_full_dsp_1_ip_u/inst/i_synth/ADDSUB_OP.ADDSUB/DSP.OP/DSP48E1_BODY.NORM_RND/FULL_USAGE_DSP.SHIFT_RND/i_no_versal_es1_workaround.DSP: DSP48E2 is not using the D port (AMULTSEL = A and BMULTSEL = B). For improved power characteristics, set DREG and ADREG to '1', tie CED, CEAD, and RSTD to logic '0'.
Related violations: <none>

AVAL-155#11 Advisory
enum_AMULTSEL_BMULTSEL_enum_DREG_ADREG_0_connects_CED_CEAD_RSTD_GND  
design_1_i/fractal/U0/grp_fractal_iterate_fu_21489/fadd_32ns_32ns_32_10_full_dsp_1_U30/fractal_fadd_32ns_32ns_32_10_full_dsp_1_ip_u/inst/i_synth/ADDSUB_OP.ADDSUB/DSP.OP/DSP48E1_BODY.NORM_RND/FULL_USAGE_DSP.SHIFT_RND/i_no_versal_es1_workaround.DSP: DSP48E2 is not using the D port (AMULTSEL = A and BMULTSEL = B). For improved power characteristics, set DREG and ADREG to '1', tie CED, CEAD, and RSTD to logic '0'.
Related violations: <none>

AVAL-155#12 Advisory
enum_AMULTSEL_BMULTSEL_enum_DREG_ADREG_0_connects_CED_CEAD_RSTD_GND  
design_1_i/fractal/U0/grp_fractal_iterate_fu_21489/fmul_32ns_32ns_32_6_max_dsp_1_U31/fractal_fmul_32ns_32ns_32_6_max_dsp_1_ip_u/inst/i_synth/MULT.OP/i_non_prim.MULT/DSP48E1_SPD_SGL_VARIANT.FIX_MULT/DSP1/i_no_versal_es1_workaround.DSP: DSP48E2 is not using the D port (AMULTSEL = A and BMULTSEL = B). For improved power characteristics, set DREG and ADREG to '1', tie CED, CEAD, and RSTD to logic '0'.
Related violations: <none>

AVAL-155#13 Advisory
enum_AMULTSEL_BMULTSEL_enum_DREG_ADREG_0_connects_CED_CEAD_RSTD_GND  
design_1_i/fractal/U0/grp_fractal_iterate_fu_21489/fmul_32ns_32ns_32_6_max_dsp_1_U31/fractal_fmul_32ns_32ns_32_6_max_dsp_1_ip_u/inst/i_synth/MULT.OP/i_non_prim.MULT/DSP48E1_SPD_SGL_VARIANT.FIX_MULT/DSP2/i_no_versal_es1_workaround.DSP: DSP48E2 is not using the D port (AMULTSEL = A and BMULTSEL = B). For improved power characteristics, set DREG and ADREG to '1', tie CED, CEAD, and RSTD to logic '0'.
Related violations: <none>

AVAL-155#14 Advisory
enum_AMULTSEL_BMULTSEL_enum_DREG_ADREG_0_connects_CED_CEAD_RSTD_GND  
design_1_i/fractal/U0/grp_fractal_iterate_fu_21489/fmul_32ns_32ns_32_6_max_dsp_1_U31/fractal_fmul_32ns_32ns_32_6_max_dsp_1_ip_u/inst/i_synth/MULT.OP/i_non_prim.R_AND_R/LAT_OPT.FULL.R_AND_R/DSP48E1_SGL_EXP_IP.OLD_ADD.ADD/i_no_versal_es1_workaround.DSP: DSP48E2 is not using the D port (AMULTSEL = A and BMULTSEL = B). For improved power characteristics, set DREG and ADREG to '1', tie CED, CEAD, and RSTD to logic '0'.
Related violations: <none>

AVAL-155#15 Advisory
enum_AMULTSEL_BMULTSEL_enum_DREG_ADREG_0_connects_CED_CEAD_RSTD_GND  
design_1_i/fractal/U0/grp_fractal_iterate_fu_21489/fmul_32ns_32ns_32_6_max_dsp_1_U32/fractal_fmul_32ns_32ns_32_6_max_dsp_1_ip_u/inst/i_synth/MULT.OP/i_non_prim.MULT/DSP48E1_SPD_SGL_VARIANT.FIX_MULT/DSP1/i_no_versal_es1_workaround.DSP: DSP48E2 is not using the D port (AMULTSEL = A and BMULTSEL = B). For improved power characteristics, set DREG and ADREG to '1', tie CED, CEAD, and RSTD to logic '0'.
Related violations: <none>

AVAL-155#16 Advisory
enum_AMULTSEL_BMULTSEL_enum_DREG_ADREG_0_connects_CED_CEAD_RSTD_GND  
design_1_i/fractal/U0/grp_fractal_iterate_fu_21489/fmul_32ns_32ns_32_6_max_dsp_1_U32/fractal_fmul_32ns_32ns_32_6_max_dsp_1_ip_u/inst/i_synth/MULT.OP/i_non_prim.MULT/DSP48E1_SPD_SGL_VARIANT.FIX_MULT/DSP2/i_no_versal_es1_workaround.DSP: DSP48E2 is not using the D port (AMULTSEL = A and BMULTSEL = B). For improved power characteristics, set DREG and ADREG to '1', tie CED, CEAD, and RSTD to logic '0'.
Related violations: <none>

AVAL-155#17 Advisory
enum_AMULTSEL_BMULTSEL_enum_DREG_ADREG_0_connects_CED_CEAD_RSTD_GND  
design_1_i/fractal/U0/grp_fractal_iterate_fu_21489/fmul_32ns_32ns_32_6_max_dsp_1_U32/fractal_fmul_32ns_32ns_32_6_max_dsp_1_ip_u/inst/i_synth/MULT.OP/i_non_prim.R_AND_R/LAT_OPT.FULL.R_AND_R/DSP48E1_SGL_EXP_IP.OLD_ADD.ADD/i_no_versal_es1_workaround.DSP: DSP48E2 is not using the D port (AMULTSEL = A and BMULTSEL = B). For improved power characteristics, set DREG and ADREG to '1', tie CED, CEAD, and RSTD to logic '0'.
Related violations: <none>

AVAL-155#18 Advisory
enum_AMULTSEL_BMULTSEL_enum_DREG_ADREG_0_connects_CED_CEAD_RSTD_GND  
design_1_i/fractal/U0/grp_fractal_iterate_fu_21489/fmul_32ns_32ns_32_6_max_dsp_1_U33/fractal_fmul_32ns_32ns_32_6_max_dsp_1_ip_u/inst/i_synth/MULT.OP/i_non_prim.MULT/DSP48E1_SPD_SGL_VARIANT.FIX_MULT/DSP1/i_no_versal_es1_workaround.DSP: DSP48E2 is not using the D port (AMULTSEL = A and BMULTSEL = B). For improved power characteristics, set DREG and ADREG to '1', tie CED, CEAD, and RSTD to logic '0'.
Related violations: <none>

AVAL-155#19 Advisory
enum_AMULTSEL_BMULTSEL_enum_DREG_ADREG_0_connects_CED_CEAD_RSTD_GND  
design_1_i/fractal/U0/grp_fractal_iterate_fu_21489/fmul_32ns_32ns_32_6_max_dsp_1_U33/fractal_fmul_32ns_32ns_32_6_max_dsp_1_ip_u/inst/i_synth/MULT.OP/i_non_prim.MULT/DSP48E1_SPD_SGL_VARIANT.FIX_MULT/DSP2/i_no_versal_es1_workaround.DSP: DSP48E2 is not using the D port (AMULTSEL = A and BMULTSEL = B). For improved power characteristics, set DREG and ADREG to '1', tie CED, CEAD, and RSTD to logic '0'.
Related violations: <none>

AVAL-155#20 Advisory
enum_AMULTSEL_BMULTSEL_enum_DREG_ADREG_0_connects_CED_CEAD_RSTD_GND  
design_1_i/fractal/U0/grp_fractal_iterate_fu_21489/fmul_32ns_32ns_32_6_max_dsp_1_U33/fractal_fmul_32ns_32ns_32_6_max_dsp_1_ip_u/inst/i_synth/MULT.OP/i_non_prim.R_AND_R/LAT_OPT.FULL.R_AND_R/DSP48E1_SGL_EXP_IP.OLD_ADD.ADD/i_no_versal_es1_workaround.DSP: DSP48E2 is not using the D port (AMULTSEL = A and BMULTSEL = B). For improved power characteristics, set DREG and ADREG to '1', tie CED, CEAD, and RSTD to logic '0'.
Related violations: <none>

AVAL-155#21 Advisory
enum_AMULTSEL_BMULTSEL_enum_DREG_ADREG_0_connects_CED_CEAD_RSTD_GND  
design_1_i/fractal/U0/grp_fractal_iterate_fu_21489/fmul_32ns_32ns_32_6_max_dsp_1_U34/fractal_fmul_32ns_32ns_32_6_max_dsp_1_ip_u/inst/i_synth/MULT.OP/i_non_prim.MULT/DSP48E1_SPD_SGL_VARIANT.FIX_MULT/DSP1/i_no_versal_es1_workaround.DSP: DSP48E2 is not using the D port (AMULTSEL = A and BMULTSEL = B). For improved power characteristics, set DREG and ADREG to '1', tie CED, CEAD, and RSTD to logic '0'.
Related violations: <none>

AVAL-155#22 Advisory
enum_AMULTSEL_BMULTSEL_enum_DREG_ADREG_0_connects_CED_CEAD_RSTD_GND  
design_1_i/fractal/U0/grp_fractal_iterate_fu_21489/fmul_32ns_32ns_32_6_max_dsp_1_U34/fractal_fmul_32ns_32ns_32_6_max_dsp_1_ip_u/inst/i_synth/MULT.OP/i_non_prim.MULT/DSP48E1_SPD_SGL_VARIANT.FIX_MULT/DSP2/i_no_versal_es1_workaround.DSP: DSP48E2 is not using the D port (AMULTSEL = A and BMULTSEL = B). For improved power characteristics, set DREG and ADREG to '1', tie CED, CEAD, and RSTD to logic '0'.
Related violations: <none>

AVAL-155#23 Advisory
enum_AMULTSEL_BMULTSEL_enum_DREG_ADREG_0_connects_CED_CEAD_RSTD_GND  
design_1_i/fractal/U0/grp_fractal_iterate_fu_21489/fmul_32ns_32ns_32_6_max_dsp_1_U34/fractal_fmul_32ns_32ns_32_6_max_dsp_1_ip_u/inst/i_synth/MULT.OP/i_non_prim.R_AND_R/LAT_OPT.FULL.R_AND_R/DSP48E1_SGL_EXP_IP.OLD_ADD.ADD/i_no_versal_es1_workaround.DSP: DSP48E2 is not using the D port (AMULTSEL = A and BMULTSEL = B). For improved power characteristics, set DREG and ADREG to '1', tie CED, CEAD, and RSTD to logic '0'.
Related violations: <none>

AVAL-155#24 Advisory
enum_AMULTSEL_BMULTSEL_enum_DREG_ADREG_0_connects_CED_CEAD_RSTD_GND  
design_1_i/fractal/U0/grp_fractal_iterate_fu_21489/fmul_32ns_32ns_32_6_max_dsp_1_U35/fractal_fmul_32ns_32ns_32_6_max_dsp_1_ip_u/inst/i_synth/MULT.OP/i_non_prim.MULT/DSP48E1_SPD_SGL_VARIANT.FIX_MULT/DSP1/i_no_versal_es1_workaround.DSP: DSP48E2 is not using the D port (AMULTSEL = A and BMULTSEL = B). For improved power characteristics, set DREG and ADREG to '1', tie CED, CEAD, and RSTD to logic '0'.
Related violations: <none>

AVAL-155#25 Advisory
enum_AMULTSEL_BMULTSEL_enum_DREG_ADREG_0_connects_CED_CEAD_RSTD_GND  
design_1_i/fractal/U0/grp_fractal_iterate_fu_21489/fmul_32ns_32ns_32_6_max_dsp_1_U35/fractal_fmul_32ns_32ns_32_6_max_dsp_1_ip_u/inst/i_synth/MULT.OP/i_non_prim.MULT/DSP48E1_SPD_SGL_VARIANT.FIX_MULT/DSP2/i_no_versal_es1_workaround.DSP: DSP48E2 is not using the D port (AMULTSEL = A and BMULTSEL = B). For improved power characteristics, set DREG and ADREG to '1', tie CED, CEAD, and RSTD to logic '0'.
Related violations: <none>

AVAL-155#26 Advisory
enum_AMULTSEL_BMULTSEL_enum_DREG_ADREG_0_connects_CED_CEAD_RSTD_GND  
design_1_i/fractal/U0/grp_fractal_iterate_fu_21489/fmul_32ns_32ns_32_6_max_dsp_1_U35/fractal_fmul_32ns_32ns_32_6_max_dsp_1_ip_u/inst/i_synth/MULT.OP/i_non_prim.R_AND_R/LAT_OPT.FULL.R_AND_R/DSP48E1_SGL_EXP_IP.OLD_ADD.ADD/i_no_versal_es1_workaround.DSP: DSP48E2 is not using the D port (AMULTSEL = A and BMULTSEL = B). For improved power characteristics, set DREG and ADREG to '1', tie CED, CEAD, and RSTD to logic '0'.
Related violations: <none>

AVAL-155#27 Advisory
enum_AMULTSEL_BMULTSEL_enum_DREG_ADREG_0_connects_CED_CEAD_RSTD_GND  
design_1_i/fractal/U0/grp_fractal_iterate_fu_21489/fmul_32ns_32ns_32_6_max_dsp_1_U36/fractal_fmul_32ns_32ns_32_6_max_dsp_1_ip_u/inst/i_synth/MULT.OP/i_non_prim.MULT/DSP48E1_SPD_SGL_VARIANT.FIX_MULT/DSP1/i_no_versal_es1_workaround.DSP: DSP48E2 is not using the D port (AMULTSEL = A and BMULTSEL = B). For improved power characteristics, set DREG and ADREG to '1', tie CED, CEAD, and RSTD to logic '0'.
Related violations: <none>

AVAL-155#28 Advisory
enum_AMULTSEL_BMULTSEL_enum_DREG_ADREG_0_connects_CED_CEAD_RSTD_GND  
design_1_i/fractal/U0/grp_fractal_iterate_fu_21489/fmul_32ns_32ns_32_6_max_dsp_1_U36/fractal_fmul_32ns_32ns_32_6_max_dsp_1_ip_u/inst/i_synth/MULT.OP/i_non_prim.MULT/DSP48E1_SPD_SGL_VARIANT.FIX_MULT/DSP2/i_no_versal_es1_workaround.DSP: DSP48E2 is not using the D port (AMULTSEL = A and BMULTSEL = B). For improved power characteristics, set DREG and ADREG to '1', tie CED, CEAD, and RSTD to logic '0'.
Related violations: <none>

AVAL-155#29 Advisory
enum_AMULTSEL_BMULTSEL_enum_DREG_ADREG_0_connects_CED_CEAD_RSTD_GND  
design_1_i/fractal/U0/grp_fractal_iterate_fu_21489/fmul_32ns_32ns_32_6_max_dsp_1_U36/fractal_fmul_32ns_32ns_32_6_max_dsp_1_ip_u/inst/i_synth/MULT.OP/i_non_prim.R_AND_R/LAT_OPT.FULL.R_AND_R/DSP48E1_SGL_EXP_IP.OLD_ADD.ADD/i_no_versal_es1_workaround.DSP: DSP48E2 is not using the D port (AMULTSEL = A and BMULTSEL = B). For improved power characteristics, set DREG and ADREG to '1', tie CED, CEAD, and RSTD to logic '0'.
Related violations: <none>

AVAL-155#30 Advisory
enum_AMULTSEL_BMULTSEL_enum_DREG_ADREG_0_connects_CED_CEAD_RSTD_GND  
design_1_i/fractal/U0/grp_fractal_iterate_fu_21489/fmul_32ns_32ns_32_6_max_dsp_1_U37/fractal_fmul_32ns_32ns_32_6_max_dsp_1_ip_u/inst/i_synth/MULT.OP/i_non_prim.MULT/DSP48E1_SPD_SGL_VARIANT.FIX_MULT/DSP1/i_no_versal_es1_workaround.DSP: DSP48E2 is not using the D port (AMULTSEL = A and BMULTSEL = B). For improved power characteristics, set DREG and ADREG to '1', tie CED, CEAD, and RSTD to logic '0'.
Related violations: <none>

AVAL-155#31 Advisory
enum_AMULTSEL_BMULTSEL_enum_DREG_ADREG_0_connects_CED_CEAD_RSTD_GND  
design_1_i/fractal/U0/grp_fractal_iterate_fu_21489/fmul_32ns_32ns_32_6_max_dsp_1_U37/fractal_fmul_32ns_32ns_32_6_max_dsp_1_ip_u/inst/i_synth/MULT.OP/i_non_prim.MULT/DSP48E1_SPD_SGL_VARIANT.FIX_MULT/DSP2/i_no_versal_es1_workaround.DSP: DSP48E2 is not using the D port (AMULTSEL = A and BMULTSEL = B). For improved power characteristics, set DREG and ADREG to '1', tie CED, CEAD, and RSTD to logic '0'.
Related violations: <none>

AVAL-155#32 Advisory
enum_AMULTSEL_BMULTSEL_enum_DREG_ADREG_0_connects_CED_CEAD_RSTD_GND  
design_1_i/fractal/U0/grp_fractal_iterate_fu_21489/fmul_32ns_32ns_32_6_max_dsp_1_U37/fractal_fmul_32ns_32ns_32_6_max_dsp_1_ip_u/inst/i_synth/MULT.OP/i_non_prim.R_AND_R/LAT_OPT.FULL.R_AND_R/DSP48E1_SGL_EXP_IP.OLD_ADD.ADD/i_no_versal_es1_workaround.DSP: DSP48E2 is not using the D port (AMULTSEL = A and BMULTSEL = B). For improved power characteristics, set DREG and ADREG to '1', tie CED, CEAD, and RSTD to logic '0'.
Related violations: <none>

AVAL-155#33 Advisory
enum_AMULTSEL_BMULTSEL_enum_DREG_ADREG_0_connects_CED_CEAD_RSTD_GND  
design_1_i/fractal/U0/grp_fractal_iterate_fu_21489/fmul_32ns_32ns_32_6_max_dsp_1_U38/fractal_fmul_32ns_32ns_32_6_max_dsp_1_ip_u/inst/i_synth/MULT.OP/i_non_prim.MULT/DSP48E1_SPD_SGL_VARIANT.FIX_MULT/DSP1/i_no_versal_es1_workaround.DSP: DSP48E2 is not using the D port (AMULTSEL = A and BMULTSEL = B). For improved power characteristics, set DREG and ADREG to '1', tie CED, CEAD, and RSTD to logic '0'.
Related violations: <none>

AVAL-155#34 Advisory
enum_AMULTSEL_BMULTSEL_enum_DREG_ADREG_0_connects_CED_CEAD_RSTD_GND  
design_1_i/fractal/U0/grp_fractal_iterate_fu_21489/fmul_32ns_32ns_32_6_max_dsp_1_U38/fractal_fmul_32ns_32ns_32_6_max_dsp_1_ip_u/inst/i_synth/MULT.OP/i_non_prim.MULT/DSP48E1_SPD_SGL_VARIANT.FIX_MULT/DSP2/i_no_versal_es1_workaround.DSP: DSP48E2 is not using the D port (AMULTSEL = A and BMULTSEL = B). For improved power characteristics, set DREG and ADREG to '1', tie CED, CEAD, and RSTD to logic '0'.
Related violations: <none>

AVAL-155#35 Advisory
enum_AMULTSEL_BMULTSEL_enum_DREG_ADREG_0_connects_CED_CEAD_RSTD_GND  
design_1_i/fractal/U0/grp_fractal_iterate_fu_21489/fmul_32ns_32ns_32_6_max_dsp_1_U38/fractal_fmul_32ns_32ns_32_6_max_dsp_1_ip_u/inst/i_synth/MULT.OP/i_non_prim.R_AND_R/LAT_OPT.FULL.R_AND_R/DSP48E1_SGL_EXP_IP.OLD_ADD.ADD/i_no_versal_es1_workaround.DSP: DSP48E2 is not using the D port (AMULTSEL = A and BMULTSEL = B). For improved power characteristics, set DREG and ADREG to '1', tie CED, CEAD, and RSTD to logic '0'.
Related violations: <none>

AVAL-155#36 Advisory
enum_AMULTSEL_BMULTSEL_enum_DREG_ADREG_0_connects_CED_CEAD_RSTD_GND  
design_1_i/fractal/U0/grp_fractal_iterate_fu_21489/fmul_32ns_32ns_32_6_max_dsp_1_U39/fractal_fmul_32ns_32ns_32_6_max_dsp_1_ip_u/inst/i_synth/MULT.OP/i_non_prim.MULT/DSP48E1_SPD_SGL_VARIANT.FIX_MULT/DSP1/i_no_versal_es1_workaround.DSP: DSP48E2 is not using the D port (AMULTSEL = A and BMULTSEL = B). For improved power characteristics, set DREG and ADREG to '1', tie CED, CEAD, and RSTD to logic '0'.
Related violations: <none>

AVAL-155#37 Advisory
enum_AMULTSEL_BMULTSEL_enum_DREG_ADREG_0_connects_CED_CEAD_RSTD_GND  
design_1_i/fractal/U0/grp_fractal_iterate_fu_21489/fmul_32ns_32ns_32_6_max_dsp_1_U39/fractal_fmul_32ns_32ns_32_6_max_dsp_1_ip_u/inst/i_synth/MULT.OP/i_non_prim.MULT/DSP48E1_SPD_SGL_VARIANT.FIX_MULT/DSP2/i_no_versal_es1_workaround.DSP: DSP48E2 is not using the D port (AMULTSEL = A and BMULTSEL = B). For improved power characteristics, set DREG and ADREG to '1', tie CED, CEAD, and RSTD to logic '0'.
Related violations: <none>

AVAL-155#38 Advisory
enum_AMULTSEL_BMULTSEL_enum_DREG_ADREG_0_connects_CED_CEAD_RSTD_GND  
design_1_i/fractal/U0/grp_fractal_iterate_fu_21489/fmul_32ns_32ns_32_6_max_dsp_1_U39/fractal_fmul_32ns_32ns_32_6_max_dsp_1_ip_u/inst/i_synth/MULT.OP/i_non_prim.R_AND_R/LAT_OPT.FULL.R_AND_R/DSP48E1_SGL_EXP_IP.OLD_ADD.ADD/i_no_versal_es1_workaround.DSP: DSP48E2 is not using the D port (AMULTSEL = A and BMULTSEL = B). For improved power characteristics, set DREG and ADREG to '1', tie CED, CEAD, and RSTD to logic '0'.
Related violations: <none>

AVAL-155#39 Advisory
enum_AMULTSEL_BMULTSEL_enum_DREG_ADREG_0_connects_CED_CEAD_RSTD_GND  
design_1_i/fractal/U0/grp_fractal_iterate_fu_21489/fmul_32ns_32ns_32_6_max_dsp_1_U40/fractal_fmul_32ns_32ns_32_6_max_dsp_1_ip_u/inst/i_synth/MULT.OP/i_non_prim.MULT/DSP48E1_SPD_SGL_VARIANT.FIX_MULT/DSP1/i_no_versal_es1_workaround.DSP: DSP48E2 is not using the D port (AMULTSEL = A and BMULTSEL = B). For improved power characteristics, set DREG and ADREG to '1', tie CED, CEAD, and RSTD to logic '0'.
Related violations: <none>

AVAL-155#40 Advisory
enum_AMULTSEL_BMULTSEL_enum_DREG_ADREG_0_connects_CED_CEAD_RSTD_GND  
design_1_i/fractal/U0/grp_fractal_iterate_fu_21489/fmul_32ns_32ns_32_6_max_dsp_1_U40/fractal_fmul_32ns_32ns_32_6_max_dsp_1_ip_u/inst/i_synth/MULT.OP/i_non_prim.MULT/DSP48E1_SPD_SGL_VARIANT.FIX_MULT/DSP2/i_no_versal_es1_workaround.DSP: DSP48E2 is not using the D port (AMULTSEL = A and BMULTSEL = B). For improved power characteristics, set DREG and ADREG to '1', tie CED, CEAD, and RSTD to logic '0'.
Related violations: <none>

AVAL-155#41 Advisory
enum_AMULTSEL_BMULTSEL_enum_DREG_ADREG_0_connects_CED_CEAD_RSTD_GND  
design_1_i/fractal/U0/grp_fractal_iterate_fu_21489/fmul_32ns_32ns_32_6_max_dsp_1_U40/fractal_fmul_32ns_32ns_32_6_max_dsp_1_ip_u/inst/i_synth/MULT.OP/i_non_prim.R_AND_R/LAT_OPT.FULL.R_AND_R/DSP48E1_SGL_EXP_IP.OLD_ADD.ADD/i_no_versal_es1_workaround.DSP: DSP48E2 is not using the D port (AMULTSEL = A and BMULTSEL = B). For improved power characteristics, set DREG and ADREG to '1', tie CED, CEAD, and RSTD to logic '0'.
Related violations: <none>

AVAL-155#42 Advisory
enum_AMULTSEL_BMULTSEL_enum_DREG_ADREG_0_connects_CED_CEAD_RSTD_GND  
design_1_i/fractal/U0/grp_fractal_iterate_fu_21489/fmul_32ns_32ns_32_6_max_dsp_1_U41/fractal_fmul_32ns_32ns_32_6_max_dsp_1_ip_u/inst/i_synth/MULT.OP/i_non_prim.MULT/DSP48E1_SPD_SGL_VARIANT.FIX_MULT/DSP1/i_no_versal_es1_workaround.DSP: DSP48E2 is not using the D port (AMULTSEL = A and BMULTSEL = B). For improved power characteristics, set DREG and ADREG to '1', tie CED, CEAD, and RSTD to logic '0'.
Related violations: <none>

AVAL-155#43 Advisory
enum_AMULTSEL_BMULTSEL_enum_DREG_ADREG_0_connects_CED_CEAD_RSTD_GND  
design_1_i/fractal/U0/grp_fractal_iterate_fu_21489/fmul_32ns_32ns_32_6_max_dsp_1_U41/fractal_fmul_32ns_32ns_32_6_max_dsp_1_ip_u/inst/i_synth/MULT.OP/i_non_prim.MULT/DSP48E1_SPD_SGL_VARIANT.FIX_MULT/DSP2/i_no_versal_es1_workaround.DSP: DSP48E2 is not using the D port (AMULTSEL = A and BMULTSEL = B). For improved power characteristics, set DREG and ADREG to '1', tie CED, CEAD, and RSTD to logic '0'.
Related violations: <none>

AVAL-155#44 Advisory
enum_AMULTSEL_BMULTSEL_enum_DREG_ADREG_0_connects_CED_CEAD_RSTD_GND  
design_1_i/fractal/U0/grp_fractal_iterate_fu_21489/fmul_32ns_32ns_32_6_max_dsp_1_U41/fractal_fmul_32ns_32ns_32_6_max_dsp_1_ip_u/inst/i_synth/MULT.OP/i_non_prim.R_AND_R/LAT_OPT.FULL.R_AND_R/DSP48E1_SGL_EXP_IP.OLD_ADD.ADD/i_no_versal_es1_workaround.DSP: DSP48E2 is not using the D port (AMULTSEL = A and BMULTSEL = B). For improved power characteristics, set DREG and ADREG to '1', tie CED, CEAD, and RSTD to logic '0'.
Related violations: <none>

AVAL-155#45 Advisory
enum_AMULTSEL_BMULTSEL_enum_DREG_ADREG_0_connects_CED_CEAD_RSTD_GND  
design_1_i/fractal/U0/grp_fractal_iterate_fu_21489/fmul_32ns_32ns_32_6_max_dsp_1_U42/fractal_fmul_32ns_32ns_32_6_max_dsp_1_ip_u/inst/i_synth/MULT.OP/i_non_prim.MULT/DSP48E1_SPD_SGL_VARIANT.FIX_MULT/DSP1/i_no_versal_es1_workaround.DSP: DSP48E2 is not using the D port (AMULTSEL = A and BMULTSEL = B). For improved power characteristics, set DREG and ADREG to '1', tie CED, CEAD, and RSTD to logic '0'.
Related violations: <none>

AVAL-155#46 Advisory
enum_AMULTSEL_BMULTSEL_enum_DREG_ADREG_0_connects_CED_CEAD_RSTD_GND  
design_1_i/fractal/U0/grp_fractal_iterate_fu_21489/fmul_32ns_32ns_32_6_max_dsp_1_U42/fractal_fmul_32ns_32ns_32_6_max_dsp_1_ip_u/inst/i_synth/MULT.OP/i_non_prim.MULT/DSP48E1_SPD_SGL_VARIANT.FIX_MULT/DSP2/i_no_versal_es1_workaround.DSP: DSP48E2 is not using the D port (AMULTSEL = A and BMULTSEL = B). For improved power characteristics, set DREG and ADREG to '1', tie CED, CEAD, and RSTD to logic '0'.
Related violations: <none>

AVAL-155#47 Advisory
enum_AMULTSEL_BMULTSEL_enum_DREG_ADREG_0_connects_CED_CEAD_RSTD_GND  
design_1_i/fractal/U0/grp_fractal_iterate_fu_21489/fmul_32ns_32ns_32_6_max_dsp_1_U42/fractal_fmul_32ns_32ns_32_6_max_dsp_1_ip_u/inst/i_synth/MULT.OP/i_non_prim.R_AND_R/LAT_OPT.FULL.R_AND_R/DSP48E1_SGL_EXP_IP.OLD_ADD.ADD/i_no_versal_es1_workaround.DSP: DSP48E2 is not using the D port (AMULTSEL = A and BMULTSEL = B). For improved power characteristics, set DREG and ADREG to '1', tie CED, CEAD, and RSTD to logic '0'.
Related violations: <none>

AVAL-155#48 Advisory
enum_AMULTSEL_BMULTSEL_enum_DREG_ADREG_0_connects_CED_CEAD_RSTD_GND  
design_1_i/fractal/U0/grp_fractal_iterate_fu_21489/fsub_32ns_32ns_32_10_full_dsp_1_U23/fractal_fsub_32ns_32ns_32_10_full_dsp_1_ip_u/inst/i_synth/ADDSUB_OP.ADDSUB/DSP.OP/DSP48E1_BODY.NORM_RND/FULL_USAGE_DSP.SHIFT_RND/i_no_versal_es1_workaround.DSP: DSP48E2 is not using the D port (AMULTSEL = A and BMULTSEL = B). For improved power characteristics, set DREG and ADREG to '1', tie CED, CEAD, and RSTD to logic '0'.
Related violations: <none>

AVAL-155#49 Advisory
enum_AMULTSEL_BMULTSEL_enum_DREG_ADREG_0_connects_CED_CEAD_RSTD_GND  
design_1_i/fractal/U0/grp_fractal_iterate_fu_21489/fsub_32ns_32ns_32_10_full_dsp_1_U25/fractal_fsub_32ns_32ns_32_10_full_dsp_1_ip_u/inst/i_synth/ADDSUB_OP.ADDSUB/DSP.OP/DSP48E1_BODY.NORM_RND/FULL_USAGE_DSP.SHIFT_RND/i_no_versal_es1_workaround.DSP: DSP48E2 is not using the D port (AMULTSEL = A and BMULTSEL = B). For improved power characteristics, set DREG and ADREG to '1', tie CED, CEAD, and RSTD to logic '0'.
Related violations: <none>

AVAL-156#1 Advisory
enum_USE_MULT_NONE__enum_DREG_ADREG_0_connects_CED_CEAD_RSTD_GND  
design_1_i/fractal/U0/fmul_32ns_32ns_32_6_max_dsp_1_U4455/fractal_fmul_32ns_32ns_32_6_max_dsp_1_ip_u/inst/i_synth/MULT.OP/i_non_prim.R_AND_R/LAT_OPT.FULL.R_AND_R/DSP48E1_SGL_EXP_IP.OLD_ADD.ADD/i_no_versal_es1_workaround.DSP: DSP48E2 is not using the Multiplier (USE_MULT = NONE). For improved power characteristics, set DREG and ADREG to '1', tie CED, CEAD, and RSTD to logic '0'.
Related violations: <none>

AVAL-156#2 Advisory
enum_USE_MULT_NONE__enum_DREG_ADREG_0_connects_CED_CEAD_RSTD_GND  
design_1_i/fractal/U0/grp_fractal_iterate_fu_21489/fmul_32ns_32ns_32_6_max_dsp_1_U31/fractal_fmul_32ns_32ns_32_6_max_dsp_1_ip_u/inst/i_synth/MULT.OP/i_non_prim.R_AND_R/LAT_OPT.FULL.R_AND_R/DSP48E1_SGL_EXP_IP.OLD_ADD.ADD/i_no_versal_es1_workaround.DSP: DSP48E2 is not using the Multiplier (USE_MULT = NONE). For improved power characteristics, set DREG and ADREG to '1', tie CED, CEAD, and RSTD to logic '0'.
Related violations: <none>

AVAL-156#3 Advisory
enum_USE_MULT_NONE__enum_DREG_ADREG_0_connects_CED_CEAD_RSTD_GND  
design_1_i/fractal/U0/grp_fractal_iterate_fu_21489/fmul_32ns_32ns_32_6_max_dsp_1_U32/fractal_fmul_32ns_32ns_32_6_max_dsp_1_ip_u/inst/i_synth/MULT.OP/i_non_prim.R_AND_R/LAT_OPT.FULL.R_AND_R/DSP48E1_SGL_EXP_IP.OLD_ADD.ADD/i_no_versal_es1_workaround.DSP: DSP48E2 is not using the Multiplier (USE_MULT = NONE). For improved power characteristics, set DREG and ADREG to '1', tie CED, CEAD, and RSTD to logic '0'.
Related violations: <none>

AVAL-156#4 Advisory
enum_USE_MULT_NONE__enum_DREG_ADREG_0_connects_CED_CEAD_RSTD_GND  
design_1_i/fractal/U0/grp_fractal_iterate_fu_21489/fmul_32ns_32ns_32_6_max_dsp_1_U33/fractal_fmul_32ns_32ns_32_6_max_dsp_1_ip_u/inst/i_synth/MULT.OP/i_non_prim.R_AND_R/LAT_OPT.FULL.R_AND_R/DSP48E1_SGL_EXP_IP.OLD_ADD.ADD/i_no_versal_es1_workaround.DSP: DSP48E2 is not using the Multiplier (USE_MULT = NONE). For improved power characteristics, set DREG and ADREG to '1', tie CED, CEAD, and RSTD to logic '0'.
Related violations: <none>

AVAL-156#5 Advisory
enum_USE_MULT_NONE__enum_DREG_ADREG_0_connects_CED_CEAD_RSTD_GND  
design_1_i/fractal/U0/grp_fractal_iterate_fu_21489/fmul_32ns_32ns_32_6_max_dsp_1_U34/fractal_fmul_32ns_32ns_32_6_max_dsp_1_ip_u/inst/i_synth/MULT.OP/i_non_prim.R_AND_R/LAT_OPT.FULL.R_AND_R/DSP48E1_SGL_EXP_IP.OLD_ADD.ADD/i_no_versal_es1_workaround.DSP: DSP48E2 is not using the Multiplier (USE_MULT = NONE). For improved power characteristics, set DREG and ADREG to '1', tie CED, CEAD, and RSTD to logic '0'.
Related violations: <none>

AVAL-156#6 Advisory
enum_USE_MULT_NONE__enum_DREG_ADREG_0_connects_CED_CEAD_RSTD_GND  
design_1_i/fractal/U0/grp_fractal_iterate_fu_21489/fmul_32ns_32ns_32_6_max_dsp_1_U35/fractal_fmul_32ns_32ns_32_6_max_dsp_1_ip_u/inst/i_synth/MULT.OP/i_non_prim.R_AND_R/LAT_OPT.FULL.R_AND_R/DSP48E1_SGL_EXP_IP.OLD_ADD.ADD/i_no_versal_es1_workaround.DSP: DSP48E2 is not using the Multiplier (USE_MULT = NONE). For improved power characteristics, set DREG and ADREG to '1', tie CED, CEAD, and RSTD to logic '0'.
Related violations: <none>

AVAL-156#7 Advisory
enum_USE_MULT_NONE__enum_DREG_ADREG_0_connects_CED_CEAD_RSTD_GND  
design_1_i/fractal/U0/grp_fractal_iterate_fu_21489/fmul_32ns_32ns_32_6_max_dsp_1_U36/fractal_fmul_32ns_32ns_32_6_max_dsp_1_ip_u/inst/i_synth/MULT.OP/i_non_prim.R_AND_R/LAT_OPT.FULL.R_AND_R/DSP48E1_SGL_EXP_IP.OLD_ADD.ADD/i_no_versal_es1_workaround.DSP: DSP48E2 is not using the Multiplier (USE_MULT = NONE). For improved power characteristics, set DREG and ADREG to '1', tie CED, CEAD, and RSTD to logic '0'.
Related violations: <none>

AVAL-156#8 Advisory
enum_USE_MULT_NONE__enum_DREG_ADREG_0_connects_CED_CEAD_RSTD_GND  
design_1_i/fractal/U0/grp_fractal_iterate_fu_21489/fmul_32ns_32ns_32_6_max_dsp_1_U37/fractal_fmul_32ns_32ns_32_6_max_dsp_1_ip_u/inst/i_synth/MULT.OP/i_non_prim.R_AND_R/LAT_OPT.FULL.R_AND_R/DSP48E1_SGL_EXP_IP.OLD_ADD.ADD/i_no_versal_es1_workaround.DSP: DSP48E2 is not using the Multiplier (USE_MULT = NONE). For improved power characteristics, set DREG and ADREG to '1', tie CED, CEAD, and RSTD to logic '0'.
Related violations: <none>

AVAL-156#9 Advisory
enum_USE_MULT_NONE__enum_DREG_ADREG_0_connects_CED_CEAD_RSTD_GND  
design_1_i/fractal/U0/grp_fractal_iterate_fu_21489/fmul_32ns_32ns_32_6_max_dsp_1_U38/fractal_fmul_32ns_32ns_32_6_max_dsp_1_ip_u/inst/i_synth/MULT.OP/i_non_prim.R_AND_R/LAT_OPT.FULL.R_AND_R/DSP48E1_SGL_EXP_IP.OLD_ADD.ADD/i_no_versal_es1_workaround.DSP: DSP48E2 is not using the Multiplier (USE_MULT = NONE). For improved power characteristics, set DREG and ADREG to '1', tie CED, CEAD, and RSTD to logic '0'.
Related violations: <none>

AVAL-156#10 Advisory
enum_USE_MULT_NONE__enum_DREG_ADREG_0_connects_CED_CEAD_RSTD_GND  
design_1_i/fractal/U0/grp_fractal_iterate_fu_21489/fmul_32ns_32ns_32_6_max_dsp_1_U39/fractal_fmul_32ns_32ns_32_6_max_dsp_1_ip_u/inst/i_synth/MULT.OP/i_non_prim.R_AND_R/LAT_OPT.FULL.R_AND_R/DSP48E1_SGL_EXP_IP.OLD_ADD.ADD/i_no_versal_es1_workaround.DSP: DSP48E2 is not using the Multiplier (USE_MULT = NONE). For improved power characteristics, set DREG and ADREG to '1', tie CED, CEAD, and RSTD to logic '0'.
Related violations: <none>

AVAL-156#11 Advisory
enum_USE_MULT_NONE__enum_DREG_ADREG_0_connects_CED_CEAD_RSTD_GND  
design_1_i/fractal/U0/grp_fractal_iterate_fu_21489/fmul_32ns_32ns_32_6_max_dsp_1_U40/fractal_fmul_32ns_32ns_32_6_max_dsp_1_ip_u/inst/i_synth/MULT.OP/i_non_prim.R_AND_R/LAT_OPT.FULL.R_AND_R/DSP48E1_SGL_EXP_IP.OLD_ADD.ADD/i_no_versal_es1_workaround.DSP: DSP48E2 is not using the Multiplier (USE_MULT = NONE). For improved power characteristics, set DREG and ADREG to '1', tie CED, CEAD, and RSTD to logic '0'.
Related violations: <none>

AVAL-156#12 Advisory
enum_USE_MULT_NONE__enum_DREG_ADREG_0_connects_CED_CEAD_RSTD_GND  
design_1_i/fractal/U0/grp_fractal_iterate_fu_21489/fmul_32ns_32ns_32_6_max_dsp_1_U41/fractal_fmul_32ns_32ns_32_6_max_dsp_1_ip_u/inst/i_synth/MULT.OP/i_non_prim.R_AND_R/LAT_OPT.FULL.R_AND_R/DSP48E1_SGL_EXP_IP.OLD_ADD.ADD/i_no_versal_es1_workaround.DSP: DSP48E2 is not using the Multiplier (USE_MULT = NONE). For improved power characteristics, set DREG and ADREG to '1', tie CED, CEAD, and RSTD to logic '0'.
Related violations: <none>

AVAL-156#13 Advisory
enum_USE_MULT_NONE__enum_DREG_ADREG_0_connects_CED_CEAD_RSTD_GND  
design_1_i/fractal/U0/grp_fractal_iterate_fu_21489/fmul_32ns_32ns_32_6_max_dsp_1_U42/fractal_fmul_32ns_32ns_32_6_max_dsp_1_ip_u/inst/i_synth/MULT.OP/i_non_prim.R_AND_R/LAT_OPT.FULL.R_AND_R/DSP48E1_SGL_EXP_IP.OLD_ADD.ADD/i_no_versal_es1_workaround.DSP: DSP48E2 is not using the Multiplier (USE_MULT = NONE). For improved power characteristics, set DREG and ADREG to '1', tie CED, CEAD, and RSTD to logic '0'.
Related violations: <none>


