Copyright 1986-2022 Xilinx, Inc. All Rights Reserved. Copyright 2022-2025 Advanced Micro Devices, Inc. All Rights Reserved.
--------------------------------------------------------------------------------------------------------------------------------------------------
| Tool Version      : Vivado v.2025.2 (win64) Build 6299465 Fri Nov 14 19:35:11 GMT 2025
| Date              : Tue Mar 31 12:06:48 2026
| Host              : N166A running 64-bit major release  (build 9200)
| Command           : report_timing -max_paths 10 -file ./report/hls_filter_2d_timing_paths_synth.rpt
| Design            : bd_0_wrapper
| Device            : xck26-sfvc784
| Speed File        : -2LV  PRODUCTION 1.30 05-15-2022
| Design State      : Synthesized
| Temperature Grade : C
--------------------------------------------------------------------------------------------------------------------------------------------------

Timing Report

Slack (MET) :             4.577ns  (required time - arrival time)
  Source:                 bd_0_i/hls_inst/U0/grp_hls_filter_2d_Pipeline_VITIS_LOOP_50_1_fu_364/mac_muladd_8ns_8s_17s_18_4_1_U26/hls_filter_2d_mac_muladd_8ns_8s_17s_18_4_1_DSP48_0_U/p_reg_reg/DSP_OUTPUT_INST/CLK
                            (rising edge-triggered cell DSP_OUTPUT clocked by ap_clk  {rise@0.000ns fall@5.000ns period=10.000ns})
  Destination:            bd_0_i/hls_inst/U0/grp_hls_filter_2d_Pipeline_VITIS_LOOP_50_1_fu_364/mul_ln121_reg_2916_reg/DSP_OUTPUT_INST/ALU_OUT[0]
                            (rising edge-triggered cell DSP_OUTPUT clocked by ap_clk  {rise@0.000ns fall@5.000ns period=10.000ns})
  Path Group:             ap_clk
  Path Type:              Setup (Max at Slow Process Corner)
  Requirement:            10.000ns  (ap_clk rise@10.000ns - ap_clk rise@0.000ns)
  Data Path Delay:        5.380ns  (logic 4.355ns (80.948%)  route 1.025ns (19.052%))
  Logic Levels:           15  (CARRY8=5 DSP_A_B_DATA=1 DSP_ALU=2 DSP_M_DATA=1 DSP_MULTIPLIER=1 DSP_OUTPUT=1 DSP_PREADD_DATA=1 LUT2=3)
  Clock Path Skew:        -0.022ns (DCD - SCD + CPR)
    Destination Clock Delay (DCD):    0.055ns = ( 10.055 - 10.000 ) 
    Source Clock Delay      (SCD):    0.077ns
    Clock Pessimism Removal (CPR):    0.000ns
  Clock Uncertainty:      0.035ns  ((TSJ^2 + TIJ^2)^1/2 + DJ) / 2 + PE
    Total System Jitter     (TSJ):    0.071ns
    Total Input Jitter      (TIJ):    0.000ns
    Discrete Jitter          (DJ):    0.000ns
    Phase Error              (PE):    0.000ns

    Location             Delay type                Incr(ns)  Path(ns)    Netlist Resource(s)
  -------------------------------------------------------------------    -------------------
                         (clock ap_clk rise edge)     0.000     0.000 r  
                                                      0.000     0.000 r  ap_clk (IN)
                         net (fo=1441, unset)         0.077     0.077    bd_0_i/hls_inst/U0/grp_hls_filter_2d_Pipeline_VITIS_LOOP_50_1_fu_364/mac_muladd_8ns_8s_17s_18_4_1_U26/hls_filter_2d_mac_muladd_8ns_8s_17s_18_4_1_DSP48_0_U/p_reg_reg/CLK
                         DSP_OUTPUT                                   r  bd_0_i/hls_inst/U0/grp_hls_filter_2d_Pipeline_VITIS_LOOP_50_1_fu_364/mac_muladd_8ns_8s_17s_18_4_1_U26/hls_filter_2d_mac_muladd_8ns_8s_17s_18_4_1_DSP48_0_U/p_reg_reg/DSP_OUTPUT_INST/CLK
  -------------------------------------------------------------------    -------------------
                         DSP_OUTPUT (Prop_DSP_OUTPUT_CLK_P[0])
                                                      0.270     0.347 r  bd_0_i/hls_inst/U0/grp_hls_filter_2d_Pipeline_VITIS_LOOP_50_1_fu_364/mac_muladd_8ns_8s_17s_18_4_1_U26/hls_filter_2d_mac_muladd_8ns_8s_17s_18_4_1_DSP48_0_U/p_reg_reg/DSP_OUTPUT_INST/P[0]
                         net (fo=2, unplaced)         0.258     0.605    bd_0_i/hls_inst/U0/grp_hls_filter_2d_Pipeline_VITIS_LOOP_50_1_fu_364/mac_muladd_8ns_8s_17s_18_4_1_U26_n_21
                         LUT2 (Prop_LUT2_I0_O)        0.083     0.688 r  bd_0_i/hls_inst/U0/grp_hls_filter_2d_Pipeline_VITIS_LOOP_50_1_fu_364/tmp_product_i_127/O
                         net (fo=1, unplaced)         0.025     0.713    bd_0_i/hls_inst/U0/grp_hls_filter_2d_Pipeline_VITIS_LOOP_50_1_fu_364/tmp_product_i_127_n_4
                         CARRY8 (Prop_CARRY8_S[0]_CO[7])
                                                      0.289     1.002 r  bd_0_i/hls_inst/U0/grp_hls_filter_2d_Pipeline_VITIS_LOOP_50_1_fu_364/tmp_product_i_86/CO[7]
                         net (fo=1, unplaced)         0.006     1.008    bd_0_i/hls_inst/U0/grp_hls_filter_2d_Pipeline_VITIS_LOOP_50_1_fu_364/tmp_product_i_86_n_4
                         CARRY8 (Prop_CARRY8_CI_O[1])
                                                      0.106     1.114 r  bd_0_i/hls_inst/U0/grp_hls_filter_2d_Pipeline_VITIS_LOOP_50_1_fu_364/tmp_product_i_68/O[1]
                         net (fo=1, unplaced)         0.209     1.323    bd_0_i/hls_inst/U0/grp_hls_filter_2d_Pipeline_VITIS_LOOP_50_1_fu_364/RESIZE[9]
                         LUT2 (Prop_LUT2_I1_O)        0.057     1.380 r  bd_0_i/hls_inst/U0/grp_hls_filter_2d_Pipeline_VITIS_LOOP_50_1_fu_364/tmp_product_i_39/O
                         net (fo=1, unplaced)         0.030     1.410    bd_0_i/hls_inst/U0/grp_hls_filter_2d_Pipeline_VITIS_LOOP_50_1_fu_364/tmp_product_i_39_n_4
                         CARRY8 (Prop_CARRY8_S[1]_O[5])
                                                      0.333     1.743 r  bd_0_i/hls_inst/U0/grp_hls_filter_2d_Pipeline_VITIS_LOOP_50_1_fu_364/tmp_product_i_9/O[5]
                         net (fo=2, unplaced)         0.155     1.898    bd_0_i/hls_inst/U0/grp_hls_filter_2d_Pipeline_VITIS_LOOP_50_1_fu_364/RESIZE0_in[13]
                         LUT2 (Prop_LUT2_I0_O)        0.080     1.978 r  bd_0_i/hls_inst/U0/grp_hls_filter_2d_Pipeline_VITIS_LOOP_50_1_fu_364/tmp_product_i_12/O
                         net (fo=1, unplaced)         0.037     2.015    bd_0_i/hls_inst/U0/grp_hls_filter_2d_Pipeline_VITIS_LOOP_50_1_fu_364/tmp_product_i_12_n_4
                         CARRY8 (Prop_CARRY8_S[5]_CO[7])
                                                      0.246     2.261 r  bd_0_i/hls_inst/U0/grp_hls_filter_2d_Pipeline_VITIS_LOOP_50_1_fu_364/tmp_product_i_2__0/CO[7]
                         net (fo=1, unplaced)         0.006     2.267    bd_0_i/hls_inst/U0/grp_hls_filter_2d_Pipeline_VITIS_LOOP_50_1_fu_364/tmp_product_i_2__0_n_4
                         CARRY8 (Prop_CARRY8_CI_O[4])
                                                      0.119     2.386 f  bd_0_i/hls_inst/U0/grp_hls_filter_2d_Pipeline_VITIS_LOOP_50_1_fu_364/tmp_product_i_1__5/O[4]
                         net (fo=10, unplaced)        0.285     2.671    bd_0_i/hls_inst/U0/grp_hls_filter_2d_Pipeline_VITIS_LOOP_50_1_fu_364/mul_21s_32s_52_1_1_U1/tmp_product/A[25]
                         DSP_A_B_DATA (Prop_DSP_A_B_DATA_A[25]_A2_DATA[25])
                                                      0.258     2.929 r  bd_0_i/hls_inst/U0/grp_hls_filter_2d_Pipeline_VITIS_LOOP_50_1_fu_364/mul_21s_32s_52_1_1_U1/tmp_product/DSP_A_B_DATA_INST/A2_DATA[25]
                         net (fo=1, unplaced)         0.000     2.929    bd_0_i/hls_inst/U0/grp_hls_filter_2d_Pipeline_VITIS_LOOP_50_1_fu_364/mul_21s_32s_52_1_1_U1/tmp_product/DSP_A_B_DATA.A2_DATA<25>
                         DSP_PREADD_DATA (Prop_DSP_PREADD_DATA_A2_DATA[25]_A2A1[25])
                                                      0.114     3.043 r  bd_0_i/hls_inst/U0/grp_hls_filter_2d_Pipeline_VITIS_LOOP_50_1_fu_364/mul_21s_32s_52_1_1_U1/tmp_product/DSP_PREADD_DATA_INST/A2A1[25]
                         net (fo=1, unplaced)         0.000     3.043    bd_0_i/hls_inst/U0/grp_hls_filter_2d_Pipeline_VITIS_LOOP_50_1_fu_364/mul_21s_32s_52_1_1_U1/tmp_product/DSP_PREADD_DATA.A2A1<25>
                         DSP_MULTIPLIER (Prop_DSP_MULTIPLIER_A2A1[25]_U[43])
                                                      0.700     3.743 f  bd_0_i/hls_inst/U0/grp_hls_filter_2d_Pipeline_VITIS_LOOP_50_1_fu_364/mul_21s_32s_52_1_1_U1/tmp_product/DSP_MULTIPLIER_INST/U[43]
                         net (fo=1, unplaced)         0.000     3.743    bd_0_i/hls_inst/U0/grp_hls_filter_2d_Pipeline_VITIS_LOOP_50_1_fu_364/mul_21s_32s_52_1_1_U1/tmp_product/DSP_MULTIPLIER.U<43>
                         DSP_M_DATA (Prop_DSP_M_DATA_U[43]_U_DATA[43])
                                                      0.067     3.810 r  bd_0_i/hls_inst/U0/grp_hls_filter_2d_Pipeline_VITIS_LOOP_50_1_fu_364/mul_21s_32s_52_1_1_U1/tmp_product/DSP_M_DATA_INST/U_DATA[43]
                         net (fo=1, unplaced)         0.000     3.810    bd_0_i/hls_inst/U0/grp_hls_filter_2d_Pipeline_VITIS_LOOP_50_1_fu_364/mul_21s_32s_52_1_1_U1/tmp_product/DSP_M_DATA.U_DATA<43>
                         DSP_ALU (Prop_DSP_ALU_U_DATA[43]_ALU_OUT[47])
                                                      0.727     4.537 f  bd_0_i/hls_inst/U0/grp_hls_filter_2d_Pipeline_VITIS_LOOP_50_1_fu_364/mul_21s_32s_52_1_1_U1/tmp_product/DSP_ALU_INST/ALU_OUT[47]
                         net (fo=1, unplaced)         0.000     4.537    bd_0_i/hls_inst/U0/grp_hls_filter_2d_Pipeline_VITIS_LOOP_50_1_fu_364/mul_21s_32s_52_1_1_U1/tmp_product/DSP_ALU.ALU_OUT<47>
                         DSP_OUTPUT (Prop_DSP_OUTPUT_ALU_OUT[47]_PCOUT[47])
                                                      0.167     4.704 r  bd_0_i/hls_inst/U0/grp_hls_filter_2d_Pipeline_VITIS_LOOP_50_1_fu_364/mul_21s_32s_52_1_1_U1/tmp_product/DSP_OUTPUT_INST/PCOUT[47]
                         net (fo=1, unplaced)         0.014     4.718    bd_0_i/hls_inst/U0/grp_hls_filter_2d_Pipeline_VITIS_LOOP_50_1_fu_364/mul_ln121_reg_2916_reg/PCIN[47]
                         DSP_ALU (Prop_DSP_ALU_PCIN[47]_ALU_OUT[0])
                                                      0.739     5.457 r  bd_0_i/hls_inst/U0/grp_hls_filter_2d_Pipeline_VITIS_LOOP_50_1_fu_364/mul_ln121_reg_2916_reg/DSP_ALU_INST/ALU_OUT[0]
                         net (fo=1, unplaced)         0.000     5.457    bd_0_i/hls_inst/U0/grp_hls_filter_2d_Pipeline_VITIS_LOOP_50_1_fu_364/mul_ln121_reg_2916_reg/DSP_ALU.ALU_OUT<0>
                         DSP_OUTPUT                                   r  bd_0_i/hls_inst/U0/grp_hls_filter_2d_Pipeline_VITIS_LOOP_50_1_fu_364/mul_ln121_reg_2916_reg/DSP_OUTPUT_INST/ALU_OUT[0]
  -------------------------------------------------------------------    -------------------

                         (clock ap_clk rise edge)    10.000    10.000 r  
                                                      0.000    10.000 r  ap_clk (IN)
                         net (fo=1441, unset)         0.055    10.055    bd_0_i/hls_inst/U0/grp_hls_filter_2d_Pipeline_VITIS_LOOP_50_1_fu_364/mul_ln121_reg_2916_reg/CLK
                         DSP_OUTPUT                                   r  bd_0_i/hls_inst/U0/grp_hls_filter_2d_Pipeline_VITIS_LOOP_50_1_fu_364/mul_ln121_reg_2916_reg/DSP_OUTPUT_INST/CLK
                         clock pessimism              0.000    10.055    
                         clock uncertainty           -0.035    10.020    
                         DSP_OUTPUT (Setup_DSP_OUTPUT_CLK_ALU_OUT[0])
                                                      0.014    10.034    bd_0_i/hls_inst/U0/grp_hls_filter_2d_Pipeline_VITIS_LOOP_50_1_fu_364/mul_ln121_reg_2916_reg/DSP_OUTPUT_INST
  -------------------------------------------------------------------
                         required time                         10.034    
                         arrival time                          -5.457    
  -------------------------------------------------------------------
                         slack                                  4.577    

Slack (MET) :             4.577ns  (required time - arrival time)
  Source:                 bd_0_i/hls_inst/U0/grp_hls_filter_2d_Pipeline_VITIS_LOOP_50_1_fu_364/mac_muladd_8ns_8s_17s_18_4_1_U26/hls_filter_2d_mac_muladd_8ns_8s_17s_18_4_1_DSP48_0_U/p_reg_reg/DSP_OUTPUT_INST/CLK
                            (rising edge-triggered cell DSP_OUTPUT clocked by ap_clk  {rise@0.000ns fall@5.000ns period=10.000ns})
  Destination:            bd_0_i/hls_inst/U0/grp_hls_filter_2d_Pipeline_VITIS_LOOP_50_1_fu_364/mul_ln121_reg_2916_reg/DSP_OUTPUT_INST/ALU_OUT[10]
                            (rising edge-triggered cell DSP_OUTPUT clocked by ap_clk  {rise@0.000ns fall@5.000ns period=10.000ns})
  Path Group:             ap_clk
  Path Type:              Setup (Max at Slow Process Corner)
  Requirement:            10.000ns  (ap_clk rise@10.000ns - ap_clk rise@0.000ns)
  Data Path Delay:        5.380ns  (logic 4.355ns (80.948%)  route 1.025ns (19.052%))
  Logic Levels:           15  (CARRY8=5 DSP_A_B_DATA=1 DSP_ALU=2 DSP_M_DATA=1 DSP_MULTIPLIER=1 DSP_OUTPUT=1 DSP_PREADD_DATA=1 LUT2=3)
  Clock Path Skew:        -0.022ns (DCD - SCD + CPR)
    Destination Clock Delay (DCD):    0.055ns = ( 10.055 - 10.000 ) 
    Source Clock Delay      (SCD):    0.077ns
    Clock Pessimism Removal (CPR):    0.000ns
  Clock Uncertainty:      0.035ns  ((TSJ^2 + TIJ^2)^1/2 + DJ) / 2 + PE
    Total System Jitter     (TSJ):    0.071ns
    Total Input Jitter      (TIJ):    0.000ns
    Discrete Jitter          (DJ):    0.000ns
    Phase Error              (PE):    0.000ns

    Location             Delay type                Incr(ns)  Path(ns)    Netlist Resource(s)
  -------------------------------------------------------------------    -------------------
                         (clock ap_clk rise edge)     0.000     0.000 r  
                                                      0.000     0.000 r  ap_clk (IN)
                         net (fo=1441, unset)         0.077     0.077    bd_0_i/hls_inst/U0/grp_hls_filter_2d_Pipeline_VITIS_LOOP_50_1_fu_364/mac_muladd_8ns_8s_17s_18_4_1_U26/hls_filter_2d_mac_muladd_8ns_8s_17s_18_4_1_DSP48_0_U/p_reg_reg/CLK
                         DSP_OUTPUT                                   r  bd_0_i/hls_inst/U0/grp_hls_filter_2d_Pipeline_VITIS_LOOP_50_1_fu_364/mac_muladd_8ns_8s_17s_18_4_1_U26/hls_filter_2d_mac_muladd_8ns_8s_17s_18_4_1_DSP48_0_U/p_reg_reg/DSP_OUTPUT_INST/CLK
  -------------------------------------------------------------------    -------------------
                         DSP_OUTPUT (Prop_DSP_OUTPUT_CLK_P[0])
                                                      0.270     0.347 r  bd_0_i/hls_inst/U0/grp_hls_filter_2d_Pipeline_VITIS_LOOP_50_1_fu_364/mac_muladd_8ns_8s_17s_18_4_1_U26/hls_filter_2d_mac_muladd_8ns_8s_17s_18_4_1_DSP48_0_U/p_reg_reg/DSP_OUTPUT_INST/P[0]
                         net (fo=2, unplaced)         0.258     0.605    bd_0_i/hls_inst/U0/grp_hls_filter_2d_Pipeline_VITIS_LOOP_50_1_fu_364/mac_muladd_8ns_8s_17s_18_4_1_U26_n_21
                         LUT2 (Prop_LUT2_I0_O)        0.083     0.688 r  bd_0_i/hls_inst/U0/grp_hls_filter_2d_Pipeline_VITIS_LOOP_50_1_fu_364/tmp_product_i_127/O
                         net (fo=1, unplaced)         0.025     0.713    bd_0_i/hls_inst/U0/grp_hls_filter_2d_Pipeline_VITIS_LOOP_50_1_fu_364/tmp_product_i_127_n_4
                         CARRY8 (Prop_CARRY8_S[0]_CO[7])
                                                      0.289     1.002 r  bd_0_i/hls_inst/U0/grp_hls_filter_2d_Pipeline_VITIS_LOOP_50_1_fu_364/tmp_product_i_86/CO[7]
                         net (fo=1, unplaced)         0.006     1.008    bd_0_i/hls_inst/U0/grp_hls_filter_2d_Pipeline_VITIS_LOOP_50_1_fu_364/tmp_product_i_86_n_4
                         CARRY8 (Prop_CARRY8_CI_O[1])
                                                      0.106     1.114 r  bd_0_i/hls_inst/U0/grp_hls_filter_2d_Pipeline_VITIS_LOOP_50_1_fu_364/tmp_product_i_68/O[1]
                         net (fo=1, unplaced)         0.209     1.323    bd_0_i/hls_inst/U0/grp_hls_filter_2d_Pipeline_VITIS_LOOP_50_1_fu_364/RESIZE[9]
                         LUT2 (Prop_LUT2_I1_O)        0.057     1.380 r  bd_0_i/hls_inst/U0/grp_hls_filter_2d_Pipeline_VITIS_LOOP_50_1_fu_364/tmp_product_i_39/O
                         net (fo=1, unplaced)         0.030     1.410    bd_0_i/hls_inst/U0/grp_hls_filter_2d_Pipeline_VITIS_LOOP_50_1_fu_364/tmp_product_i_39_n_4
                         CARRY8 (Prop_CARRY8_S[1]_O[5])
                                                      0.333     1.743 r  bd_0_i/hls_inst/U0/grp_hls_filter_2d_Pipeline_VITIS_LOOP_50_1_fu_364/tmp_product_i_9/O[5]
                         net (fo=2, unplaced)         0.155     1.898    bd_0_i/hls_inst/U0/grp_hls_filter_2d_Pipeline_VITIS_LOOP_50_1_fu_364/RESIZE0_in[13]
                         LUT2 (Prop_LUT2_I0_O)        0.080     1.978 r  bd_0_i/hls_inst/U0/grp_hls_filter_2d_Pipeline_VITIS_LOOP_50_1_fu_364/tmp_product_i_12/O
                         net (fo=1, unplaced)         0.037     2.015    bd_0_i/hls_inst/U0/grp_hls_filter_2d_Pipeline_VITIS_LOOP_50_1_fu_364/tmp_product_i_12_n_4
                         CARRY8 (Prop_CARRY8_S[5]_CO[7])
                                                      0.246     2.261 r  bd_0_i/hls_inst/U0/grp_hls_filter_2d_Pipeline_VITIS_LOOP_50_1_fu_364/tmp_product_i_2__0/CO[7]
                         net (fo=1, unplaced)         0.006     2.267    bd_0_i/hls_inst/U0/grp_hls_filter_2d_Pipeline_VITIS_LOOP_50_1_fu_364/tmp_product_i_2__0_n_4
                         CARRY8 (Prop_CARRY8_CI_O[4])
                                                      0.119     2.386 f  bd_0_i/hls_inst/U0/grp_hls_filter_2d_Pipeline_VITIS_LOOP_50_1_fu_364/tmp_product_i_1__5/O[4]
                         net (fo=10, unplaced)        0.285     2.671    bd_0_i/hls_inst/U0/grp_hls_filter_2d_Pipeline_VITIS_LOOP_50_1_fu_364/mul_21s_32s_52_1_1_U1/tmp_product/A[25]
                         DSP_A_B_DATA (Prop_DSP_A_B_DATA_A[25]_A2_DATA[25])
                                                      0.258     2.929 r  bd_0_i/hls_inst/U0/grp_hls_filter_2d_Pipeline_VITIS_LOOP_50_1_fu_364/mul_21s_32s_52_1_1_U1/tmp_product/DSP_A_B_DATA_INST/A2_DATA[25]
                         net (fo=1, unplaced)         0.000     2.929    bd_0_i/hls_inst/U0/grp_hls_filter_2d_Pipeline_VITIS_LOOP_50_1_fu_364/mul_21s_32s_52_1_1_U1/tmp_product/DSP_A_B_DATA.A2_DATA<25>
                         DSP_PREADD_DATA (Prop_DSP_PREADD_DATA_A2_DATA[25]_A2A1[25])
                                                      0.114     3.043 r  bd_0_i/hls_inst/U0/grp_hls_filter_2d_Pipeline_VITIS_LOOP_50_1_fu_364/mul_21s_32s_52_1_1_U1/tmp_product/DSP_PREADD_DATA_INST/A2A1[25]
                         net (fo=1, unplaced)         0.000     3.043    bd_0_i/hls_inst/U0/grp_hls_filter_2d_Pipeline_VITIS_LOOP_50_1_fu_364/mul_21s_32s_52_1_1_U1/tmp_product/DSP_PREADD_DATA.A2A1<25>
                         DSP_MULTIPLIER (Prop_DSP_MULTIPLIER_A2A1[25]_U[43])
                                                      0.700     3.743 f  bd_0_i/hls_inst/U0/grp_hls_filter_2d_Pipeline_VITIS_LOOP_50_1_fu_364/mul_21s_32s_52_1_1_U1/tmp_product/DSP_MULTIPLIER_INST/U[43]
                         net (fo=1, unplaced)         0.000     3.743    bd_0_i/hls_inst/U0/grp_hls_filter_2d_Pipeline_VITIS_LOOP_50_1_fu_364/mul_21s_32s_52_1_1_U1/tmp_product/DSP_MULTIPLIER.U<43>
                         DSP_M_DATA (Prop_DSP_M_DATA_U[43]_U_DATA[43])
                                                      0.067     3.810 r  bd_0_i/hls_inst/U0/grp_hls_filter_2d_Pipeline_VITIS_LOOP_50_1_fu_364/mul_21s_32s_52_1_1_U1/tmp_product/DSP_M_DATA_INST/U_DATA[43]
                         net (fo=1, unplaced)         0.000     3.810    bd_0_i/hls_inst/U0/grp_hls_filter_2d_Pipeline_VITIS_LOOP_50_1_fu_364/mul_21s_32s_52_1_1_U1/tmp_product/DSP_M_DATA.U_DATA<43>
                         DSP_ALU (Prop_DSP_ALU_U_DATA[43]_ALU_OUT[47])
                                                      0.727     4.537 f  bd_0_i/hls_inst/U0/grp_hls_filter_2d_Pipeline_VITIS_LOOP_50_1_fu_364/mul_21s_32s_52_1_1_U1/tmp_product/DSP_ALU_INST/ALU_OUT[47]
                         net (fo=1, unplaced)         0.000     4.537    bd_0_i/hls_inst/U0/grp_hls_filter_2d_Pipeline_VITIS_LOOP_50_1_fu_364/mul_21s_32s_52_1_1_U1/tmp_product/DSP_ALU.ALU_OUT<47>
                         DSP_OUTPUT (Prop_DSP_OUTPUT_ALU_OUT[47]_PCOUT[47])
                                                      0.167     4.704 r  bd_0_i/hls_inst/U0/grp_hls_filter_2d_Pipeline_VITIS_LOOP_50_1_fu_364/mul_21s_32s_52_1_1_U1/tmp_product/DSP_OUTPUT_INST/PCOUT[47]
                         net (fo=1, unplaced)         0.014     4.718    bd_0_i/hls_inst/U0/grp_hls_filter_2d_Pipeline_VITIS_LOOP_50_1_fu_364/mul_ln121_reg_2916_reg/PCIN[47]
                         DSP_ALU (Prop_DSP_ALU_PCIN[47]_ALU_OUT[10])
                                                      0.739     5.457 r  bd_0_i/hls_inst/U0/grp_hls_filter_2d_Pipeline_VITIS_LOOP_50_1_fu_364/mul_ln121_reg_2916_reg/DSP_ALU_INST/ALU_OUT[10]
                         net (fo=1, unplaced)         0.000     5.457    bd_0_i/hls_inst/U0/grp_hls_filter_2d_Pipeline_VITIS_LOOP_50_1_fu_364/mul_ln121_reg_2916_reg/DSP_ALU.ALU_OUT<10>
                         DSP_OUTPUT                                   r  bd_0_i/hls_inst/U0/grp_hls_filter_2d_Pipeline_VITIS_LOOP_50_1_fu_364/mul_ln121_reg_2916_reg/DSP_OUTPUT_INST/ALU_OUT[10]
  -------------------------------------------------------------------    -------------------

                         (clock ap_clk rise edge)    10.000    10.000 r  
                                                      0.000    10.000 r  ap_clk (IN)
                         net (fo=1441, unset)         0.055    10.055    bd_0_i/hls_inst/U0/grp_hls_filter_2d_Pipeline_VITIS_LOOP_50_1_fu_364/mul_ln121_reg_2916_reg/CLK
                         DSP_OUTPUT                                   r  bd_0_i/hls_inst/U0/grp_hls_filter_2d_Pipeline_VITIS_LOOP_50_1_fu_364/mul_ln121_reg_2916_reg/DSP_OUTPUT_INST/CLK
                         clock pessimism              0.000    10.055    
                         clock uncertainty           -0.035    10.020    
                         DSP_OUTPUT (Setup_DSP_OUTPUT_CLK_ALU_OUT[10])
                                                      0.014    10.034    bd_0_i/hls_inst/U0/grp_hls_filter_2d_Pipeline_VITIS_LOOP_50_1_fu_364/mul_ln121_reg_2916_reg/DSP_OUTPUT_INST
  -------------------------------------------------------------------
                         required time                         10.034    
                         arrival time                          -5.457    
  -------------------------------------------------------------------
                         slack                                  4.577    

Slack (MET) :             4.577ns  (required time - arrival time)
  Source:                 bd_0_i/hls_inst/U0/grp_hls_filter_2d_Pipeline_VITIS_LOOP_50_1_fu_364/mac_muladd_8ns_8s_17s_18_4_1_U26/hls_filter_2d_mac_muladd_8ns_8s_17s_18_4_1_DSP48_0_U/p_reg_reg/DSP_OUTPUT_INST/CLK
                            (rising edge-triggered cell DSP_OUTPUT clocked by ap_clk  {rise@0.000ns fall@5.000ns period=10.000ns})
  Destination:            bd_0_i/hls_inst/U0/grp_hls_filter_2d_Pipeline_VITIS_LOOP_50_1_fu_364/mul_ln121_reg_2916_reg/DSP_OUTPUT_INST/ALU_OUT[11]
                            (rising edge-triggered cell DSP_OUTPUT clocked by ap_clk  {rise@0.000ns fall@5.000ns period=10.000ns})
  Path Group:             ap_clk
  Path Type:              Setup (Max at Slow Process Corner)
  Requirement:            10.000ns  (ap_clk rise@10.000ns - ap_clk rise@0.000ns)
  Data Path Delay:        5.380ns  (logic 4.355ns (80.948%)  route 1.025ns (19.052%))
  Logic Levels:           15  (CARRY8=5 DSP_A_B_DATA=1 DSP_ALU=2 DSP_M_DATA=1 DSP_MULTIPLIER=1 DSP_OUTPUT=1 DSP_PREADD_DATA=1 LUT2=3)
  Clock Path Skew:        -0.022ns (DCD - SCD + CPR)
    Destination Clock Delay (DCD):    0.055ns = ( 10.055 - 10.000 ) 
    Source Clock Delay      (SCD):    0.077ns
    Clock Pessimism Removal (CPR):    0.000ns
  Clock Uncertainty:      0.035ns  ((TSJ^2 + TIJ^2)^1/2 + DJ) / 2 + PE
    Total System Jitter     (TSJ):    0.071ns
    Total Input Jitter      (TIJ):    0.000ns
    Discrete Jitter          (DJ):    0.000ns
    Phase Error              (PE):    0.000ns

    Location             Delay type                Incr(ns)  Path(ns)    Netlist Resource(s)
  -------------------------------------------------------------------    -------------------
                         (clock ap_clk rise edge)     0.000     0.000 r  
                                                      0.000     0.000 r  ap_clk (IN)
                         net (fo=1441, unset)         0.077     0.077    bd_0_i/hls_inst/U0/grp_hls_filter_2d_Pipeline_VITIS_LOOP_50_1_fu_364/mac_muladd_8ns_8s_17s_18_4_1_U26/hls_filter_2d_mac_muladd_8ns_8s_17s_18_4_1_DSP48_0_U/p_reg_reg/CLK
                         DSP_OUTPUT                                   r  bd_0_i/hls_inst/U0/grp_hls_filter_2d_Pipeline_VITIS_LOOP_50_1_fu_364/mac_muladd_8ns_8s_17s_18_4_1_U26/hls_filter_2d_mac_muladd_8ns_8s_17s_18_4_1_DSP48_0_U/p_reg_reg/DSP_OUTPUT_INST/CLK
  -------------------------------------------------------------------    -------------------
                         DSP_OUTPUT (Prop_DSP_OUTPUT_CLK_P[0])
                                                      0.270     0.347 r  bd_0_i/hls_inst/U0/grp_hls_filter_2d_Pipeline_VITIS_LOOP_50_1_fu_364/mac_muladd_8ns_8s_17s_18_4_1_U26/hls_filter_2d_mac_muladd_8ns_8s_17s_18_4_1_DSP48_0_U/p_reg_reg/DSP_OUTPUT_INST/P[0]
                         net (fo=2, unplaced)         0.258     0.605    bd_0_i/hls_inst/U0/grp_hls_filter_2d_Pipeline_VITIS_LOOP_50_1_fu_364/mac_muladd_8ns_8s_17s_18_4_1_U26_n_21
                         LUT2 (Prop_LUT2_I0_O)        0.083     0.688 r  bd_0_i/hls_inst/U0/grp_hls_filter_2d_Pipeline_VITIS_LOOP_50_1_fu_364/tmp_product_i_127/O
                         net (fo=1, unplaced)         0.025     0.713    bd_0_i/hls_inst/U0/grp_hls_filter_2d_Pipeline_VITIS_LOOP_50_1_fu_364/tmp_product_i_127_n_4
                         CARRY8 (Prop_CARRY8_S[0]_CO[7])
                                                      0.289     1.002 r  bd_0_i/hls_inst/U0/grp_hls_filter_2d_Pipeline_VITIS_LOOP_50_1_fu_364/tmp_product_i_86/CO[7]
                         net (fo=1, unplaced)         0.006     1.008    bd_0_i/hls_inst/U0/grp_hls_filter_2d_Pipeline_VITIS_LOOP_50_1_fu_364/tmp_product_i_86_n_4
                         CARRY8 (Prop_CARRY8_CI_O[1])
                                                      0.106     1.114 r  bd_0_i/hls_inst/U0/grp_hls_filter_2d_Pipeline_VITIS_LOOP_50_1_fu_364/tmp_product_i_68/O[1]
                         net (fo=1, unplaced)         0.209     1.323    bd_0_i/hls_inst/U0/grp_hls_filter_2d_Pipeline_VITIS_LOOP_50_1_fu_364/RESIZE[9]
                         LUT2 (Prop_LUT2_I1_O)        0.057     1.380 r  bd_0_i/hls_inst/U0/grp_hls_filter_2d_Pipeline_VITIS_LOOP_50_1_fu_364/tmp_product_i_39/O
                         net (fo=1, unplaced)         0.030     1.410    bd_0_i/hls_inst/U0/grp_hls_filter_2d_Pipeline_VITIS_LOOP_50_1_fu_364/tmp_product_i_39_n_4
                         CARRY8 (Prop_CARRY8_S[1]_O[5])
                                                      0.333     1.743 r  bd_0_i/hls_inst/U0/grp_hls_filter_2d_Pipeline_VITIS_LOOP_50_1_fu_364/tmp_product_i_9/O[5]
                         net (fo=2, unplaced)         0.155     1.898    bd_0_i/hls_inst/U0/grp_hls_filter_2d_Pipeline_VITIS_LOOP_50_1_fu_364/RESIZE0_in[13]
                         LUT2 (Prop_LUT2_I0_O)        0.080     1.978 r  bd_0_i/hls_inst/U0/grp_hls_filter_2d_Pipeline_VITIS_LOOP_50_1_fu_364/tmp_product_i_12/O
                         net (fo=1, unplaced)         0.037     2.015    bd_0_i/hls_inst/U0/grp_hls_filter_2d_Pipeline_VITIS_LOOP_50_1_fu_364/tmp_product_i_12_n_4
                         CARRY8 (Prop_CARRY8_S[5]_CO[7])
                                                      0.246     2.261 r  bd_0_i/hls_inst/U0/grp_hls_filter_2d_Pipeline_VITIS_LOOP_50_1_fu_364/tmp_product_i_2__0/CO[7]
                         net (fo=1, unplaced)         0.006     2.267    bd_0_i/hls_inst/U0/grp_hls_filter_2d_Pipeline_VITIS_LOOP_50_1_fu_364/tmp_product_i_2__0_n_4
                         CARRY8 (Prop_CARRY8_CI_O[4])
                                                      0.119     2.386 f  bd_0_i/hls_inst/U0/grp_hls_filter_2d_Pipeline_VITIS_LOOP_50_1_fu_364/tmp_product_i_1__5/O[4]
                         net (fo=10, unplaced)        0.285     2.671    bd_0_i/hls_inst/U0/grp_hls_filter_2d_Pipeline_VITIS_LOOP_50_1_fu_364/mul_21s_32s_52_1_1_U1/tmp_product/A[25]
                         DSP_A_B_DATA (Prop_DSP_A_B_DATA_A[25]_A2_DATA[25])
                                                      0.258     2.929 r  bd_0_i/hls_inst/U0/grp_hls_filter_2d_Pipeline_VITIS_LOOP_50_1_fu_364/mul_21s_32s_52_1_1_U1/tmp_product/DSP_A_B_DATA_INST/A2_DATA[25]
                         net (fo=1, unplaced)         0.000     2.929    bd_0_i/hls_inst/U0/grp_hls_filter_2d_Pipeline_VITIS_LOOP_50_1_fu_364/mul_21s_32s_52_1_1_U1/tmp_product/DSP_A_B_DATA.A2_DATA<25>
                         DSP_PREADD_DATA (Prop_DSP_PREADD_DATA_A2_DATA[25]_A2A1[25])
                                                      0.114     3.043 r  bd_0_i/hls_inst/U0/grp_hls_filter_2d_Pipeline_VITIS_LOOP_50_1_fu_364/mul_21s_32s_52_1_1_U1/tmp_product/DSP_PREADD_DATA_INST/A2A1[25]
                         net (fo=1, unplaced)         0.000     3.043    bd_0_i/hls_inst/U0/grp_hls_filter_2d_Pipeline_VITIS_LOOP_50_1_fu_364/mul_21s_32s_52_1_1_U1/tmp_product/DSP_PREADD_DATA.A2A1<25>
                         DSP_MULTIPLIER (Prop_DSP_MULTIPLIER_A2A1[25]_U[43])
                                                      0.700     3.743 f  bd_0_i/hls_inst/U0/grp_hls_filter_2d_Pipeline_VITIS_LOOP_50_1_fu_364/mul_21s_32s_52_1_1_U1/tmp_product/DSP_MULTIPLIER_INST/U[43]
                         net (fo=1, unplaced)         0.000     3.743    bd_0_i/hls_inst/U0/grp_hls_filter_2d_Pipeline_VITIS_LOOP_50_1_fu_364/mul_21s_32s_52_1_1_U1/tmp_product/DSP_MULTIPLIER.U<43>
                         DSP_M_DATA (Prop_DSP_M_DATA_U[43]_U_DATA[43])
                                                      0.067     3.810 r  bd_0_i/hls_inst/U0/grp_hls_filter_2d_Pipeline_VITIS_LOOP_50_1_fu_364/mul_21s_32s_52_1_1_U1/tmp_product/DSP_M_DATA_INST/U_DATA[43]
                         net (fo=1, unplaced)         0.000     3.810    bd_0_i/hls_inst/U0/grp_hls_filter_2d_Pipeline_VITIS_LOOP_50_1_fu_364/mul_21s_32s_52_1_1_U1/tmp_product/DSP_M_DATA.U_DATA<43>
                         DSP_ALU (Prop_DSP_ALU_U_DATA[43]_ALU_OUT[47])
                                                      0.727     4.537 f  bd_0_i/hls_inst/U0/grp_hls_filter_2d_Pipeline_VITIS_LOOP_50_1_fu_364/mul_21s_32s_52_1_1_U1/tmp_product/DSP_ALU_INST/ALU_OUT[47]
                         net (fo=1, unplaced)         0.000     4.537    bd_0_i/hls_inst/U0/grp_hls_filter_2d_Pipeline_VITIS_LOOP_50_1_fu_364/mul_21s_32s_52_1_1_U1/tmp_product/DSP_ALU.ALU_OUT<47>
                         DSP_OUTPUT (Prop_DSP_OUTPUT_ALU_OUT[47]_PCOUT[47])
                                                      0.167     4.704 r  bd_0_i/hls_inst/U0/grp_hls_filter_2d_Pipeline_VITIS_LOOP_50_1_fu_364/mul_21s_32s_52_1_1_U1/tmp_product/DSP_OUTPUT_INST/PCOUT[47]
                         net (fo=1, unplaced)         0.014     4.718    bd_0_i/hls_inst/U0/grp_hls_filter_2d_Pipeline_VITIS_LOOP_50_1_fu_364/mul_ln121_reg_2916_reg/PCIN[47]
                         DSP_ALU (Prop_DSP_ALU_PCIN[47]_ALU_OUT[11])
                                                      0.739     5.457 r  bd_0_i/hls_inst/U0/grp_hls_filter_2d_Pipeline_VITIS_LOOP_50_1_fu_364/mul_ln121_reg_2916_reg/DSP_ALU_INST/ALU_OUT[11]
                         net (fo=1, unplaced)         0.000     5.457    bd_0_i/hls_inst/U0/grp_hls_filter_2d_Pipeline_VITIS_LOOP_50_1_fu_364/mul_ln121_reg_2916_reg/DSP_ALU.ALU_OUT<11>
                         DSP_OUTPUT                                   r  bd_0_i/hls_inst/U0/grp_hls_filter_2d_Pipeline_VITIS_LOOP_50_1_fu_364/mul_ln121_reg_2916_reg/DSP_OUTPUT_INST/ALU_OUT[11]
  -------------------------------------------------------------------    -------------------

                         (clock ap_clk rise edge)    10.000    10.000 r  
                                                      0.000    10.000 r  ap_clk (IN)
                         net (fo=1441, unset)         0.055    10.055    bd_0_i/hls_inst/U0/grp_hls_filter_2d_Pipeline_VITIS_LOOP_50_1_fu_364/mul_ln121_reg_2916_reg/CLK
                         DSP_OUTPUT                                   r  bd_0_i/hls_inst/U0/grp_hls_filter_2d_Pipeline_VITIS_LOOP_50_1_fu_364/mul_ln121_reg_2916_reg/DSP_OUTPUT_INST/CLK
                         clock pessimism              0.000    10.055    
                         clock uncertainty           -0.035    10.020    
                         DSP_OUTPUT (Setup_DSP_OUTPUT_CLK_ALU_OUT[11])
                                                      0.014    10.034    bd_0_i/hls_inst/U0/grp_hls_filter_2d_Pipeline_VITIS_LOOP_50_1_fu_364/mul_ln121_reg_2916_reg/DSP_OUTPUT_INST
  -------------------------------------------------------------------
                         required time                         10.034    
                         arrival time                          -5.457    
  -------------------------------------------------------------------
                         slack                                  4.577    

Slack (MET) :             4.577ns  (required time - arrival time)
  Source:                 bd_0_i/hls_inst/U0/grp_hls_filter_2d_Pipeline_VITIS_LOOP_50_1_fu_364/mac_muladd_8ns_8s_17s_18_4_1_U26/hls_filter_2d_mac_muladd_8ns_8s_17s_18_4_1_DSP48_0_U/p_reg_reg/DSP_OUTPUT_INST/CLK
                            (rising edge-triggered cell DSP_OUTPUT clocked by ap_clk  {rise@0.000ns fall@5.000ns period=10.000ns})
  Destination:            bd_0_i/hls_inst/U0/grp_hls_filter_2d_Pipeline_VITIS_LOOP_50_1_fu_364/mul_ln121_reg_2916_reg/DSP_OUTPUT_INST/ALU_OUT[12]
                            (rising edge-triggered cell DSP_OUTPUT clocked by ap_clk  {rise@0.000ns fall@5.000ns period=10.000ns})
  Path Group:             ap_clk
  Path Type:              Setup (Max at Slow Process Corner)
  Requirement:            10.000ns  (ap_clk rise@10.000ns - ap_clk rise@0.000ns)
  Data Path Delay:        5.380ns  (logic 4.355ns (80.948%)  route 1.025ns (19.052%))
  Logic Levels:           15  (CARRY8=5 DSP_A_B_DATA=1 DSP_ALU=2 DSP_M_DATA=1 DSP_MULTIPLIER=1 DSP_OUTPUT=1 DSP_PREADD_DATA=1 LUT2=3)
  Clock Path Skew:        -0.022ns (DCD - SCD + CPR)
    Destination Clock Delay (DCD):    0.055ns = ( 10.055 - 10.000 ) 
    Source Clock Delay      (SCD):    0.077ns
    Clock Pessimism Removal (CPR):    0.000ns
  Clock Uncertainty:      0.035ns  ((TSJ^2 + TIJ^2)^1/2 + DJ) / 2 + PE
    Total System Jitter     (TSJ):    0.071ns
    Total Input Jitter      (TIJ):    0.000ns
    Discrete Jitter          (DJ):    0.000ns
    Phase Error              (PE):    0.000ns

    Location             Delay type                Incr(ns)  Path(ns)    Netlist Resource(s)
  -------------------------------------------------------------------    -------------------
                         (clock ap_clk rise edge)     0.000     0.000 r  
                                                      0.000     0.000 r  ap_clk (IN)
                         net (fo=1441, unset)         0.077     0.077    bd_0_i/hls_inst/U0/grp_hls_filter_2d_Pipeline_VITIS_LOOP_50_1_fu_364/mac_muladd_8ns_8s_17s_18_4_1_U26/hls_filter_2d_mac_muladd_8ns_8s_17s_18_4_1_DSP48_0_U/p_reg_reg/CLK
                         DSP_OUTPUT                                   r  bd_0_i/hls_inst/U0/grp_hls_filter_2d_Pipeline_VITIS_LOOP_50_1_fu_364/mac_muladd_8ns_8s_17s_18_4_1_U26/hls_filter_2d_mac_muladd_8ns_8s_17s_18_4_1_DSP48_0_U/p_reg_reg/DSP_OUTPUT_INST/CLK
  -------------------------------------------------------------------    -------------------
                         DSP_OUTPUT (Prop_DSP_OUTPUT_CLK_P[0])
                                                      0.270     0.347 r  bd_0_i/hls_inst/U0/grp_hls_filter_2d_Pipeline_VITIS_LOOP_50_1_fu_364/mac_muladd_8ns_8s_17s_18_4_1_U26/hls_filter_2d_mac_muladd_8ns_8s_17s_18_4_1_DSP48_0_U/p_reg_reg/DSP_OUTPUT_INST/P[0]
                         net (fo=2, unplaced)         0.258     0.605    bd_0_i/hls_inst/U0/grp_hls_filter_2d_Pipeline_VITIS_LOOP_50_1_fu_364/mac_muladd_8ns_8s_17s_18_4_1_U26_n_21
                         LUT2 (Prop_LUT2_I0_O)        0.083     0.688 r  bd_0_i/hls_inst/U0/grp_hls_filter_2d_Pipeline_VITIS_LOOP_50_1_fu_364/tmp_product_i_127/O
                         net (fo=1, unplaced)         0.025     0.713    bd_0_i/hls_inst/U0/grp_hls_filter_2d_Pipeline_VITIS_LOOP_50_1_fu_364/tmp_product_i_127_n_4
                         CARRY8 (Prop_CARRY8_S[0]_CO[7])
                                                      0.289     1.002 r  bd_0_i/hls_inst/U0/grp_hls_filter_2d_Pipeline_VITIS_LOOP_50_1_fu_364/tmp_product_i_86/CO[7]
                         net (fo=1, unplaced)         0.006     1.008    bd_0_i/hls_inst/U0/grp_hls_filter_2d_Pipeline_VITIS_LOOP_50_1_fu_364/tmp_product_i_86_n_4
                         CARRY8 (Prop_CARRY8_CI_O[1])
                                                      0.106     1.114 r  bd_0_i/hls_inst/U0/grp_hls_filter_2d_Pipeline_VITIS_LOOP_50_1_fu_364/tmp_product_i_68/O[1]
                         net (fo=1, unplaced)         0.209     1.323    bd_0_i/hls_inst/U0/grp_hls_filter_2d_Pipeline_VITIS_LOOP_50_1_fu_364/RESIZE[9]
                         LUT2 (Prop_LUT2_I1_O)        0.057     1.380 r  bd_0_i/hls_inst/U0/grp_hls_filter_2d_Pipeline_VITIS_LOOP_50_1_fu_364/tmp_product_i_39/O
                         net (fo=1, unplaced)         0.030     1.410    bd_0_i/hls_inst/U0/grp_hls_filter_2d_Pipeline_VITIS_LOOP_50_1_fu_364/tmp_product_i_39_n_4
                         CARRY8 (Prop_CARRY8_S[1]_O[5])
                                                      0.333     1.743 r  bd_0_i/hls_inst/U0/grp_hls_filter_2d_Pipeline_VITIS_LOOP_50_1_fu_364/tmp_product_i_9/O[5]
                         net (fo=2, unplaced)         0.155     1.898    bd_0_i/hls_inst/U0/grp_hls_filter_2d_Pipeline_VITIS_LOOP_50_1_fu_364/RESIZE0_in[13]
                         LUT2 (Prop_LUT2_I0_O)        0.080     1.978 r  bd_0_i/hls_inst/U0/grp_hls_filter_2d_Pipeline_VITIS_LOOP_50_1_fu_364/tmp_product_i_12/O
                         net (fo=1, unplaced)         0.037     2.015    bd_0_i/hls_inst/U0/grp_hls_filter_2d_Pipeline_VITIS_LOOP_50_1_fu_364/tmp_product_i_12_n_4
                         CARRY8 (Prop_CARRY8_S[5]_CO[7])
                                                      0.246     2.261 r  bd_0_i/hls_inst/U0/grp_hls_filter_2d_Pipeline_VITIS_LOOP_50_1_fu_364/tmp_product_i_2__0/CO[7]
                         net (fo=1, unplaced)         0.006     2.267    bd_0_i/hls_inst/U0/grp_hls_filter_2d_Pipeline_VITIS_LOOP_50_1_fu_364/tmp_product_i_2__0_n_4
                         CARRY8 (Prop_CARRY8_CI_O[4])
                                                      0.119     2.386 f  bd_0_i/hls_inst/U0/grp_hls_filter_2d_Pipeline_VITIS_LOOP_50_1_fu_364/tmp_product_i_1__5/O[4]
                         net (fo=10, unplaced)        0.285     2.671    bd_0_i/hls_inst/U0/grp_hls_filter_2d_Pipeline_VITIS_LOOP_50_1_fu_364/mul_21s_32s_52_1_1_U1/tmp_product/A[25]
                         DSP_A_B_DATA (Prop_DSP_A_B_DATA_A[25]_A2_DATA[25])
                                                      0.258     2.929 r  bd_0_i/hls_inst/U0/grp_hls_filter_2d_Pipeline_VITIS_LOOP_50_1_fu_364/mul_21s_32s_52_1_1_U1/tmp_product/DSP_A_B_DATA_INST/A2_DATA[25]
                         net (fo=1, unplaced)         0.000     2.929    bd_0_i/hls_inst/U0/grp_hls_filter_2d_Pipeline_VITIS_LOOP_50_1_fu_364/mul_21s_32s_52_1_1_U1/tmp_product/DSP_A_B_DATA.A2_DATA<25>
                         DSP_PREADD_DATA (Prop_DSP_PREADD_DATA_A2_DATA[25]_A2A1[25])
                                                      0.114     3.043 r  bd_0_i/hls_inst/U0/grp_hls_filter_2d_Pipeline_VITIS_LOOP_50_1_fu_364/mul_21s_32s_52_1_1_U1/tmp_product/DSP_PREADD_DATA_INST/A2A1[25]
                         net (fo=1, unplaced)         0.000     3.043    bd_0_i/hls_inst/U0/grp_hls_filter_2d_Pipeline_VITIS_LOOP_50_1_fu_364/mul_21s_32s_52_1_1_U1/tmp_product/DSP_PREADD_DATA.A2A1<25>
                         DSP_MULTIPLIER (Prop_DSP_MULTIPLIER_A2A1[25]_U[43])
                                                      0.700     3.743 f  bd_0_i/hls_inst/U0/grp_hls_filter_2d_Pipeline_VITIS_LOOP_50_1_fu_364/mul_21s_32s_52_1_1_U1/tmp_product/DSP_MULTIPLIER_INST/U[43]
                         net (fo=1, unplaced)         0.000     3.743    bd_0_i/hls_inst/U0/grp_hls_filter_2d_Pipeline_VITIS_LOOP_50_1_fu_364/mul_21s_32s_52_1_1_U1/tmp_product/DSP_MULTIPLIER.U<43>
                         DSP_M_DATA (Prop_DSP_M_DATA_U[43]_U_DATA[43])
                                                      0.067     3.810 r  bd_0_i/hls_inst/U0/grp_hls_filter_2d_Pipeline_VITIS_LOOP_50_1_fu_364/mul_21s_32s_52_1_1_U1/tmp_product/DSP_M_DATA_INST/U_DATA[43]
                         net (fo=1, unplaced)         0.000     3.810    bd_0_i/hls_inst/U0/grp_hls_filter_2d_Pipeline_VITIS_LOOP_50_1_fu_364/mul_21s_32s_52_1_1_U1/tmp_product/DSP_M_DATA.U_DATA<43>
                         DSP_ALU (Prop_DSP_ALU_U_DATA[43]_ALU_OUT[47])
                                                      0.727     4.537 f  bd_0_i/hls_inst/U0/grp_hls_filter_2d_Pipeline_VITIS_LOOP_50_1_fu_364/mul_21s_32s_52_1_1_U1/tmp_product/DSP_ALU_INST/ALU_OUT[47]
                         net (fo=1, unplaced)         0.000     4.537    bd_0_i/hls_inst/U0/grp_hls_filter_2d_Pipeline_VITIS_LOOP_50_1_fu_364/mul_21s_32s_52_1_1_U1/tmp_product/DSP_ALU.ALU_OUT<47>
                         DSP_OUTPUT (Prop_DSP_OUTPUT_ALU_OUT[47]_PCOUT[47])
                                                      0.167     4.704 r  bd_0_i/hls_inst/U0/grp_hls_filter_2d_Pipeline_VITIS_LOOP_50_1_fu_364/mul_21s_32s_52_1_1_U1/tmp_product/DSP_OUTPUT_INST/PCOUT[47]
                         net (fo=1, unplaced)         0.014     4.718    bd_0_i/hls_inst/U0/grp_hls_filter_2d_Pipeline_VITIS_LOOP_50_1_fu_364/mul_ln121_reg_2916_reg/PCIN[47]
                         DSP_ALU (Prop_DSP_ALU_PCIN[47]_ALU_OUT[12])
                                                      0.739     5.457 r  bd_0_i/hls_inst/U0/grp_hls_filter_2d_Pipeline_VITIS_LOOP_50_1_fu_364/mul_ln121_reg_2916_reg/DSP_ALU_INST/ALU_OUT[12]
                         net (fo=1, unplaced)         0.000     5.457    bd_0_i/hls_inst/U0/grp_hls_filter_2d_Pipeline_VITIS_LOOP_50_1_fu_364/mul_ln121_reg_2916_reg/DSP_ALU.ALU_OUT<12>
                         DSP_OUTPUT                                   r  bd_0_i/hls_inst/U0/grp_hls_filter_2d_Pipeline_VITIS_LOOP_50_1_fu_364/mul_ln121_reg_2916_reg/DSP_OUTPUT_INST/ALU_OUT[12]
  -------------------------------------------------------------------    -------------------

                         (clock ap_clk rise edge)    10.000    10.000 r  
                                                      0.000    10.000 r  ap_clk (IN)
                         net (fo=1441, unset)         0.055    10.055    bd_0_i/hls_inst/U0/grp_hls_filter_2d_Pipeline_VITIS_LOOP_50_1_fu_364/mul_ln121_reg_2916_reg/CLK
                         DSP_OUTPUT                                   r  bd_0_i/hls_inst/U0/grp_hls_filter_2d_Pipeline_VITIS_LOOP_50_1_fu_364/mul_ln121_reg_2916_reg/DSP_OUTPUT_INST/CLK
                         clock pessimism              0.000    10.055    
                         clock uncertainty           -0.035    10.020    
                         DSP_OUTPUT (Setup_DSP_OUTPUT_CLK_ALU_OUT[12])
                                                      0.014    10.034    bd_0_i/hls_inst/U0/grp_hls_filter_2d_Pipeline_VITIS_LOOP_50_1_fu_364/mul_ln121_reg_2916_reg/DSP_OUTPUT_INST
  -------------------------------------------------------------------
                         required time                         10.034    
                         arrival time                          -5.457    
  -------------------------------------------------------------------
                         slack                                  4.577    

Slack (MET) :             4.577ns  (required time - arrival time)
  Source:                 bd_0_i/hls_inst/U0/grp_hls_filter_2d_Pipeline_VITIS_LOOP_50_1_fu_364/mac_muladd_8ns_8s_17s_18_4_1_U26/hls_filter_2d_mac_muladd_8ns_8s_17s_18_4_1_DSP48_0_U/p_reg_reg/DSP_OUTPUT_INST/CLK
                            (rising edge-triggered cell DSP_OUTPUT clocked by ap_clk  {rise@0.000ns fall@5.000ns period=10.000ns})
  Destination:            bd_0_i/hls_inst/U0/grp_hls_filter_2d_Pipeline_VITIS_LOOP_50_1_fu_364/mul_ln121_reg_2916_reg/DSP_OUTPUT_INST/ALU_OUT[13]
                            (rising edge-triggered cell DSP_OUTPUT clocked by ap_clk  {rise@0.000ns fall@5.000ns period=10.000ns})
  Path Group:             ap_clk
  Path Type:              Setup (Max at Slow Process Corner)
  Requirement:            10.000ns  (ap_clk rise@10.000ns - ap_clk rise@0.000ns)
  Data Path Delay:        5.380ns  (logic 4.355ns (80.948%)  route 1.025ns (19.052%))
  Logic Levels:           15  (CARRY8=5 DSP_A_B_DATA=1 DSP_ALU=2 DSP_M_DATA=1 DSP_MULTIPLIER=1 DSP_OUTPUT=1 DSP_PREADD_DATA=1 LUT2=3)
  Clock Path Skew:        -0.022ns (DCD - SCD + CPR)
    Destination Clock Delay (DCD):    0.055ns = ( 10.055 - 10.000 ) 
    Source Clock Delay      (SCD):    0.077ns
    Clock Pessimism Removal (CPR):    0.000ns
  Clock Uncertainty:      0.035ns  ((TSJ^2 + TIJ^2)^1/2 + DJ) / 2 + PE
    Total System Jitter     (TSJ):    0.071ns
    Total Input Jitter      (TIJ):    0.000ns
    Discrete Jitter          (DJ):    0.000ns
    Phase Error              (PE):    0.000ns

    Location             Delay type                Incr(ns)  Path(ns)    Netlist Resource(s)
  -------------------------------------------------------------------    -------------------
                         (clock ap_clk rise edge)     0.000     0.000 r  
                                                      0.000     0.000 r  ap_clk (IN)
                         net (fo=1441, unset)         0.077     0.077    bd_0_i/hls_inst/U0/grp_hls_filter_2d_Pipeline_VITIS_LOOP_50_1_fu_364/mac_muladd_8ns_8s_17s_18_4_1_U26/hls_filter_2d_mac_muladd_8ns_8s_17s_18_4_1_DSP48_0_U/p_reg_reg/CLK
                         DSP_OUTPUT                                   r  bd_0_i/hls_inst/U0/grp_hls_filter_2d_Pipeline_VITIS_LOOP_50_1_fu_364/mac_muladd_8ns_8s_17s_18_4_1_U26/hls_filter_2d_mac_muladd_8ns_8s_17s_18_4_1_DSP48_0_U/p_reg_reg/DSP_OUTPUT_INST/CLK
  -------------------------------------------------------------------    -------------------
                         DSP_OUTPUT (Prop_DSP_OUTPUT_CLK_P[0])
                                                      0.270     0.347 r  bd_0_i/hls_inst/U0/grp_hls_filter_2d_Pipeline_VITIS_LOOP_50_1_fu_364/mac_muladd_8ns_8s_17s_18_4_1_U26/hls_filter_2d_mac_muladd_8ns_8s_17s_18_4_1_DSP48_0_U/p_reg_reg/DSP_OUTPUT_INST/P[0]
                         net (fo=2, unplaced)         0.258     0.605    bd_0_i/hls_inst/U0/grp_hls_filter_2d_Pipeline_VITIS_LOOP_50_1_fu_364/mac_muladd_8ns_8s_17s_18_4_1_U26_n_21
                         LUT2 (Prop_LUT2_I0_O)        0.083     0.688 r  bd_0_i/hls_inst/U0/grp_hls_filter_2d_Pipeline_VITIS_LOOP_50_1_fu_364/tmp_product_i_127/O
                         net (fo=1, unplaced)         0.025     0.713    bd_0_i/hls_inst/U0/grp_hls_filter_2d_Pipeline_VITIS_LOOP_50_1_fu_364/tmp_product_i_127_n_4
                         CARRY8 (Prop_CARRY8_S[0]_CO[7])
                                                      0.289     1.002 r  bd_0_i/hls_inst/U0/grp_hls_filter_2d_Pipeline_VITIS_LOOP_50_1_fu_364/tmp_product_i_86/CO[7]
                         net (fo=1, unplaced)         0.006     1.008    bd_0_i/hls_inst/U0/grp_hls_filter_2d_Pipeline_VITIS_LOOP_50_1_fu_364/tmp_product_i_86_n_4
                         CARRY8 (Prop_CARRY8_CI_O[1])
                                                      0.106     1.114 r  bd_0_i/hls_inst/U0/grp_hls_filter_2d_Pipeline_VITIS_LOOP_50_1_fu_364/tmp_product_i_68/O[1]
                         net (fo=1, unplaced)         0.209     1.323    bd_0_i/hls_inst/U0/grp_hls_filter_2d_Pipeline_VITIS_LOOP_50_1_fu_364/RESIZE[9]
                         LUT2 (Prop_LUT2_I1_O)        0.057     1.380 r  bd_0_i/hls_inst/U0/grp_hls_filter_2d_Pipeline_VITIS_LOOP_50_1_fu_364/tmp_product_i_39/O
                         net (fo=1, unplaced)         0.030     1.410    bd_0_i/hls_inst/U0/grp_hls_filter_2d_Pipeline_VITIS_LOOP_50_1_fu_364/tmp_product_i_39_n_4
                         CARRY8 (Prop_CARRY8_S[1]_O[5])
                                                      0.333     1.743 r  bd_0_i/hls_inst/U0/grp_hls_filter_2d_Pipeline_VITIS_LOOP_50_1_fu_364/tmp_product_i_9/O[5]
                         net (fo=2, unplaced)         0.155     1.898    bd_0_i/hls_inst/U0/grp_hls_filter_2d_Pipeline_VITIS_LOOP_50_1_fu_364/RESIZE0_in[13]
                         LUT2 (Prop_LUT2_I0_O)        0.080     1.978 r  bd_0_i/hls_inst/U0/grp_hls_filter_2d_Pipeline_VITIS_LOOP_50_1_fu_364/tmp_product_i_12/O
                         net (fo=1, unplaced)         0.037     2.015    bd_0_i/hls_inst/U0/grp_hls_filter_2d_Pipeline_VITIS_LOOP_50_1_fu_364/tmp_product_i_12_n_4
                         CARRY8 (Prop_CARRY8_S[5]_CO[7])
                                                      0.246     2.261 r  bd_0_i/hls_inst/U0/grp_hls_filter_2d_Pipeline_VITIS_LOOP_50_1_fu_364/tmp_product_i_2__0/CO[7]
                         net (fo=1, unplaced)         0.006     2.267    bd_0_i/hls_inst/U0/grp_hls_filter_2d_Pipeline_VITIS_LOOP_50_1_fu_364/tmp_product_i_2__0_n_4
                         CARRY8 (Prop_CARRY8_CI_O[4])
                                                      0.119     2.386 f  bd_0_i/hls_inst/U0/grp_hls_filter_2d_Pipeline_VITIS_LOOP_50_1_fu_364/tmp_product_i_1__5/O[4]
                         net (fo=10, unplaced)        0.285     2.671    bd_0_i/hls_inst/U0/grp_hls_filter_2d_Pipeline_VITIS_LOOP_50_1_fu_364/mul_21s_32s_52_1_1_U1/tmp_product/A[25]
                         DSP_A_B_DATA (Prop_DSP_A_B_DATA_A[25]_A2_DATA[25])
                                                      0.258     2.929 r  bd_0_i/hls_inst/U0/grp_hls_filter_2d_Pipeline_VITIS_LOOP_50_1_fu_364/mul_21s_32s_52_1_1_U1/tmp_product/DSP_A_B_DATA_INST/A2_DATA[25]
                         net (fo=1, unplaced)         0.000     2.929    bd_0_i/hls_inst/U0/grp_hls_filter_2d_Pipeline_VITIS_LOOP_50_1_fu_364/mul_21s_32s_52_1_1_U1/tmp_product/DSP_A_B_DATA.A2_DATA<25>
                         DSP_PREADD_DATA (Prop_DSP_PREADD_DATA_A2_DATA[25]_A2A1[25])
                                                      0.114     3.043 r  bd_0_i/hls_inst/U0/grp_hls_filter_2d_Pipeline_VITIS_LOOP_50_1_fu_364/mul_21s_32s_52_1_1_U1/tmp_product/DSP_PREADD_DATA_INST/A2A1[25]
                         net (fo=1, unplaced)         0.000     3.043    bd_0_i/hls_inst/U0/grp_hls_filter_2d_Pipeline_VITIS_LOOP_50_1_fu_364/mul_21s_32s_52_1_1_U1/tmp_product/DSP_PREADD_DATA.A2A1<25>
                         DSP_MULTIPLIER (Prop_DSP_MULTIPLIER_A2A1[25]_U[43])
                                                      0.700     3.743 f  bd_0_i/hls_inst/U0/grp_hls_filter_2d_Pipeline_VITIS_LOOP_50_1_fu_364/mul_21s_32s_52_1_1_U1/tmp_product/DSP_MULTIPLIER_INST/U[43]
                         net (fo=1, unplaced)         0.000     3.743    bd_0_i/hls_inst/U0/grp_hls_filter_2d_Pipeline_VITIS_LOOP_50_1_fu_364/mul_21s_32s_52_1_1_U1/tmp_product/DSP_MULTIPLIER.U<43>
                         DSP_M_DATA (Prop_DSP_M_DATA_U[43]_U_DATA[43])
                                                      0.067     3.810 r  bd_0_i/hls_inst/U0/grp_hls_filter_2d_Pipeline_VITIS_LOOP_50_1_fu_364/mul_21s_32s_52_1_1_U1/tmp_product/DSP_M_DATA_INST/U_DATA[43]
                         net (fo=1, unplaced)         0.000     3.810    bd_0_i/hls_inst/U0/grp_hls_filter_2d_Pipeline_VITIS_LOOP_50_1_fu_364/mul_21s_32s_52_1_1_U1/tmp_product/DSP_M_DATA.U_DATA<43>
                         DSP_ALU (Prop_DSP_ALU_U_DATA[43]_ALU_OUT[47])
                                                      0.727     4.537 f  bd_0_i/hls_inst/U0/grp_hls_filter_2d_Pipeline_VITIS_LOOP_50_1_fu_364/mul_21s_32s_52_1_1_U1/tmp_product/DSP_ALU_INST/ALU_OUT[47]
                         net (fo=1, unplaced)         0.000     4.537    bd_0_i/hls_inst/U0/grp_hls_filter_2d_Pipeline_VITIS_LOOP_50_1_fu_364/mul_21s_32s_52_1_1_U1/tmp_product/DSP_ALU.ALU_OUT<47>
                         DSP_OUTPUT (Prop_DSP_OUTPUT_ALU_OUT[47]_PCOUT[47])
                                                      0.167     4.704 r  bd_0_i/hls_inst/U0/grp_hls_filter_2d_Pipeline_VITIS_LOOP_50_1_fu_364/mul_21s_32s_52_1_1_U1/tmp_product/DSP_OUTPUT_INST/PCOUT[47]
                         net (fo=1, unplaced)         0.014     4.718    bd_0_i/hls_inst/U0/grp_hls_filter_2d_Pipeline_VITIS_LOOP_50_1_fu_364/mul_ln121_reg_2916_reg/PCIN[47]
                         DSP_ALU (Prop_DSP_ALU_PCIN[47]_ALU_OUT[13])
                                                      0.739     5.457 r  bd_0_i/hls_inst/U0/grp_hls_filter_2d_Pipeline_VITIS_LOOP_50_1_fu_364/mul_ln121_reg_2916_reg/DSP_ALU_INST/ALU_OUT[13]
                         net (fo=1, unplaced)         0.000     5.457    bd_0_i/hls_inst/U0/grp_hls_filter_2d_Pipeline_VITIS_LOOP_50_1_fu_364/mul_ln121_reg_2916_reg/DSP_ALU.ALU_OUT<13>
                         DSP_OUTPUT                                   r  bd_0_i/hls_inst/U0/grp_hls_filter_2d_Pipeline_VITIS_LOOP_50_1_fu_364/mul_ln121_reg_2916_reg/DSP_OUTPUT_INST/ALU_OUT[13]
  -------------------------------------------------------------------    -------------------

                         (clock ap_clk rise edge)    10.000    10.000 r  
                                                      0.000    10.000 r  ap_clk (IN)
                         net (fo=1441, unset)         0.055    10.055    bd_0_i/hls_inst/U0/grp_hls_filter_2d_Pipeline_VITIS_LOOP_50_1_fu_364/mul_ln121_reg_2916_reg/CLK
                         DSP_OUTPUT                                   r  bd_0_i/hls_inst/U0/grp_hls_filter_2d_Pipeline_VITIS_LOOP_50_1_fu_364/mul_ln121_reg_2916_reg/DSP_OUTPUT_INST/CLK
                         clock pessimism              0.000    10.055    
                         clock uncertainty           -0.035    10.020    
                         DSP_OUTPUT (Setup_DSP_OUTPUT_CLK_ALU_OUT[13])
                                                      0.014    10.034    bd_0_i/hls_inst/U0/grp_hls_filter_2d_Pipeline_VITIS_LOOP_50_1_fu_364/mul_ln121_reg_2916_reg/DSP_OUTPUT_INST
  -------------------------------------------------------------------
                         required time                         10.034    
                         arrival time                          -5.457    
  -------------------------------------------------------------------
                         slack                                  4.577    

Slack (MET) :             4.577ns  (required time - arrival time)
  Source:                 bd_0_i/hls_inst/U0/grp_hls_filter_2d_Pipeline_VITIS_LOOP_50_1_fu_364/mac_muladd_8ns_8s_17s_18_4_1_U26/hls_filter_2d_mac_muladd_8ns_8s_17s_18_4_1_DSP48_0_U/p_reg_reg/DSP_OUTPUT_INST/CLK
                            (rising edge-triggered cell DSP_OUTPUT clocked by ap_clk  {rise@0.000ns fall@5.000ns period=10.000ns})
  Destination:            bd_0_i/hls_inst/U0/grp_hls_filter_2d_Pipeline_VITIS_LOOP_50_1_fu_364/mul_ln121_reg_2916_reg/DSP_OUTPUT_INST/ALU_OUT[14]
                            (rising edge-triggered cell DSP_OUTPUT clocked by ap_clk  {rise@0.000ns fall@5.000ns period=10.000ns})
  Path Group:             ap_clk
  Path Type:              Setup (Max at Slow Process Corner)
  Requirement:            10.000ns  (ap_clk rise@10.000ns - ap_clk rise@0.000ns)
  Data Path Delay:        5.380ns  (logic 4.355ns (80.948%)  route 1.025ns (19.052%))
  Logic Levels:           15  (CARRY8=5 DSP_A_B_DATA=1 DSP_ALU=2 DSP_M_DATA=1 DSP_MULTIPLIER=1 DSP_OUTPUT=1 DSP_PREADD_DATA=1 LUT2=3)
  Clock Path Skew:        -0.022ns (DCD - SCD + CPR)
    Destination Clock Delay (DCD):    0.055ns = ( 10.055 - 10.000 ) 
    Source Clock Delay      (SCD):    0.077ns
    Clock Pessimism Removal (CPR):    0.000ns
  Clock Uncertainty:      0.035ns  ((TSJ^2 + TIJ^2)^1/2 + DJ) / 2 + PE
    Total System Jitter     (TSJ):    0.071ns
    Total Input Jitter      (TIJ):    0.000ns
    Discrete Jitter          (DJ):    0.000ns
    Phase Error              (PE):    0.000ns

    Location             Delay type                Incr(ns)  Path(ns)    Netlist Resource(s)
  -------------------------------------------------------------------    -------------------
                         (clock ap_clk rise edge)     0.000     0.000 r  
                                                      0.000     0.000 r  ap_clk (IN)
                         net (fo=1441, unset)         0.077     0.077    bd_0_i/hls_inst/U0/grp_hls_filter_2d_Pipeline_VITIS_LOOP_50_1_fu_364/mac_muladd_8ns_8s_17s_18_4_1_U26/hls_filter_2d_mac_muladd_8ns_8s_17s_18_4_1_DSP48_0_U/p_reg_reg/CLK
                         DSP_OUTPUT                                   r  bd_0_i/hls_inst/U0/grp_hls_filter_2d_Pipeline_VITIS_LOOP_50_1_fu_364/mac_muladd_8ns_8s_17s_18_4_1_U26/hls_filter_2d_mac_muladd_8ns_8s_17s_18_4_1_DSP48_0_U/p_reg_reg/DSP_OUTPUT_INST/CLK
  -------------------------------------------------------------------    -------------------
                         DSP_OUTPUT (Prop_DSP_OUTPUT_CLK_P[0])
                                                      0.270     0.347 r  bd_0_i/hls_inst/U0/grp_hls_filter_2d_Pipeline_VITIS_LOOP_50_1_fu_364/mac_muladd_8ns_8s_17s_18_4_1_U26/hls_filter_2d_mac_muladd_8ns_8s_17s_18_4_1_DSP48_0_U/p_reg_reg/DSP_OUTPUT_INST/P[0]
                         net (fo=2, unplaced)         0.258     0.605    bd_0_i/hls_inst/U0/grp_hls_filter_2d_Pipeline_VITIS_LOOP_50_1_fu_364/mac_muladd_8ns_8s_17s_18_4_1_U26_n_21
                         LUT2 (Prop_LUT2_I0_O)        0.083     0.688 r  bd_0_i/hls_inst/U0/grp_hls_filter_2d_Pipeline_VITIS_LOOP_50_1_fu_364/tmp_product_i_127/O
                         net (fo=1, unplaced)         0.025     0.713    bd_0_i/hls_inst/U0/grp_hls_filter_2d_Pipeline_VITIS_LOOP_50_1_fu_364/tmp_product_i_127_n_4
                         CARRY8 (Prop_CARRY8_S[0]_CO[7])
                                                      0.289     1.002 r  bd_0_i/hls_inst/U0/grp_hls_filter_2d_Pipeline_VITIS_LOOP_50_1_fu_364/tmp_product_i_86/CO[7]
                         net (fo=1, unplaced)         0.006     1.008    bd_0_i/hls_inst/U0/grp_hls_filter_2d_Pipeline_VITIS_LOOP_50_1_fu_364/tmp_product_i_86_n_4
                         CARRY8 (Prop_CARRY8_CI_O[1])
                                                      0.106     1.114 r  bd_0_i/hls_inst/U0/grp_hls_filter_2d_Pipeline_VITIS_LOOP_50_1_fu_364/tmp_product_i_68/O[1]
                         net (fo=1, unplaced)         0.209     1.323    bd_0_i/hls_inst/U0/grp_hls_filter_2d_Pipeline_VITIS_LOOP_50_1_fu_364/RESIZE[9]
                         LUT2 (Prop_LUT2_I1_O)        0.057     1.380 r  bd_0_i/hls_inst/U0/grp_hls_filter_2d_Pipeline_VITIS_LOOP_50_1_fu_364/tmp_product_i_39/O
                         net (fo=1, unplaced)         0.030     1.410    bd_0_i/hls_inst/U0/grp_hls_filter_2d_Pipeline_VITIS_LOOP_50_1_fu_364/tmp_product_i_39_n_4
                         CARRY8 (Prop_CARRY8_S[1]_O[5])
                                                      0.333     1.743 r  bd_0_i/hls_inst/U0/grp_hls_filter_2d_Pipeline_VITIS_LOOP_50_1_fu_364/tmp_product_i_9/O[5]
                         net (fo=2, unplaced)         0.155     1.898    bd_0_i/hls_inst/U0/grp_hls_filter_2d_Pipeline_VITIS_LOOP_50_1_fu_364/RESIZE0_in[13]
                         LUT2 (Prop_LUT2_I0_O)        0.080     1.978 r  bd_0_i/hls_inst/U0/grp_hls_filter_2d_Pipeline_VITIS_LOOP_50_1_fu_364/tmp_product_i_12/O
                         net (fo=1, unplaced)         0.037     2.015    bd_0_i/hls_inst/U0/grp_hls_filter_2d_Pipeline_VITIS_LOOP_50_1_fu_364/tmp_product_i_12_n_4
                         CARRY8 (Prop_CARRY8_S[5]_CO[7])
                                                      0.246     2.261 r  bd_0_i/hls_inst/U0/grp_hls_filter_2d_Pipeline_VITIS_LOOP_50_1_fu_364/tmp_product_i_2__0/CO[7]
                         net (fo=1, unplaced)         0.006     2.267    bd_0_i/hls_inst/U0/grp_hls_filter_2d_Pipeline_VITIS_LOOP_50_1_fu_364/tmp_product_i_2__0_n_4
                         CARRY8 (Prop_CARRY8_CI_O[4])
                                                      0.119     2.386 f  bd_0_i/hls_inst/U0/grp_hls_filter_2d_Pipeline_VITIS_LOOP_50_1_fu_364/tmp_product_i_1__5/O[4]
                         net (fo=10, unplaced)        0.285     2.671    bd_0_i/hls_inst/U0/grp_hls_filter_2d_Pipeline_VITIS_LOOP_50_1_fu_364/mul_21s_32s_52_1_1_U1/tmp_product/A[25]
                         DSP_A_B_DATA (Prop_DSP_A_B_DATA_A[25]_A2_DATA[25])
                                                      0.258     2.929 r  bd_0_i/hls_inst/U0/grp_hls_filter_2d_Pipeline_VITIS_LOOP_50_1_fu_364/mul_21s_32s_52_1_1_U1/tmp_product/DSP_A_B_DATA_INST/A2_DATA[25]
                         net (fo=1, unplaced)         0.000     2.929    bd_0_i/hls_inst/U0/grp_hls_filter_2d_Pipeline_VITIS_LOOP_50_1_fu_364/mul_21s_32s_52_1_1_U1/tmp_product/DSP_A_B_DATA.A2_DATA<25>
                         DSP_PREADD_DATA (Prop_DSP_PREADD_DATA_A2_DATA[25]_A2A1[25])
                                                      0.114     3.043 r  bd_0_i/hls_inst/U0/grp_hls_filter_2d_Pipeline_VITIS_LOOP_50_1_fu_364/mul_21s_32s_52_1_1_U1/tmp_product/DSP_PREADD_DATA_INST/A2A1[25]
                         net (fo=1, unplaced)         0.000     3.043    bd_0_i/hls_inst/U0/grp_hls_filter_2d_Pipeline_VITIS_LOOP_50_1_fu_364/mul_21s_32s_52_1_1_U1/tmp_product/DSP_PREADD_DATA.A2A1<25>
                         DSP_MULTIPLIER (Prop_DSP_MULTIPLIER_A2A1[25]_U[43])
                                                      0.700     3.743 f  bd_0_i/hls_inst/U0/grp_hls_filter_2d_Pipeline_VITIS_LOOP_50_1_fu_364/mul_21s_32s_52_1_1_U1/tmp_product/DSP_MULTIPLIER_INST/U[43]
                         net (fo=1, unplaced)         0.000     3.743    bd_0_i/hls_inst/U0/grp_hls_filter_2d_Pipeline_VITIS_LOOP_50_1_fu_364/mul_21s_32s_52_1_1_U1/tmp_product/DSP_MULTIPLIER.U<43>
                         DSP_M_DATA (Prop_DSP_M_DATA_U[43]_U_DATA[43])
                                                      0.067     3.810 r  bd_0_i/hls_inst/U0/grp_hls_filter_2d_Pipeline_VITIS_LOOP_50_1_fu_364/mul_21s_32s_52_1_1_U1/tmp_product/DSP_M_DATA_INST/U_DATA[43]
                         net (fo=1, unplaced)         0.000     3.810    bd_0_i/hls_inst/U0/grp_hls_filter_2d_Pipeline_VITIS_LOOP_50_1_fu_364/mul_21s_32s_52_1_1_U1/tmp_product/DSP_M_DATA.U_DATA<43>
                         DSP_ALU (Prop_DSP_ALU_U_DATA[43]_ALU_OUT[47])
                                                      0.727     4.537 f  bd_0_i/hls_inst/U0/grp_hls_filter_2d_Pipeline_VITIS_LOOP_50_1_fu_364/mul_21s_32s_52_1_1_U1/tmp_product/DSP_ALU_INST/ALU_OUT[47]
                         net (fo=1, unplaced)         0.000     4.537    bd_0_i/hls_inst/U0/grp_hls_filter_2d_Pipeline_VITIS_LOOP_50_1_fu_364/mul_21s_32s_52_1_1_U1/tmp_product/DSP_ALU.ALU_OUT<47>
                         DSP_OUTPUT (Prop_DSP_OUTPUT_ALU_OUT[47]_PCOUT[47])
                                                      0.167     4.704 r  bd_0_i/hls_inst/U0/grp_hls_filter_2d_Pipeline_VITIS_LOOP_50_1_fu_364/mul_21s_32s_52_1_1_U1/tmp_product/DSP_OUTPUT_INST/PCOUT[47]
                         net (fo=1, unplaced)         0.014     4.718    bd_0_i/hls_inst/U0/grp_hls_filter_2d_Pipeline_VITIS_LOOP_50_1_fu_364/mul_ln121_reg_2916_reg/PCIN[47]
                         DSP_ALU (Prop_DSP_ALU_PCIN[47]_ALU_OUT[14])
                                                      0.739     5.457 r  bd_0_i/hls_inst/U0/grp_hls_filter_2d_Pipeline_VITIS_LOOP_50_1_fu_364/mul_ln121_reg_2916_reg/DSP_ALU_INST/ALU_OUT[14]
                         net (fo=1, unplaced)         0.000     5.457    bd_0_i/hls_inst/U0/grp_hls_filter_2d_Pipeline_VITIS_LOOP_50_1_fu_364/mul_ln121_reg_2916_reg/DSP_ALU.ALU_OUT<14>
                         DSP_OUTPUT                                   r  bd_0_i/hls_inst/U0/grp_hls_filter_2d_Pipeline_VITIS_LOOP_50_1_fu_364/mul_ln121_reg_2916_reg/DSP_OUTPUT_INST/ALU_OUT[14]
  -------------------------------------------------------------------    -------------------

                         (clock ap_clk rise edge)    10.000    10.000 r  
                                                      0.000    10.000 r  ap_clk (IN)
                         net (fo=1441, unset)         0.055    10.055    bd_0_i/hls_inst/U0/grp_hls_filter_2d_Pipeline_VITIS_LOOP_50_1_fu_364/mul_ln121_reg_2916_reg/CLK
                         DSP_OUTPUT                                   r  bd_0_i/hls_inst/U0/grp_hls_filter_2d_Pipeline_VITIS_LOOP_50_1_fu_364/mul_ln121_reg_2916_reg/DSP_OUTPUT_INST/CLK
                         clock pessimism              0.000    10.055    
                         clock uncertainty           -0.035    10.020    
                         DSP_OUTPUT (Setup_DSP_OUTPUT_CLK_ALU_OUT[14])
                                                      0.014    10.034    bd_0_i/hls_inst/U0/grp_hls_filter_2d_Pipeline_VITIS_LOOP_50_1_fu_364/mul_ln121_reg_2916_reg/DSP_OUTPUT_INST
  -------------------------------------------------------------------
                         required time                         10.034    
                         arrival time                          -5.457    
  -------------------------------------------------------------------
                         slack                                  4.577    

Slack (MET) :             4.577ns  (required time - arrival time)
  Source:                 bd_0_i/hls_inst/U0/grp_hls_filter_2d_Pipeline_VITIS_LOOP_50_1_fu_364/mac_muladd_8ns_8s_17s_18_4_1_U26/hls_filter_2d_mac_muladd_8ns_8s_17s_18_4_1_DSP48_0_U/p_reg_reg/DSP_OUTPUT_INST/CLK
                            (rising edge-triggered cell DSP_OUTPUT clocked by ap_clk  {rise@0.000ns fall@5.000ns period=10.000ns})
  Destination:            bd_0_i/hls_inst/U0/grp_hls_filter_2d_Pipeline_VITIS_LOOP_50_1_fu_364/mul_ln121_reg_2916_reg/DSP_OUTPUT_INST/ALU_OUT[15]
                            (rising edge-triggered cell DSP_OUTPUT clocked by ap_clk  {rise@0.000ns fall@5.000ns period=10.000ns})
  Path Group:             ap_clk
  Path Type:              Setup (Max at Slow Process Corner)
  Requirement:            10.000ns  (ap_clk rise@10.000ns - ap_clk rise@0.000ns)
  Data Path Delay:        5.380ns  (logic 4.355ns (80.948%)  route 1.025ns (19.052%))
  Logic Levels:           15  (CARRY8=5 DSP_A_B_DATA=1 DSP_ALU=2 DSP_M_DATA=1 DSP_MULTIPLIER=1 DSP_OUTPUT=1 DSP_PREADD_DATA=1 LUT2=3)
  Clock Path Skew:        -0.022ns (DCD - SCD + CPR)
    Destination Clock Delay (DCD):    0.055ns = ( 10.055 - 10.000 ) 
    Source Clock Delay      (SCD):    0.077ns
    Clock Pessimism Removal (CPR):    0.000ns
  Clock Uncertainty:      0.035ns  ((TSJ^2 + TIJ^2)^1/2 + DJ) / 2 + PE
    Total System Jitter     (TSJ):    0.071ns
    Total Input Jitter      (TIJ):    0.000ns
    Discrete Jitter          (DJ):    0.000ns
    Phase Error              (PE):    0.000ns

    Location             Delay type                Incr(ns)  Path(ns)    Netlist Resource(s)
  -------------------------------------------------------------------    -------------------
                         (clock ap_clk rise edge)     0.000     0.000 r  
                                                      0.000     0.000 r  ap_clk (IN)
                         net (fo=1441, unset)         0.077     0.077    bd_0_i/hls_inst/U0/grp_hls_filter_2d_Pipeline_VITIS_LOOP_50_1_fu_364/mac_muladd_8ns_8s_17s_18_4_1_U26/hls_filter_2d_mac_muladd_8ns_8s_17s_18_4_1_DSP48_0_U/p_reg_reg/CLK
                         DSP_OUTPUT                                   r  bd_0_i/hls_inst/U0/grp_hls_filter_2d_Pipeline_VITIS_LOOP_50_1_fu_364/mac_muladd_8ns_8s_17s_18_4_1_U26/hls_filter_2d_mac_muladd_8ns_8s_17s_18_4_1_DSP48_0_U/p_reg_reg/DSP_OUTPUT_INST/CLK
  -------------------------------------------------------------------    -------------------
                         DSP_OUTPUT (Prop_DSP_OUTPUT_CLK_P[0])
                                                      0.270     0.347 r  bd_0_i/hls_inst/U0/grp_hls_filter_2d_Pipeline_VITIS_LOOP_50_1_fu_364/mac_muladd_8ns_8s_17s_18_4_1_U26/hls_filter_2d_mac_muladd_8ns_8s_17s_18_4_1_DSP48_0_U/p_reg_reg/DSP_OUTPUT_INST/P[0]
                         net (fo=2, unplaced)         0.258     0.605    bd_0_i/hls_inst/U0/grp_hls_filter_2d_Pipeline_VITIS_LOOP_50_1_fu_364/mac_muladd_8ns_8s_17s_18_4_1_U26_n_21
                         LUT2 (Prop_LUT2_I0_O)        0.083     0.688 r  bd_0_i/hls_inst/U0/grp_hls_filter_2d_Pipeline_VITIS_LOOP_50_1_fu_364/tmp_product_i_127/O
                         net (fo=1, unplaced)         0.025     0.713    bd_0_i/hls_inst/U0/grp_hls_filter_2d_Pipeline_VITIS_LOOP_50_1_fu_364/tmp_product_i_127_n_4
                         CARRY8 (Prop_CARRY8_S[0]_CO[7])
                                                      0.289     1.002 r  bd_0_i/hls_inst/U0/grp_hls_filter_2d_Pipeline_VITIS_LOOP_50_1_fu_364/tmp_product_i_86/CO[7]
                         net (fo=1, unplaced)         0.006     1.008    bd_0_i/hls_inst/U0/grp_hls_filter_2d_Pipeline_VITIS_LOOP_50_1_fu_364/tmp_product_i_86_n_4
                         CARRY8 (Prop_CARRY8_CI_O[1])
                                                      0.106     1.114 r  bd_0_i/hls_inst/U0/grp_hls_filter_2d_Pipeline_VITIS_LOOP_50_1_fu_364/tmp_product_i_68/O[1]
                         net (fo=1, unplaced)         0.209     1.323    bd_0_i/hls_inst/U0/grp_hls_filter_2d_Pipeline_VITIS_LOOP_50_1_fu_364/RESIZE[9]
                         LUT2 (Prop_LUT2_I1_O)        0.057     1.380 r  bd_0_i/hls_inst/U0/grp_hls_filter_2d_Pipeline_VITIS_LOOP_50_1_fu_364/tmp_product_i_39/O
                         net (fo=1, unplaced)         0.030     1.410    bd_0_i/hls_inst/U0/grp_hls_filter_2d_Pipeline_VITIS_LOOP_50_1_fu_364/tmp_product_i_39_n_4
                         CARRY8 (Prop_CARRY8_S[1]_O[5])
                                                      0.333     1.743 r  bd_0_i/hls_inst/U0/grp_hls_filter_2d_Pipeline_VITIS_LOOP_50_1_fu_364/tmp_product_i_9/O[5]
                         net (fo=2, unplaced)         0.155     1.898    bd_0_i/hls_inst/U0/grp_hls_filter_2d_Pipeline_VITIS_LOOP_50_1_fu_364/RESIZE0_in[13]
                         LUT2 (Prop_LUT2_I0_O)        0.080     1.978 r  bd_0_i/hls_inst/U0/grp_hls_filter_2d_Pipeline_VITIS_LOOP_50_1_fu_364/tmp_product_i_12/O
                         net (fo=1, unplaced)         0.037     2.015    bd_0_i/hls_inst/U0/grp_hls_filter_2d_Pipeline_VITIS_LOOP_50_1_fu_364/tmp_product_i_12_n_4
                         CARRY8 (Prop_CARRY8_S[5]_CO[7])
                                                      0.246     2.261 r  bd_0_i/hls_inst/U0/grp_hls_filter_2d_Pipeline_VITIS_LOOP_50_1_fu_364/tmp_product_i_2__0/CO[7]
                         net (fo=1, unplaced)         0.006     2.267    bd_0_i/hls_inst/U0/grp_hls_filter_2d_Pipeline_VITIS_LOOP_50_1_fu_364/tmp_product_i_2__0_n_4
                         CARRY8 (Prop_CARRY8_CI_O[4])
                                                      0.119     2.386 f  bd_0_i/hls_inst/U0/grp_hls_filter_2d_Pipeline_VITIS_LOOP_50_1_fu_364/tmp_product_i_1__5/O[4]
                         net (fo=10, unplaced)        0.285     2.671    bd_0_i/hls_inst/U0/grp_hls_filter_2d_Pipeline_VITIS_LOOP_50_1_fu_364/mul_21s_32s_52_1_1_U1/tmp_product/A[25]
                         DSP_A_B_DATA (Prop_DSP_A_B_DATA_A[25]_A2_DATA[25])
                                                      0.258     2.929 r  bd_0_i/hls_inst/U0/grp_hls_filter_2d_Pipeline_VITIS_LOOP_50_1_fu_364/mul_21s_32s_52_1_1_U1/tmp_product/DSP_A_B_DATA_INST/A2_DATA[25]
                         net (fo=1, unplaced)         0.000     2.929    bd_0_i/hls_inst/U0/grp_hls_filter_2d_Pipeline_VITIS_LOOP_50_1_fu_364/mul_21s_32s_52_1_1_U1/tmp_product/DSP_A_B_DATA.A2_DATA<25>
                         DSP_PREADD_DATA (Prop_DSP_PREADD_DATA_A2_DATA[25]_A2A1[25])
                                                      0.114     3.043 r  bd_0_i/hls_inst/U0/grp_hls_filter_2d_Pipeline_VITIS_LOOP_50_1_fu_364/mul_21s_32s_52_1_1_U1/tmp_product/DSP_PREADD_DATA_INST/A2A1[25]
                         net (fo=1, unplaced)         0.000     3.043    bd_0_i/hls_inst/U0/grp_hls_filter_2d_Pipeline_VITIS_LOOP_50_1_fu_364/mul_21s_32s_52_1_1_U1/tmp_product/DSP_PREADD_DATA.A2A1<25>
                         DSP_MULTIPLIER (Prop_DSP_MULTIPLIER_A2A1[25]_U[43])
                                                      0.700     3.743 f  bd_0_i/hls_inst/U0/grp_hls_filter_2d_Pipeline_VITIS_LOOP_50_1_fu_364/mul_21s_32s_52_1_1_U1/tmp_product/DSP_MULTIPLIER_INST/U[43]
                         net (fo=1, unplaced)         0.000     3.743    bd_0_i/hls_inst/U0/grp_hls_filter_2d_Pipeline_VITIS_LOOP_50_1_fu_364/mul_21s_32s_52_1_1_U1/tmp_product/DSP_MULTIPLIER.U<43>
                         DSP_M_DATA (Prop_DSP_M_DATA_U[43]_U_DATA[43])
                                                      0.067     3.810 r  bd_0_i/hls_inst/U0/grp_hls_filter_2d_Pipeline_VITIS_LOOP_50_1_fu_364/mul_21s_32s_52_1_1_U1/tmp_product/DSP_M_DATA_INST/U_DATA[43]
                         net (fo=1, unplaced)         0.000     3.810    bd_0_i/hls_inst/U0/grp_hls_filter_2d_Pipeline_VITIS_LOOP_50_1_fu_364/mul_21s_32s_52_1_1_U1/tmp_product/DSP_M_DATA.U_DATA<43>
                         DSP_ALU (Prop_DSP_ALU_U_DATA[43]_ALU_OUT[47])
                                                      0.727     4.537 f  bd_0_i/hls_inst/U0/grp_hls_filter_2d_Pipeline_VITIS_LOOP_50_1_fu_364/mul_21s_32s_52_1_1_U1/tmp_product/DSP_ALU_INST/ALU_OUT[47]
                         net (fo=1, unplaced)         0.000     4.537    bd_0_i/hls_inst/U0/grp_hls_filter_2d_Pipeline_VITIS_LOOP_50_1_fu_364/mul_21s_32s_52_1_1_U1/tmp_product/DSP_ALU.ALU_OUT<47>
                         DSP_OUTPUT (Prop_DSP_OUTPUT_ALU_OUT[47]_PCOUT[47])
                                                      0.167     4.704 r  bd_0_i/hls_inst/U0/grp_hls_filter_2d_Pipeline_VITIS_LOOP_50_1_fu_364/mul_21s_32s_52_1_1_U1/tmp_product/DSP_OUTPUT_INST/PCOUT[47]
                         net (fo=1, unplaced)         0.014     4.718    bd_0_i/hls_inst/U0/grp_hls_filter_2d_Pipeline_VITIS_LOOP_50_1_fu_364/mul_ln121_reg_2916_reg/PCIN[47]
                         DSP_ALU (Prop_DSP_ALU_PCIN[47]_ALU_OUT[15])
                                                      0.739     5.457 r  bd_0_i/hls_inst/U0/grp_hls_filter_2d_Pipeline_VITIS_LOOP_50_1_fu_364/mul_ln121_reg_2916_reg/DSP_ALU_INST/ALU_OUT[15]
                         net (fo=1, unplaced)         0.000     5.457    bd_0_i/hls_inst/U0/grp_hls_filter_2d_Pipeline_VITIS_LOOP_50_1_fu_364/mul_ln121_reg_2916_reg/DSP_ALU.ALU_OUT<15>
                         DSP_OUTPUT                                   r  bd_0_i/hls_inst/U0/grp_hls_filter_2d_Pipeline_VITIS_LOOP_50_1_fu_364/mul_ln121_reg_2916_reg/DSP_OUTPUT_INST/ALU_OUT[15]
  -------------------------------------------------------------------    -------------------

                         (clock ap_clk rise edge)    10.000    10.000 r  
                                                      0.000    10.000 r  ap_clk (IN)
                         net (fo=1441, unset)         0.055    10.055    bd_0_i/hls_inst/U0/grp_hls_filter_2d_Pipeline_VITIS_LOOP_50_1_fu_364/mul_ln121_reg_2916_reg/CLK
                         DSP_OUTPUT                                   r  bd_0_i/hls_inst/U0/grp_hls_filter_2d_Pipeline_VITIS_LOOP_50_1_fu_364/mul_ln121_reg_2916_reg/DSP_OUTPUT_INST/CLK
                         clock pessimism              0.000    10.055    
                         clock uncertainty           -0.035    10.020    
                         DSP_OUTPUT (Setup_DSP_OUTPUT_CLK_ALU_OUT[15])
                                                      0.014    10.034    bd_0_i/hls_inst/U0/grp_hls_filter_2d_Pipeline_VITIS_LOOP_50_1_fu_364/mul_ln121_reg_2916_reg/DSP_OUTPUT_INST
  -------------------------------------------------------------------
                         required time                         10.034    
                         arrival time                          -5.457    
  -------------------------------------------------------------------
                         slack                                  4.577    

Slack (MET) :             4.577ns  (required time - arrival time)
  Source:                 bd_0_i/hls_inst/U0/grp_hls_filter_2d_Pipeline_VITIS_LOOP_50_1_fu_364/mac_muladd_8ns_8s_17s_18_4_1_U26/hls_filter_2d_mac_muladd_8ns_8s_17s_18_4_1_DSP48_0_U/p_reg_reg/DSP_OUTPUT_INST/CLK
                            (rising edge-triggered cell DSP_OUTPUT clocked by ap_clk  {rise@0.000ns fall@5.000ns period=10.000ns})
  Destination:            bd_0_i/hls_inst/U0/grp_hls_filter_2d_Pipeline_VITIS_LOOP_50_1_fu_364/mul_ln121_reg_2916_reg/DSP_OUTPUT_INST/ALU_OUT[16]
                            (rising edge-triggered cell DSP_OUTPUT clocked by ap_clk  {rise@0.000ns fall@5.000ns period=10.000ns})
  Path Group:             ap_clk
  Path Type:              Setup (Max at Slow Process Corner)
  Requirement:            10.000ns  (ap_clk rise@10.000ns - ap_clk rise@0.000ns)
  Data Path Delay:        5.380ns  (logic 4.355ns (80.948%)  route 1.025ns (19.052%))
  Logic Levels:           15  (CARRY8=5 DSP_A_B_DATA=1 DSP_ALU=2 DSP_M_DATA=1 DSP_MULTIPLIER=1 DSP_OUTPUT=1 DSP_PREADD_DATA=1 LUT2=3)
  Clock Path Skew:        -0.022ns (DCD - SCD + CPR)
    Destination Clock Delay (DCD):    0.055ns = ( 10.055 - 10.000 ) 
    Source Clock Delay      (SCD):    0.077ns
    Clock Pessimism Removal (CPR):    0.000ns
  Clock Uncertainty:      0.035ns  ((TSJ^2 + TIJ^2)^1/2 + DJ) / 2 + PE
    Total System Jitter     (TSJ):    0.071ns
    Total Input Jitter      (TIJ):    0.000ns
    Discrete Jitter          (DJ):    0.000ns
    Phase Error              (PE):    0.000ns

    Location             Delay type                Incr(ns)  Path(ns)    Netlist Resource(s)
  -------------------------------------------------------------------    -------------------
                         (clock ap_clk rise edge)     0.000     0.000 r  
                                                      0.000     0.000 r  ap_clk (IN)
                         net (fo=1441, unset)         0.077     0.077    bd_0_i/hls_inst/U0/grp_hls_filter_2d_Pipeline_VITIS_LOOP_50_1_fu_364/mac_muladd_8ns_8s_17s_18_4_1_U26/hls_filter_2d_mac_muladd_8ns_8s_17s_18_4_1_DSP48_0_U/p_reg_reg/CLK
                         DSP_OUTPUT                                   r  bd_0_i/hls_inst/U0/grp_hls_filter_2d_Pipeline_VITIS_LOOP_50_1_fu_364/mac_muladd_8ns_8s_17s_18_4_1_U26/hls_filter_2d_mac_muladd_8ns_8s_17s_18_4_1_DSP48_0_U/p_reg_reg/DSP_OUTPUT_INST/CLK
  -------------------------------------------------------------------    -------------------
                         DSP_OUTPUT (Prop_DSP_OUTPUT_CLK_P[0])
                                                      0.270     0.347 r  bd_0_i/hls_inst/U0/grp_hls_filter_2d_Pipeline_VITIS_LOOP_50_1_fu_364/mac_muladd_8ns_8s_17s_18_4_1_U26/hls_filter_2d_mac_muladd_8ns_8s_17s_18_4_1_DSP48_0_U/p_reg_reg/DSP_OUTPUT_INST/P[0]
                         net (fo=2, unplaced)         0.258     0.605    bd_0_i/hls_inst/U0/grp_hls_filter_2d_Pipeline_VITIS_LOOP_50_1_fu_364/mac_muladd_8ns_8s_17s_18_4_1_U26_n_21
                         LUT2 (Prop_LUT2_I0_O)        0.083     0.688 r  bd_0_i/hls_inst/U0/grp_hls_filter_2d_Pipeline_VITIS_LOOP_50_1_fu_364/tmp_product_i_127/O
                         net (fo=1, unplaced)         0.025     0.713    bd_0_i/hls_inst/U0/grp_hls_filter_2d_Pipeline_VITIS_LOOP_50_1_fu_364/tmp_product_i_127_n_4
                         CARRY8 (Prop_CARRY8_S[0]_CO[7])
                                                      0.289     1.002 r  bd_0_i/hls_inst/U0/grp_hls_filter_2d_Pipeline_VITIS_LOOP_50_1_fu_364/tmp_product_i_86/CO[7]
                         net (fo=1, unplaced)         0.006     1.008    bd_0_i/hls_inst/U0/grp_hls_filter_2d_Pipeline_VITIS_LOOP_50_1_fu_364/tmp_product_i_86_n_4
                         CARRY8 (Prop_CARRY8_CI_O[1])
                                                      0.106     1.114 r  bd_0_i/hls_inst/U0/grp_hls_filter_2d_Pipeline_VITIS_LOOP_50_1_fu_364/tmp_product_i_68/O[1]
                         net (fo=1, unplaced)         0.209     1.323    bd_0_i/hls_inst/U0/grp_hls_filter_2d_Pipeline_VITIS_LOOP_50_1_fu_364/RESIZE[9]
                         LUT2 (Prop_LUT2_I1_O)        0.057     1.380 r  bd_0_i/hls_inst/U0/grp_hls_filter_2d_Pipeline_VITIS_LOOP_50_1_fu_364/tmp_product_i_39/O
                         net (fo=1, unplaced)         0.030     1.410    bd_0_i/hls_inst/U0/grp_hls_filter_2d_Pipeline_VITIS_LOOP_50_1_fu_364/tmp_product_i_39_n_4
                         CARRY8 (Prop_CARRY8_S[1]_O[5])
                                                      0.333     1.743 r  bd_0_i/hls_inst/U0/grp_hls_filter_2d_Pipeline_VITIS_LOOP_50_1_fu_364/tmp_product_i_9/O[5]
                         net (fo=2, unplaced)         0.155     1.898    bd_0_i/hls_inst/U0/grp_hls_filter_2d_Pipeline_VITIS_LOOP_50_1_fu_364/RESIZE0_in[13]
                         LUT2 (Prop_LUT2_I0_O)        0.080     1.978 r  bd_0_i/hls_inst/U0/grp_hls_filter_2d_Pipeline_VITIS_LOOP_50_1_fu_364/tmp_product_i_12/O
                         net (fo=1, unplaced)         0.037     2.015    bd_0_i/hls_inst/U0/grp_hls_filter_2d_Pipeline_VITIS_LOOP_50_1_fu_364/tmp_product_i_12_n_4
                         CARRY8 (Prop_CARRY8_S[5]_CO[7])
                                                      0.246     2.261 r  bd_0_i/hls_inst/U0/grp_hls_filter_2d_Pipeline_VITIS_LOOP_50_1_fu_364/tmp_product_i_2__0/CO[7]
                         net (fo=1, unplaced)         0.006     2.267    bd_0_i/hls_inst/U0/grp_hls_filter_2d_Pipeline_VITIS_LOOP_50_1_fu_364/tmp_product_i_2__0_n_4
                         CARRY8 (Prop_CARRY8_CI_O[4])
                                                      0.119     2.386 f  bd_0_i/hls_inst/U0/grp_hls_filter_2d_Pipeline_VITIS_LOOP_50_1_fu_364/tmp_product_i_1__5/O[4]
                         net (fo=10, unplaced)        0.285     2.671    bd_0_i/hls_inst/U0/grp_hls_filter_2d_Pipeline_VITIS_LOOP_50_1_fu_364/mul_21s_32s_52_1_1_U1/tmp_product/A[25]
                         DSP_A_B_DATA (Prop_DSP_A_B_DATA_A[25]_A2_DATA[25])
                                                      0.258     2.929 r  bd_0_i/hls_inst/U0/grp_hls_filter_2d_Pipeline_VITIS_LOOP_50_1_fu_364/mul_21s_32s_52_1_1_U1/tmp_product/DSP_A_B_DATA_INST/A2_DATA[25]
                         net (fo=1, unplaced)         0.000     2.929    bd_0_i/hls_inst/U0/grp_hls_filter_2d_Pipeline_VITIS_LOOP_50_1_fu_364/mul_21s_32s_52_1_1_U1/tmp_product/DSP_A_B_DATA.A2_DATA<25>
                         DSP_PREADD_DATA (Prop_DSP_PREADD_DATA_A2_DATA[25]_A2A1[25])
                                                      0.114     3.043 r  bd_0_i/hls_inst/U0/grp_hls_filter_2d_Pipeline_VITIS_LOOP_50_1_fu_364/mul_21s_32s_52_1_1_U1/tmp_product/DSP_PREADD_DATA_INST/A2A1[25]
                         net (fo=1, unplaced)         0.000     3.043    bd_0_i/hls_inst/U0/grp_hls_filter_2d_Pipeline_VITIS_LOOP_50_1_fu_364/mul_21s_32s_52_1_1_U1/tmp_product/DSP_PREADD_DATA.A2A1<25>
                         DSP_MULTIPLIER (Prop_DSP_MULTIPLIER_A2A1[25]_U[43])
                                                      0.700     3.743 f  bd_0_i/hls_inst/U0/grp_hls_filter_2d_Pipeline_VITIS_LOOP_50_1_fu_364/mul_21s_32s_52_1_1_U1/tmp_product/DSP_MULTIPLIER_INST/U[43]
                         net (fo=1, unplaced)         0.000     3.743    bd_0_i/hls_inst/U0/grp_hls_filter_2d_Pipeline_VITIS_LOOP_50_1_fu_364/mul_21s_32s_52_1_1_U1/tmp_product/DSP_MULTIPLIER.U<43>
                         DSP_M_DATA (Prop_DSP_M_DATA_U[43]_U_DATA[43])
                                                      0.067     3.810 r  bd_0_i/hls_inst/U0/grp_hls_filter_2d_Pipeline_VITIS_LOOP_50_1_fu_364/mul_21s_32s_52_1_1_U1/tmp_product/DSP_M_DATA_INST/U_DATA[43]
                         net (fo=1, unplaced)         0.000     3.810    bd_0_i/hls_inst/U0/grp_hls_filter_2d_Pipeline_VITIS_LOOP_50_1_fu_364/mul_21s_32s_52_1_1_U1/tmp_product/DSP_M_DATA.U_DATA<43>
                         DSP_ALU (Prop_DSP_ALU_U_DATA[43]_ALU_OUT[47])
                                                      0.727     4.537 f  bd_0_i/hls_inst/U0/grp_hls_filter_2d_Pipeline_VITIS_LOOP_50_1_fu_364/mul_21s_32s_52_1_1_U1/tmp_product/DSP_ALU_INST/ALU_OUT[47]
                         net (fo=1, unplaced)         0.000     4.537    bd_0_i/hls_inst/U0/grp_hls_filter_2d_Pipeline_VITIS_LOOP_50_1_fu_364/mul_21s_32s_52_1_1_U1/tmp_product/DSP_ALU.ALU_OUT<47>
                         DSP_OUTPUT (Prop_DSP_OUTPUT_ALU_OUT[47]_PCOUT[47])
                                                      0.167     4.704 r  bd_0_i/hls_inst/U0/grp_hls_filter_2d_Pipeline_VITIS_LOOP_50_1_fu_364/mul_21s_32s_52_1_1_U1/tmp_product/DSP_OUTPUT_INST/PCOUT[47]
                         net (fo=1, unplaced)         0.014     4.718    bd_0_i/hls_inst/U0/grp_hls_filter_2d_Pipeline_VITIS_LOOP_50_1_fu_364/mul_ln121_reg_2916_reg/PCIN[47]
                         DSP_ALU (Prop_DSP_ALU_PCIN[47]_ALU_OUT[16])
                                                      0.739     5.457 r  bd_0_i/hls_inst/U0/grp_hls_filter_2d_Pipeline_VITIS_LOOP_50_1_fu_364/mul_ln121_reg_2916_reg/DSP_ALU_INST/ALU_OUT[16]
                         net (fo=1, unplaced)         0.000     5.457    bd_0_i/hls_inst/U0/grp_hls_filter_2d_Pipeline_VITIS_LOOP_50_1_fu_364/mul_ln121_reg_2916_reg/DSP_ALU.ALU_OUT<16>
                         DSP_OUTPUT                                   r  bd_0_i/hls_inst/U0/grp_hls_filter_2d_Pipeline_VITIS_LOOP_50_1_fu_364/mul_ln121_reg_2916_reg/DSP_OUTPUT_INST/ALU_OUT[16]
  -------------------------------------------------------------------    -------------------

                         (clock ap_clk rise edge)    10.000    10.000 r  
                                                      0.000    10.000 r  ap_clk (IN)
                         net (fo=1441, unset)         0.055    10.055    bd_0_i/hls_inst/U0/grp_hls_filter_2d_Pipeline_VITIS_LOOP_50_1_fu_364/mul_ln121_reg_2916_reg/CLK
                         DSP_OUTPUT                                   r  bd_0_i/hls_inst/U0/grp_hls_filter_2d_Pipeline_VITIS_LOOP_50_1_fu_364/mul_ln121_reg_2916_reg/DSP_OUTPUT_INST/CLK
                         clock pessimism              0.000    10.055    
                         clock uncertainty           -0.035    10.020    
                         DSP_OUTPUT (Setup_DSP_OUTPUT_CLK_ALU_OUT[16])
                                                      0.014    10.034    bd_0_i/hls_inst/U0/grp_hls_filter_2d_Pipeline_VITIS_LOOP_50_1_fu_364/mul_ln121_reg_2916_reg/DSP_OUTPUT_INST
  -------------------------------------------------------------------
                         required time                         10.034    
                         arrival time                          -5.457    
  -------------------------------------------------------------------
                         slack                                  4.577    

Slack (MET) :             4.577ns  (required time - arrival time)
  Source:                 bd_0_i/hls_inst/U0/grp_hls_filter_2d_Pipeline_VITIS_LOOP_50_1_fu_364/mac_muladd_8ns_8s_17s_18_4_1_U26/hls_filter_2d_mac_muladd_8ns_8s_17s_18_4_1_DSP48_0_U/p_reg_reg/DSP_OUTPUT_INST/CLK
                            (rising edge-triggered cell DSP_OUTPUT clocked by ap_clk  {rise@0.000ns fall@5.000ns period=10.000ns})
  Destination:            bd_0_i/hls_inst/U0/grp_hls_filter_2d_Pipeline_VITIS_LOOP_50_1_fu_364/mul_ln121_reg_2916_reg/DSP_OUTPUT_INST/ALU_OUT[17]
                            (rising edge-triggered cell DSP_OUTPUT clocked by ap_clk  {rise@0.000ns fall@5.000ns period=10.000ns})
  Path Group:             ap_clk
  Path Type:              Setup (Max at Slow Process Corner)
  Requirement:            10.000ns  (ap_clk rise@10.000ns - ap_clk rise@0.000ns)
  Data Path Delay:        5.380ns  (logic 4.355ns (80.948%)  route 1.025ns (19.052%))
  Logic Levels:           15  (CARRY8=5 DSP_A_B_DATA=1 DSP_ALU=2 DSP_M_DATA=1 DSP_MULTIPLIER=1 DSP_OUTPUT=1 DSP_PREADD_DATA=1 LUT2=3)
  Clock Path Skew:        -0.022ns (DCD - SCD + CPR)
    Destination Clock Delay (DCD):    0.055ns = ( 10.055 - 10.000 ) 
    Source Clock Delay      (SCD):    0.077ns
    Clock Pessimism Removal (CPR):    0.000ns
  Clock Uncertainty:      0.035ns  ((TSJ^2 + TIJ^2)^1/2 + DJ) / 2 + PE
    Total System Jitter     (TSJ):    0.071ns
    Total Input Jitter      (TIJ):    0.000ns
    Discrete Jitter          (DJ):    0.000ns
    Phase Error              (PE):    0.000ns

    Location             Delay type                Incr(ns)  Path(ns)    Netlist Resource(s)
  -------------------------------------------------------------------    -------------------
                         (clock ap_clk rise edge)     0.000     0.000 r  
                                                      0.000     0.000 r  ap_clk (IN)
                         net (fo=1441, unset)         0.077     0.077    bd_0_i/hls_inst/U0/grp_hls_filter_2d_Pipeline_VITIS_LOOP_50_1_fu_364/mac_muladd_8ns_8s_17s_18_4_1_U26/hls_filter_2d_mac_muladd_8ns_8s_17s_18_4_1_DSP48_0_U/p_reg_reg/CLK
                         DSP_OUTPUT                                   r  bd_0_i/hls_inst/U0/grp_hls_filter_2d_Pipeline_VITIS_LOOP_50_1_fu_364/mac_muladd_8ns_8s_17s_18_4_1_U26/hls_filter_2d_mac_muladd_8ns_8s_17s_18_4_1_DSP48_0_U/p_reg_reg/DSP_OUTPUT_INST/CLK
  -------------------------------------------------------------------    -------------------
                         DSP_OUTPUT (Prop_DSP_OUTPUT_CLK_P[0])
                                                      0.270     0.347 r  bd_0_i/hls_inst/U0/grp_hls_filter_2d_Pipeline_VITIS_LOOP_50_1_fu_364/mac_muladd_8ns_8s_17s_18_4_1_U26/hls_filter_2d_mac_muladd_8ns_8s_17s_18_4_1_DSP48_0_U/p_reg_reg/DSP_OUTPUT_INST/P[0]
                         net (fo=2, unplaced)         0.258     0.605    bd_0_i/hls_inst/U0/grp_hls_filter_2d_Pipeline_VITIS_LOOP_50_1_fu_364/mac_muladd_8ns_8s_17s_18_4_1_U26_n_21
                         LUT2 (Prop_LUT2_I0_O)        0.083     0.688 r  bd_0_i/hls_inst/U0/grp_hls_filter_2d_Pipeline_VITIS_LOOP_50_1_fu_364/tmp_product_i_127/O
                         net (fo=1, unplaced)         0.025     0.713    bd_0_i/hls_inst/U0/grp_hls_filter_2d_Pipeline_VITIS_LOOP_50_1_fu_364/tmp_product_i_127_n_4
                         CARRY8 (Prop_CARRY8_S[0]_CO[7])
                                                      0.289     1.002 r  bd_0_i/hls_inst/U0/grp_hls_filter_2d_Pipeline_VITIS_LOOP_50_1_fu_364/tmp_product_i_86/CO[7]
                         net (fo=1, unplaced)         0.006     1.008    bd_0_i/hls_inst/U0/grp_hls_filter_2d_Pipeline_VITIS_LOOP_50_1_fu_364/tmp_product_i_86_n_4
                         CARRY8 (Prop_CARRY8_CI_O[1])
                                                      0.106     1.114 r  bd_0_i/hls_inst/U0/grp_hls_filter_2d_Pipeline_VITIS_LOOP_50_1_fu_364/tmp_product_i_68/O[1]
                         net (fo=1, unplaced)         0.209     1.323    bd_0_i/hls_inst/U0/grp_hls_filter_2d_Pipeline_VITIS_LOOP_50_1_fu_364/RESIZE[9]
                         LUT2 (Prop_LUT2_I1_O)        0.057     1.380 r  bd_0_i/hls_inst/U0/grp_hls_filter_2d_Pipeline_VITIS_LOOP_50_1_fu_364/tmp_product_i_39/O
                         net (fo=1, unplaced)         0.030     1.410    bd_0_i/hls_inst/U0/grp_hls_filter_2d_Pipeline_VITIS_LOOP_50_1_fu_364/tmp_product_i_39_n_4
                         CARRY8 (Prop_CARRY8_S[1]_O[5])
                                                      0.333     1.743 r  bd_0_i/hls_inst/U0/grp_hls_filter_2d_Pipeline_VITIS_LOOP_50_1_fu_364/tmp_product_i_9/O[5]
                         net (fo=2, unplaced)         0.155     1.898    bd_0_i/hls_inst/U0/grp_hls_filter_2d_Pipeline_VITIS_LOOP_50_1_fu_364/RESIZE0_in[13]
                         LUT2 (Prop_LUT2_I0_O)        0.080     1.978 r  bd_0_i/hls_inst/U0/grp_hls_filter_2d_Pipeline_VITIS_LOOP_50_1_fu_364/tmp_product_i_12/O
                         net (fo=1, unplaced)         0.037     2.015    bd_0_i/hls_inst/U0/grp_hls_filter_2d_Pipeline_VITIS_LOOP_50_1_fu_364/tmp_product_i_12_n_4
                         CARRY8 (Prop_CARRY8_S[5]_CO[7])
                                                      0.246     2.261 r  bd_0_i/hls_inst/U0/grp_hls_filter_2d_Pipeline_VITIS_LOOP_50_1_fu_364/tmp_product_i_2__0/CO[7]
                         net (fo=1, unplaced)         0.006     2.267    bd_0_i/hls_inst/U0/grp_hls_filter_2d_Pipeline_VITIS_LOOP_50_1_fu_364/tmp_product_i_2__0_n_4
                         CARRY8 (Prop_CARRY8_CI_O[4])
                                                      0.119     2.386 f  bd_0_i/hls_inst/U0/grp_hls_filter_2d_Pipeline_VITIS_LOOP_50_1_fu_364/tmp_product_i_1__5/O[4]
                         net (fo=10, unplaced)        0.285     2.671    bd_0_i/hls_inst/U0/grp_hls_filter_2d_Pipeline_VITIS_LOOP_50_1_fu_364/mul_21s_32s_52_1_1_U1/tmp_product/A[25]
                         DSP_A_B_DATA (Prop_DSP_A_B_DATA_A[25]_A2_DATA[25])
                                                      0.258     2.929 r  bd_0_i/hls_inst/U0/grp_hls_filter_2d_Pipeline_VITIS_LOOP_50_1_fu_364/mul_21s_32s_52_1_1_U1/tmp_product/DSP_A_B_DATA_INST/A2_DATA[25]
                         net (fo=1, unplaced)         0.000     2.929    bd_0_i/hls_inst/U0/grp_hls_filter_2d_Pipeline_VITIS_LOOP_50_1_fu_364/mul_21s_32s_52_1_1_U1/tmp_product/DSP_A_B_DATA.A2_DATA<25>
                         DSP_PREADD_DATA (Prop_DSP_PREADD_DATA_A2_DATA[25]_A2A1[25])
                                                      0.114     3.043 r  bd_0_i/hls_inst/U0/grp_hls_filter_2d_Pipeline_VITIS_LOOP_50_1_fu_364/mul_21s_32s_52_1_1_U1/tmp_product/DSP_PREADD_DATA_INST/A2A1[25]
                         net (fo=1, unplaced)         0.000     3.043    bd_0_i/hls_inst/U0/grp_hls_filter_2d_Pipeline_VITIS_LOOP_50_1_fu_364/mul_21s_32s_52_1_1_U1/tmp_product/DSP_PREADD_DATA.A2A1<25>
                         DSP_MULTIPLIER (Prop_DSP_MULTIPLIER_A2A1[25]_U[43])
                                                      0.700     3.743 f  bd_0_i/hls_inst/U0/grp_hls_filter_2d_Pipeline_VITIS_LOOP_50_1_fu_364/mul_21s_32s_52_1_1_U1/tmp_product/DSP_MULTIPLIER_INST/U[43]
                         net (fo=1, unplaced)         0.000     3.743    bd_0_i/hls_inst/U0/grp_hls_filter_2d_Pipeline_VITIS_LOOP_50_1_fu_364/mul_21s_32s_52_1_1_U1/tmp_product/DSP_MULTIPLIER.U<43>
                         DSP_M_DATA (Prop_DSP_M_DATA_U[43]_U_DATA[43])
                                                      0.067     3.810 r  bd_0_i/hls_inst/U0/grp_hls_filter_2d_Pipeline_VITIS_LOOP_50_1_fu_364/mul_21s_32s_52_1_1_U1/tmp_product/DSP_M_DATA_INST/U_DATA[43]
                         net (fo=1, unplaced)         0.000     3.810    bd_0_i/hls_inst/U0/grp_hls_filter_2d_Pipeline_VITIS_LOOP_50_1_fu_364/mul_21s_32s_52_1_1_U1/tmp_product/DSP_M_DATA.U_DATA<43>
                         DSP_ALU (Prop_DSP_ALU_U_DATA[43]_ALU_OUT[47])
                                                      0.727     4.537 f  bd_0_i/hls_inst/U0/grp_hls_filter_2d_Pipeline_VITIS_LOOP_50_1_fu_364/mul_21s_32s_52_1_1_U1/tmp_product/DSP_ALU_INST/ALU_OUT[47]
                         net (fo=1, unplaced)         0.000     4.537    bd_0_i/hls_inst/U0/grp_hls_filter_2d_Pipeline_VITIS_LOOP_50_1_fu_364/mul_21s_32s_52_1_1_U1/tmp_product/DSP_ALU.ALU_OUT<47>
                         DSP_OUTPUT (Prop_DSP_OUTPUT_ALU_OUT[47]_PCOUT[47])
                                                      0.167     4.704 r  bd_0_i/hls_inst/U0/grp_hls_filter_2d_Pipeline_VITIS_LOOP_50_1_fu_364/mul_21s_32s_52_1_1_U1/tmp_product/DSP_OUTPUT_INST/PCOUT[47]
                         net (fo=1, unplaced)         0.014     4.718    bd_0_i/hls_inst/U0/grp_hls_filter_2d_Pipeline_VITIS_LOOP_50_1_fu_364/mul_ln121_reg_2916_reg/PCIN[47]
                         DSP_ALU (Prop_DSP_ALU_PCIN[47]_ALU_OUT[17])
                                                      0.739     5.457 r  bd_0_i/hls_inst/U0/grp_hls_filter_2d_Pipeline_VITIS_LOOP_50_1_fu_364/mul_ln121_reg_2916_reg/DSP_ALU_INST/ALU_OUT[17]
                         net (fo=1, unplaced)         0.000     5.457    bd_0_i/hls_inst/U0/grp_hls_filter_2d_Pipeline_VITIS_LOOP_50_1_fu_364/mul_ln121_reg_2916_reg/DSP_ALU.ALU_OUT<17>
                         DSP_OUTPUT                                   r  bd_0_i/hls_inst/U0/grp_hls_filter_2d_Pipeline_VITIS_LOOP_50_1_fu_364/mul_ln121_reg_2916_reg/DSP_OUTPUT_INST/ALU_OUT[17]
  -------------------------------------------------------------------    -------------------

                         (clock ap_clk rise edge)    10.000    10.000 r  
                                                      0.000    10.000 r  ap_clk (IN)
                         net (fo=1441, unset)         0.055    10.055    bd_0_i/hls_inst/U0/grp_hls_filter_2d_Pipeline_VITIS_LOOP_50_1_fu_364/mul_ln121_reg_2916_reg/CLK
                         DSP_OUTPUT                                   r  bd_0_i/hls_inst/U0/grp_hls_filter_2d_Pipeline_VITIS_LOOP_50_1_fu_364/mul_ln121_reg_2916_reg/DSP_OUTPUT_INST/CLK
                         clock pessimism              0.000    10.055    
                         clock uncertainty           -0.035    10.020    
                         DSP_OUTPUT (Setup_DSP_OUTPUT_CLK_ALU_OUT[17])
                                                      0.014    10.034    bd_0_i/hls_inst/U0/grp_hls_filter_2d_Pipeline_VITIS_LOOP_50_1_fu_364/mul_ln121_reg_2916_reg/DSP_OUTPUT_INST
  -------------------------------------------------------------------
                         required time                         10.034    
                         arrival time                          -5.457    
  -------------------------------------------------------------------
                         slack                                  4.577    

Slack (MET) :             4.577ns  (required time - arrival time)
  Source:                 bd_0_i/hls_inst/U0/grp_hls_filter_2d_Pipeline_VITIS_LOOP_50_1_fu_364/mac_muladd_8ns_8s_17s_18_4_1_U26/hls_filter_2d_mac_muladd_8ns_8s_17s_18_4_1_DSP48_0_U/p_reg_reg/DSP_OUTPUT_INST/CLK
                            (rising edge-triggered cell DSP_OUTPUT clocked by ap_clk  {rise@0.000ns fall@5.000ns period=10.000ns})
  Destination:            bd_0_i/hls_inst/U0/grp_hls_filter_2d_Pipeline_VITIS_LOOP_50_1_fu_364/mul_ln121_reg_2916_reg/DSP_OUTPUT_INST/ALU_OUT[18]
                            (rising edge-triggered cell DSP_OUTPUT clocked by ap_clk  {rise@0.000ns fall@5.000ns period=10.000ns})
  Path Group:             ap_clk
  Path Type:              Setup (Max at Slow Process Corner)
  Requirement:            10.000ns  (ap_clk rise@10.000ns - ap_clk rise@0.000ns)
  Data Path Delay:        5.380ns  (logic 4.355ns (80.948%)  route 1.025ns (19.052%))
  Logic Levels:           15  (CARRY8=5 DSP_A_B_DATA=1 DSP_ALU=2 DSP_M_DATA=1 DSP_MULTIPLIER=1 DSP_OUTPUT=1 DSP_PREADD_DATA=1 LUT2=3)
  Clock Path Skew:        -0.022ns (DCD - SCD + CPR)
    Destination Clock Delay (DCD):    0.055ns = ( 10.055 - 10.000 ) 
    Source Clock Delay      (SCD):    0.077ns
    Clock Pessimism Removal (CPR):    0.000ns
  Clock Uncertainty:      0.035ns  ((TSJ^2 + TIJ^2)^1/2 + DJ) / 2 + PE
    Total System Jitter     (TSJ):    0.071ns
    Total Input Jitter      (TIJ):    0.000ns
    Discrete Jitter          (DJ):    0.000ns
    Phase Error              (PE):    0.000ns

    Location             Delay type                Incr(ns)  Path(ns)    Netlist Resource(s)
  -------------------------------------------------------------------    -------------------
                         (clock ap_clk rise edge)     0.000     0.000 r  
                                                      0.000     0.000 r  ap_clk (IN)
                         net (fo=1441, unset)         0.077     0.077    bd_0_i/hls_inst/U0/grp_hls_filter_2d_Pipeline_VITIS_LOOP_50_1_fu_364/mac_muladd_8ns_8s_17s_18_4_1_U26/hls_filter_2d_mac_muladd_8ns_8s_17s_18_4_1_DSP48_0_U/p_reg_reg/CLK
                         DSP_OUTPUT                                   r  bd_0_i/hls_inst/U0/grp_hls_filter_2d_Pipeline_VITIS_LOOP_50_1_fu_364/mac_muladd_8ns_8s_17s_18_4_1_U26/hls_filter_2d_mac_muladd_8ns_8s_17s_18_4_1_DSP48_0_U/p_reg_reg/DSP_OUTPUT_INST/CLK
  -------------------------------------------------------------------    -------------------
                         DSP_OUTPUT (Prop_DSP_OUTPUT_CLK_P[0])
                                                      0.270     0.347 r  bd_0_i/hls_inst/U0/grp_hls_filter_2d_Pipeline_VITIS_LOOP_50_1_fu_364/mac_muladd_8ns_8s_17s_18_4_1_U26/hls_filter_2d_mac_muladd_8ns_8s_17s_18_4_1_DSP48_0_U/p_reg_reg/DSP_OUTPUT_INST/P[0]
                         net (fo=2, unplaced)         0.258     0.605    bd_0_i/hls_inst/U0/grp_hls_filter_2d_Pipeline_VITIS_LOOP_50_1_fu_364/mac_muladd_8ns_8s_17s_18_4_1_U26_n_21
                         LUT2 (Prop_LUT2_I0_O)        0.083     0.688 r  bd_0_i/hls_inst/U0/grp_hls_filter_2d_Pipeline_VITIS_LOOP_50_1_fu_364/tmp_product_i_127/O
                         net (fo=1, unplaced)         0.025     0.713    bd_0_i/hls_inst/U0/grp_hls_filter_2d_Pipeline_VITIS_LOOP_50_1_fu_364/tmp_product_i_127_n_4
                         CARRY8 (Prop_CARRY8_S[0]_CO[7])
                                                      0.289     1.002 r  bd_0_i/hls_inst/U0/grp_hls_filter_2d_Pipeline_VITIS_LOOP_50_1_fu_364/tmp_product_i_86/CO[7]
                         net (fo=1, unplaced)         0.006     1.008    bd_0_i/hls_inst/U0/grp_hls_filter_2d_Pipeline_VITIS_LOOP_50_1_fu_364/tmp_product_i_86_n_4
                         CARRY8 (Prop_CARRY8_CI_O[1])
                                                      0.106     1.114 r  bd_0_i/hls_inst/U0/grp_hls_filter_2d_Pipeline_VITIS_LOOP_50_1_fu_364/tmp_product_i_68/O[1]
                         net (fo=1, unplaced)         0.209     1.323    bd_0_i/hls_inst/U0/grp_hls_filter_2d_Pipeline_VITIS_LOOP_50_1_fu_364/RESIZE[9]
                         LUT2 (Prop_LUT2_I1_O)        0.057     1.380 r  bd_0_i/hls_inst/U0/grp_hls_filter_2d_Pipeline_VITIS_LOOP_50_1_fu_364/tmp_product_i_39/O
                         net (fo=1, unplaced)         0.030     1.410    bd_0_i/hls_inst/U0/grp_hls_filter_2d_Pipeline_VITIS_LOOP_50_1_fu_364/tmp_product_i_39_n_4
                         CARRY8 (Prop_CARRY8_S[1]_O[5])
                                                      0.333     1.743 r  bd_0_i/hls_inst/U0/grp_hls_filter_2d_Pipeline_VITIS_LOOP_50_1_fu_364/tmp_product_i_9/O[5]
                         net (fo=2, unplaced)         0.155     1.898    bd_0_i/hls_inst/U0/grp_hls_filter_2d_Pipeline_VITIS_LOOP_50_1_fu_364/RESIZE0_in[13]
                         LUT2 (Prop_LUT2_I0_O)        0.080     1.978 r  bd_0_i/hls_inst/U0/grp_hls_filter_2d_Pipeline_VITIS_LOOP_50_1_fu_364/tmp_product_i_12/O
                         net (fo=1, unplaced)         0.037     2.015    bd_0_i/hls_inst/U0/grp_hls_filter_2d_Pipeline_VITIS_LOOP_50_1_fu_364/tmp_product_i_12_n_4
                         CARRY8 (Prop_CARRY8_S[5]_CO[7])
                                                      0.246     2.261 r  bd_0_i/hls_inst/U0/grp_hls_filter_2d_Pipeline_VITIS_LOOP_50_1_fu_364/tmp_product_i_2__0/CO[7]
                         net (fo=1, unplaced)         0.006     2.267    bd_0_i/hls_inst/U0/grp_hls_filter_2d_Pipeline_VITIS_LOOP_50_1_fu_364/tmp_product_i_2__0_n_4
                         CARRY8 (Prop_CARRY8_CI_O[4])
                                                      0.119     2.386 f  bd_0_i/hls_inst/U0/grp_hls_filter_2d_Pipeline_VITIS_LOOP_50_1_fu_364/tmp_product_i_1__5/O[4]
                         net (fo=10, unplaced)        0.285     2.671    bd_0_i/hls_inst/U0/grp_hls_filter_2d_Pipeline_VITIS_LOOP_50_1_fu_364/mul_21s_32s_52_1_1_U1/tmp_product/A[25]
                         DSP_A_B_DATA (Prop_DSP_A_B_DATA_A[25]_A2_DATA[25])
                                                      0.258     2.929 r  bd_0_i/hls_inst/U0/grp_hls_filter_2d_Pipeline_VITIS_LOOP_50_1_fu_364/mul_21s_32s_52_1_1_U1/tmp_product/DSP_A_B_DATA_INST/A2_DATA[25]
                         net (fo=1, unplaced)         0.000     2.929    bd_0_i/hls_inst/U0/grp_hls_filter_2d_Pipeline_VITIS_LOOP_50_1_fu_364/mul_21s_32s_52_1_1_U1/tmp_product/DSP_A_B_DATA.A2_DATA<25>
                         DSP_PREADD_DATA (Prop_DSP_PREADD_DATA_A2_DATA[25]_A2A1[25])
                                                      0.114     3.043 r  bd_0_i/hls_inst/U0/grp_hls_filter_2d_Pipeline_VITIS_LOOP_50_1_fu_364/mul_21s_32s_52_1_1_U1/tmp_product/DSP_PREADD_DATA_INST/A2A1[25]
                         net (fo=1, unplaced)         0.000     3.043    bd_0_i/hls_inst/U0/grp_hls_filter_2d_Pipeline_VITIS_LOOP_50_1_fu_364/mul_21s_32s_52_1_1_U1/tmp_product/DSP_PREADD_DATA.A2A1<25>
                         DSP_MULTIPLIER (Prop_DSP_MULTIPLIER_A2A1[25]_U[43])
                                                      0.700     3.743 f  bd_0_i/hls_inst/U0/grp_hls_filter_2d_Pipeline_VITIS_LOOP_50_1_fu_364/mul_21s_32s_52_1_1_U1/tmp_product/DSP_MULTIPLIER_INST/U[43]
                         net (fo=1, unplaced)         0.000     3.743    bd_0_i/hls_inst/U0/grp_hls_filter_2d_Pipeline_VITIS_LOOP_50_1_fu_364/mul_21s_32s_52_1_1_U1/tmp_product/DSP_MULTIPLIER.U<43>
                         DSP_M_DATA (Prop_DSP_M_DATA_U[43]_U_DATA[43])
                                                      0.067     3.810 r  bd_0_i/hls_inst/U0/grp_hls_filter_2d_Pipeline_VITIS_LOOP_50_1_fu_364/mul_21s_32s_52_1_1_U1/tmp_product/DSP_M_DATA_INST/U_DATA[43]
                         net (fo=1, unplaced)         0.000     3.810    bd_0_i/hls_inst/U0/grp_hls_filter_2d_Pipeline_VITIS_LOOP_50_1_fu_364/mul_21s_32s_52_1_1_U1/tmp_product/DSP_M_DATA.U_DATA<43>
                         DSP_ALU (Prop_DSP_ALU_U_DATA[43]_ALU_OUT[47])
                                                      0.727     4.537 f  bd_0_i/hls_inst/U0/grp_hls_filter_2d_Pipeline_VITIS_LOOP_50_1_fu_364/mul_21s_32s_52_1_1_U1/tmp_product/DSP_ALU_INST/ALU_OUT[47]
                         net (fo=1, unplaced)         0.000     4.537    bd_0_i/hls_inst/U0/grp_hls_filter_2d_Pipeline_VITIS_LOOP_50_1_fu_364/mul_21s_32s_52_1_1_U1/tmp_product/DSP_ALU.ALU_OUT<47>
                         DSP_OUTPUT (Prop_DSP_OUTPUT_ALU_OUT[47]_PCOUT[47])
                                                      0.167     4.704 r  bd_0_i/hls_inst/U0/grp_hls_filter_2d_Pipeline_VITIS_LOOP_50_1_fu_364/mul_21s_32s_52_1_1_U1/tmp_product/DSP_OUTPUT_INST/PCOUT[47]
                         net (fo=1, unplaced)         0.014     4.718    bd_0_i/hls_inst/U0/grp_hls_filter_2d_Pipeline_VITIS_LOOP_50_1_fu_364/mul_ln121_reg_2916_reg/PCIN[47]
                         DSP_ALU (Prop_DSP_ALU_PCIN[47]_ALU_OUT[18])
                                                      0.739     5.457 r  bd_0_i/hls_inst/U0/grp_hls_filter_2d_Pipeline_VITIS_LOOP_50_1_fu_364/mul_ln121_reg_2916_reg/DSP_ALU_INST/ALU_OUT[18]
                         net (fo=1, unplaced)         0.000     5.457    bd_0_i/hls_inst/U0/grp_hls_filter_2d_Pipeline_VITIS_LOOP_50_1_fu_364/mul_ln121_reg_2916_reg/DSP_ALU.ALU_OUT<18>
                         DSP_OUTPUT                                   r  bd_0_i/hls_inst/U0/grp_hls_filter_2d_Pipeline_VITIS_LOOP_50_1_fu_364/mul_ln121_reg_2916_reg/DSP_OUTPUT_INST/ALU_OUT[18]
  -------------------------------------------------------------------    -------------------

                         (clock ap_clk rise edge)    10.000    10.000 r  
                                                      0.000    10.000 r  ap_clk (IN)
                         net (fo=1441, unset)         0.055    10.055    bd_0_i/hls_inst/U0/grp_hls_filter_2d_Pipeline_VITIS_LOOP_50_1_fu_364/mul_ln121_reg_2916_reg/CLK
                         DSP_OUTPUT                                   r  bd_0_i/hls_inst/U0/grp_hls_filter_2d_Pipeline_VITIS_LOOP_50_1_fu_364/mul_ln121_reg_2916_reg/DSP_OUTPUT_INST/CLK
                         clock pessimism              0.000    10.055    
                         clock uncertainty           -0.035    10.020    
                         DSP_OUTPUT (Setup_DSP_OUTPUT_CLK_ALU_OUT[18])
                                                      0.014    10.034    bd_0_i/hls_inst/U0/grp_hls_filter_2d_Pipeline_VITIS_LOOP_50_1_fu_364/mul_ln121_reg_2916_reg/DSP_OUTPUT_INST
  -------------------------------------------------------------------
                         required time                         10.034    
                         arrival time                          -5.457    
  -------------------------------------------------------------------
                         slack                                  4.577    




