Copyright 1986-2022 Xilinx, Inc. All Rights Reserved. Copyright 2022-2025 Advanced Micro Devices, Inc. All Rights Reserved.
--------------------------------------------------------------------------------------------------------------------------------------------------
| Tool Version      : Vivado v.2025.2 (win64) Build 6299465 Fri Nov 14 19:35:11 GMT 2025
| Date              : Tue Mar 31 12:18:44 2026
| Host              : N166A running 64-bit major release  (build 9200)
| Command           : report_timing -max_paths 10 -file ./report/hls_filter_2d_timing_paths_routed.rpt
| Design            : bd_0_wrapper
| Device            : xck26-sfvc784
| Speed File        : -2LV  PRODUCTION 1.30 05-15-2022
| Design State      : Routed
| Temperature Grade : C
--------------------------------------------------------------------------------------------------------------------------------------------------

Timing Report

Slack (MET) :             3.452ns  (required time - arrival time)
  Source:                 bd_0_i/hls_inst/U0/grp_hls_filter_2d_Pipeline_VITIS_LOOP_50_1_fu_364/mac_muladd_8ns_8s_17s_18_4_1_U21/hls_filter_2d_mac_muladd_8ns_8s_17s_18_4_1_DSP48_0_U/p_reg_reg/DSP_OUTPUT_INST/CLK
                            (rising edge-triggered cell DSP_OUTPUT clocked by ap_clk  {rise@0.000ns fall@5.000ns period=10.000ns})
  Destination:            bd_0_i/hls_inst/U0/grp_hls_filter_2d_Pipeline_VITIS_LOOP_50_1_fu_364/mul_ln121_reg_2916_reg/DSP_OUTPUT_INST/ALU_OUT[0]
                            (rising edge-triggered cell DSP_OUTPUT clocked by ap_clk  {rise@0.000ns fall@5.000ns period=10.000ns})
  Path Group:             ap_clk
  Path Type:              Setup (Max at Slow Process Corner)
  Requirement:            10.000ns  (ap_clk rise@10.000ns - ap_clk rise@0.000ns)
  Data Path Delay:        6.505ns  (logic 4.711ns (72.422%)  route 1.794ns (27.578%))
  Logic Levels:           15  (CARRY8=5 DSP_A_B_DATA=1 DSP_ALU=2 DSP_M_DATA=1 DSP_MULTIPLIER=1 DSP_OUTPUT=1 DSP_PREADD_DATA=1 LUT2=3)
  Clock Path Skew:        -0.022ns (DCD - SCD + CPR)
    Destination Clock Delay (DCD):    0.055ns = ( 10.055 - 10.000 ) 
    Source Clock Delay      (SCD):    0.077ns
    Clock Pessimism Removal (CPR):    0.000ns
  Clock Uncertainty:      0.035ns  ((TSJ^2 + TIJ^2)^1/2 + DJ) / 2 + PE
    Total System Jitter     (TSJ):    0.071ns
    Total Input Jitter      (TIJ):    0.000ns
    Discrete Jitter          (DJ):    0.000ns
    Phase Error              (PE):    0.000ns

    Location             Delay type                Incr(ns)  Path(ns)    Netlist Resource(s)
  -------------------------------------------------------------------    -------------------
                         (clock ap_clk rise edge)     0.000     0.000 r  
                                                      0.000     0.000 r  ap_clk (IN)
                         net (fo=1441, unset)         0.077     0.077    bd_0_i/hls_inst/U0/grp_hls_filter_2d_Pipeline_VITIS_LOOP_50_1_fu_364/mac_muladd_8ns_8s_17s_18_4_1_U21/hls_filter_2d_mac_muladd_8ns_8s_17s_18_4_1_DSP48_0_U/p_reg_reg/CLK
    DSP48E2_X9Y40        DSP_OUTPUT                                   r  bd_0_i/hls_inst/U0/grp_hls_filter_2d_Pipeline_VITIS_LOOP_50_1_fu_364/mac_muladd_8ns_8s_17s_18_4_1_U21/hls_filter_2d_mac_muladd_8ns_8s_17s_18_4_1_DSP48_0_U/p_reg_reg/DSP_OUTPUT_INST/CLK
  -------------------------------------------------------------------    -------------------
    DSP48E2_X9Y40        DSP_OUTPUT (Prop_DSP_OUTPUT_DSP48E2_CLK_P[5])
                                                      0.275     0.352 r  bd_0_i/hls_inst/U0/grp_hls_filter_2d_Pipeline_VITIS_LOOP_50_1_fu_364/mac_muladd_8ns_8s_17s_18_4_1_U21/hls_filter_2d_mac_muladd_8ns_8s_17s_18_4_1_DSP48_0_U/p_reg_reg/DSP_OUTPUT_INST/P[5]
                         net (fo=2, routed)           0.401     0.753    bd_0_i/hls_inst/U0/grp_hls_filter_2d_Pipeline_VITIS_LOOP_50_1_fu_364/mac_muladd_8ns_8s_17s_18_4_1_U21_n_16
    SLICE_X31Y100        LUT2 (Prop_F6LUT_SLICEM_I0_O)
                                                      0.224     0.977 r  bd_0_i/hls_inst/U0/grp_hls_filter_2d_Pipeline_VITIS_LOOP_50_1_fu_364/tmp_product_i_130/O
                         net (fo=1, routed)           0.029     1.006    bd_0_i/hls_inst/U0/grp_hls_filter_2d_Pipeline_VITIS_LOOP_50_1_fu_364/tmp_product_i_130_n_4
    SLICE_X31Y100        CARRY8 (Prop_CARRY8_SLICEM_S[5]_CO[7])
                                                      0.238     1.244 r  bd_0_i/hls_inst/U0/grp_hls_filter_2d_Pipeline_VITIS_LOOP_50_1_fu_364/tmp_product_i_87/CO[7]
                         net (fo=1, routed)           0.030     1.274    bd_0_i/hls_inst/U0/grp_hls_filter_2d_Pipeline_VITIS_LOOP_50_1_fu_364/tmp_product_i_87_n_4
    SLICE_X31Y101        CARRY8 (Prop_CARRY8_SLICEM_CI_O[5])
                                                      0.161     1.435 r  bd_0_i/hls_inst/U0/grp_hls_filter_2d_Pipeline_VITIS_LOOP_50_1_fu_364/tmp_product_i_69/O[5]
                         net (fo=2, routed)           0.251     1.686    bd_0_i/hls_inst/U0/grp_hls_filter_2d_Pipeline_VITIS_LOOP_50_1_fu_364/tmp_product_i_69_n_14
    SLICE_X29Y101        LUT2 (Prop_F6LUT_SLICEM_I0_O)
                                                      0.186     1.872 r  bd_0_i/hls_inst/U0/grp_hls_filter_2d_Pipeline_VITIS_LOOP_50_1_fu_364/tmp_product_i_72/O
                         net (fo=1, routed)           0.029     1.901    bd_0_i/hls_inst/U0/grp_hls_filter_2d_Pipeline_VITIS_LOOP_50_1_fu_364/tmp_product_i_72_n_4
    SLICE_X29Y101        CARRY8 (Prop_CARRY8_SLICEM_S[5]_CO[7])
                                                      0.238     2.139 r  bd_0_i/hls_inst/U0/grp_hls_filter_2d_Pipeline_VITIS_LOOP_50_1_fu_364/tmp_product_i_41/CO[7]
                         net (fo=1, routed)           0.030     2.169    bd_0_i/hls_inst/U0/grp_hls_filter_2d_Pipeline_VITIS_LOOP_50_1_fu_364/tmp_product_i_41_n_4
    SLICE_X29Y102        CARRY8 (Prop_CARRY8_SLICEM_CI_O[1])
                                                      0.106     2.275 r  bd_0_i/hls_inst/U0/grp_hls_filter_2d_Pipeline_VITIS_LOOP_50_1_fu_364/tmp_product_i_31/O[1]
                         net (fo=1, routed)           0.417     2.692    bd_0_i/hls_inst/U0/grp_hls_filter_2d_Pipeline_VITIS_LOOP_50_1_fu_364/tmp_product_i_31_n_18
    SLICE_X28Y112        LUT2 (Prop_B6LUT_SLICEM_I1_O)
                                                      0.225     2.917 r  bd_0_i/hls_inst/U0/grp_hls_filter_2d_Pipeline_VITIS_LOOP_50_1_fu_364/tmp_product_i_7/O
                         net (fo=1, routed)           0.022     2.939    bd_0_i/hls_inst/U0/grp_hls_filter_2d_Pipeline_VITIS_LOOP_50_1_fu_364/tmp_product_i_7_n_4
    SLICE_X28Y112        CARRY8 (Prop_CARRY8_SLICEM_S[1]_O[4])
                                                      0.286     3.225 f  bd_0_i/hls_inst/U0/grp_hls_filter_2d_Pipeline_VITIS_LOOP_50_1_fu_364/tmp_product_i_1__5/O[4]
                         net (fo=10, routed)          0.571     3.796    bd_0_i/hls_inst/U0/grp_hls_filter_2d_Pipeline_VITIS_LOOP_50_1_fu_364/mul_21s_32s_52_1_1_U1/tmp_product/A[26]
    DSP48E2_X8Y44        DSP_A_B_DATA (Prop_DSP_A_B_DATA_DSP48E2_A[26]_A2_DATA[26])
                                                      0.258     4.054 r  bd_0_i/hls_inst/U0/grp_hls_filter_2d_Pipeline_VITIS_LOOP_50_1_fu_364/mul_21s_32s_52_1_1_U1/tmp_product/DSP_A_B_DATA_INST/A2_DATA[26]
                         net (fo=1, routed)           0.000     4.054    bd_0_i/hls_inst/U0/grp_hls_filter_2d_Pipeline_VITIS_LOOP_50_1_fu_364/mul_21s_32s_52_1_1_U1/tmp_product/DSP_A_B_DATA.A2_DATA<26>
    DSP48E2_X8Y44        DSP_PREADD_DATA (Prop_DSP_PREADD_DATA_DSP48E2_A2_DATA[26]_A2A1[26])
                                                      0.114     4.168 r  bd_0_i/hls_inst/U0/grp_hls_filter_2d_Pipeline_VITIS_LOOP_50_1_fu_364/mul_21s_32s_52_1_1_U1/tmp_product/DSP_PREADD_DATA_INST/A2A1[26]
                         net (fo=1, routed)           0.000     4.168    bd_0_i/hls_inst/U0/grp_hls_filter_2d_Pipeline_VITIS_LOOP_50_1_fu_364/mul_21s_32s_52_1_1_U1/tmp_product/DSP_PREADD_DATA.A2A1<26>
    DSP48E2_X8Y44        DSP_MULTIPLIER (Prop_DSP_MULTIPLIER_DSP48E2_A2A1[26]_U[43])
                                                      0.700     4.868 f  bd_0_i/hls_inst/U0/grp_hls_filter_2d_Pipeline_VITIS_LOOP_50_1_fu_364/mul_21s_32s_52_1_1_U1/tmp_product/DSP_MULTIPLIER_INST/U[43]
                         net (fo=1, routed)           0.000     4.868    bd_0_i/hls_inst/U0/grp_hls_filter_2d_Pipeline_VITIS_LOOP_50_1_fu_364/mul_21s_32s_52_1_1_U1/tmp_product/DSP_MULTIPLIER.U<43>
    DSP48E2_X8Y44        DSP_M_DATA (Prop_DSP_M_DATA_DSP48E2_U[43]_U_DATA[43])
                                                      0.067     4.935 r  bd_0_i/hls_inst/U0/grp_hls_filter_2d_Pipeline_VITIS_LOOP_50_1_fu_364/mul_21s_32s_52_1_1_U1/tmp_product/DSP_M_DATA_INST/U_DATA[43]
                         net (fo=1, routed)           0.000     4.935    bd_0_i/hls_inst/U0/grp_hls_filter_2d_Pipeline_VITIS_LOOP_50_1_fu_364/mul_21s_32s_52_1_1_U1/tmp_product/DSP_M_DATA.U_DATA<43>
    DSP48E2_X8Y44        DSP_ALU (Prop_DSP_ALU_DSP48E2_U_DATA[43]_ALU_OUT[47])
                                                      0.727     5.662 f  bd_0_i/hls_inst/U0/grp_hls_filter_2d_Pipeline_VITIS_LOOP_50_1_fu_364/mul_21s_32s_52_1_1_U1/tmp_product/DSP_ALU_INST/ALU_OUT[47]
                         net (fo=1, routed)           0.000     5.662    bd_0_i/hls_inst/U0/grp_hls_filter_2d_Pipeline_VITIS_LOOP_50_1_fu_364/mul_21s_32s_52_1_1_U1/tmp_product/DSP_ALU.ALU_OUT<47>
    DSP48E2_X8Y44        DSP_OUTPUT (Prop_DSP_OUTPUT_DSP48E2_ALU_OUT[47]_PCOUT[47])
                                                      0.167     5.829 r  bd_0_i/hls_inst/U0/grp_hls_filter_2d_Pipeline_VITIS_LOOP_50_1_fu_364/mul_21s_32s_52_1_1_U1/tmp_product/DSP_OUTPUT_INST/PCOUT[47]
                         net (fo=1, routed)           0.014     5.843    bd_0_i/hls_inst/U0/grp_hls_filter_2d_Pipeline_VITIS_LOOP_50_1_fu_364/mul_ln121_reg_2916_reg/PCIN[47]
    DSP48E2_X8Y45        DSP_ALU (Prop_DSP_ALU_DSP48E2_PCIN[47]_ALU_OUT[0])
                                                      0.739     6.582 r  bd_0_i/hls_inst/U0/grp_hls_filter_2d_Pipeline_VITIS_LOOP_50_1_fu_364/mul_ln121_reg_2916_reg/DSP_ALU_INST/ALU_OUT[0]
                         net (fo=1, routed)           0.000     6.582    bd_0_i/hls_inst/U0/grp_hls_filter_2d_Pipeline_VITIS_LOOP_50_1_fu_364/mul_ln121_reg_2916_reg/DSP_ALU.ALU_OUT<0>
    DSP48E2_X8Y45        DSP_OUTPUT                                   r  bd_0_i/hls_inst/U0/grp_hls_filter_2d_Pipeline_VITIS_LOOP_50_1_fu_364/mul_ln121_reg_2916_reg/DSP_OUTPUT_INST/ALU_OUT[0]
  -------------------------------------------------------------------    -------------------

                         (clock ap_clk rise edge)    10.000    10.000 r  
                                                      0.000    10.000 r  ap_clk (IN)
                         net (fo=1441, unset)         0.055    10.055    bd_0_i/hls_inst/U0/grp_hls_filter_2d_Pipeline_VITIS_LOOP_50_1_fu_364/mul_ln121_reg_2916_reg/CLK
    DSP48E2_X8Y45        DSP_OUTPUT                                   r  bd_0_i/hls_inst/U0/grp_hls_filter_2d_Pipeline_VITIS_LOOP_50_1_fu_364/mul_ln121_reg_2916_reg/DSP_OUTPUT_INST/CLK
                         clock pessimism              0.000    10.055    
                         clock uncertainty           -0.035    10.020    
    DSP48E2_X8Y45        DSP_OUTPUT (Setup_DSP_OUTPUT_DSP48E2_CLK_ALU_OUT[0])
                                                      0.014    10.034    bd_0_i/hls_inst/U0/grp_hls_filter_2d_Pipeline_VITIS_LOOP_50_1_fu_364/mul_ln121_reg_2916_reg/DSP_OUTPUT_INST
  -------------------------------------------------------------------
                         required time                         10.034    
                         arrival time                          -6.582    
  -------------------------------------------------------------------
                         slack                                  3.452    

Slack (MET) :             3.452ns  (required time - arrival time)
  Source:                 bd_0_i/hls_inst/U0/grp_hls_filter_2d_Pipeline_VITIS_LOOP_50_1_fu_364/mac_muladd_8ns_8s_17s_18_4_1_U21/hls_filter_2d_mac_muladd_8ns_8s_17s_18_4_1_DSP48_0_U/p_reg_reg/DSP_OUTPUT_INST/CLK
                            (rising edge-triggered cell DSP_OUTPUT clocked by ap_clk  {rise@0.000ns fall@5.000ns period=10.000ns})
  Destination:            bd_0_i/hls_inst/U0/grp_hls_filter_2d_Pipeline_VITIS_LOOP_50_1_fu_364/mul_ln121_reg_2916_reg/DSP_OUTPUT_INST/ALU_OUT[10]
                            (rising edge-triggered cell DSP_OUTPUT clocked by ap_clk  {rise@0.000ns fall@5.000ns period=10.000ns})
  Path Group:             ap_clk
  Path Type:              Setup (Max at Slow Process Corner)
  Requirement:            10.000ns  (ap_clk rise@10.000ns - ap_clk rise@0.000ns)
  Data Path Delay:        6.505ns  (logic 4.711ns (72.422%)  route 1.794ns (27.578%))
  Logic Levels:           15  (CARRY8=5 DSP_A_B_DATA=1 DSP_ALU=2 DSP_M_DATA=1 DSP_MULTIPLIER=1 DSP_OUTPUT=1 DSP_PREADD_DATA=1 LUT2=3)
  Clock Path Skew:        -0.022ns (DCD - SCD + CPR)
    Destination Clock Delay (DCD):    0.055ns = ( 10.055 - 10.000 ) 
    Source Clock Delay      (SCD):    0.077ns
    Clock Pessimism Removal (CPR):    0.000ns
  Clock Uncertainty:      0.035ns  ((TSJ^2 + TIJ^2)^1/2 + DJ) / 2 + PE
    Total System Jitter     (TSJ):    0.071ns
    Total Input Jitter      (TIJ):    0.000ns
    Discrete Jitter          (DJ):    0.000ns
    Phase Error              (PE):    0.000ns

    Location             Delay type                Incr(ns)  Path(ns)    Netlist Resource(s)
  -------------------------------------------------------------------    -------------------
                         (clock ap_clk rise edge)     0.000     0.000 r  
                                                      0.000     0.000 r  ap_clk (IN)
                         net (fo=1441, unset)         0.077     0.077    bd_0_i/hls_inst/U0/grp_hls_filter_2d_Pipeline_VITIS_LOOP_50_1_fu_364/mac_muladd_8ns_8s_17s_18_4_1_U21/hls_filter_2d_mac_muladd_8ns_8s_17s_18_4_1_DSP48_0_U/p_reg_reg/CLK
    DSP48E2_X9Y40        DSP_OUTPUT                                   r  bd_0_i/hls_inst/U0/grp_hls_filter_2d_Pipeline_VITIS_LOOP_50_1_fu_364/mac_muladd_8ns_8s_17s_18_4_1_U21/hls_filter_2d_mac_muladd_8ns_8s_17s_18_4_1_DSP48_0_U/p_reg_reg/DSP_OUTPUT_INST/CLK
  -------------------------------------------------------------------    -------------------
    DSP48E2_X9Y40        DSP_OUTPUT (Prop_DSP_OUTPUT_DSP48E2_CLK_P[5])
                                                      0.275     0.352 r  bd_0_i/hls_inst/U0/grp_hls_filter_2d_Pipeline_VITIS_LOOP_50_1_fu_364/mac_muladd_8ns_8s_17s_18_4_1_U21/hls_filter_2d_mac_muladd_8ns_8s_17s_18_4_1_DSP48_0_U/p_reg_reg/DSP_OUTPUT_INST/P[5]
                         net (fo=2, routed)           0.401     0.753    bd_0_i/hls_inst/U0/grp_hls_filter_2d_Pipeline_VITIS_LOOP_50_1_fu_364/mac_muladd_8ns_8s_17s_18_4_1_U21_n_16
    SLICE_X31Y100        LUT2 (Prop_F6LUT_SLICEM_I0_O)
                                                      0.224     0.977 r  bd_0_i/hls_inst/U0/grp_hls_filter_2d_Pipeline_VITIS_LOOP_50_1_fu_364/tmp_product_i_130/O
                         net (fo=1, routed)           0.029     1.006    bd_0_i/hls_inst/U0/grp_hls_filter_2d_Pipeline_VITIS_LOOP_50_1_fu_364/tmp_product_i_130_n_4
    SLICE_X31Y100        CARRY8 (Prop_CARRY8_SLICEM_S[5]_CO[7])
                                                      0.238     1.244 r  bd_0_i/hls_inst/U0/grp_hls_filter_2d_Pipeline_VITIS_LOOP_50_1_fu_364/tmp_product_i_87/CO[7]
                         net (fo=1, routed)           0.030     1.274    bd_0_i/hls_inst/U0/grp_hls_filter_2d_Pipeline_VITIS_LOOP_50_1_fu_364/tmp_product_i_87_n_4
    SLICE_X31Y101        CARRY8 (Prop_CARRY8_SLICEM_CI_O[5])
                                                      0.161     1.435 r  bd_0_i/hls_inst/U0/grp_hls_filter_2d_Pipeline_VITIS_LOOP_50_1_fu_364/tmp_product_i_69/O[5]
                         net (fo=2, routed)           0.251     1.686    bd_0_i/hls_inst/U0/grp_hls_filter_2d_Pipeline_VITIS_LOOP_50_1_fu_364/tmp_product_i_69_n_14
    SLICE_X29Y101        LUT2 (Prop_F6LUT_SLICEM_I0_O)
                                                      0.186     1.872 r  bd_0_i/hls_inst/U0/grp_hls_filter_2d_Pipeline_VITIS_LOOP_50_1_fu_364/tmp_product_i_72/O
                         net (fo=1, routed)           0.029     1.901    bd_0_i/hls_inst/U0/grp_hls_filter_2d_Pipeline_VITIS_LOOP_50_1_fu_364/tmp_product_i_72_n_4
    SLICE_X29Y101        CARRY8 (Prop_CARRY8_SLICEM_S[5]_CO[7])
                                                      0.238     2.139 r  bd_0_i/hls_inst/U0/grp_hls_filter_2d_Pipeline_VITIS_LOOP_50_1_fu_364/tmp_product_i_41/CO[7]
                         net (fo=1, routed)           0.030     2.169    bd_0_i/hls_inst/U0/grp_hls_filter_2d_Pipeline_VITIS_LOOP_50_1_fu_364/tmp_product_i_41_n_4
    SLICE_X29Y102        CARRY8 (Prop_CARRY8_SLICEM_CI_O[1])
                                                      0.106     2.275 r  bd_0_i/hls_inst/U0/grp_hls_filter_2d_Pipeline_VITIS_LOOP_50_1_fu_364/tmp_product_i_31/O[1]
                         net (fo=1, routed)           0.417     2.692    bd_0_i/hls_inst/U0/grp_hls_filter_2d_Pipeline_VITIS_LOOP_50_1_fu_364/tmp_product_i_31_n_18
    SLICE_X28Y112        LUT2 (Prop_B6LUT_SLICEM_I1_O)
                                                      0.225     2.917 r  bd_0_i/hls_inst/U0/grp_hls_filter_2d_Pipeline_VITIS_LOOP_50_1_fu_364/tmp_product_i_7/O
                         net (fo=1, routed)           0.022     2.939    bd_0_i/hls_inst/U0/grp_hls_filter_2d_Pipeline_VITIS_LOOP_50_1_fu_364/tmp_product_i_7_n_4
    SLICE_X28Y112        CARRY8 (Prop_CARRY8_SLICEM_S[1]_O[4])
                                                      0.286     3.225 f  bd_0_i/hls_inst/U0/grp_hls_filter_2d_Pipeline_VITIS_LOOP_50_1_fu_364/tmp_product_i_1__5/O[4]
                         net (fo=10, routed)          0.571     3.796    bd_0_i/hls_inst/U0/grp_hls_filter_2d_Pipeline_VITIS_LOOP_50_1_fu_364/mul_21s_32s_52_1_1_U1/tmp_product/A[26]
    DSP48E2_X8Y44        DSP_A_B_DATA (Prop_DSP_A_B_DATA_DSP48E2_A[26]_A2_DATA[26])
                                                      0.258     4.054 r  bd_0_i/hls_inst/U0/grp_hls_filter_2d_Pipeline_VITIS_LOOP_50_1_fu_364/mul_21s_32s_52_1_1_U1/tmp_product/DSP_A_B_DATA_INST/A2_DATA[26]
                         net (fo=1, routed)           0.000     4.054    bd_0_i/hls_inst/U0/grp_hls_filter_2d_Pipeline_VITIS_LOOP_50_1_fu_364/mul_21s_32s_52_1_1_U1/tmp_product/DSP_A_B_DATA.A2_DATA<26>
    DSP48E2_X8Y44        DSP_PREADD_DATA (Prop_DSP_PREADD_DATA_DSP48E2_A2_DATA[26]_A2A1[26])
                                                      0.114     4.168 r  bd_0_i/hls_inst/U0/grp_hls_filter_2d_Pipeline_VITIS_LOOP_50_1_fu_364/mul_21s_32s_52_1_1_U1/tmp_product/DSP_PREADD_DATA_INST/A2A1[26]
                         net (fo=1, routed)           0.000     4.168    bd_0_i/hls_inst/U0/grp_hls_filter_2d_Pipeline_VITIS_LOOP_50_1_fu_364/mul_21s_32s_52_1_1_U1/tmp_product/DSP_PREADD_DATA.A2A1<26>
    DSP48E2_X8Y44        DSP_MULTIPLIER (Prop_DSP_MULTIPLIER_DSP48E2_A2A1[26]_U[43])
                                                      0.700     4.868 f  bd_0_i/hls_inst/U0/grp_hls_filter_2d_Pipeline_VITIS_LOOP_50_1_fu_364/mul_21s_32s_52_1_1_U1/tmp_product/DSP_MULTIPLIER_INST/U[43]
                         net (fo=1, routed)           0.000     4.868    bd_0_i/hls_inst/U0/grp_hls_filter_2d_Pipeline_VITIS_LOOP_50_1_fu_364/mul_21s_32s_52_1_1_U1/tmp_product/DSP_MULTIPLIER.U<43>
    DSP48E2_X8Y44        DSP_M_DATA (Prop_DSP_M_DATA_DSP48E2_U[43]_U_DATA[43])
                                                      0.067     4.935 r  bd_0_i/hls_inst/U0/grp_hls_filter_2d_Pipeline_VITIS_LOOP_50_1_fu_364/mul_21s_32s_52_1_1_U1/tmp_product/DSP_M_DATA_INST/U_DATA[43]
                         net (fo=1, routed)           0.000     4.935    bd_0_i/hls_inst/U0/grp_hls_filter_2d_Pipeline_VITIS_LOOP_50_1_fu_364/mul_21s_32s_52_1_1_U1/tmp_product/DSP_M_DATA.U_DATA<43>
    DSP48E2_X8Y44        DSP_ALU (Prop_DSP_ALU_DSP48E2_U_DATA[43]_ALU_OUT[47])
                                                      0.727     5.662 f  bd_0_i/hls_inst/U0/grp_hls_filter_2d_Pipeline_VITIS_LOOP_50_1_fu_364/mul_21s_32s_52_1_1_U1/tmp_product/DSP_ALU_INST/ALU_OUT[47]
                         net (fo=1, routed)           0.000     5.662    bd_0_i/hls_inst/U0/grp_hls_filter_2d_Pipeline_VITIS_LOOP_50_1_fu_364/mul_21s_32s_52_1_1_U1/tmp_product/DSP_ALU.ALU_OUT<47>
    DSP48E2_X8Y44        DSP_OUTPUT (Prop_DSP_OUTPUT_DSP48E2_ALU_OUT[47]_PCOUT[47])
                                                      0.167     5.829 r  bd_0_i/hls_inst/U0/grp_hls_filter_2d_Pipeline_VITIS_LOOP_50_1_fu_364/mul_21s_32s_52_1_1_U1/tmp_product/DSP_OUTPUT_INST/PCOUT[47]
                         net (fo=1, routed)           0.014     5.843    bd_0_i/hls_inst/U0/grp_hls_filter_2d_Pipeline_VITIS_LOOP_50_1_fu_364/mul_ln121_reg_2916_reg/PCIN[47]
    DSP48E2_X8Y45        DSP_ALU (Prop_DSP_ALU_DSP48E2_PCIN[47]_ALU_OUT[10])
                                                      0.739     6.582 r  bd_0_i/hls_inst/U0/grp_hls_filter_2d_Pipeline_VITIS_LOOP_50_1_fu_364/mul_ln121_reg_2916_reg/DSP_ALU_INST/ALU_OUT[10]
                         net (fo=1, routed)           0.000     6.582    bd_0_i/hls_inst/U0/grp_hls_filter_2d_Pipeline_VITIS_LOOP_50_1_fu_364/mul_ln121_reg_2916_reg/DSP_ALU.ALU_OUT<10>
    DSP48E2_X8Y45        DSP_OUTPUT                                   r  bd_0_i/hls_inst/U0/grp_hls_filter_2d_Pipeline_VITIS_LOOP_50_1_fu_364/mul_ln121_reg_2916_reg/DSP_OUTPUT_INST/ALU_OUT[10]
  -------------------------------------------------------------------    -------------------

                         (clock ap_clk rise edge)    10.000    10.000 r  
                                                      0.000    10.000 r  ap_clk (IN)
                         net (fo=1441, unset)         0.055    10.055    bd_0_i/hls_inst/U0/grp_hls_filter_2d_Pipeline_VITIS_LOOP_50_1_fu_364/mul_ln121_reg_2916_reg/CLK
    DSP48E2_X8Y45        DSP_OUTPUT                                   r  bd_0_i/hls_inst/U0/grp_hls_filter_2d_Pipeline_VITIS_LOOP_50_1_fu_364/mul_ln121_reg_2916_reg/DSP_OUTPUT_INST/CLK
                         clock pessimism              0.000    10.055    
                         clock uncertainty           -0.035    10.020    
    DSP48E2_X8Y45        DSP_OUTPUT (Setup_DSP_OUTPUT_DSP48E2_CLK_ALU_OUT[10])
                                                      0.014    10.034    bd_0_i/hls_inst/U0/grp_hls_filter_2d_Pipeline_VITIS_LOOP_50_1_fu_364/mul_ln121_reg_2916_reg/DSP_OUTPUT_INST
  -------------------------------------------------------------------
                         required time                         10.034    
                         arrival time                          -6.582    
  -------------------------------------------------------------------
                         slack                                  3.452    

Slack (MET) :             3.452ns  (required time - arrival time)
  Source:                 bd_0_i/hls_inst/U0/grp_hls_filter_2d_Pipeline_VITIS_LOOP_50_1_fu_364/mac_muladd_8ns_8s_17s_18_4_1_U21/hls_filter_2d_mac_muladd_8ns_8s_17s_18_4_1_DSP48_0_U/p_reg_reg/DSP_OUTPUT_INST/CLK
                            (rising edge-triggered cell DSP_OUTPUT clocked by ap_clk  {rise@0.000ns fall@5.000ns period=10.000ns})
  Destination:            bd_0_i/hls_inst/U0/grp_hls_filter_2d_Pipeline_VITIS_LOOP_50_1_fu_364/mul_ln121_reg_2916_reg/DSP_OUTPUT_INST/ALU_OUT[11]
                            (rising edge-triggered cell DSP_OUTPUT clocked by ap_clk  {rise@0.000ns fall@5.000ns period=10.000ns})
  Path Group:             ap_clk
  Path Type:              Setup (Max at Slow Process Corner)
  Requirement:            10.000ns  (ap_clk rise@10.000ns - ap_clk rise@0.000ns)
  Data Path Delay:        6.505ns  (logic 4.711ns (72.422%)  route 1.794ns (27.578%))
  Logic Levels:           15  (CARRY8=5 DSP_A_B_DATA=1 DSP_ALU=2 DSP_M_DATA=1 DSP_MULTIPLIER=1 DSP_OUTPUT=1 DSP_PREADD_DATA=1 LUT2=3)
  Clock Path Skew:        -0.022ns (DCD - SCD + CPR)
    Destination Clock Delay (DCD):    0.055ns = ( 10.055 - 10.000 ) 
    Source Clock Delay      (SCD):    0.077ns
    Clock Pessimism Removal (CPR):    0.000ns
  Clock Uncertainty:      0.035ns  ((TSJ^2 + TIJ^2)^1/2 + DJ) / 2 + PE
    Total System Jitter     (TSJ):    0.071ns
    Total Input Jitter      (TIJ):    0.000ns
    Discrete Jitter          (DJ):    0.000ns
    Phase Error              (PE):    0.000ns

    Location             Delay type                Incr(ns)  Path(ns)    Netlist Resource(s)
  -------------------------------------------------------------------    -------------------
                         (clock ap_clk rise edge)     0.000     0.000 r  
                                                      0.000     0.000 r  ap_clk (IN)
                         net (fo=1441, unset)         0.077     0.077    bd_0_i/hls_inst/U0/grp_hls_filter_2d_Pipeline_VITIS_LOOP_50_1_fu_364/mac_muladd_8ns_8s_17s_18_4_1_U21/hls_filter_2d_mac_muladd_8ns_8s_17s_18_4_1_DSP48_0_U/p_reg_reg/CLK
    DSP48E2_X9Y40        DSP_OUTPUT                                   r  bd_0_i/hls_inst/U0/grp_hls_filter_2d_Pipeline_VITIS_LOOP_50_1_fu_364/mac_muladd_8ns_8s_17s_18_4_1_U21/hls_filter_2d_mac_muladd_8ns_8s_17s_18_4_1_DSP48_0_U/p_reg_reg/DSP_OUTPUT_INST/CLK
  -------------------------------------------------------------------    -------------------
    DSP48E2_X9Y40        DSP_OUTPUT (Prop_DSP_OUTPUT_DSP48E2_CLK_P[5])
                                                      0.275     0.352 r  bd_0_i/hls_inst/U0/grp_hls_filter_2d_Pipeline_VITIS_LOOP_50_1_fu_364/mac_muladd_8ns_8s_17s_18_4_1_U21/hls_filter_2d_mac_muladd_8ns_8s_17s_18_4_1_DSP48_0_U/p_reg_reg/DSP_OUTPUT_INST/P[5]
                         net (fo=2, routed)           0.401     0.753    bd_0_i/hls_inst/U0/grp_hls_filter_2d_Pipeline_VITIS_LOOP_50_1_fu_364/mac_muladd_8ns_8s_17s_18_4_1_U21_n_16
    SLICE_X31Y100        LUT2 (Prop_F6LUT_SLICEM_I0_O)
                                                      0.224     0.977 r  bd_0_i/hls_inst/U0/grp_hls_filter_2d_Pipeline_VITIS_LOOP_50_1_fu_364/tmp_product_i_130/O
                         net (fo=1, routed)           0.029     1.006    bd_0_i/hls_inst/U0/grp_hls_filter_2d_Pipeline_VITIS_LOOP_50_1_fu_364/tmp_product_i_130_n_4
    SLICE_X31Y100        CARRY8 (Prop_CARRY8_SLICEM_S[5]_CO[7])
                                                      0.238     1.244 r  bd_0_i/hls_inst/U0/grp_hls_filter_2d_Pipeline_VITIS_LOOP_50_1_fu_364/tmp_product_i_87/CO[7]
                         net (fo=1, routed)           0.030     1.274    bd_0_i/hls_inst/U0/grp_hls_filter_2d_Pipeline_VITIS_LOOP_50_1_fu_364/tmp_product_i_87_n_4
    SLICE_X31Y101        CARRY8 (Prop_CARRY8_SLICEM_CI_O[5])
                                                      0.161     1.435 r  bd_0_i/hls_inst/U0/grp_hls_filter_2d_Pipeline_VITIS_LOOP_50_1_fu_364/tmp_product_i_69/O[5]
                         net (fo=2, routed)           0.251     1.686    bd_0_i/hls_inst/U0/grp_hls_filter_2d_Pipeline_VITIS_LOOP_50_1_fu_364/tmp_product_i_69_n_14
    SLICE_X29Y101        LUT2 (Prop_F6LUT_SLICEM_I0_O)
                                                      0.186     1.872 r  bd_0_i/hls_inst/U0/grp_hls_filter_2d_Pipeline_VITIS_LOOP_50_1_fu_364/tmp_product_i_72/O
                         net (fo=1, routed)           0.029     1.901    bd_0_i/hls_inst/U0/grp_hls_filter_2d_Pipeline_VITIS_LOOP_50_1_fu_364/tmp_product_i_72_n_4
    SLICE_X29Y101        CARRY8 (Prop_CARRY8_SLICEM_S[5]_CO[7])
                                                      0.238     2.139 r  bd_0_i/hls_inst/U0/grp_hls_filter_2d_Pipeline_VITIS_LOOP_50_1_fu_364/tmp_product_i_41/CO[7]
                         net (fo=1, routed)           0.030     2.169    bd_0_i/hls_inst/U0/grp_hls_filter_2d_Pipeline_VITIS_LOOP_50_1_fu_364/tmp_product_i_41_n_4
    SLICE_X29Y102        CARRY8 (Prop_CARRY8_SLICEM_CI_O[1])
                                                      0.106     2.275 r  bd_0_i/hls_inst/U0/grp_hls_filter_2d_Pipeline_VITIS_LOOP_50_1_fu_364/tmp_product_i_31/O[1]
                         net (fo=1, routed)           0.417     2.692    bd_0_i/hls_inst/U0/grp_hls_filter_2d_Pipeline_VITIS_LOOP_50_1_fu_364/tmp_product_i_31_n_18
    SLICE_X28Y112        LUT2 (Prop_B6LUT_SLICEM_I1_O)
                                                      0.225     2.917 r  bd_0_i/hls_inst/U0/grp_hls_filter_2d_Pipeline_VITIS_LOOP_50_1_fu_364/tmp_product_i_7/O
                         net (fo=1, routed)           0.022     2.939    bd_0_i/hls_inst/U0/grp_hls_filter_2d_Pipeline_VITIS_LOOP_50_1_fu_364/tmp_product_i_7_n_4
    SLICE_X28Y112        CARRY8 (Prop_CARRY8_SLICEM_S[1]_O[4])
                                                      0.286     3.225 f  bd_0_i/hls_inst/U0/grp_hls_filter_2d_Pipeline_VITIS_LOOP_50_1_fu_364/tmp_product_i_1__5/O[4]
                         net (fo=10, routed)          0.571     3.796    bd_0_i/hls_inst/U0/grp_hls_filter_2d_Pipeline_VITIS_LOOP_50_1_fu_364/mul_21s_32s_52_1_1_U1/tmp_product/A[26]
    DSP48E2_X8Y44        DSP_A_B_DATA (Prop_DSP_A_B_DATA_DSP48E2_A[26]_A2_DATA[26])
                                                      0.258     4.054 r  bd_0_i/hls_inst/U0/grp_hls_filter_2d_Pipeline_VITIS_LOOP_50_1_fu_364/mul_21s_32s_52_1_1_U1/tmp_product/DSP_A_B_DATA_INST/A2_DATA[26]
                         net (fo=1, routed)           0.000     4.054    bd_0_i/hls_inst/U0/grp_hls_filter_2d_Pipeline_VITIS_LOOP_50_1_fu_364/mul_21s_32s_52_1_1_U1/tmp_product/DSP_A_B_DATA.A2_DATA<26>
    DSP48E2_X8Y44        DSP_PREADD_DATA (Prop_DSP_PREADD_DATA_DSP48E2_A2_DATA[26]_A2A1[26])
                                                      0.114     4.168 r  bd_0_i/hls_inst/U0/grp_hls_filter_2d_Pipeline_VITIS_LOOP_50_1_fu_364/mul_21s_32s_52_1_1_U1/tmp_product/DSP_PREADD_DATA_INST/A2A1[26]
                         net (fo=1, routed)           0.000     4.168    bd_0_i/hls_inst/U0/grp_hls_filter_2d_Pipeline_VITIS_LOOP_50_1_fu_364/mul_21s_32s_52_1_1_U1/tmp_product/DSP_PREADD_DATA.A2A1<26>
    DSP48E2_X8Y44        DSP_MULTIPLIER (Prop_DSP_MULTIPLIER_DSP48E2_A2A1[26]_U[43])
                                                      0.700     4.868 f  bd_0_i/hls_inst/U0/grp_hls_filter_2d_Pipeline_VITIS_LOOP_50_1_fu_364/mul_21s_32s_52_1_1_U1/tmp_product/DSP_MULTIPLIER_INST/U[43]
                         net (fo=1, routed)           0.000     4.868    bd_0_i/hls_inst/U0/grp_hls_filter_2d_Pipeline_VITIS_LOOP_50_1_fu_364/mul_21s_32s_52_1_1_U1/tmp_product/DSP_MULTIPLIER.U<43>
    DSP48E2_X8Y44        DSP_M_DATA (Prop_DSP_M_DATA_DSP48E2_U[43]_U_DATA[43])
                                                      0.067     4.935 r  bd_0_i/hls_inst/U0/grp_hls_filter_2d_Pipeline_VITIS_LOOP_50_1_fu_364/mul_21s_32s_52_1_1_U1/tmp_product/DSP_M_DATA_INST/U_DATA[43]
                         net (fo=1, routed)           0.000     4.935    bd_0_i/hls_inst/U0/grp_hls_filter_2d_Pipeline_VITIS_LOOP_50_1_fu_364/mul_21s_32s_52_1_1_U1/tmp_product/DSP_M_DATA.U_DATA<43>
    DSP48E2_X8Y44        DSP_ALU (Prop_DSP_ALU_DSP48E2_U_DATA[43]_ALU_OUT[47])
                                                      0.727     5.662 f  bd_0_i/hls_inst/U0/grp_hls_filter_2d_Pipeline_VITIS_LOOP_50_1_fu_364/mul_21s_32s_52_1_1_U1/tmp_product/DSP_ALU_INST/ALU_OUT[47]
                         net (fo=1, routed)           0.000     5.662    bd_0_i/hls_inst/U0/grp_hls_filter_2d_Pipeline_VITIS_LOOP_50_1_fu_364/mul_21s_32s_52_1_1_U1/tmp_product/DSP_ALU.ALU_OUT<47>
    DSP48E2_X8Y44        DSP_OUTPUT (Prop_DSP_OUTPUT_DSP48E2_ALU_OUT[47]_PCOUT[47])
                                                      0.167     5.829 r  bd_0_i/hls_inst/U0/grp_hls_filter_2d_Pipeline_VITIS_LOOP_50_1_fu_364/mul_21s_32s_52_1_1_U1/tmp_product/DSP_OUTPUT_INST/PCOUT[47]
                         net (fo=1, routed)           0.014     5.843    bd_0_i/hls_inst/U0/grp_hls_filter_2d_Pipeline_VITIS_LOOP_50_1_fu_364/mul_ln121_reg_2916_reg/PCIN[47]
    DSP48E2_X8Y45        DSP_ALU (Prop_DSP_ALU_DSP48E2_PCIN[47]_ALU_OUT[11])
                                                      0.739     6.582 r  bd_0_i/hls_inst/U0/grp_hls_filter_2d_Pipeline_VITIS_LOOP_50_1_fu_364/mul_ln121_reg_2916_reg/DSP_ALU_INST/ALU_OUT[11]
                         net (fo=1, routed)           0.000     6.582    bd_0_i/hls_inst/U0/grp_hls_filter_2d_Pipeline_VITIS_LOOP_50_1_fu_364/mul_ln121_reg_2916_reg/DSP_ALU.ALU_OUT<11>
    DSP48E2_X8Y45        DSP_OUTPUT                                   r  bd_0_i/hls_inst/U0/grp_hls_filter_2d_Pipeline_VITIS_LOOP_50_1_fu_364/mul_ln121_reg_2916_reg/DSP_OUTPUT_INST/ALU_OUT[11]
  -------------------------------------------------------------------    -------------------

                         (clock ap_clk rise edge)    10.000    10.000 r  
                                                      0.000    10.000 r  ap_clk (IN)
                         net (fo=1441, unset)         0.055    10.055    bd_0_i/hls_inst/U0/grp_hls_filter_2d_Pipeline_VITIS_LOOP_50_1_fu_364/mul_ln121_reg_2916_reg/CLK
    DSP48E2_X8Y45        DSP_OUTPUT                                   r  bd_0_i/hls_inst/U0/grp_hls_filter_2d_Pipeline_VITIS_LOOP_50_1_fu_364/mul_ln121_reg_2916_reg/DSP_OUTPUT_INST/CLK
                         clock pessimism              0.000    10.055    
                         clock uncertainty           -0.035    10.020    
    DSP48E2_X8Y45        DSP_OUTPUT (Setup_DSP_OUTPUT_DSP48E2_CLK_ALU_OUT[11])
                                                      0.014    10.034    bd_0_i/hls_inst/U0/grp_hls_filter_2d_Pipeline_VITIS_LOOP_50_1_fu_364/mul_ln121_reg_2916_reg/DSP_OUTPUT_INST
  -------------------------------------------------------------------
                         required time                         10.034    
                         arrival time                          -6.582    
  -------------------------------------------------------------------
                         slack                                  3.452    

Slack (MET) :             3.452ns  (required time - arrival time)
  Source:                 bd_0_i/hls_inst/U0/grp_hls_filter_2d_Pipeline_VITIS_LOOP_50_1_fu_364/mac_muladd_8ns_8s_17s_18_4_1_U21/hls_filter_2d_mac_muladd_8ns_8s_17s_18_4_1_DSP48_0_U/p_reg_reg/DSP_OUTPUT_INST/CLK
                            (rising edge-triggered cell DSP_OUTPUT clocked by ap_clk  {rise@0.000ns fall@5.000ns period=10.000ns})
  Destination:            bd_0_i/hls_inst/U0/grp_hls_filter_2d_Pipeline_VITIS_LOOP_50_1_fu_364/mul_ln121_reg_2916_reg/DSP_OUTPUT_INST/ALU_OUT[12]
                            (rising edge-triggered cell DSP_OUTPUT clocked by ap_clk  {rise@0.000ns fall@5.000ns period=10.000ns})
  Path Group:             ap_clk
  Path Type:              Setup (Max at Slow Process Corner)
  Requirement:            10.000ns  (ap_clk rise@10.000ns - ap_clk rise@0.000ns)
  Data Path Delay:        6.505ns  (logic 4.711ns (72.422%)  route 1.794ns (27.578%))
  Logic Levels:           15  (CARRY8=5 DSP_A_B_DATA=1 DSP_ALU=2 DSP_M_DATA=1 DSP_MULTIPLIER=1 DSP_OUTPUT=1 DSP_PREADD_DATA=1 LUT2=3)
  Clock Path Skew:        -0.022ns (DCD - SCD + CPR)
    Destination Clock Delay (DCD):    0.055ns = ( 10.055 - 10.000 ) 
    Source Clock Delay      (SCD):    0.077ns
    Clock Pessimism Removal (CPR):    0.000ns
  Clock Uncertainty:      0.035ns  ((TSJ^2 + TIJ^2)^1/2 + DJ) / 2 + PE
    Total System Jitter     (TSJ):    0.071ns
    Total Input Jitter      (TIJ):    0.000ns
    Discrete Jitter          (DJ):    0.000ns
    Phase Error              (PE):    0.000ns

    Location             Delay type                Incr(ns)  Path(ns)    Netlist Resource(s)
  -------------------------------------------------------------------    -------------------
                         (clock ap_clk rise edge)     0.000     0.000 r  
                                                      0.000     0.000 r  ap_clk (IN)
                         net (fo=1441, unset)         0.077     0.077    bd_0_i/hls_inst/U0/grp_hls_filter_2d_Pipeline_VITIS_LOOP_50_1_fu_364/mac_muladd_8ns_8s_17s_18_4_1_U21/hls_filter_2d_mac_muladd_8ns_8s_17s_18_4_1_DSP48_0_U/p_reg_reg/CLK
    DSP48E2_X9Y40        DSP_OUTPUT                                   r  bd_0_i/hls_inst/U0/grp_hls_filter_2d_Pipeline_VITIS_LOOP_50_1_fu_364/mac_muladd_8ns_8s_17s_18_4_1_U21/hls_filter_2d_mac_muladd_8ns_8s_17s_18_4_1_DSP48_0_U/p_reg_reg/DSP_OUTPUT_INST/CLK
  -------------------------------------------------------------------    -------------------
    DSP48E2_X9Y40        DSP_OUTPUT (Prop_DSP_OUTPUT_DSP48E2_CLK_P[5])
                                                      0.275     0.352 r  bd_0_i/hls_inst/U0/grp_hls_filter_2d_Pipeline_VITIS_LOOP_50_1_fu_364/mac_muladd_8ns_8s_17s_18_4_1_U21/hls_filter_2d_mac_muladd_8ns_8s_17s_18_4_1_DSP48_0_U/p_reg_reg/DSP_OUTPUT_INST/P[5]
                         net (fo=2, routed)           0.401     0.753    bd_0_i/hls_inst/U0/grp_hls_filter_2d_Pipeline_VITIS_LOOP_50_1_fu_364/mac_muladd_8ns_8s_17s_18_4_1_U21_n_16
    SLICE_X31Y100        LUT2 (Prop_F6LUT_SLICEM_I0_O)
                                                      0.224     0.977 r  bd_0_i/hls_inst/U0/grp_hls_filter_2d_Pipeline_VITIS_LOOP_50_1_fu_364/tmp_product_i_130/O
                         net (fo=1, routed)           0.029     1.006    bd_0_i/hls_inst/U0/grp_hls_filter_2d_Pipeline_VITIS_LOOP_50_1_fu_364/tmp_product_i_130_n_4
    SLICE_X31Y100        CARRY8 (Prop_CARRY8_SLICEM_S[5]_CO[7])
                                                      0.238     1.244 r  bd_0_i/hls_inst/U0/grp_hls_filter_2d_Pipeline_VITIS_LOOP_50_1_fu_364/tmp_product_i_87/CO[7]
                         net (fo=1, routed)           0.030     1.274    bd_0_i/hls_inst/U0/grp_hls_filter_2d_Pipeline_VITIS_LOOP_50_1_fu_364/tmp_product_i_87_n_4
    SLICE_X31Y101        CARRY8 (Prop_CARRY8_SLICEM_CI_O[5])
                                                      0.161     1.435 r  bd_0_i/hls_inst/U0/grp_hls_filter_2d_Pipeline_VITIS_LOOP_50_1_fu_364/tmp_product_i_69/O[5]
                         net (fo=2, routed)           0.251     1.686    bd_0_i/hls_inst/U0/grp_hls_filter_2d_Pipeline_VITIS_LOOP_50_1_fu_364/tmp_product_i_69_n_14
    SLICE_X29Y101        LUT2 (Prop_F6LUT_SLICEM_I0_O)
                                                      0.186     1.872 r  bd_0_i/hls_inst/U0/grp_hls_filter_2d_Pipeline_VITIS_LOOP_50_1_fu_364/tmp_product_i_72/O
                         net (fo=1, routed)           0.029     1.901    bd_0_i/hls_inst/U0/grp_hls_filter_2d_Pipeline_VITIS_LOOP_50_1_fu_364/tmp_product_i_72_n_4
    SLICE_X29Y101        CARRY8 (Prop_CARRY8_SLICEM_S[5]_CO[7])
                                                      0.238     2.139 r  bd_0_i/hls_inst/U0/grp_hls_filter_2d_Pipeline_VITIS_LOOP_50_1_fu_364/tmp_product_i_41/CO[7]
                         net (fo=1, routed)           0.030     2.169    bd_0_i/hls_inst/U0/grp_hls_filter_2d_Pipeline_VITIS_LOOP_50_1_fu_364/tmp_product_i_41_n_4
    SLICE_X29Y102        CARRY8 (Prop_CARRY8_SLICEM_CI_O[1])
                                                      0.106     2.275 r  bd_0_i/hls_inst/U0/grp_hls_filter_2d_Pipeline_VITIS_LOOP_50_1_fu_364/tmp_product_i_31/O[1]
                         net (fo=1, routed)           0.417     2.692    bd_0_i/hls_inst/U0/grp_hls_filter_2d_Pipeline_VITIS_LOOP_50_1_fu_364/tmp_product_i_31_n_18
    SLICE_X28Y112        LUT2 (Prop_B6LUT_SLICEM_I1_O)
                                                      0.225     2.917 r  bd_0_i/hls_inst/U0/grp_hls_filter_2d_Pipeline_VITIS_LOOP_50_1_fu_364/tmp_product_i_7/O
                         net (fo=1, routed)           0.022     2.939    bd_0_i/hls_inst/U0/grp_hls_filter_2d_Pipeline_VITIS_LOOP_50_1_fu_364/tmp_product_i_7_n_4
    SLICE_X28Y112        CARRY8 (Prop_CARRY8_SLICEM_S[1]_O[4])
                                                      0.286     3.225 f  bd_0_i/hls_inst/U0/grp_hls_filter_2d_Pipeline_VITIS_LOOP_50_1_fu_364/tmp_product_i_1__5/O[4]
                         net (fo=10, routed)          0.571     3.796    bd_0_i/hls_inst/U0/grp_hls_filter_2d_Pipeline_VITIS_LOOP_50_1_fu_364/mul_21s_32s_52_1_1_U1/tmp_product/A[26]
    DSP48E2_X8Y44        DSP_A_B_DATA (Prop_DSP_A_B_DATA_DSP48E2_A[26]_A2_DATA[26])
                                                      0.258     4.054 r  bd_0_i/hls_inst/U0/grp_hls_filter_2d_Pipeline_VITIS_LOOP_50_1_fu_364/mul_21s_32s_52_1_1_U1/tmp_product/DSP_A_B_DATA_INST/A2_DATA[26]
                         net (fo=1, routed)           0.000     4.054    bd_0_i/hls_inst/U0/grp_hls_filter_2d_Pipeline_VITIS_LOOP_50_1_fu_364/mul_21s_32s_52_1_1_U1/tmp_product/DSP_A_B_DATA.A2_DATA<26>
    DSP48E2_X8Y44        DSP_PREADD_DATA (Prop_DSP_PREADD_DATA_DSP48E2_A2_DATA[26]_A2A1[26])
                                                      0.114     4.168 r  bd_0_i/hls_inst/U0/grp_hls_filter_2d_Pipeline_VITIS_LOOP_50_1_fu_364/mul_21s_32s_52_1_1_U1/tmp_product/DSP_PREADD_DATA_INST/A2A1[26]
                         net (fo=1, routed)           0.000     4.168    bd_0_i/hls_inst/U0/grp_hls_filter_2d_Pipeline_VITIS_LOOP_50_1_fu_364/mul_21s_32s_52_1_1_U1/tmp_product/DSP_PREADD_DATA.A2A1<26>
    DSP48E2_X8Y44        DSP_MULTIPLIER (Prop_DSP_MULTIPLIER_DSP48E2_A2A1[26]_U[43])
                                                      0.700     4.868 f  bd_0_i/hls_inst/U0/grp_hls_filter_2d_Pipeline_VITIS_LOOP_50_1_fu_364/mul_21s_32s_52_1_1_U1/tmp_product/DSP_MULTIPLIER_INST/U[43]
                         net (fo=1, routed)           0.000     4.868    bd_0_i/hls_inst/U0/grp_hls_filter_2d_Pipeline_VITIS_LOOP_50_1_fu_364/mul_21s_32s_52_1_1_U1/tmp_product/DSP_MULTIPLIER.U<43>
    DSP48E2_X8Y44        DSP_M_DATA (Prop_DSP_M_DATA_DSP48E2_U[43]_U_DATA[43])
                                                      0.067     4.935 r  bd_0_i/hls_inst/U0/grp_hls_filter_2d_Pipeline_VITIS_LOOP_50_1_fu_364/mul_21s_32s_52_1_1_U1/tmp_product/DSP_M_DATA_INST/U_DATA[43]
                         net (fo=1, routed)           0.000     4.935    bd_0_i/hls_inst/U0/grp_hls_filter_2d_Pipeline_VITIS_LOOP_50_1_fu_364/mul_21s_32s_52_1_1_U1/tmp_product/DSP_M_DATA.U_DATA<43>
    DSP48E2_X8Y44        DSP_ALU (Prop_DSP_ALU_DSP48E2_U_DATA[43]_ALU_OUT[47])
                                                      0.727     5.662 f  bd_0_i/hls_inst/U0/grp_hls_filter_2d_Pipeline_VITIS_LOOP_50_1_fu_364/mul_21s_32s_52_1_1_U1/tmp_product/DSP_ALU_INST/ALU_OUT[47]
                         net (fo=1, routed)           0.000     5.662    bd_0_i/hls_inst/U0/grp_hls_filter_2d_Pipeline_VITIS_LOOP_50_1_fu_364/mul_21s_32s_52_1_1_U1/tmp_product/DSP_ALU.ALU_OUT<47>
    DSP48E2_X8Y44        DSP_OUTPUT (Prop_DSP_OUTPUT_DSP48E2_ALU_OUT[47]_PCOUT[47])
                                                      0.167     5.829 r  bd_0_i/hls_inst/U0/grp_hls_filter_2d_Pipeline_VITIS_LOOP_50_1_fu_364/mul_21s_32s_52_1_1_U1/tmp_product/DSP_OUTPUT_INST/PCOUT[47]
                         net (fo=1, routed)           0.014     5.843    bd_0_i/hls_inst/U0/grp_hls_filter_2d_Pipeline_VITIS_LOOP_50_1_fu_364/mul_ln121_reg_2916_reg/PCIN[47]
    DSP48E2_X8Y45        DSP_ALU (Prop_DSP_ALU_DSP48E2_PCIN[47]_ALU_OUT[12])
                                                      0.739     6.582 r  bd_0_i/hls_inst/U0/grp_hls_filter_2d_Pipeline_VITIS_LOOP_50_1_fu_364/mul_ln121_reg_2916_reg/DSP_ALU_INST/ALU_OUT[12]
                         net (fo=1, routed)           0.000     6.582    bd_0_i/hls_inst/U0/grp_hls_filter_2d_Pipeline_VITIS_LOOP_50_1_fu_364/mul_ln121_reg_2916_reg/DSP_ALU.ALU_OUT<12>
    DSP48E2_X8Y45        DSP_OUTPUT                                   r  bd_0_i/hls_inst/U0/grp_hls_filter_2d_Pipeline_VITIS_LOOP_50_1_fu_364/mul_ln121_reg_2916_reg/DSP_OUTPUT_INST/ALU_OUT[12]
  -------------------------------------------------------------------    -------------------

                         (clock ap_clk rise edge)    10.000    10.000 r  
                                                      0.000    10.000 r  ap_clk (IN)
                         net (fo=1441, unset)         0.055    10.055    bd_0_i/hls_inst/U0/grp_hls_filter_2d_Pipeline_VITIS_LOOP_50_1_fu_364/mul_ln121_reg_2916_reg/CLK
    DSP48E2_X8Y45        DSP_OUTPUT                                   r  bd_0_i/hls_inst/U0/grp_hls_filter_2d_Pipeline_VITIS_LOOP_50_1_fu_364/mul_ln121_reg_2916_reg/DSP_OUTPUT_INST/CLK
                         clock pessimism              0.000    10.055    
                         clock uncertainty           -0.035    10.020    
    DSP48E2_X8Y45        DSP_OUTPUT (Setup_DSP_OUTPUT_DSP48E2_CLK_ALU_OUT[12])
                                                      0.014    10.034    bd_0_i/hls_inst/U0/grp_hls_filter_2d_Pipeline_VITIS_LOOP_50_1_fu_364/mul_ln121_reg_2916_reg/DSP_OUTPUT_INST
  -------------------------------------------------------------------
                         required time                         10.034    
                         arrival time                          -6.582    
  -------------------------------------------------------------------
                         slack                                  3.452    

Slack (MET) :             3.452ns  (required time - arrival time)
  Source:                 bd_0_i/hls_inst/U0/grp_hls_filter_2d_Pipeline_VITIS_LOOP_50_1_fu_364/mac_muladd_8ns_8s_17s_18_4_1_U21/hls_filter_2d_mac_muladd_8ns_8s_17s_18_4_1_DSP48_0_U/p_reg_reg/DSP_OUTPUT_INST/CLK
                            (rising edge-triggered cell DSP_OUTPUT clocked by ap_clk  {rise@0.000ns fall@5.000ns period=10.000ns})
  Destination:            bd_0_i/hls_inst/U0/grp_hls_filter_2d_Pipeline_VITIS_LOOP_50_1_fu_364/mul_ln121_reg_2916_reg/DSP_OUTPUT_INST/ALU_OUT[13]
                            (rising edge-triggered cell DSP_OUTPUT clocked by ap_clk  {rise@0.000ns fall@5.000ns period=10.000ns})
  Path Group:             ap_clk
  Path Type:              Setup (Max at Slow Process Corner)
  Requirement:            10.000ns  (ap_clk rise@10.000ns - ap_clk rise@0.000ns)
  Data Path Delay:        6.505ns  (logic 4.711ns (72.422%)  route 1.794ns (27.578%))
  Logic Levels:           15  (CARRY8=5 DSP_A_B_DATA=1 DSP_ALU=2 DSP_M_DATA=1 DSP_MULTIPLIER=1 DSP_OUTPUT=1 DSP_PREADD_DATA=1 LUT2=3)
  Clock Path Skew:        -0.022ns (DCD - SCD + CPR)
    Destination Clock Delay (DCD):    0.055ns = ( 10.055 - 10.000 ) 
    Source Clock Delay      (SCD):    0.077ns
    Clock Pessimism Removal (CPR):    0.000ns
  Clock Uncertainty:      0.035ns  ((TSJ^2 + TIJ^2)^1/2 + DJ) / 2 + PE
    Total System Jitter     (TSJ):    0.071ns
    Total Input Jitter      (TIJ):    0.000ns
    Discrete Jitter          (DJ):    0.000ns
    Phase Error              (PE):    0.000ns

    Location             Delay type                Incr(ns)  Path(ns)    Netlist Resource(s)
  -------------------------------------------------------------------    -------------------
                         (clock ap_clk rise edge)     0.000     0.000 r  
                                                      0.000     0.000 r  ap_clk (IN)
                         net (fo=1441, unset)         0.077     0.077    bd_0_i/hls_inst/U0/grp_hls_filter_2d_Pipeline_VITIS_LOOP_50_1_fu_364/mac_muladd_8ns_8s_17s_18_4_1_U21/hls_filter_2d_mac_muladd_8ns_8s_17s_18_4_1_DSP48_0_U/p_reg_reg/CLK
    DSP48E2_X9Y40        DSP_OUTPUT                                   r  bd_0_i/hls_inst/U0/grp_hls_filter_2d_Pipeline_VITIS_LOOP_50_1_fu_364/mac_muladd_8ns_8s_17s_18_4_1_U21/hls_filter_2d_mac_muladd_8ns_8s_17s_18_4_1_DSP48_0_U/p_reg_reg/DSP_OUTPUT_INST/CLK
  -------------------------------------------------------------------    -------------------
    DSP48E2_X9Y40        DSP_OUTPUT (Prop_DSP_OUTPUT_DSP48E2_CLK_P[5])
                                                      0.275     0.352 r  bd_0_i/hls_inst/U0/grp_hls_filter_2d_Pipeline_VITIS_LOOP_50_1_fu_364/mac_muladd_8ns_8s_17s_18_4_1_U21/hls_filter_2d_mac_muladd_8ns_8s_17s_18_4_1_DSP48_0_U/p_reg_reg/DSP_OUTPUT_INST/P[5]
                         net (fo=2, routed)           0.401     0.753    bd_0_i/hls_inst/U0/grp_hls_filter_2d_Pipeline_VITIS_LOOP_50_1_fu_364/mac_muladd_8ns_8s_17s_18_4_1_U21_n_16
    SLICE_X31Y100        LUT2 (Prop_F6LUT_SLICEM_I0_O)
                                                      0.224     0.977 r  bd_0_i/hls_inst/U0/grp_hls_filter_2d_Pipeline_VITIS_LOOP_50_1_fu_364/tmp_product_i_130/O
                         net (fo=1, routed)           0.029     1.006    bd_0_i/hls_inst/U0/grp_hls_filter_2d_Pipeline_VITIS_LOOP_50_1_fu_364/tmp_product_i_130_n_4
    SLICE_X31Y100        CARRY8 (Prop_CARRY8_SLICEM_S[5]_CO[7])
                                                      0.238     1.244 r  bd_0_i/hls_inst/U0/grp_hls_filter_2d_Pipeline_VITIS_LOOP_50_1_fu_364/tmp_product_i_87/CO[7]
                         net (fo=1, routed)           0.030     1.274    bd_0_i/hls_inst/U0/grp_hls_filter_2d_Pipeline_VITIS_LOOP_50_1_fu_364/tmp_product_i_87_n_4
    SLICE_X31Y101        CARRY8 (Prop_CARRY8_SLICEM_CI_O[5])
                                                      0.161     1.435 r  bd_0_i/hls_inst/U0/grp_hls_filter_2d_Pipeline_VITIS_LOOP_50_1_fu_364/tmp_product_i_69/O[5]
                         net (fo=2, routed)           0.251     1.686    bd_0_i/hls_inst/U0/grp_hls_filter_2d_Pipeline_VITIS_LOOP_50_1_fu_364/tmp_product_i_69_n_14
    SLICE_X29Y101        LUT2 (Prop_F6LUT_SLICEM_I0_O)
                                                      0.186     1.872 r  bd_0_i/hls_inst/U0/grp_hls_filter_2d_Pipeline_VITIS_LOOP_50_1_fu_364/tmp_product_i_72/O
                         net (fo=1, routed)           0.029     1.901    bd_0_i/hls_inst/U0/grp_hls_filter_2d_Pipeline_VITIS_LOOP_50_1_fu_364/tmp_product_i_72_n_4
    SLICE_X29Y101        CARRY8 (Prop_CARRY8_SLICEM_S[5]_CO[7])
                                                      0.238     2.139 r  bd_0_i/hls_inst/U0/grp_hls_filter_2d_Pipeline_VITIS_LOOP_50_1_fu_364/tmp_product_i_41/CO[7]
                         net (fo=1, routed)           0.030     2.169    bd_0_i/hls_inst/U0/grp_hls_filter_2d_Pipeline_VITIS_LOOP_50_1_fu_364/tmp_product_i_41_n_4
    SLICE_X29Y102        CARRY8 (Prop_CARRY8_SLICEM_CI_O[1])
                                                      0.106     2.275 r  bd_0_i/hls_inst/U0/grp_hls_filter_2d_Pipeline_VITIS_LOOP_50_1_fu_364/tmp_product_i_31/O[1]
                         net (fo=1, routed)           0.417     2.692    bd_0_i/hls_inst/U0/grp_hls_filter_2d_Pipeline_VITIS_LOOP_50_1_fu_364/tmp_product_i_31_n_18
    SLICE_X28Y112        LUT2 (Prop_B6LUT_SLICEM_I1_O)
                                                      0.225     2.917 r  bd_0_i/hls_inst/U0/grp_hls_filter_2d_Pipeline_VITIS_LOOP_50_1_fu_364/tmp_product_i_7/O
                         net (fo=1, routed)           0.022     2.939    bd_0_i/hls_inst/U0/grp_hls_filter_2d_Pipeline_VITIS_LOOP_50_1_fu_364/tmp_product_i_7_n_4
    SLICE_X28Y112        CARRY8 (Prop_CARRY8_SLICEM_S[1]_O[4])
                                                      0.286     3.225 f  bd_0_i/hls_inst/U0/grp_hls_filter_2d_Pipeline_VITIS_LOOP_50_1_fu_364/tmp_product_i_1__5/O[4]
                         net (fo=10, routed)          0.571     3.796    bd_0_i/hls_inst/U0/grp_hls_filter_2d_Pipeline_VITIS_LOOP_50_1_fu_364/mul_21s_32s_52_1_1_U1/tmp_product/A[26]
    DSP48E2_X8Y44        DSP_A_B_DATA (Prop_DSP_A_B_DATA_DSP48E2_A[26]_A2_DATA[26])
                                                      0.258     4.054 r  bd_0_i/hls_inst/U0/grp_hls_filter_2d_Pipeline_VITIS_LOOP_50_1_fu_364/mul_21s_32s_52_1_1_U1/tmp_product/DSP_A_B_DATA_INST/A2_DATA[26]
                         net (fo=1, routed)           0.000     4.054    bd_0_i/hls_inst/U0/grp_hls_filter_2d_Pipeline_VITIS_LOOP_50_1_fu_364/mul_21s_32s_52_1_1_U1/tmp_product/DSP_A_B_DATA.A2_DATA<26>
    DSP48E2_X8Y44        DSP_PREADD_DATA (Prop_DSP_PREADD_DATA_DSP48E2_A2_DATA[26]_A2A1[26])
                                                      0.114     4.168 r  bd_0_i/hls_inst/U0/grp_hls_filter_2d_Pipeline_VITIS_LOOP_50_1_fu_364/mul_21s_32s_52_1_1_U1/tmp_product/DSP_PREADD_DATA_INST/A2A1[26]
                         net (fo=1, routed)           0.000     4.168    bd_0_i/hls_inst/U0/grp_hls_filter_2d_Pipeline_VITIS_LOOP_50_1_fu_364/mul_21s_32s_52_1_1_U1/tmp_product/DSP_PREADD_DATA.A2A1<26>
    DSP48E2_X8Y44        DSP_MULTIPLIER (Prop_DSP_MULTIPLIER_DSP48E2_A2A1[26]_U[43])
                                                      0.700     4.868 f  bd_0_i/hls_inst/U0/grp_hls_filter_2d_Pipeline_VITIS_LOOP_50_1_fu_364/mul_21s_32s_52_1_1_U1/tmp_product/DSP_MULTIPLIER_INST/U[43]
                         net (fo=1, routed)           0.000     4.868    bd_0_i/hls_inst/U0/grp_hls_filter_2d_Pipeline_VITIS_LOOP_50_1_fu_364/mul_21s_32s_52_1_1_U1/tmp_product/DSP_MULTIPLIER.U<43>
    DSP48E2_X8Y44        DSP_M_DATA (Prop_DSP_M_DATA_DSP48E2_U[43]_U_DATA[43])
                                                      0.067     4.935 r  bd_0_i/hls_inst/U0/grp_hls_filter_2d_Pipeline_VITIS_LOOP_50_1_fu_364/mul_21s_32s_52_1_1_U1/tmp_product/DSP_M_DATA_INST/U_DATA[43]
                         net (fo=1, routed)           0.000     4.935    bd_0_i/hls_inst/U0/grp_hls_filter_2d_Pipeline_VITIS_LOOP_50_1_fu_364/mul_21s_32s_52_1_1_U1/tmp_product/DSP_M_DATA.U_DATA<43>
    DSP48E2_X8Y44        DSP_ALU (Prop_DSP_ALU_DSP48E2_U_DATA[43]_ALU_OUT[47])
                                                      0.727     5.662 f  bd_0_i/hls_inst/U0/grp_hls_filter_2d_Pipeline_VITIS_LOOP_50_1_fu_364/mul_21s_32s_52_1_1_U1/tmp_product/DSP_ALU_INST/ALU_OUT[47]
                         net (fo=1, routed)           0.000     5.662    bd_0_i/hls_inst/U0/grp_hls_filter_2d_Pipeline_VITIS_LOOP_50_1_fu_364/mul_21s_32s_52_1_1_U1/tmp_product/DSP_ALU.ALU_OUT<47>
    DSP48E2_X8Y44        DSP_OUTPUT (Prop_DSP_OUTPUT_DSP48E2_ALU_OUT[47]_PCOUT[47])
                                                      0.167     5.829 r  bd_0_i/hls_inst/U0/grp_hls_filter_2d_Pipeline_VITIS_LOOP_50_1_fu_364/mul_21s_32s_52_1_1_U1/tmp_product/DSP_OUTPUT_INST/PCOUT[47]
                         net (fo=1, routed)           0.014     5.843    bd_0_i/hls_inst/U0/grp_hls_filter_2d_Pipeline_VITIS_LOOP_50_1_fu_364/mul_ln121_reg_2916_reg/PCIN[47]
    DSP48E2_X8Y45        DSP_ALU (Prop_DSP_ALU_DSP48E2_PCIN[47]_ALU_OUT[13])
                                                      0.739     6.582 r  bd_0_i/hls_inst/U0/grp_hls_filter_2d_Pipeline_VITIS_LOOP_50_1_fu_364/mul_ln121_reg_2916_reg/DSP_ALU_INST/ALU_OUT[13]
                         net (fo=1, routed)           0.000     6.582    bd_0_i/hls_inst/U0/grp_hls_filter_2d_Pipeline_VITIS_LOOP_50_1_fu_364/mul_ln121_reg_2916_reg/DSP_ALU.ALU_OUT<13>
    DSP48E2_X8Y45        DSP_OUTPUT                                   r  bd_0_i/hls_inst/U0/grp_hls_filter_2d_Pipeline_VITIS_LOOP_50_1_fu_364/mul_ln121_reg_2916_reg/DSP_OUTPUT_INST/ALU_OUT[13]
  -------------------------------------------------------------------    -------------------

                         (clock ap_clk rise edge)    10.000    10.000 r  
                                                      0.000    10.000 r  ap_clk (IN)
                         net (fo=1441, unset)         0.055    10.055    bd_0_i/hls_inst/U0/grp_hls_filter_2d_Pipeline_VITIS_LOOP_50_1_fu_364/mul_ln121_reg_2916_reg/CLK
    DSP48E2_X8Y45        DSP_OUTPUT                                   r  bd_0_i/hls_inst/U0/grp_hls_filter_2d_Pipeline_VITIS_LOOP_50_1_fu_364/mul_ln121_reg_2916_reg/DSP_OUTPUT_INST/CLK
                         clock pessimism              0.000    10.055    
                         clock uncertainty           -0.035    10.020    
    DSP48E2_X8Y45        DSP_OUTPUT (Setup_DSP_OUTPUT_DSP48E2_CLK_ALU_OUT[13])
                                                      0.014    10.034    bd_0_i/hls_inst/U0/grp_hls_filter_2d_Pipeline_VITIS_LOOP_50_1_fu_364/mul_ln121_reg_2916_reg/DSP_OUTPUT_INST
  -------------------------------------------------------------------
                         required time                         10.034    
                         arrival time                          -6.582    
  -------------------------------------------------------------------
                         slack                                  3.452    

Slack (MET) :             3.452ns  (required time - arrival time)
  Source:                 bd_0_i/hls_inst/U0/grp_hls_filter_2d_Pipeline_VITIS_LOOP_50_1_fu_364/mac_muladd_8ns_8s_17s_18_4_1_U21/hls_filter_2d_mac_muladd_8ns_8s_17s_18_4_1_DSP48_0_U/p_reg_reg/DSP_OUTPUT_INST/CLK
                            (rising edge-triggered cell DSP_OUTPUT clocked by ap_clk  {rise@0.000ns fall@5.000ns period=10.000ns})
  Destination:            bd_0_i/hls_inst/U0/grp_hls_filter_2d_Pipeline_VITIS_LOOP_50_1_fu_364/mul_ln121_reg_2916_reg/DSP_OUTPUT_INST/ALU_OUT[14]
                            (rising edge-triggered cell DSP_OUTPUT clocked by ap_clk  {rise@0.000ns fall@5.000ns period=10.000ns})
  Path Group:             ap_clk
  Path Type:              Setup (Max at Slow Process Corner)
  Requirement:            10.000ns  (ap_clk rise@10.000ns - ap_clk rise@0.000ns)
  Data Path Delay:        6.505ns  (logic 4.711ns (72.422%)  route 1.794ns (27.578%))
  Logic Levels:           15  (CARRY8=5 DSP_A_B_DATA=1 DSP_ALU=2 DSP_M_DATA=1 DSP_MULTIPLIER=1 DSP_OUTPUT=1 DSP_PREADD_DATA=1 LUT2=3)
  Clock Path Skew:        -0.022ns (DCD - SCD + CPR)
    Destination Clock Delay (DCD):    0.055ns = ( 10.055 - 10.000 ) 
    Source Clock Delay      (SCD):    0.077ns
    Clock Pessimism Removal (CPR):    0.000ns
  Clock Uncertainty:      0.035ns  ((TSJ^2 + TIJ^2)^1/2 + DJ) / 2 + PE
    Total System Jitter     (TSJ):    0.071ns
    Total Input Jitter      (TIJ):    0.000ns
    Discrete Jitter          (DJ):    0.000ns
    Phase Error              (PE):    0.000ns

    Location             Delay type                Incr(ns)  Path(ns)    Netlist Resource(s)
  -------------------------------------------------------------------    -------------------
                         (clock ap_clk rise edge)     0.000     0.000 r  
                                                      0.000     0.000 r  ap_clk (IN)
                         net (fo=1441, unset)         0.077     0.077    bd_0_i/hls_inst/U0/grp_hls_filter_2d_Pipeline_VITIS_LOOP_50_1_fu_364/mac_muladd_8ns_8s_17s_18_4_1_U21/hls_filter_2d_mac_muladd_8ns_8s_17s_18_4_1_DSP48_0_U/p_reg_reg/CLK
    DSP48E2_X9Y40        DSP_OUTPUT                                   r  bd_0_i/hls_inst/U0/grp_hls_filter_2d_Pipeline_VITIS_LOOP_50_1_fu_364/mac_muladd_8ns_8s_17s_18_4_1_U21/hls_filter_2d_mac_muladd_8ns_8s_17s_18_4_1_DSP48_0_U/p_reg_reg/DSP_OUTPUT_INST/CLK
  -------------------------------------------------------------------    -------------------
    DSP48E2_X9Y40        DSP_OUTPUT (Prop_DSP_OUTPUT_DSP48E2_CLK_P[5])
                                                      0.275     0.352 r  bd_0_i/hls_inst/U0/grp_hls_filter_2d_Pipeline_VITIS_LOOP_50_1_fu_364/mac_muladd_8ns_8s_17s_18_4_1_U21/hls_filter_2d_mac_muladd_8ns_8s_17s_18_4_1_DSP48_0_U/p_reg_reg/DSP_OUTPUT_INST/P[5]
                         net (fo=2, routed)           0.401     0.753    bd_0_i/hls_inst/U0/grp_hls_filter_2d_Pipeline_VITIS_LOOP_50_1_fu_364/mac_muladd_8ns_8s_17s_18_4_1_U21_n_16
    SLICE_X31Y100        LUT2 (Prop_F6LUT_SLICEM_I0_O)
                                                      0.224     0.977 r  bd_0_i/hls_inst/U0/grp_hls_filter_2d_Pipeline_VITIS_LOOP_50_1_fu_364/tmp_product_i_130/O
                         net (fo=1, routed)           0.029     1.006    bd_0_i/hls_inst/U0/grp_hls_filter_2d_Pipeline_VITIS_LOOP_50_1_fu_364/tmp_product_i_130_n_4
    SLICE_X31Y100        CARRY8 (Prop_CARRY8_SLICEM_S[5]_CO[7])
                                                      0.238     1.244 r  bd_0_i/hls_inst/U0/grp_hls_filter_2d_Pipeline_VITIS_LOOP_50_1_fu_364/tmp_product_i_87/CO[7]
                         net (fo=1, routed)           0.030     1.274    bd_0_i/hls_inst/U0/grp_hls_filter_2d_Pipeline_VITIS_LOOP_50_1_fu_364/tmp_product_i_87_n_4
    SLICE_X31Y101        CARRY8 (Prop_CARRY8_SLICEM_CI_O[5])
                                                      0.161     1.435 r  bd_0_i/hls_inst/U0/grp_hls_filter_2d_Pipeline_VITIS_LOOP_50_1_fu_364/tmp_product_i_69/O[5]
                         net (fo=2, routed)           0.251     1.686    bd_0_i/hls_inst/U0/grp_hls_filter_2d_Pipeline_VITIS_LOOP_50_1_fu_364/tmp_product_i_69_n_14
    SLICE_X29Y101        LUT2 (Prop_F6LUT_SLICEM_I0_O)
                                                      0.186     1.872 r  bd_0_i/hls_inst/U0/grp_hls_filter_2d_Pipeline_VITIS_LOOP_50_1_fu_364/tmp_product_i_72/O
                         net (fo=1, routed)           0.029     1.901    bd_0_i/hls_inst/U0/grp_hls_filter_2d_Pipeline_VITIS_LOOP_50_1_fu_364/tmp_product_i_72_n_4
    SLICE_X29Y101        CARRY8 (Prop_CARRY8_SLICEM_S[5]_CO[7])
                                                      0.238     2.139 r  bd_0_i/hls_inst/U0/grp_hls_filter_2d_Pipeline_VITIS_LOOP_50_1_fu_364/tmp_product_i_41/CO[7]
                         net (fo=1, routed)           0.030     2.169    bd_0_i/hls_inst/U0/grp_hls_filter_2d_Pipeline_VITIS_LOOP_50_1_fu_364/tmp_product_i_41_n_4
    SLICE_X29Y102        CARRY8 (Prop_CARRY8_SLICEM_CI_O[1])
                                                      0.106     2.275 r  bd_0_i/hls_inst/U0/grp_hls_filter_2d_Pipeline_VITIS_LOOP_50_1_fu_364/tmp_product_i_31/O[1]
                         net (fo=1, routed)           0.417     2.692    bd_0_i/hls_inst/U0/grp_hls_filter_2d_Pipeline_VITIS_LOOP_50_1_fu_364/tmp_product_i_31_n_18
    SLICE_X28Y112        LUT2 (Prop_B6LUT_SLICEM_I1_O)
                                                      0.225     2.917 r  bd_0_i/hls_inst/U0/grp_hls_filter_2d_Pipeline_VITIS_LOOP_50_1_fu_364/tmp_product_i_7/O
                         net (fo=1, routed)           0.022     2.939    bd_0_i/hls_inst/U0/grp_hls_filter_2d_Pipeline_VITIS_LOOP_50_1_fu_364/tmp_product_i_7_n_4
    SLICE_X28Y112        CARRY8 (Prop_CARRY8_SLICEM_S[1]_O[4])
                                                      0.286     3.225 f  bd_0_i/hls_inst/U0/grp_hls_filter_2d_Pipeline_VITIS_LOOP_50_1_fu_364/tmp_product_i_1__5/O[4]
                         net (fo=10, routed)          0.571     3.796    bd_0_i/hls_inst/U0/grp_hls_filter_2d_Pipeline_VITIS_LOOP_50_1_fu_364/mul_21s_32s_52_1_1_U1/tmp_product/A[26]
    DSP48E2_X8Y44        DSP_A_B_DATA (Prop_DSP_A_B_DATA_DSP48E2_A[26]_A2_DATA[26])
                                                      0.258     4.054 r  bd_0_i/hls_inst/U0/grp_hls_filter_2d_Pipeline_VITIS_LOOP_50_1_fu_364/mul_21s_32s_52_1_1_U1/tmp_product/DSP_A_B_DATA_INST/A2_DATA[26]
                         net (fo=1, routed)           0.000     4.054    bd_0_i/hls_inst/U0/grp_hls_filter_2d_Pipeline_VITIS_LOOP_50_1_fu_364/mul_21s_32s_52_1_1_U1/tmp_product/DSP_A_B_DATA.A2_DATA<26>
    DSP48E2_X8Y44        DSP_PREADD_DATA (Prop_DSP_PREADD_DATA_DSP48E2_A2_DATA[26]_A2A1[26])
                                                      0.114     4.168 r  bd_0_i/hls_inst/U0/grp_hls_filter_2d_Pipeline_VITIS_LOOP_50_1_fu_364/mul_21s_32s_52_1_1_U1/tmp_product/DSP_PREADD_DATA_INST/A2A1[26]
                         net (fo=1, routed)           0.000     4.168    bd_0_i/hls_inst/U0/grp_hls_filter_2d_Pipeline_VITIS_LOOP_50_1_fu_364/mul_21s_32s_52_1_1_U1/tmp_product/DSP_PREADD_DATA.A2A1<26>
    DSP48E2_X8Y44        DSP_MULTIPLIER (Prop_DSP_MULTIPLIER_DSP48E2_A2A1[26]_U[43])
                                                      0.700     4.868 f  bd_0_i/hls_inst/U0/grp_hls_filter_2d_Pipeline_VITIS_LOOP_50_1_fu_364/mul_21s_32s_52_1_1_U1/tmp_product/DSP_MULTIPLIER_INST/U[43]
                         net (fo=1, routed)           0.000     4.868    bd_0_i/hls_inst/U0/grp_hls_filter_2d_Pipeline_VITIS_LOOP_50_1_fu_364/mul_21s_32s_52_1_1_U1/tmp_product/DSP_MULTIPLIER.U<43>
    DSP48E2_X8Y44        DSP_M_DATA (Prop_DSP_M_DATA_DSP48E2_U[43]_U_DATA[43])
                                                      0.067     4.935 r  bd_0_i/hls_inst/U0/grp_hls_filter_2d_Pipeline_VITIS_LOOP_50_1_fu_364/mul_21s_32s_52_1_1_U1/tmp_product/DSP_M_DATA_INST/U_DATA[43]
                         net (fo=1, routed)           0.000     4.935    bd_0_i/hls_inst/U0/grp_hls_filter_2d_Pipeline_VITIS_LOOP_50_1_fu_364/mul_21s_32s_52_1_1_U1/tmp_product/DSP_M_DATA.U_DATA<43>
    DSP48E2_X8Y44        DSP_ALU (Prop_DSP_ALU_DSP48E2_U_DATA[43]_ALU_OUT[47])
                                                      0.727     5.662 f  bd_0_i/hls_inst/U0/grp_hls_filter_2d_Pipeline_VITIS_LOOP_50_1_fu_364/mul_21s_32s_52_1_1_U1/tmp_product/DSP_ALU_INST/ALU_OUT[47]
                         net (fo=1, routed)           0.000     5.662    bd_0_i/hls_inst/U0/grp_hls_filter_2d_Pipeline_VITIS_LOOP_50_1_fu_364/mul_21s_32s_52_1_1_U1/tmp_product/DSP_ALU.ALU_OUT<47>
    DSP48E2_X8Y44        DSP_OUTPUT (Prop_DSP_OUTPUT_DSP48E2_ALU_OUT[47]_PCOUT[47])
                                                      0.167     5.829 r  bd_0_i/hls_inst/U0/grp_hls_filter_2d_Pipeline_VITIS_LOOP_50_1_fu_364/mul_21s_32s_52_1_1_U1/tmp_product/DSP_OUTPUT_INST/PCOUT[47]
                         net (fo=1, routed)           0.014     5.843    bd_0_i/hls_inst/U0/grp_hls_filter_2d_Pipeline_VITIS_LOOP_50_1_fu_364/mul_ln121_reg_2916_reg/PCIN[47]
    DSP48E2_X8Y45        DSP_ALU (Prop_DSP_ALU_DSP48E2_PCIN[47]_ALU_OUT[14])
                                                      0.739     6.582 r  bd_0_i/hls_inst/U0/grp_hls_filter_2d_Pipeline_VITIS_LOOP_50_1_fu_364/mul_ln121_reg_2916_reg/DSP_ALU_INST/ALU_OUT[14]
                         net (fo=1, routed)           0.000     6.582    bd_0_i/hls_inst/U0/grp_hls_filter_2d_Pipeline_VITIS_LOOP_50_1_fu_364/mul_ln121_reg_2916_reg/DSP_ALU.ALU_OUT<14>
    DSP48E2_X8Y45        DSP_OUTPUT                                   r  bd_0_i/hls_inst/U0/grp_hls_filter_2d_Pipeline_VITIS_LOOP_50_1_fu_364/mul_ln121_reg_2916_reg/DSP_OUTPUT_INST/ALU_OUT[14]
  -------------------------------------------------------------------    -------------------

                         (clock ap_clk rise edge)    10.000    10.000 r  
                                                      0.000    10.000 r  ap_clk (IN)
                         net (fo=1441, unset)         0.055    10.055    bd_0_i/hls_inst/U0/grp_hls_filter_2d_Pipeline_VITIS_LOOP_50_1_fu_364/mul_ln121_reg_2916_reg/CLK
    DSP48E2_X8Y45        DSP_OUTPUT                                   r  bd_0_i/hls_inst/U0/grp_hls_filter_2d_Pipeline_VITIS_LOOP_50_1_fu_364/mul_ln121_reg_2916_reg/DSP_OUTPUT_INST/CLK
                         clock pessimism              0.000    10.055    
                         clock uncertainty           -0.035    10.020    
    DSP48E2_X8Y45        DSP_OUTPUT (Setup_DSP_OUTPUT_DSP48E2_CLK_ALU_OUT[14])
                                                      0.014    10.034    bd_0_i/hls_inst/U0/grp_hls_filter_2d_Pipeline_VITIS_LOOP_50_1_fu_364/mul_ln121_reg_2916_reg/DSP_OUTPUT_INST
  -------------------------------------------------------------------
                         required time                         10.034    
                         arrival time                          -6.582    
  -------------------------------------------------------------------
                         slack                                  3.452    

Slack (MET) :             3.452ns  (required time - arrival time)
  Source:                 bd_0_i/hls_inst/U0/grp_hls_filter_2d_Pipeline_VITIS_LOOP_50_1_fu_364/mac_muladd_8ns_8s_17s_18_4_1_U21/hls_filter_2d_mac_muladd_8ns_8s_17s_18_4_1_DSP48_0_U/p_reg_reg/DSP_OUTPUT_INST/CLK
                            (rising edge-triggered cell DSP_OUTPUT clocked by ap_clk  {rise@0.000ns fall@5.000ns period=10.000ns})
  Destination:            bd_0_i/hls_inst/U0/grp_hls_filter_2d_Pipeline_VITIS_LOOP_50_1_fu_364/mul_ln121_reg_2916_reg/DSP_OUTPUT_INST/ALU_OUT[15]
                            (rising edge-triggered cell DSP_OUTPUT clocked by ap_clk  {rise@0.000ns fall@5.000ns period=10.000ns})
  Path Group:             ap_clk
  Path Type:              Setup (Max at Slow Process Corner)
  Requirement:            10.000ns  (ap_clk rise@10.000ns - ap_clk rise@0.000ns)
  Data Path Delay:        6.505ns  (logic 4.711ns (72.422%)  route 1.794ns (27.578%))
  Logic Levels:           15  (CARRY8=5 DSP_A_B_DATA=1 DSP_ALU=2 DSP_M_DATA=1 DSP_MULTIPLIER=1 DSP_OUTPUT=1 DSP_PREADD_DATA=1 LUT2=3)
  Clock Path Skew:        -0.022ns (DCD - SCD + CPR)
    Destination Clock Delay (DCD):    0.055ns = ( 10.055 - 10.000 ) 
    Source Clock Delay      (SCD):    0.077ns
    Clock Pessimism Removal (CPR):    0.000ns
  Clock Uncertainty:      0.035ns  ((TSJ^2 + TIJ^2)^1/2 + DJ) / 2 + PE
    Total System Jitter     (TSJ):    0.071ns
    Total Input Jitter      (TIJ):    0.000ns
    Discrete Jitter          (DJ):    0.000ns
    Phase Error              (PE):    0.000ns

    Location             Delay type                Incr(ns)  Path(ns)    Netlist Resource(s)
  -------------------------------------------------------------------    -------------------
                         (clock ap_clk rise edge)     0.000     0.000 r  
                                                      0.000     0.000 r  ap_clk (IN)
                         net (fo=1441, unset)         0.077     0.077    bd_0_i/hls_inst/U0/grp_hls_filter_2d_Pipeline_VITIS_LOOP_50_1_fu_364/mac_muladd_8ns_8s_17s_18_4_1_U21/hls_filter_2d_mac_muladd_8ns_8s_17s_18_4_1_DSP48_0_U/p_reg_reg/CLK
    DSP48E2_X9Y40        DSP_OUTPUT                                   r  bd_0_i/hls_inst/U0/grp_hls_filter_2d_Pipeline_VITIS_LOOP_50_1_fu_364/mac_muladd_8ns_8s_17s_18_4_1_U21/hls_filter_2d_mac_muladd_8ns_8s_17s_18_4_1_DSP48_0_U/p_reg_reg/DSP_OUTPUT_INST/CLK
  -------------------------------------------------------------------    -------------------
    DSP48E2_X9Y40        DSP_OUTPUT (Prop_DSP_OUTPUT_DSP48E2_CLK_P[5])
                                                      0.275     0.352 r  bd_0_i/hls_inst/U0/grp_hls_filter_2d_Pipeline_VITIS_LOOP_50_1_fu_364/mac_muladd_8ns_8s_17s_18_4_1_U21/hls_filter_2d_mac_muladd_8ns_8s_17s_18_4_1_DSP48_0_U/p_reg_reg/DSP_OUTPUT_INST/P[5]
                         net (fo=2, routed)           0.401     0.753    bd_0_i/hls_inst/U0/grp_hls_filter_2d_Pipeline_VITIS_LOOP_50_1_fu_364/mac_muladd_8ns_8s_17s_18_4_1_U21_n_16
    SLICE_X31Y100        LUT2 (Prop_F6LUT_SLICEM_I0_O)
                                                      0.224     0.977 r  bd_0_i/hls_inst/U0/grp_hls_filter_2d_Pipeline_VITIS_LOOP_50_1_fu_364/tmp_product_i_130/O
                         net (fo=1, routed)           0.029     1.006    bd_0_i/hls_inst/U0/grp_hls_filter_2d_Pipeline_VITIS_LOOP_50_1_fu_364/tmp_product_i_130_n_4
    SLICE_X31Y100        CARRY8 (Prop_CARRY8_SLICEM_S[5]_CO[7])
                                                      0.238     1.244 r  bd_0_i/hls_inst/U0/grp_hls_filter_2d_Pipeline_VITIS_LOOP_50_1_fu_364/tmp_product_i_87/CO[7]
                         net (fo=1, routed)           0.030     1.274    bd_0_i/hls_inst/U0/grp_hls_filter_2d_Pipeline_VITIS_LOOP_50_1_fu_364/tmp_product_i_87_n_4
    SLICE_X31Y101        CARRY8 (Prop_CARRY8_SLICEM_CI_O[5])
                                                      0.161     1.435 r  bd_0_i/hls_inst/U0/grp_hls_filter_2d_Pipeline_VITIS_LOOP_50_1_fu_364/tmp_product_i_69/O[5]
                         net (fo=2, routed)           0.251     1.686    bd_0_i/hls_inst/U0/grp_hls_filter_2d_Pipeline_VITIS_LOOP_50_1_fu_364/tmp_product_i_69_n_14
    SLICE_X29Y101        LUT2 (Prop_F6LUT_SLICEM_I0_O)
                                                      0.186     1.872 r  bd_0_i/hls_inst/U0/grp_hls_filter_2d_Pipeline_VITIS_LOOP_50_1_fu_364/tmp_product_i_72/O
                         net (fo=1, routed)           0.029     1.901    bd_0_i/hls_inst/U0/grp_hls_filter_2d_Pipeline_VITIS_LOOP_50_1_fu_364/tmp_product_i_72_n_4
    SLICE_X29Y101        CARRY8 (Prop_CARRY8_SLICEM_S[5]_CO[7])
                                                      0.238     2.139 r  bd_0_i/hls_inst/U0/grp_hls_filter_2d_Pipeline_VITIS_LOOP_50_1_fu_364/tmp_product_i_41/CO[7]
                         net (fo=1, routed)           0.030     2.169    bd_0_i/hls_inst/U0/grp_hls_filter_2d_Pipeline_VITIS_LOOP_50_1_fu_364/tmp_product_i_41_n_4
    SLICE_X29Y102        CARRY8 (Prop_CARRY8_SLICEM_CI_O[1])
                                                      0.106     2.275 r  bd_0_i/hls_inst/U0/grp_hls_filter_2d_Pipeline_VITIS_LOOP_50_1_fu_364/tmp_product_i_31/O[1]
                         net (fo=1, routed)           0.417     2.692    bd_0_i/hls_inst/U0/grp_hls_filter_2d_Pipeline_VITIS_LOOP_50_1_fu_364/tmp_product_i_31_n_18
    SLICE_X28Y112        LUT2 (Prop_B6LUT_SLICEM_I1_O)
                                                      0.225     2.917 r  bd_0_i/hls_inst/U0/grp_hls_filter_2d_Pipeline_VITIS_LOOP_50_1_fu_364/tmp_product_i_7/O
                         net (fo=1, routed)           0.022     2.939    bd_0_i/hls_inst/U0/grp_hls_filter_2d_Pipeline_VITIS_LOOP_50_1_fu_364/tmp_product_i_7_n_4
    SLICE_X28Y112        CARRY8 (Prop_CARRY8_SLICEM_S[1]_O[4])
                                                      0.286     3.225 f  bd_0_i/hls_inst/U0/grp_hls_filter_2d_Pipeline_VITIS_LOOP_50_1_fu_364/tmp_product_i_1__5/O[4]
                         net (fo=10, routed)          0.571     3.796    bd_0_i/hls_inst/U0/grp_hls_filter_2d_Pipeline_VITIS_LOOP_50_1_fu_364/mul_21s_32s_52_1_1_U1/tmp_product/A[26]
    DSP48E2_X8Y44        DSP_A_B_DATA (Prop_DSP_A_B_DATA_DSP48E2_A[26]_A2_DATA[26])
                                                      0.258     4.054 r  bd_0_i/hls_inst/U0/grp_hls_filter_2d_Pipeline_VITIS_LOOP_50_1_fu_364/mul_21s_32s_52_1_1_U1/tmp_product/DSP_A_B_DATA_INST/A2_DATA[26]
                         net (fo=1, routed)           0.000     4.054    bd_0_i/hls_inst/U0/grp_hls_filter_2d_Pipeline_VITIS_LOOP_50_1_fu_364/mul_21s_32s_52_1_1_U1/tmp_product/DSP_A_B_DATA.A2_DATA<26>
    DSP48E2_X8Y44        DSP_PREADD_DATA (Prop_DSP_PREADD_DATA_DSP48E2_A2_DATA[26]_A2A1[26])
                                                      0.114     4.168 r  bd_0_i/hls_inst/U0/grp_hls_filter_2d_Pipeline_VITIS_LOOP_50_1_fu_364/mul_21s_32s_52_1_1_U1/tmp_product/DSP_PREADD_DATA_INST/A2A1[26]
                         net (fo=1, routed)           0.000     4.168    bd_0_i/hls_inst/U0/grp_hls_filter_2d_Pipeline_VITIS_LOOP_50_1_fu_364/mul_21s_32s_52_1_1_U1/tmp_product/DSP_PREADD_DATA.A2A1<26>
    DSP48E2_X8Y44        DSP_MULTIPLIER (Prop_DSP_MULTIPLIER_DSP48E2_A2A1[26]_U[43])
                                                      0.700     4.868 f  bd_0_i/hls_inst/U0/grp_hls_filter_2d_Pipeline_VITIS_LOOP_50_1_fu_364/mul_21s_32s_52_1_1_U1/tmp_product/DSP_MULTIPLIER_INST/U[43]
                         net (fo=1, routed)           0.000     4.868    bd_0_i/hls_inst/U0/grp_hls_filter_2d_Pipeline_VITIS_LOOP_50_1_fu_364/mul_21s_32s_52_1_1_U1/tmp_product/DSP_MULTIPLIER.U<43>
    DSP48E2_X8Y44        DSP_M_DATA (Prop_DSP_M_DATA_DSP48E2_U[43]_U_DATA[43])
                                                      0.067     4.935 r  bd_0_i/hls_inst/U0/grp_hls_filter_2d_Pipeline_VITIS_LOOP_50_1_fu_364/mul_21s_32s_52_1_1_U1/tmp_product/DSP_M_DATA_INST/U_DATA[43]
                         net (fo=1, routed)           0.000     4.935    bd_0_i/hls_inst/U0/grp_hls_filter_2d_Pipeline_VITIS_LOOP_50_1_fu_364/mul_21s_32s_52_1_1_U1/tmp_product/DSP_M_DATA.U_DATA<43>
    DSP48E2_X8Y44        DSP_ALU (Prop_DSP_ALU_DSP48E2_U_DATA[43]_ALU_OUT[47])
                                                      0.727     5.662 f  bd_0_i/hls_inst/U0/grp_hls_filter_2d_Pipeline_VITIS_LOOP_50_1_fu_364/mul_21s_32s_52_1_1_U1/tmp_product/DSP_ALU_INST/ALU_OUT[47]
                         net (fo=1, routed)           0.000     5.662    bd_0_i/hls_inst/U0/grp_hls_filter_2d_Pipeline_VITIS_LOOP_50_1_fu_364/mul_21s_32s_52_1_1_U1/tmp_product/DSP_ALU.ALU_OUT<47>
    DSP48E2_X8Y44        DSP_OUTPUT (Prop_DSP_OUTPUT_DSP48E2_ALU_OUT[47]_PCOUT[47])
                                                      0.167     5.829 r  bd_0_i/hls_inst/U0/grp_hls_filter_2d_Pipeline_VITIS_LOOP_50_1_fu_364/mul_21s_32s_52_1_1_U1/tmp_product/DSP_OUTPUT_INST/PCOUT[47]
                         net (fo=1, routed)           0.014     5.843    bd_0_i/hls_inst/U0/grp_hls_filter_2d_Pipeline_VITIS_LOOP_50_1_fu_364/mul_ln121_reg_2916_reg/PCIN[47]
    DSP48E2_X8Y45        DSP_ALU (Prop_DSP_ALU_DSP48E2_PCIN[47]_ALU_OUT[15])
                                                      0.739     6.582 r  bd_0_i/hls_inst/U0/grp_hls_filter_2d_Pipeline_VITIS_LOOP_50_1_fu_364/mul_ln121_reg_2916_reg/DSP_ALU_INST/ALU_OUT[15]
                         net (fo=1, routed)           0.000     6.582    bd_0_i/hls_inst/U0/grp_hls_filter_2d_Pipeline_VITIS_LOOP_50_1_fu_364/mul_ln121_reg_2916_reg/DSP_ALU.ALU_OUT<15>
    DSP48E2_X8Y45        DSP_OUTPUT                                   r  bd_0_i/hls_inst/U0/grp_hls_filter_2d_Pipeline_VITIS_LOOP_50_1_fu_364/mul_ln121_reg_2916_reg/DSP_OUTPUT_INST/ALU_OUT[15]
  -------------------------------------------------------------------    -------------------

                         (clock ap_clk rise edge)    10.000    10.000 r  
                                                      0.000    10.000 r  ap_clk (IN)
                         net (fo=1441, unset)         0.055    10.055    bd_0_i/hls_inst/U0/grp_hls_filter_2d_Pipeline_VITIS_LOOP_50_1_fu_364/mul_ln121_reg_2916_reg/CLK
    DSP48E2_X8Y45        DSP_OUTPUT                                   r  bd_0_i/hls_inst/U0/grp_hls_filter_2d_Pipeline_VITIS_LOOP_50_1_fu_364/mul_ln121_reg_2916_reg/DSP_OUTPUT_INST/CLK
                         clock pessimism              0.000    10.055    
                         clock uncertainty           -0.035    10.020    
    DSP48E2_X8Y45        DSP_OUTPUT (Setup_DSP_OUTPUT_DSP48E2_CLK_ALU_OUT[15])
                                                      0.014    10.034    bd_0_i/hls_inst/U0/grp_hls_filter_2d_Pipeline_VITIS_LOOP_50_1_fu_364/mul_ln121_reg_2916_reg/DSP_OUTPUT_INST
  -------------------------------------------------------------------
                         required time                         10.034    
                         arrival time                          -6.582    
  -------------------------------------------------------------------
                         slack                                  3.452    

Slack (MET) :             3.452ns  (required time - arrival time)
  Source:                 bd_0_i/hls_inst/U0/grp_hls_filter_2d_Pipeline_VITIS_LOOP_50_1_fu_364/mac_muladd_8ns_8s_17s_18_4_1_U21/hls_filter_2d_mac_muladd_8ns_8s_17s_18_4_1_DSP48_0_U/p_reg_reg/DSP_OUTPUT_INST/CLK
                            (rising edge-triggered cell DSP_OUTPUT clocked by ap_clk  {rise@0.000ns fall@5.000ns period=10.000ns})
  Destination:            bd_0_i/hls_inst/U0/grp_hls_filter_2d_Pipeline_VITIS_LOOP_50_1_fu_364/mul_ln121_reg_2916_reg/DSP_OUTPUT_INST/ALU_OUT[16]
                            (rising edge-triggered cell DSP_OUTPUT clocked by ap_clk  {rise@0.000ns fall@5.000ns period=10.000ns})
  Path Group:             ap_clk
  Path Type:              Setup (Max at Slow Process Corner)
  Requirement:            10.000ns  (ap_clk rise@10.000ns - ap_clk rise@0.000ns)
  Data Path Delay:        6.505ns  (logic 4.711ns (72.422%)  route 1.794ns (27.578%))
  Logic Levels:           15  (CARRY8=5 DSP_A_B_DATA=1 DSP_ALU=2 DSP_M_DATA=1 DSP_MULTIPLIER=1 DSP_OUTPUT=1 DSP_PREADD_DATA=1 LUT2=3)
  Clock Path Skew:        -0.022ns (DCD - SCD + CPR)
    Destination Clock Delay (DCD):    0.055ns = ( 10.055 - 10.000 ) 
    Source Clock Delay      (SCD):    0.077ns
    Clock Pessimism Removal (CPR):    0.000ns
  Clock Uncertainty:      0.035ns  ((TSJ^2 + TIJ^2)^1/2 + DJ) / 2 + PE
    Total System Jitter     (TSJ):    0.071ns
    Total Input Jitter      (TIJ):    0.000ns
    Discrete Jitter          (DJ):    0.000ns
    Phase Error              (PE):    0.000ns

    Location             Delay type                Incr(ns)  Path(ns)    Netlist Resource(s)
  -------------------------------------------------------------------    -------------------
                         (clock ap_clk rise edge)     0.000     0.000 r  
                                                      0.000     0.000 r  ap_clk (IN)
                         net (fo=1441, unset)         0.077     0.077    bd_0_i/hls_inst/U0/grp_hls_filter_2d_Pipeline_VITIS_LOOP_50_1_fu_364/mac_muladd_8ns_8s_17s_18_4_1_U21/hls_filter_2d_mac_muladd_8ns_8s_17s_18_4_1_DSP48_0_U/p_reg_reg/CLK
    DSP48E2_X9Y40        DSP_OUTPUT                                   r  bd_0_i/hls_inst/U0/grp_hls_filter_2d_Pipeline_VITIS_LOOP_50_1_fu_364/mac_muladd_8ns_8s_17s_18_4_1_U21/hls_filter_2d_mac_muladd_8ns_8s_17s_18_4_1_DSP48_0_U/p_reg_reg/DSP_OUTPUT_INST/CLK
  -------------------------------------------------------------------    -------------------
    DSP48E2_X9Y40        DSP_OUTPUT (Prop_DSP_OUTPUT_DSP48E2_CLK_P[5])
                                                      0.275     0.352 r  bd_0_i/hls_inst/U0/grp_hls_filter_2d_Pipeline_VITIS_LOOP_50_1_fu_364/mac_muladd_8ns_8s_17s_18_4_1_U21/hls_filter_2d_mac_muladd_8ns_8s_17s_18_4_1_DSP48_0_U/p_reg_reg/DSP_OUTPUT_INST/P[5]
                         net (fo=2, routed)           0.401     0.753    bd_0_i/hls_inst/U0/grp_hls_filter_2d_Pipeline_VITIS_LOOP_50_1_fu_364/mac_muladd_8ns_8s_17s_18_4_1_U21_n_16
    SLICE_X31Y100        LUT2 (Prop_F6LUT_SLICEM_I0_O)
                                                      0.224     0.977 r  bd_0_i/hls_inst/U0/grp_hls_filter_2d_Pipeline_VITIS_LOOP_50_1_fu_364/tmp_product_i_130/O
                         net (fo=1, routed)           0.029     1.006    bd_0_i/hls_inst/U0/grp_hls_filter_2d_Pipeline_VITIS_LOOP_50_1_fu_364/tmp_product_i_130_n_4
    SLICE_X31Y100        CARRY8 (Prop_CARRY8_SLICEM_S[5]_CO[7])
                                                      0.238     1.244 r  bd_0_i/hls_inst/U0/grp_hls_filter_2d_Pipeline_VITIS_LOOP_50_1_fu_364/tmp_product_i_87/CO[7]
                         net (fo=1, routed)           0.030     1.274    bd_0_i/hls_inst/U0/grp_hls_filter_2d_Pipeline_VITIS_LOOP_50_1_fu_364/tmp_product_i_87_n_4
    SLICE_X31Y101        CARRY8 (Prop_CARRY8_SLICEM_CI_O[5])
                                                      0.161     1.435 r  bd_0_i/hls_inst/U0/grp_hls_filter_2d_Pipeline_VITIS_LOOP_50_1_fu_364/tmp_product_i_69/O[5]
                         net (fo=2, routed)           0.251     1.686    bd_0_i/hls_inst/U0/grp_hls_filter_2d_Pipeline_VITIS_LOOP_50_1_fu_364/tmp_product_i_69_n_14
    SLICE_X29Y101        LUT2 (Prop_F6LUT_SLICEM_I0_O)
                                                      0.186     1.872 r  bd_0_i/hls_inst/U0/grp_hls_filter_2d_Pipeline_VITIS_LOOP_50_1_fu_364/tmp_product_i_72/O
                         net (fo=1, routed)           0.029     1.901    bd_0_i/hls_inst/U0/grp_hls_filter_2d_Pipeline_VITIS_LOOP_50_1_fu_364/tmp_product_i_72_n_4
    SLICE_X29Y101        CARRY8 (Prop_CARRY8_SLICEM_S[5]_CO[7])
                                                      0.238     2.139 r  bd_0_i/hls_inst/U0/grp_hls_filter_2d_Pipeline_VITIS_LOOP_50_1_fu_364/tmp_product_i_41/CO[7]
                         net (fo=1, routed)           0.030     2.169    bd_0_i/hls_inst/U0/grp_hls_filter_2d_Pipeline_VITIS_LOOP_50_1_fu_364/tmp_product_i_41_n_4
    SLICE_X29Y102        CARRY8 (Prop_CARRY8_SLICEM_CI_O[1])
                                                      0.106     2.275 r  bd_0_i/hls_inst/U0/grp_hls_filter_2d_Pipeline_VITIS_LOOP_50_1_fu_364/tmp_product_i_31/O[1]
                         net (fo=1, routed)           0.417     2.692    bd_0_i/hls_inst/U0/grp_hls_filter_2d_Pipeline_VITIS_LOOP_50_1_fu_364/tmp_product_i_31_n_18
    SLICE_X28Y112        LUT2 (Prop_B6LUT_SLICEM_I1_O)
                                                      0.225     2.917 r  bd_0_i/hls_inst/U0/grp_hls_filter_2d_Pipeline_VITIS_LOOP_50_1_fu_364/tmp_product_i_7/O
                         net (fo=1, routed)           0.022     2.939    bd_0_i/hls_inst/U0/grp_hls_filter_2d_Pipeline_VITIS_LOOP_50_1_fu_364/tmp_product_i_7_n_4
    SLICE_X28Y112        CARRY8 (Prop_CARRY8_SLICEM_S[1]_O[4])
                                                      0.286     3.225 f  bd_0_i/hls_inst/U0/grp_hls_filter_2d_Pipeline_VITIS_LOOP_50_1_fu_364/tmp_product_i_1__5/O[4]
                         net (fo=10, routed)          0.571     3.796    bd_0_i/hls_inst/U0/grp_hls_filter_2d_Pipeline_VITIS_LOOP_50_1_fu_364/mul_21s_32s_52_1_1_U1/tmp_product/A[26]
    DSP48E2_X8Y44        DSP_A_B_DATA (Prop_DSP_A_B_DATA_DSP48E2_A[26]_A2_DATA[26])
                                                      0.258     4.054 r  bd_0_i/hls_inst/U0/grp_hls_filter_2d_Pipeline_VITIS_LOOP_50_1_fu_364/mul_21s_32s_52_1_1_U1/tmp_product/DSP_A_B_DATA_INST/A2_DATA[26]
                         net (fo=1, routed)           0.000     4.054    bd_0_i/hls_inst/U0/grp_hls_filter_2d_Pipeline_VITIS_LOOP_50_1_fu_364/mul_21s_32s_52_1_1_U1/tmp_product/DSP_A_B_DATA.A2_DATA<26>
    DSP48E2_X8Y44        DSP_PREADD_DATA (Prop_DSP_PREADD_DATA_DSP48E2_A2_DATA[26]_A2A1[26])
                                                      0.114     4.168 r  bd_0_i/hls_inst/U0/grp_hls_filter_2d_Pipeline_VITIS_LOOP_50_1_fu_364/mul_21s_32s_52_1_1_U1/tmp_product/DSP_PREADD_DATA_INST/A2A1[26]
                         net (fo=1, routed)           0.000     4.168    bd_0_i/hls_inst/U0/grp_hls_filter_2d_Pipeline_VITIS_LOOP_50_1_fu_364/mul_21s_32s_52_1_1_U1/tmp_product/DSP_PREADD_DATA.A2A1<26>
    DSP48E2_X8Y44        DSP_MULTIPLIER (Prop_DSP_MULTIPLIER_DSP48E2_A2A1[26]_U[43])
                                                      0.700     4.868 f  bd_0_i/hls_inst/U0/grp_hls_filter_2d_Pipeline_VITIS_LOOP_50_1_fu_364/mul_21s_32s_52_1_1_U1/tmp_product/DSP_MULTIPLIER_INST/U[43]
                         net (fo=1, routed)           0.000     4.868    bd_0_i/hls_inst/U0/grp_hls_filter_2d_Pipeline_VITIS_LOOP_50_1_fu_364/mul_21s_32s_52_1_1_U1/tmp_product/DSP_MULTIPLIER.U<43>
    DSP48E2_X8Y44        DSP_M_DATA (Prop_DSP_M_DATA_DSP48E2_U[43]_U_DATA[43])
                                                      0.067     4.935 r  bd_0_i/hls_inst/U0/grp_hls_filter_2d_Pipeline_VITIS_LOOP_50_1_fu_364/mul_21s_32s_52_1_1_U1/tmp_product/DSP_M_DATA_INST/U_DATA[43]
                         net (fo=1, routed)           0.000     4.935    bd_0_i/hls_inst/U0/grp_hls_filter_2d_Pipeline_VITIS_LOOP_50_1_fu_364/mul_21s_32s_52_1_1_U1/tmp_product/DSP_M_DATA.U_DATA<43>
    DSP48E2_X8Y44        DSP_ALU (Prop_DSP_ALU_DSP48E2_U_DATA[43]_ALU_OUT[47])
                                                      0.727     5.662 f  bd_0_i/hls_inst/U0/grp_hls_filter_2d_Pipeline_VITIS_LOOP_50_1_fu_364/mul_21s_32s_52_1_1_U1/tmp_product/DSP_ALU_INST/ALU_OUT[47]
                         net (fo=1, routed)           0.000     5.662    bd_0_i/hls_inst/U0/grp_hls_filter_2d_Pipeline_VITIS_LOOP_50_1_fu_364/mul_21s_32s_52_1_1_U1/tmp_product/DSP_ALU.ALU_OUT<47>
    DSP48E2_X8Y44        DSP_OUTPUT (Prop_DSP_OUTPUT_DSP48E2_ALU_OUT[47]_PCOUT[47])
                                                      0.167     5.829 r  bd_0_i/hls_inst/U0/grp_hls_filter_2d_Pipeline_VITIS_LOOP_50_1_fu_364/mul_21s_32s_52_1_1_U1/tmp_product/DSP_OUTPUT_INST/PCOUT[47]
                         net (fo=1, routed)           0.014     5.843    bd_0_i/hls_inst/U0/grp_hls_filter_2d_Pipeline_VITIS_LOOP_50_1_fu_364/mul_ln121_reg_2916_reg/PCIN[47]
    DSP48E2_X8Y45        DSP_ALU (Prop_DSP_ALU_DSP48E2_PCIN[47]_ALU_OUT[16])
                                                      0.739     6.582 r  bd_0_i/hls_inst/U0/grp_hls_filter_2d_Pipeline_VITIS_LOOP_50_1_fu_364/mul_ln121_reg_2916_reg/DSP_ALU_INST/ALU_OUT[16]
                         net (fo=1, routed)           0.000     6.582    bd_0_i/hls_inst/U0/grp_hls_filter_2d_Pipeline_VITIS_LOOP_50_1_fu_364/mul_ln121_reg_2916_reg/DSP_ALU.ALU_OUT<16>
    DSP48E2_X8Y45        DSP_OUTPUT                                   r  bd_0_i/hls_inst/U0/grp_hls_filter_2d_Pipeline_VITIS_LOOP_50_1_fu_364/mul_ln121_reg_2916_reg/DSP_OUTPUT_INST/ALU_OUT[16]
  -------------------------------------------------------------------    -------------------

                         (clock ap_clk rise edge)    10.000    10.000 r  
                                                      0.000    10.000 r  ap_clk (IN)
                         net (fo=1441, unset)         0.055    10.055    bd_0_i/hls_inst/U0/grp_hls_filter_2d_Pipeline_VITIS_LOOP_50_1_fu_364/mul_ln121_reg_2916_reg/CLK
    DSP48E2_X8Y45        DSP_OUTPUT                                   r  bd_0_i/hls_inst/U0/grp_hls_filter_2d_Pipeline_VITIS_LOOP_50_1_fu_364/mul_ln121_reg_2916_reg/DSP_OUTPUT_INST/CLK
                         clock pessimism              0.000    10.055    
                         clock uncertainty           -0.035    10.020    
    DSP48E2_X8Y45        DSP_OUTPUT (Setup_DSP_OUTPUT_DSP48E2_CLK_ALU_OUT[16])
                                                      0.014    10.034    bd_0_i/hls_inst/U0/grp_hls_filter_2d_Pipeline_VITIS_LOOP_50_1_fu_364/mul_ln121_reg_2916_reg/DSP_OUTPUT_INST
  -------------------------------------------------------------------
                         required time                         10.034    
                         arrival time                          -6.582    
  -------------------------------------------------------------------
                         slack                                  3.452    

Slack (MET) :             3.452ns  (required time - arrival time)
  Source:                 bd_0_i/hls_inst/U0/grp_hls_filter_2d_Pipeline_VITIS_LOOP_50_1_fu_364/mac_muladd_8ns_8s_17s_18_4_1_U21/hls_filter_2d_mac_muladd_8ns_8s_17s_18_4_1_DSP48_0_U/p_reg_reg/DSP_OUTPUT_INST/CLK
                            (rising edge-triggered cell DSP_OUTPUT clocked by ap_clk  {rise@0.000ns fall@5.000ns period=10.000ns})
  Destination:            bd_0_i/hls_inst/U0/grp_hls_filter_2d_Pipeline_VITIS_LOOP_50_1_fu_364/mul_ln121_reg_2916_reg/DSP_OUTPUT_INST/ALU_OUT[17]
                            (rising edge-triggered cell DSP_OUTPUT clocked by ap_clk  {rise@0.000ns fall@5.000ns period=10.000ns})
  Path Group:             ap_clk
  Path Type:              Setup (Max at Slow Process Corner)
  Requirement:            10.000ns  (ap_clk rise@10.000ns - ap_clk rise@0.000ns)
  Data Path Delay:        6.505ns  (logic 4.711ns (72.422%)  route 1.794ns (27.578%))
  Logic Levels:           15  (CARRY8=5 DSP_A_B_DATA=1 DSP_ALU=2 DSP_M_DATA=1 DSP_MULTIPLIER=1 DSP_OUTPUT=1 DSP_PREADD_DATA=1 LUT2=3)
  Clock Path Skew:        -0.022ns (DCD - SCD + CPR)
    Destination Clock Delay (DCD):    0.055ns = ( 10.055 - 10.000 ) 
    Source Clock Delay      (SCD):    0.077ns
    Clock Pessimism Removal (CPR):    0.000ns
  Clock Uncertainty:      0.035ns  ((TSJ^2 + TIJ^2)^1/2 + DJ) / 2 + PE
    Total System Jitter     (TSJ):    0.071ns
    Total Input Jitter      (TIJ):    0.000ns
    Discrete Jitter          (DJ):    0.000ns
    Phase Error              (PE):    0.000ns

    Location             Delay type                Incr(ns)  Path(ns)    Netlist Resource(s)
  -------------------------------------------------------------------    -------------------
                         (clock ap_clk rise edge)     0.000     0.000 r  
                                                      0.000     0.000 r  ap_clk (IN)
                         net (fo=1441, unset)         0.077     0.077    bd_0_i/hls_inst/U0/grp_hls_filter_2d_Pipeline_VITIS_LOOP_50_1_fu_364/mac_muladd_8ns_8s_17s_18_4_1_U21/hls_filter_2d_mac_muladd_8ns_8s_17s_18_4_1_DSP48_0_U/p_reg_reg/CLK
    DSP48E2_X9Y40        DSP_OUTPUT                                   r  bd_0_i/hls_inst/U0/grp_hls_filter_2d_Pipeline_VITIS_LOOP_50_1_fu_364/mac_muladd_8ns_8s_17s_18_4_1_U21/hls_filter_2d_mac_muladd_8ns_8s_17s_18_4_1_DSP48_0_U/p_reg_reg/DSP_OUTPUT_INST/CLK
  -------------------------------------------------------------------    -------------------
    DSP48E2_X9Y40        DSP_OUTPUT (Prop_DSP_OUTPUT_DSP48E2_CLK_P[5])
                                                      0.275     0.352 r  bd_0_i/hls_inst/U0/grp_hls_filter_2d_Pipeline_VITIS_LOOP_50_1_fu_364/mac_muladd_8ns_8s_17s_18_4_1_U21/hls_filter_2d_mac_muladd_8ns_8s_17s_18_4_1_DSP48_0_U/p_reg_reg/DSP_OUTPUT_INST/P[5]
                         net (fo=2, routed)           0.401     0.753    bd_0_i/hls_inst/U0/grp_hls_filter_2d_Pipeline_VITIS_LOOP_50_1_fu_364/mac_muladd_8ns_8s_17s_18_4_1_U21_n_16
    SLICE_X31Y100        LUT2 (Prop_F6LUT_SLICEM_I0_O)
                                                      0.224     0.977 r  bd_0_i/hls_inst/U0/grp_hls_filter_2d_Pipeline_VITIS_LOOP_50_1_fu_364/tmp_product_i_130/O
                         net (fo=1, routed)           0.029     1.006    bd_0_i/hls_inst/U0/grp_hls_filter_2d_Pipeline_VITIS_LOOP_50_1_fu_364/tmp_product_i_130_n_4
    SLICE_X31Y100        CARRY8 (Prop_CARRY8_SLICEM_S[5]_CO[7])
                                                      0.238     1.244 r  bd_0_i/hls_inst/U0/grp_hls_filter_2d_Pipeline_VITIS_LOOP_50_1_fu_364/tmp_product_i_87/CO[7]
                         net (fo=1, routed)           0.030     1.274    bd_0_i/hls_inst/U0/grp_hls_filter_2d_Pipeline_VITIS_LOOP_50_1_fu_364/tmp_product_i_87_n_4
    SLICE_X31Y101        CARRY8 (Prop_CARRY8_SLICEM_CI_O[5])
                                                      0.161     1.435 r  bd_0_i/hls_inst/U0/grp_hls_filter_2d_Pipeline_VITIS_LOOP_50_1_fu_364/tmp_product_i_69/O[5]
                         net (fo=2, routed)           0.251     1.686    bd_0_i/hls_inst/U0/grp_hls_filter_2d_Pipeline_VITIS_LOOP_50_1_fu_364/tmp_product_i_69_n_14
    SLICE_X29Y101        LUT2 (Prop_F6LUT_SLICEM_I0_O)
                                                      0.186     1.872 r  bd_0_i/hls_inst/U0/grp_hls_filter_2d_Pipeline_VITIS_LOOP_50_1_fu_364/tmp_product_i_72/O
                         net (fo=1, routed)           0.029     1.901    bd_0_i/hls_inst/U0/grp_hls_filter_2d_Pipeline_VITIS_LOOP_50_1_fu_364/tmp_product_i_72_n_4
    SLICE_X29Y101        CARRY8 (Prop_CARRY8_SLICEM_S[5]_CO[7])
                                                      0.238     2.139 r  bd_0_i/hls_inst/U0/grp_hls_filter_2d_Pipeline_VITIS_LOOP_50_1_fu_364/tmp_product_i_41/CO[7]
                         net (fo=1, routed)           0.030     2.169    bd_0_i/hls_inst/U0/grp_hls_filter_2d_Pipeline_VITIS_LOOP_50_1_fu_364/tmp_product_i_41_n_4
    SLICE_X29Y102        CARRY8 (Prop_CARRY8_SLICEM_CI_O[1])
                                                      0.106     2.275 r  bd_0_i/hls_inst/U0/grp_hls_filter_2d_Pipeline_VITIS_LOOP_50_1_fu_364/tmp_product_i_31/O[1]
                         net (fo=1, routed)           0.417     2.692    bd_0_i/hls_inst/U0/grp_hls_filter_2d_Pipeline_VITIS_LOOP_50_1_fu_364/tmp_product_i_31_n_18
    SLICE_X28Y112        LUT2 (Prop_B6LUT_SLICEM_I1_O)
                                                      0.225     2.917 r  bd_0_i/hls_inst/U0/grp_hls_filter_2d_Pipeline_VITIS_LOOP_50_1_fu_364/tmp_product_i_7/O
                         net (fo=1, routed)           0.022     2.939    bd_0_i/hls_inst/U0/grp_hls_filter_2d_Pipeline_VITIS_LOOP_50_1_fu_364/tmp_product_i_7_n_4
    SLICE_X28Y112        CARRY8 (Prop_CARRY8_SLICEM_S[1]_O[4])
                                                      0.286     3.225 f  bd_0_i/hls_inst/U0/grp_hls_filter_2d_Pipeline_VITIS_LOOP_50_1_fu_364/tmp_product_i_1__5/O[4]
                         net (fo=10, routed)          0.571     3.796    bd_0_i/hls_inst/U0/grp_hls_filter_2d_Pipeline_VITIS_LOOP_50_1_fu_364/mul_21s_32s_52_1_1_U1/tmp_product/A[26]
    DSP48E2_X8Y44        DSP_A_B_DATA (Prop_DSP_A_B_DATA_DSP48E2_A[26]_A2_DATA[26])
                                                      0.258     4.054 r  bd_0_i/hls_inst/U0/grp_hls_filter_2d_Pipeline_VITIS_LOOP_50_1_fu_364/mul_21s_32s_52_1_1_U1/tmp_product/DSP_A_B_DATA_INST/A2_DATA[26]
                         net (fo=1, routed)           0.000     4.054    bd_0_i/hls_inst/U0/grp_hls_filter_2d_Pipeline_VITIS_LOOP_50_1_fu_364/mul_21s_32s_52_1_1_U1/tmp_product/DSP_A_B_DATA.A2_DATA<26>
    DSP48E2_X8Y44        DSP_PREADD_DATA (Prop_DSP_PREADD_DATA_DSP48E2_A2_DATA[26]_A2A1[26])
                                                      0.114     4.168 r  bd_0_i/hls_inst/U0/grp_hls_filter_2d_Pipeline_VITIS_LOOP_50_1_fu_364/mul_21s_32s_52_1_1_U1/tmp_product/DSP_PREADD_DATA_INST/A2A1[26]
                         net (fo=1, routed)           0.000     4.168    bd_0_i/hls_inst/U0/grp_hls_filter_2d_Pipeline_VITIS_LOOP_50_1_fu_364/mul_21s_32s_52_1_1_U1/tmp_product/DSP_PREADD_DATA.A2A1<26>
    DSP48E2_X8Y44        DSP_MULTIPLIER (Prop_DSP_MULTIPLIER_DSP48E2_A2A1[26]_U[43])
                                                      0.700     4.868 f  bd_0_i/hls_inst/U0/grp_hls_filter_2d_Pipeline_VITIS_LOOP_50_1_fu_364/mul_21s_32s_52_1_1_U1/tmp_product/DSP_MULTIPLIER_INST/U[43]
                         net (fo=1, routed)           0.000     4.868    bd_0_i/hls_inst/U0/grp_hls_filter_2d_Pipeline_VITIS_LOOP_50_1_fu_364/mul_21s_32s_52_1_1_U1/tmp_product/DSP_MULTIPLIER.U<43>
    DSP48E2_X8Y44        DSP_M_DATA (Prop_DSP_M_DATA_DSP48E2_U[43]_U_DATA[43])
                                                      0.067     4.935 r  bd_0_i/hls_inst/U0/grp_hls_filter_2d_Pipeline_VITIS_LOOP_50_1_fu_364/mul_21s_32s_52_1_1_U1/tmp_product/DSP_M_DATA_INST/U_DATA[43]
                         net (fo=1, routed)           0.000     4.935    bd_0_i/hls_inst/U0/grp_hls_filter_2d_Pipeline_VITIS_LOOP_50_1_fu_364/mul_21s_32s_52_1_1_U1/tmp_product/DSP_M_DATA.U_DATA<43>
    DSP48E2_X8Y44        DSP_ALU (Prop_DSP_ALU_DSP48E2_U_DATA[43]_ALU_OUT[47])
                                                      0.727     5.662 f  bd_0_i/hls_inst/U0/grp_hls_filter_2d_Pipeline_VITIS_LOOP_50_1_fu_364/mul_21s_32s_52_1_1_U1/tmp_product/DSP_ALU_INST/ALU_OUT[47]
                         net (fo=1, routed)           0.000     5.662    bd_0_i/hls_inst/U0/grp_hls_filter_2d_Pipeline_VITIS_LOOP_50_1_fu_364/mul_21s_32s_52_1_1_U1/tmp_product/DSP_ALU.ALU_OUT<47>
    DSP48E2_X8Y44        DSP_OUTPUT (Prop_DSP_OUTPUT_DSP48E2_ALU_OUT[47]_PCOUT[47])
                                                      0.167     5.829 r  bd_0_i/hls_inst/U0/grp_hls_filter_2d_Pipeline_VITIS_LOOP_50_1_fu_364/mul_21s_32s_52_1_1_U1/tmp_product/DSP_OUTPUT_INST/PCOUT[47]
                         net (fo=1, routed)           0.014     5.843    bd_0_i/hls_inst/U0/grp_hls_filter_2d_Pipeline_VITIS_LOOP_50_1_fu_364/mul_ln121_reg_2916_reg/PCIN[47]
    DSP48E2_X8Y45        DSP_ALU (Prop_DSP_ALU_DSP48E2_PCIN[47]_ALU_OUT[17])
                                                      0.739     6.582 r  bd_0_i/hls_inst/U0/grp_hls_filter_2d_Pipeline_VITIS_LOOP_50_1_fu_364/mul_ln121_reg_2916_reg/DSP_ALU_INST/ALU_OUT[17]
                         net (fo=1, routed)           0.000     6.582    bd_0_i/hls_inst/U0/grp_hls_filter_2d_Pipeline_VITIS_LOOP_50_1_fu_364/mul_ln121_reg_2916_reg/DSP_ALU.ALU_OUT<17>
    DSP48E2_X8Y45        DSP_OUTPUT                                   r  bd_0_i/hls_inst/U0/grp_hls_filter_2d_Pipeline_VITIS_LOOP_50_1_fu_364/mul_ln121_reg_2916_reg/DSP_OUTPUT_INST/ALU_OUT[17]
  -------------------------------------------------------------------    -------------------

                         (clock ap_clk rise edge)    10.000    10.000 r  
                                                      0.000    10.000 r  ap_clk (IN)
                         net (fo=1441, unset)         0.055    10.055    bd_0_i/hls_inst/U0/grp_hls_filter_2d_Pipeline_VITIS_LOOP_50_1_fu_364/mul_ln121_reg_2916_reg/CLK
    DSP48E2_X8Y45        DSP_OUTPUT                                   r  bd_0_i/hls_inst/U0/grp_hls_filter_2d_Pipeline_VITIS_LOOP_50_1_fu_364/mul_ln121_reg_2916_reg/DSP_OUTPUT_INST/CLK
                         clock pessimism              0.000    10.055    
                         clock uncertainty           -0.035    10.020    
    DSP48E2_X8Y45        DSP_OUTPUT (Setup_DSP_OUTPUT_DSP48E2_CLK_ALU_OUT[17])
                                                      0.014    10.034    bd_0_i/hls_inst/U0/grp_hls_filter_2d_Pipeline_VITIS_LOOP_50_1_fu_364/mul_ln121_reg_2916_reg/DSP_OUTPUT_INST
  -------------------------------------------------------------------
                         required time                         10.034    
                         arrival time                          -6.582    
  -------------------------------------------------------------------
                         slack                                  3.452    

Slack (MET) :             3.452ns  (required time - arrival time)
  Source:                 bd_0_i/hls_inst/U0/grp_hls_filter_2d_Pipeline_VITIS_LOOP_50_1_fu_364/mac_muladd_8ns_8s_17s_18_4_1_U21/hls_filter_2d_mac_muladd_8ns_8s_17s_18_4_1_DSP48_0_U/p_reg_reg/DSP_OUTPUT_INST/CLK
                            (rising edge-triggered cell DSP_OUTPUT clocked by ap_clk  {rise@0.000ns fall@5.000ns period=10.000ns})
  Destination:            bd_0_i/hls_inst/U0/grp_hls_filter_2d_Pipeline_VITIS_LOOP_50_1_fu_364/mul_ln121_reg_2916_reg/DSP_OUTPUT_INST/ALU_OUT[18]
                            (rising edge-triggered cell DSP_OUTPUT clocked by ap_clk  {rise@0.000ns fall@5.000ns period=10.000ns})
  Path Group:             ap_clk
  Path Type:              Setup (Max at Slow Process Corner)
  Requirement:            10.000ns  (ap_clk rise@10.000ns - ap_clk rise@0.000ns)
  Data Path Delay:        6.505ns  (logic 4.711ns (72.422%)  route 1.794ns (27.578%))
  Logic Levels:           15  (CARRY8=5 DSP_A_B_DATA=1 DSP_ALU=2 DSP_M_DATA=1 DSP_MULTIPLIER=1 DSP_OUTPUT=1 DSP_PREADD_DATA=1 LUT2=3)
  Clock Path Skew:        -0.022ns (DCD - SCD + CPR)
    Destination Clock Delay (DCD):    0.055ns = ( 10.055 - 10.000 ) 
    Source Clock Delay      (SCD):    0.077ns
    Clock Pessimism Removal (CPR):    0.000ns
  Clock Uncertainty:      0.035ns  ((TSJ^2 + TIJ^2)^1/2 + DJ) / 2 + PE
    Total System Jitter     (TSJ):    0.071ns
    Total Input Jitter      (TIJ):    0.000ns
    Discrete Jitter          (DJ):    0.000ns
    Phase Error              (PE):    0.000ns

    Location             Delay type                Incr(ns)  Path(ns)    Netlist Resource(s)
  -------------------------------------------------------------------    -------------------
                         (clock ap_clk rise edge)     0.000     0.000 r  
                                                      0.000     0.000 r  ap_clk (IN)
                         net (fo=1441, unset)         0.077     0.077    bd_0_i/hls_inst/U0/grp_hls_filter_2d_Pipeline_VITIS_LOOP_50_1_fu_364/mac_muladd_8ns_8s_17s_18_4_1_U21/hls_filter_2d_mac_muladd_8ns_8s_17s_18_4_1_DSP48_0_U/p_reg_reg/CLK
    DSP48E2_X9Y40        DSP_OUTPUT                                   r  bd_0_i/hls_inst/U0/grp_hls_filter_2d_Pipeline_VITIS_LOOP_50_1_fu_364/mac_muladd_8ns_8s_17s_18_4_1_U21/hls_filter_2d_mac_muladd_8ns_8s_17s_18_4_1_DSP48_0_U/p_reg_reg/DSP_OUTPUT_INST/CLK
  -------------------------------------------------------------------    -------------------
    DSP48E2_X9Y40        DSP_OUTPUT (Prop_DSP_OUTPUT_DSP48E2_CLK_P[5])
                                                      0.275     0.352 r  bd_0_i/hls_inst/U0/grp_hls_filter_2d_Pipeline_VITIS_LOOP_50_1_fu_364/mac_muladd_8ns_8s_17s_18_4_1_U21/hls_filter_2d_mac_muladd_8ns_8s_17s_18_4_1_DSP48_0_U/p_reg_reg/DSP_OUTPUT_INST/P[5]
                         net (fo=2, routed)           0.401     0.753    bd_0_i/hls_inst/U0/grp_hls_filter_2d_Pipeline_VITIS_LOOP_50_1_fu_364/mac_muladd_8ns_8s_17s_18_4_1_U21_n_16
    SLICE_X31Y100        LUT2 (Prop_F6LUT_SLICEM_I0_O)
                                                      0.224     0.977 r  bd_0_i/hls_inst/U0/grp_hls_filter_2d_Pipeline_VITIS_LOOP_50_1_fu_364/tmp_product_i_130/O
                         net (fo=1, routed)           0.029     1.006    bd_0_i/hls_inst/U0/grp_hls_filter_2d_Pipeline_VITIS_LOOP_50_1_fu_364/tmp_product_i_130_n_4
    SLICE_X31Y100        CARRY8 (Prop_CARRY8_SLICEM_S[5]_CO[7])
                                                      0.238     1.244 r  bd_0_i/hls_inst/U0/grp_hls_filter_2d_Pipeline_VITIS_LOOP_50_1_fu_364/tmp_product_i_87/CO[7]
                         net (fo=1, routed)           0.030     1.274    bd_0_i/hls_inst/U0/grp_hls_filter_2d_Pipeline_VITIS_LOOP_50_1_fu_364/tmp_product_i_87_n_4
    SLICE_X31Y101        CARRY8 (Prop_CARRY8_SLICEM_CI_O[5])
                                                      0.161     1.435 r  bd_0_i/hls_inst/U0/grp_hls_filter_2d_Pipeline_VITIS_LOOP_50_1_fu_364/tmp_product_i_69/O[5]
                         net (fo=2, routed)           0.251     1.686    bd_0_i/hls_inst/U0/grp_hls_filter_2d_Pipeline_VITIS_LOOP_50_1_fu_364/tmp_product_i_69_n_14
    SLICE_X29Y101        LUT2 (Prop_F6LUT_SLICEM_I0_O)
                                                      0.186     1.872 r  bd_0_i/hls_inst/U0/grp_hls_filter_2d_Pipeline_VITIS_LOOP_50_1_fu_364/tmp_product_i_72/O
                         net (fo=1, routed)           0.029     1.901    bd_0_i/hls_inst/U0/grp_hls_filter_2d_Pipeline_VITIS_LOOP_50_1_fu_364/tmp_product_i_72_n_4
    SLICE_X29Y101        CARRY8 (Prop_CARRY8_SLICEM_S[5]_CO[7])
                                                      0.238     2.139 r  bd_0_i/hls_inst/U0/grp_hls_filter_2d_Pipeline_VITIS_LOOP_50_1_fu_364/tmp_product_i_41/CO[7]
                         net (fo=1, routed)           0.030     2.169    bd_0_i/hls_inst/U0/grp_hls_filter_2d_Pipeline_VITIS_LOOP_50_1_fu_364/tmp_product_i_41_n_4
    SLICE_X29Y102        CARRY8 (Prop_CARRY8_SLICEM_CI_O[1])
                                                      0.106     2.275 r  bd_0_i/hls_inst/U0/grp_hls_filter_2d_Pipeline_VITIS_LOOP_50_1_fu_364/tmp_product_i_31/O[1]
                         net (fo=1, routed)           0.417     2.692    bd_0_i/hls_inst/U0/grp_hls_filter_2d_Pipeline_VITIS_LOOP_50_1_fu_364/tmp_product_i_31_n_18
    SLICE_X28Y112        LUT2 (Prop_B6LUT_SLICEM_I1_O)
                                                      0.225     2.917 r  bd_0_i/hls_inst/U0/grp_hls_filter_2d_Pipeline_VITIS_LOOP_50_1_fu_364/tmp_product_i_7/O
                         net (fo=1, routed)           0.022     2.939    bd_0_i/hls_inst/U0/grp_hls_filter_2d_Pipeline_VITIS_LOOP_50_1_fu_364/tmp_product_i_7_n_4
    SLICE_X28Y112        CARRY8 (Prop_CARRY8_SLICEM_S[1]_O[4])
                                                      0.286     3.225 f  bd_0_i/hls_inst/U0/grp_hls_filter_2d_Pipeline_VITIS_LOOP_50_1_fu_364/tmp_product_i_1__5/O[4]
                         net (fo=10, routed)          0.571     3.796    bd_0_i/hls_inst/U0/grp_hls_filter_2d_Pipeline_VITIS_LOOP_50_1_fu_364/mul_21s_32s_52_1_1_U1/tmp_product/A[26]
    DSP48E2_X8Y44        DSP_A_B_DATA (Prop_DSP_A_B_DATA_DSP48E2_A[26]_A2_DATA[26])
                                                      0.258     4.054 r  bd_0_i/hls_inst/U0/grp_hls_filter_2d_Pipeline_VITIS_LOOP_50_1_fu_364/mul_21s_32s_52_1_1_U1/tmp_product/DSP_A_B_DATA_INST/A2_DATA[26]
                         net (fo=1, routed)           0.000     4.054    bd_0_i/hls_inst/U0/grp_hls_filter_2d_Pipeline_VITIS_LOOP_50_1_fu_364/mul_21s_32s_52_1_1_U1/tmp_product/DSP_A_B_DATA.A2_DATA<26>
    DSP48E2_X8Y44        DSP_PREADD_DATA (Prop_DSP_PREADD_DATA_DSP48E2_A2_DATA[26]_A2A1[26])
                                                      0.114     4.168 r  bd_0_i/hls_inst/U0/grp_hls_filter_2d_Pipeline_VITIS_LOOP_50_1_fu_364/mul_21s_32s_52_1_1_U1/tmp_product/DSP_PREADD_DATA_INST/A2A1[26]
                         net (fo=1, routed)           0.000     4.168    bd_0_i/hls_inst/U0/grp_hls_filter_2d_Pipeline_VITIS_LOOP_50_1_fu_364/mul_21s_32s_52_1_1_U1/tmp_product/DSP_PREADD_DATA.A2A1<26>
    DSP48E2_X8Y44        DSP_MULTIPLIER (Prop_DSP_MULTIPLIER_DSP48E2_A2A1[26]_U[43])
                                                      0.700     4.868 f  bd_0_i/hls_inst/U0/grp_hls_filter_2d_Pipeline_VITIS_LOOP_50_1_fu_364/mul_21s_32s_52_1_1_U1/tmp_product/DSP_MULTIPLIER_INST/U[43]
                         net (fo=1, routed)           0.000     4.868    bd_0_i/hls_inst/U0/grp_hls_filter_2d_Pipeline_VITIS_LOOP_50_1_fu_364/mul_21s_32s_52_1_1_U1/tmp_product/DSP_MULTIPLIER.U<43>
    DSP48E2_X8Y44        DSP_M_DATA (Prop_DSP_M_DATA_DSP48E2_U[43]_U_DATA[43])
                                                      0.067     4.935 r  bd_0_i/hls_inst/U0/grp_hls_filter_2d_Pipeline_VITIS_LOOP_50_1_fu_364/mul_21s_32s_52_1_1_U1/tmp_product/DSP_M_DATA_INST/U_DATA[43]
                         net (fo=1, routed)           0.000     4.935    bd_0_i/hls_inst/U0/grp_hls_filter_2d_Pipeline_VITIS_LOOP_50_1_fu_364/mul_21s_32s_52_1_1_U1/tmp_product/DSP_M_DATA.U_DATA<43>
    DSP48E2_X8Y44        DSP_ALU (Prop_DSP_ALU_DSP48E2_U_DATA[43]_ALU_OUT[47])
                                                      0.727     5.662 f  bd_0_i/hls_inst/U0/grp_hls_filter_2d_Pipeline_VITIS_LOOP_50_1_fu_364/mul_21s_32s_52_1_1_U1/tmp_product/DSP_ALU_INST/ALU_OUT[47]
                         net (fo=1, routed)           0.000     5.662    bd_0_i/hls_inst/U0/grp_hls_filter_2d_Pipeline_VITIS_LOOP_50_1_fu_364/mul_21s_32s_52_1_1_U1/tmp_product/DSP_ALU.ALU_OUT<47>
    DSP48E2_X8Y44        DSP_OUTPUT (Prop_DSP_OUTPUT_DSP48E2_ALU_OUT[47]_PCOUT[47])
                                                      0.167     5.829 r  bd_0_i/hls_inst/U0/grp_hls_filter_2d_Pipeline_VITIS_LOOP_50_1_fu_364/mul_21s_32s_52_1_1_U1/tmp_product/DSP_OUTPUT_INST/PCOUT[47]
                         net (fo=1, routed)           0.014     5.843    bd_0_i/hls_inst/U0/grp_hls_filter_2d_Pipeline_VITIS_LOOP_50_1_fu_364/mul_ln121_reg_2916_reg/PCIN[47]
    DSP48E2_X8Y45        DSP_ALU (Prop_DSP_ALU_DSP48E2_PCIN[47]_ALU_OUT[18])
                                                      0.739     6.582 r  bd_0_i/hls_inst/U0/grp_hls_filter_2d_Pipeline_VITIS_LOOP_50_1_fu_364/mul_ln121_reg_2916_reg/DSP_ALU_INST/ALU_OUT[18]
                         net (fo=1, routed)           0.000     6.582    bd_0_i/hls_inst/U0/grp_hls_filter_2d_Pipeline_VITIS_LOOP_50_1_fu_364/mul_ln121_reg_2916_reg/DSP_ALU.ALU_OUT<18>
    DSP48E2_X8Y45        DSP_OUTPUT                                   r  bd_0_i/hls_inst/U0/grp_hls_filter_2d_Pipeline_VITIS_LOOP_50_1_fu_364/mul_ln121_reg_2916_reg/DSP_OUTPUT_INST/ALU_OUT[18]
  -------------------------------------------------------------------    -------------------

                         (clock ap_clk rise edge)    10.000    10.000 r  
                                                      0.000    10.000 r  ap_clk (IN)
                         net (fo=1441, unset)         0.055    10.055    bd_0_i/hls_inst/U0/grp_hls_filter_2d_Pipeline_VITIS_LOOP_50_1_fu_364/mul_ln121_reg_2916_reg/CLK
    DSP48E2_X8Y45        DSP_OUTPUT                                   r  bd_0_i/hls_inst/U0/grp_hls_filter_2d_Pipeline_VITIS_LOOP_50_1_fu_364/mul_ln121_reg_2916_reg/DSP_OUTPUT_INST/CLK
                         clock pessimism              0.000    10.055    
                         clock uncertainty           -0.035    10.020    
    DSP48E2_X8Y45        DSP_OUTPUT (Setup_DSP_OUTPUT_DSP48E2_CLK_ALU_OUT[18])
                                                      0.014    10.034    bd_0_i/hls_inst/U0/grp_hls_filter_2d_Pipeline_VITIS_LOOP_50_1_fu_364/mul_ln121_reg_2916_reg/DSP_OUTPUT_INST
  -------------------------------------------------------------------
                         required time                         10.034    
                         arrival time                          -6.582    
  -------------------------------------------------------------------
                         slack                                  3.452    




