Copyright 1986-2022 Xilinx, Inc. All Rights Reserved. Copyright 2022-2024 Advanced Micro Devices, Inc. All Rights Reserved.
--------------------------------------------------------------------------------------------------------------------------------------------------------------------------------------------------------------------------------------------------
| Tool Version      : Vivado v.2024.2 (win64) Build 5239630 Fri Nov 08 22:35:27 MST 2024
| Date              : Mon Jan 13 17:36:57 2025
| Host              : NORMANDI running 64-bit major release  (build 9200)
| Command           : report_timing_summary -max_paths 10 -report_unconstrained -file design_1_wrapper_timing_summary_routed.rpt -pb design_1_wrapper_timing_summary_routed.pb -rpx design_1_wrapper_timing_summary_routed.rpx -warn_on_violation
| Design            : design_1_wrapper
| Device            : xczu7ev-ffvc1156
| Speed File        : -2  PRODUCTION 1.30 05-15-2022
| Design State      : Routed
| Temperature Grade : E
--------------------------------------------------------------------------------------------------------------------------------------------------------------------------------------------------------------------------------------------------

Timing Summary Report

------------------------------------------------------------------------------------------------
| Timer Settings
| --------------
------------------------------------------------------------------------------------------------

  Enable Multi Corner Analysis               :  Yes
  Enable Pessimism Removal                   :  Yes
  Pessimism Removal Resolution               :  Nearest Common Node
  Enable Input Delay Default Clock           :  No
  Enable Preset / Clear Arcs                 :  No
  Disable Flight Delays                      :  No
  Ignore I/O Paths                           :  No
  Timing Early Launch at Borrowing Latches   :  No
  Borrow Time for Max Delay Exceptions       :  Yes
  Merge Timing Exceptions                    :  Yes
  Inter-SLR Compensation                     :  Conservative

  Corner  Analyze    Analyze    
  Name    Max Paths  Min Paths  
  ------  ---------  ---------  
  Slow    Yes        Yes        
  Fast    Yes        Yes        


------------------------------------------------------------------------------------------------
| Report Methodology
| ------------------
------------------------------------------------------------------------------------------------

No report available as report_methodology has not been run prior. Run report_methodology on the current design for the summary of methodology violations.



check_timing report

Table of Contents
-----------------
1. checking no_clock (0)
2. checking constant_clock (0)
3. checking pulse_width_clock (0)
4. checking unconstrained_internal_endpoints (0)
5. checking no_input_delay (0)
6. checking no_output_delay (0)
7. checking multiple_clock (0)
8. checking generated_clocks (0)
9. checking loops (0)
10. checking partial_input_delay (0)
11. checking partial_output_delay (0)
12. checking latch_loops (0)

1. checking no_clock (0)
------------------------
 There are 0 register/latch pins with no clock.


2. checking constant_clock (0)
------------------------------
 There are 0 register/latch pins with constant_clock.


3. checking pulse_width_clock (0)
---------------------------------
 There are 0 register/latch pins which need pulse_width check


4. checking unconstrained_internal_endpoints (0)
------------------------------------------------
 There are 0 pins that are not constrained for maximum delay.

 There are 0 pins that are not constrained for maximum delay due to constant clock.


5. checking no_input_delay (0)
------------------------------
 There are 0 input ports with no input delay specified.

 There are 0 input ports with no input delay but user has a false path constraint.


6. checking no_output_delay (0)
-------------------------------
 There are 0 ports with no output delay specified.

 There are 0 ports with no output delay but user has a false path constraint

 There are 0 ports with no output delay but with a timing clock defined on it or propagating through it


7. checking multiple_clock (0)
------------------------------
 There are 0 register/latch pins with multiple clocks.


8. checking generated_clocks (0)
--------------------------------
 There are 0 generated clocks that are not connected to a clock source.


9. checking loops (0)
---------------------
 There are 0 combinational loops in the design.


10. checking partial_input_delay (0)
------------------------------------
 There are 0 input ports with partial input delay specified.


11. checking partial_output_delay (0)
-------------------------------------
 There are 0 ports with partial output delay specified.


12. checking latch_loops (0)
----------------------------
 There are 0 combinational latch loops in the design through latch input



------------------------------------------------------------------------------------------------
| Design Timing Summary
| ---------------------
------------------------------------------------------------------------------------------------

    WNS(ns)      TNS(ns)  TNS Failing Endpoints  TNS Total Endpoints      WHS(ns)      THS(ns)  THS Failing Endpoints  THS Total Endpoints     WPWS(ns)     TPWS(ns)  TPWS Failing Endpoints  TPWS Total Endpoints  
    -------      -------  ---------------------  -------------------      -------      -------  ---------------------  -------------------     --------     --------  ----------------------  --------------------  
     -0.391      -19.818                    204               120026        0.010        0.000                      0               120026        1.166        0.000                       0                 52580  


Timing constraints are not met.


------------------------------------------------------------------------------------------------
| Clock Summary
| -------------
------------------------------------------------------------------------------------------------

Clock     Waveform(ns)         Period(ns)      Frequency(MHz)
-----     ------------         ----------      --------------
clk_pl_0  {0.000 2.667}        5.333           187.512         
clk_pl_1  {0.000 3.381}        6.761           147.907         


------------------------------------------------------------------------------------------------
| Intra Clock Table
| -----------------
------------------------------------------------------------------------------------------------

Clock             WNS(ns)      TNS(ns)  TNS Failing Endpoints  TNS Total Endpoints      WHS(ns)      THS(ns)  THS Failing Endpoints  THS Total Endpoints     WPWS(ns)     TPWS(ns)  TPWS Failing Endpoints  TPWS Total Endpoints  
-----             -------      -------  ---------------------  -------------------      -------      -------  ---------------------  -------------------     --------     --------  ----------------------  --------------------  
clk_pl_0           -0.391      -19.818                    204               106789        0.010        0.000                      0               106789        1.166        0.000                       0                 48439  
clk_pl_1            1.057        0.000                      0                13237        0.012        0.000                      0                13237        1.715        0.000                       0                  4141  


------------------------------------------------------------------------------------------------
| Inter Clock Table
| -----------------
------------------------------------------------------------------------------------------------

From Clock    To Clock          WNS(ns)      TNS(ns)  TNS Failing Endpoints  TNS Total Endpoints      WHS(ns)      THS(ns)  THS Failing Endpoints  THS Total Endpoints  
----------    --------          -------      -------  ---------------------  -------------------      -------      -------  ---------------------  -------------------  


------------------------------------------------------------------------------------------------
| Other Path Groups Table
| -----------------------
------------------------------------------------------------------------------------------------

Path Group    From Clock    To Clock          WNS(ns)      TNS(ns)  TNS Failing Endpoints  TNS Total Endpoints      WHS(ns)      THS(ns)  THS Failing Endpoints  THS Total Endpoints  
----------    ----------    --------          -------      -------  ---------------------  -------------------      -------      -------  ---------------------  -------------------  


------------------------------------------------------------------------------------------------
| User Ignored Path Table
| -----------------------
------------------------------------------------------------------------------------------------

Path Group    From Clock    To Clock    
----------    ----------    --------    
(none)                      clk_pl_0      
(none)        clk_pl_0      clk_pl_0      
(none)                      clk_pl_1      
(none)        clk_pl_1      clk_pl_1      


------------------------------------------------------------------------------------------------
| Unconstrained Path Table
| ------------------------
------------------------------------------------------------------------------------------------

Path Group    From Clock    To Clock    
----------    ----------    --------    
(none)                      clk_pl_0      


------------------------------------------------------------------------------------------------
| Timing Details
| --------------
------------------------------------------------------------------------------------------------


---------------------------------------------------------------------------------------------------
From Clock:  clk_pl_0
  To Clock:  clk_pl_0

Setup :          204  Failing Endpoints,  Worst Slack       -0.391ns,  Total Violation      -19.818ns
Hold  :            0  Failing Endpoints,  Worst Slack        0.010ns,  Total Violation        0.000ns
PW    :            0  Failing Endpoints,  Worst Slack        1.166ns,  Total Violation        0.000ns
---------------------------------------------------------------------------------------------------


Max Delay Paths
--------------------------------------------------------------------------------------
Slack (VIOLATED) :        -0.391ns  (required time - arrival time)
  Source:                 design_1_i/fractal/U0/pbuf_y0_1_U/ram_reg_uram_0/CLK
                            (rising edge-triggered cell URAM288 clocked by clk_pl_0  {rise@0.000ns fall@2.667ns period=5.333ns})
  Destination:            design_1_i/fractal/U0/pbuf_y0_U/ram_reg_uram_0/DIN_B[14]
                            (rising edge-triggered cell URAM288 clocked by clk_pl_0  {rise@0.000ns fall@2.667ns period=5.333ns})
  Path Group:             clk_pl_0
  Path Type:              Setup (Max at Slow Process Corner)
  Requirement:            5.333ns  (clk_pl_0 rise@5.333ns - clk_pl_0 rise@0.000ns)
  Data Path Delay:        5.346ns  (logic 1.572ns (29.406%)  route 3.774ns (70.594%))
  Logic Levels:           4  (LUT5=1 LUT6=3)
  Clock Path Skew:        0.027ns (DCD - SCD + CPR)
    Destination Clock Delay (DCD):    1.882ns = ( 7.215 - 5.333 ) 
    Source Clock Delay      (SCD):    2.012ns
    Clock Pessimism Removal (CPR):    0.158ns
  Clock Uncertainty:      0.112ns  ((TSJ^2 + DJ^2)^1/2) / 2 + PE
    Total System Jitter     (TSJ):    0.071ns
    Discrete Jitter          (DJ):    0.213ns
    Phase Error              (PE):    0.000ns
  Clock Net Delay (Source):      1.804ns (routing 0.569ns, distribution 1.235ns)
  Clock Net Delay (Destination): 1.714ns (routing 0.512ns, distribution 1.202ns)

    Location             Delay type                Incr(ns)  Path(ns)    Netlist Resource(s)
  -------------------------------------------------------------------    -------------------
                         (clock clk_pl_0 rise edge)
                                                      0.000     0.000 r  
    PS8_X0Y0             PS8                          0.000     0.000 r  design_1_i/zynq_ultra_ps_e_0/U0/PS8_i/PLCLK[0]
                         net (fo=1, routed)           0.180     0.180    design_1_i/zynq_ultra_ps_e_0/U0/pl_clk_unbuffered[0]
    BUFG_PS_X0Y80        BUFG_PS (Prop_BUFG_PS_I_O)
                                                      0.028     0.208 r  design_1_i/zynq_ultra_ps_e_0/U0/buffer_pl_clk_0.PL_CLK_0_BUFG/O
    X1Y2 (CLOCK_ROOT)    net (fo=48996, routed)       1.804     2.012    design_1_i/fractal/U0/pbuf_y0_1_U/ap_clk
    URAM288_X0Y41        URAM288                                      r  design_1_i/fractal/U0/pbuf_y0_1_U/ram_reg_uram_0/CLK
  -------------------------------------------------------------------    -------------------
    URAM288_X0Y41        URAM288 (Prop_URAM_288K_INST_URAM288_CLK_DOUT_A[14])
                                                      1.260     3.272 r  design_1_i/fractal/U0/pbuf_y0_1_U/ram_reg_uram_0/DOUT_A[14]
                         net (fo=43, routed)          1.851     5.123    design_1_i/fractal/U0/pbuf_y0_1_U/pbuf_y0_1_q0[14]
    SLICE_X102Y177       LUT5 (Prop_G6LUT_SLICEL_I4_O)
                                                      0.050     5.173 r  design_1_i/fractal/U0/pbuf_y0_1_U/ram_reg_uram_0_i_2125__1/O
                         net (fo=1, routed)           0.150     5.323    design_1_i/fractal/U0/pbuf_y0_1_U/ram_reg_uram_0_i_2125__1_n_0
    SLICE_X100Y178       LUT6 (Prop_F6LUT_SLICEL_I0_O)
                                                      0.123     5.446 r  design_1_i/fractal/U0/pbuf_y0_1_U/ram_reg_uram_0_i_727__4/O
                         net (fo=1, routed)           0.134     5.580    design_1_i/fractal/U0/pbuf_y0_1_U/ram_reg_uram_0_i_727__4_n_0
    SLICE_X100Y175       LUT6 (Prop_H6LUT_SLICEL_I2_O)
                                                      0.051     5.631 r  design_1_i/fractal/U0/pbuf_y0_1_U/ram_reg_uram_0_i_181__5/O
                         net (fo=1, routed)           0.818     6.449    design_1_i/fractal/U0/pbuf_y0_1_U/ram_reg_uram_0_i_181__5_n_0
    SLICE_X73Y151        LUT6 (Prop_F6LUT_SLICEM_I5_O)
                                                      0.088     6.537 r  design_1_i/fractal/U0/pbuf_y0_1_U/ram_reg_uram_0_i_31__6/O
                         net (fo=1, routed)           0.821     7.358    design_1_i/fractal/U0/pbuf_y0_U/DIN_B[14]
    URAM288_X0Y39        URAM288                                      r  design_1_i/fractal/U0/pbuf_y0_U/ram_reg_uram_0/DIN_B[14]
  -------------------------------------------------------------------    -------------------

                         (clock clk_pl_0 rise edge)
                                                      5.333     5.333 r  
    PS8_X0Y0             PS8                          0.000     5.333 r  design_1_i/zynq_ultra_ps_e_0/U0/PS8_i/PLCLK[0]
                         net (fo=1, routed)           0.143     5.476    design_1_i/zynq_ultra_ps_e_0/U0/pl_clk_unbuffered[0]
    BUFG_PS_X0Y80        BUFG_PS (Prop_BUFG_PS_I_O)
                                                      0.025     5.501 r  design_1_i/zynq_ultra_ps_e_0/U0/buffer_pl_clk_0.PL_CLK_0_BUFG/O
    X1Y2 (CLOCK_ROOT)    net (fo=48996, routed)       1.714     7.215    design_1_i/fractal/U0/pbuf_y0_U/ap_clk
    URAM288_X0Y39        URAM288                                      r  design_1_i/fractal/U0/pbuf_y0_U/ram_reg_uram_0/CLK
                         clock pessimism              0.158     7.372    
                         clock uncertainty           -0.112     7.260    
    URAM288_X0Y39        URAM288 (Setup_URAM_288K_INST_URAM288_CLK_DIN_B[14])
                                                     -0.293     6.967    design_1_i/fractal/U0/pbuf_y0_U/ram_reg_uram_0
  -------------------------------------------------------------------
                         required time                          6.967    
                         arrival time                          -7.358    
  -------------------------------------------------------------------
                         slack                                 -0.391    

Slack (VIOLATED) :        -0.364ns  (required time - arrival time)
  Source:                 design_1_i/fractal/U0/pbuf_y_1_U/ram_reg_uram_0/CLK
                            (rising edge-triggered cell URAM288 clocked by clk_pl_0  {rise@0.000ns fall@2.667ns period=5.333ns})
  Destination:            design_1_i/fractal/U0/pbuf_y_U/ram_reg_uram_0/DIN_B[9]
                            (rising edge-triggered cell URAM288 clocked by clk_pl_0  {rise@0.000ns fall@2.667ns period=5.333ns})
  Path Group:             clk_pl_0
  Path Type:              Setup (Max at Slow Process Corner)
  Requirement:            5.333ns  (clk_pl_0 rise@5.333ns - clk_pl_0 rise@0.000ns)
  Data Path Delay:        5.291ns  (logic 1.619ns (30.599%)  route 3.672ns (69.401%))
  Logic Levels:           4  (LUT5=1 LUT6=3)
  Clock Path Skew:        -0.020ns (DCD - SCD + CPR)
    Destination Clock Delay (DCD):    1.896ns = ( 7.229 - 5.333 ) 
    Source Clock Delay      (SCD):    2.017ns
    Clock Pessimism Removal (CPR):    0.101ns
  Clock Uncertainty:      0.112ns  ((TSJ^2 + DJ^2)^1/2) / 2 + PE
    Total System Jitter     (TSJ):    0.071ns
    Discrete Jitter          (DJ):    0.213ns
    Phase Error              (PE):    0.000ns
  Clock Net Delay (Source):      1.809ns (routing 0.569ns, distribution 1.240ns)
  Clock Net Delay (Destination): 1.728ns (routing 0.512ns, distribution 1.216ns)

    Location             Delay type                Incr(ns)  Path(ns)    Netlist Resource(s)
  -------------------------------------------------------------------    -------------------
                         (clock clk_pl_0 rise edge)
                                                      0.000     0.000 r  
    PS8_X0Y0             PS8                          0.000     0.000 r  design_1_i/zynq_ultra_ps_e_0/U0/PS8_i/PLCLK[0]
                         net (fo=1, routed)           0.180     0.180    design_1_i/zynq_ultra_ps_e_0/U0/pl_clk_unbuffered[0]
    BUFG_PS_X0Y80        BUFG_PS (Prop_BUFG_PS_I_O)
                                                      0.028     0.208 r  design_1_i/zynq_ultra_ps_e_0/U0/buffer_pl_clk_0.PL_CLK_0_BUFG/O
    X1Y2 (CLOCK_ROOT)    net (fo=48996, routed)       1.809     2.017    design_1_i/fractal/U0/pbuf_y_1_U/ap_clk
    URAM288_X0Y42        URAM288                                      r  design_1_i/fractal/U0/pbuf_y_1_U/ram_reg_uram_0/CLK
  -------------------------------------------------------------------    -------------------
    URAM288_X0Y42        URAM288 (Prop_URAM_288K_INST_URAM288_CLK_DOUT_A[9])
                                                      1.259     3.276 r  design_1_i/fractal/U0/pbuf_y_1_U/ram_reg_uram_0/DOUT_A[9]
                         net (fo=43, routed)          1.502     4.778    design_1_i/fractal/U0/pbuf_y_1_U/pbuf_y_1_q0[9]
    SLICE_X100Y157       LUT5 (Prop_E6LUT_SLICEL_I0_O)
                                                      0.051     4.829 r  design_1_i/fractal/U0/pbuf_y_1_U/ram_reg_uram_0_i_2356__4/O
                         net (fo=1, routed)           0.437     5.266    design_1_i/fractal/U0/pbuf_y_1_U/ram_reg_uram_0_i_2356__4_n_0
    SLICE_X99Y157        LUT6 (Prop_G6LUT_SLICEL_I5_O)
                                                      0.123     5.389 r  design_1_i/fractal/U0/pbuf_y_1_U/ram_reg_uram_0_i_817__18/O
                         net (fo=1, routed)           0.685     6.074    design_1_i/fractal/U0/pbuf_y_1_U/ram_reg_uram_0_i_817__18_n_0
    SLICE_X79Y133        LUT6 (Prop_A6LUT_SLICEM_I4_O)
                                                      0.038     6.112 r  design_1_i/fractal/U0/pbuf_y_1_U/ram_reg_uram_0_i_219__18/O
                         net (fo=1, routed)           0.061     6.173    design_1_i/fractal/U0/pbuf_y_1_U/ram_reg_uram_0_i_219__18_n_0
    SLICE_X79Y133        LUT6 (Prop_F6LUT_SLICEM_I0_O)
                                                      0.148     6.321 r  design_1_i/fractal/U0/pbuf_y_1_U/ram_reg_uram_0_i_36__19/O
                         net (fo=1, routed)           0.987     7.308    design_1_i/fractal/U0/pbuf_y_U/DIN_B[9]
    URAM288_X0Y26        URAM288                                      r  design_1_i/fractal/U0/pbuf_y_U/ram_reg_uram_0/DIN_B[9]
  -------------------------------------------------------------------    -------------------

                         (clock clk_pl_0 rise edge)
                                                      5.333     5.333 r  
    PS8_X0Y0             PS8                          0.000     5.333 r  design_1_i/zynq_ultra_ps_e_0/U0/PS8_i/PLCLK[0]
                         net (fo=1, routed)           0.143     5.476    design_1_i/zynq_ultra_ps_e_0/U0/pl_clk_unbuffered[0]
    BUFG_PS_X0Y80        BUFG_PS (Prop_BUFG_PS_I_O)
                                                      0.025     5.501 r  design_1_i/zynq_ultra_ps_e_0/U0/buffer_pl_clk_0.PL_CLK_0_BUFG/O
    X1Y2 (CLOCK_ROOT)    net (fo=48996, routed)       1.728     7.229    design_1_i/fractal/U0/pbuf_y_U/ap_clk
    URAM288_X0Y26        URAM288                                      r  design_1_i/fractal/U0/pbuf_y_U/ram_reg_uram_0/CLK
                         clock pessimism              0.101     7.330    
                         clock uncertainty           -0.112     7.218    
    URAM288_X0Y26        URAM288 (Setup_URAM_288K_INST_URAM288_CLK_DIN_B[9])
                                                     -0.274     6.944    design_1_i/fractal/U0/pbuf_y_U/ram_reg_uram_0
  -------------------------------------------------------------------
                         required time                          6.944    
                         arrival time                          -7.308    
  -------------------------------------------------------------------
                         slack                                 -0.364    

Slack (VIOLATED) :        -0.351ns  (required time - arrival time)
  Source:                 design_1_i/fractal/U0/pbuf_y_1_U/ram_reg_uram_0/CLK
                            (rising edge-triggered cell URAM288 clocked by clk_pl_0  {rise@0.000ns fall@2.667ns period=5.333ns})
  Destination:            design_1_i/fractal/U0/pbuf_y_U/ram_reg_uram_0/DIN_B[29]
                            (rising edge-triggered cell URAM288 clocked by clk_pl_0  {rise@0.000ns fall@2.667ns period=5.333ns})
  Path Group:             clk_pl_0
  Path Type:              Setup (Max at Slow Process Corner)
  Requirement:            5.333ns  (clk_pl_0 rise@5.333ns - clk_pl_0 rise@0.000ns)
  Data Path Delay:        5.271ns  (logic 1.572ns (29.826%)  route 3.699ns (70.174%))
  Logic Levels:           4  (LUT5=2 LUT6=2)
  Clock Path Skew:        -0.020ns (DCD - SCD + CPR)
    Destination Clock Delay (DCD):    1.896ns = ( 7.229 - 5.333 ) 
    Source Clock Delay      (SCD):    2.017ns
    Clock Pessimism Removal (CPR):    0.101ns
  Clock Uncertainty:      0.112ns  ((TSJ^2 + DJ^2)^1/2) / 2 + PE
    Total System Jitter     (TSJ):    0.071ns
    Discrete Jitter          (DJ):    0.213ns
    Phase Error              (PE):    0.000ns
  Clock Net Delay (Source):      1.809ns (routing 0.569ns, distribution 1.240ns)
  Clock Net Delay (Destination): 1.728ns (routing 0.512ns, distribution 1.216ns)

    Location             Delay type                Incr(ns)  Path(ns)    Netlist Resource(s)
  -------------------------------------------------------------------    -------------------
                         (clock clk_pl_0 rise edge)
                                                      0.000     0.000 r  
    PS8_X0Y0             PS8                          0.000     0.000 r  design_1_i/zynq_ultra_ps_e_0/U0/PS8_i/PLCLK[0]
                         net (fo=1, routed)           0.180     0.180    design_1_i/zynq_ultra_ps_e_0/U0/pl_clk_unbuffered[0]
    BUFG_PS_X0Y80        BUFG_PS (Prop_BUFG_PS_I_O)
                                                      0.028     0.208 r  design_1_i/zynq_ultra_ps_e_0/U0/buffer_pl_clk_0.PL_CLK_0_BUFG/O
    X1Y2 (CLOCK_ROOT)    net (fo=48996, routed)       1.809     2.017    design_1_i/fractal/U0/pbuf_y_1_U/ap_clk
    URAM288_X0Y42        URAM288                                      r  design_1_i/fractal/U0/pbuf_y_1_U/ram_reg_uram_0/CLK
  -------------------------------------------------------------------    -------------------
    URAM288_X0Y42        URAM288 (Prop_URAM_288K_INST_URAM288_CLK_DOUT_A[29])
                                                      1.224     3.241 r  design_1_i/fractal/U0/pbuf_y_1_U/ram_reg_uram_0/DOUT_A[29]
                         net (fo=43, routed)          1.698     4.939    design_1_i/fractal/U0/pbuf_y_1_U/pbuf_y_1_q0[29]
    SLICE_X103Y149       LUT5 (Prop_C6LUT_SLICEL_I1_O)
                                                      0.035     4.974 r  design_1_i/fractal/U0/pbuf_y_1_U/ram_reg_uram_0_i_1535__10/O
                         net (fo=1, routed)           0.043     5.017    design_1_i/fractal/U0/pbuf_y_1_U/ram_reg_uram_0_i_1535__10_n_0
    SLICE_X103Y149       LUT5 (Prop_A6LUT_SLICEL_I0_O)
                                                      0.090     5.107 r  design_1_i/fractal/U0/pbuf_y_1_U/ram_reg_uram_0_i_524__18/O
                         net (fo=1, routed)           1.142     6.249    design_1_i/fractal/U0/pbuf_y_1_U/ram_reg_uram_0_i_524__18_n_0
    SLICE_X64Y150        LUT6 (Prop_B6LUT_SLICEM_I1_O)
                                                      0.125     6.374 r  design_1_i/fractal/U0/pbuf_y_1_U/ram_reg_uram_0_i_122__20/O
                         net (fo=1, routed)           0.283     6.657    design_1_i/fractal/U0/pbuf_y_1_U/ram_reg_uram_0_i_122__20_n_0
    SLICE_X62Y150        LUT6 (Prop_A6LUT_SLICEL_I4_O)
                                                      0.098     6.755 r  design_1_i/fractal/U0/pbuf_y_1_U/ram_reg_uram_0_i_16__20/O
                         net (fo=1, routed)           0.533     7.288    design_1_i/fractal/U0/pbuf_y_U/DIN_B[29]
    URAM288_X0Y26        URAM288                                      r  design_1_i/fractal/U0/pbuf_y_U/ram_reg_uram_0/DIN_B[29]
  -------------------------------------------------------------------    -------------------

                         (clock clk_pl_0 rise edge)
                                                      5.333     5.333 r  
    PS8_X0Y0             PS8                          0.000     5.333 r  design_1_i/zynq_ultra_ps_e_0/U0/PS8_i/PLCLK[0]
                         net (fo=1, routed)           0.143     5.476    design_1_i/zynq_ultra_ps_e_0/U0/pl_clk_unbuffered[0]
    BUFG_PS_X0Y80        BUFG_PS (Prop_BUFG_PS_I_O)
                                                      0.025     5.501 r  design_1_i/zynq_ultra_ps_e_0/U0/buffer_pl_clk_0.PL_CLK_0_BUFG/O
    X1Y2 (CLOCK_ROOT)    net (fo=48996, routed)       1.728     7.229    design_1_i/fractal/U0/pbuf_y_U/ap_clk
    URAM288_X0Y26        URAM288                                      r  design_1_i/fractal/U0/pbuf_y_U/ram_reg_uram_0/CLK
                         clock pessimism              0.101     7.330    
                         clock uncertainty           -0.112     7.218    
    URAM288_X0Y26        URAM288 (Setup_URAM_288K_INST_URAM288_CLK_DIN_B[29])
                                                     -0.281     6.937    design_1_i/fractal/U0/pbuf_y_U/ram_reg_uram_0
  -------------------------------------------------------------------
                         required time                          6.937    
                         arrival time                          -7.288    
  -------------------------------------------------------------------
                         slack                                 -0.351    

Slack (VIOLATED) :        -0.329ns  (required time - arrival time)
  Source:                 design_1_i/fractal/U0/pbuf_x_1_U/ram_reg_uram_0/CLK
                            (rising edge-triggered cell URAM288 clocked by clk_pl_0  {rise@0.000ns fall@2.667ns period=5.333ns})
  Destination:            design_1_i/fractal/U0/pbuf_x_U/ram_reg_uram_0/DIN_B[12]
                            (rising edge-triggered cell URAM288 clocked by clk_pl_0  {rise@0.000ns fall@2.667ns period=5.333ns})
  Path Group:             clk_pl_0
  Path Type:              Setup (Max at Slow Process Corner)
  Requirement:            5.333ns  (clk_pl_0 rise@5.333ns - clk_pl_0 rise@0.000ns)
  Data Path Delay:        5.006ns  (logic 1.833ns (36.614%)  route 3.173ns (63.386%))
  Logic Levels:           5  (LUT5=2 LUT6=3)
  Clock Path Skew:        -0.189ns (DCD - SCD + CPR)
    Destination Clock Delay (DCD):    1.891ns = ( 7.224 - 5.333 ) 
    Source Clock Delay      (SCD):    2.181ns
    Clock Pessimism Removal (CPR):    0.101ns
  Clock Uncertainty:      0.112ns  ((TSJ^2 + DJ^2)^1/2) / 2 + PE
    Total System Jitter     (TSJ):    0.071ns
    Discrete Jitter          (DJ):    0.213ns
    Phase Error              (PE):    0.000ns
  Clock Net Delay (Source):      1.973ns (routing 0.569ns, distribution 1.404ns)
  Clock Net Delay (Destination): 1.723ns (routing 0.512ns, distribution 1.211ns)

    Location             Delay type                Incr(ns)  Path(ns)    Netlist Resource(s)
  -------------------------------------------------------------------    -------------------
                         (clock clk_pl_0 rise edge)
                                                      0.000     0.000 r  
    PS8_X0Y0             PS8                          0.000     0.000 r  design_1_i/zynq_ultra_ps_e_0/U0/PS8_i/PLCLK[0]
                         net (fo=1, routed)           0.180     0.180    design_1_i/zynq_ultra_ps_e_0/U0/pl_clk_unbuffered[0]
    BUFG_PS_X0Y80        BUFG_PS (Prop_BUFG_PS_I_O)
                                                      0.028     0.208 r  design_1_i/zynq_ultra_ps_e_0/U0/buffer_pl_clk_0.PL_CLK_0_BUFG/O
    X1Y2 (CLOCK_ROOT)    net (fo=48996, routed)       1.973     2.181    design_1_i/fractal/U0/pbuf_x_1_U/ap_clk
    URAM288_X0Y35        URAM288                                      r  design_1_i/fractal/U0/pbuf_x_1_U/ram_reg_uram_0/CLK
  -------------------------------------------------------------------    -------------------
    URAM288_X0Y35        URAM288 (Prop_URAM_288K_INST_URAM288_CLK_DOUT_A[12])
                                                      1.261     3.442 r  design_1_i/fractal/U0/pbuf_x_1_U/ram_reg_uram_0/DOUT_A[12]
                         net (fo=43, routed)          1.181     4.623    design_1_i/fractal/U0/pbuf_x_1_U/DOUT_A[12]
    SLICE_X80Y159        LUT5 (Prop_E6LUT_SLICEL_I0_O)
                                                      0.099     4.722 r  design_1_i/fractal/U0/pbuf_x_1_U/ram_reg_uram_0_i_1924__2/O
                         net (fo=1, routed)           0.108     4.830    design_1_i/fractal/U0/pbuf_x_1_U/ram_reg_uram_0_i_1924__2_n_0
    SLICE_X80Y159        LUT5 (Prop_G6LUT_SLICEL_I2_O)
                                                      0.149     4.979 r  design_1_i/fractal/U0/pbuf_x_1_U/ram_reg_uram_0_i_1296__2/O
                         net (fo=1, routed)           0.250     5.229    design_1_i/fractal/U0/pbuf_x_1_U/ram_reg_uram_0_i_1296__2_n_0
    SLICE_X78Y156        LUT6 (Prop_G6LUT_SLICEM_I1_O)
                                                      0.100     5.329 r  design_1_i/fractal/U0/pbuf_x_1_U/ram_reg_uram_0_i_420__3/O
                         net (fo=1, routed)           0.214     5.543    design_1_i/fractal/U0/pbuf_x_1_U/ram_reg_uram_0_i_420__3_n_0
    SLICE_X74Y156        LUT6 (Prop_D6LUT_SLICEM_I0_O)
                                                      0.099     5.642 r  design_1_i/fractal/U0/pbuf_x_1_U/ram_reg_uram_0_i_113__5/O
                         net (fo=1, routed)           0.301     5.943    design_1_i/fractal/U0/pbuf_x_1_U/ram_reg_uram_0_i_113__5_n_0
    SLICE_X71Y152        LUT6 (Prop_B6LUT_SLICEM_I5_O)
                                                      0.125     6.068 r  design_1_i/fractal/U0/pbuf_x_1_U/ram_reg_uram_0_i_20__5/O
                         net (fo=1, routed)           1.119     7.187    design_1_i/fractal/U0/pbuf_x_U/DIN_B[12]
    URAM288_X0Y25        URAM288                                      r  design_1_i/fractal/U0/pbuf_x_U/ram_reg_uram_0/DIN_B[12]
  -------------------------------------------------------------------    -------------------

                         (clock clk_pl_0 rise edge)
                                                      5.333     5.333 r  
    PS8_X0Y0             PS8                          0.000     5.333 r  design_1_i/zynq_ultra_ps_e_0/U0/PS8_i/PLCLK[0]
                         net (fo=1, routed)           0.143     5.476    design_1_i/zynq_ultra_ps_e_0/U0/pl_clk_unbuffered[0]
    BUFG_PS_X0Y80        BUFG_PS (Prop_BUFG_PS_I_O)
                                                      0.025     5.501 r  design_1_i/zynq_ultra_ps_e_0/U0/buffer_pl_clk_0.PL_CLK_0_BUFG/O
    X1Y2 (CLOCK_ROOT)    net (fo=48996, routed)       1.723     7.224    design_1_i/fractal/U0/pbuf_x_U/ap_clk
    URAM288_X0Y25        URAM288                                      r  design_1_i/fractal/U0/pbuf_x_U/ram_reg_uram_0/CLK
                         clock pessimism              0.101     7.325    
                         clock uncertainty           -0.112     7.213    
    URAM288_X0Y25        URAM288 (Setup_URAM_288K_INST_URAM288_CLK_DIN_B[12])
                                                     -0.355     6.858    design_1_i/fractal/U0/pbuf_x_U/ram_reg_uram_0
  -------------------------------------------------------------------
                         required time                          6.858    
                         arrival time                          -7.187    
  -------------------------------------------------------------------
                         slack                                 -0.329    

Slack (VIOLATED) :        -0.321ns  (required time - arrival time)
  Source:                 design_1_i/fractal/U0/pbuf_y_1_U/ram_reg_uram_0/CLK
                            (rising edge-triggered cell URAM288 clocked by clk_pl_0  {rise@0.000ns fall@2.667ns period=5.333ns})
  Destination:            design_1_i/fractal/U0/pbuf_y_U/ram_reg_uram_0/DIN_B[14]
                            (rising edge-triggered cell URAM288 clocked by clk_pl_0  {rise@0.000ns fall@2.667ns period=5.333ns})
  Path Group:             clk_pl_0
  Path Type:              Setup (Max at Slow Process Corner)
  Requirement:            5.333ns  (clk_pl_0 rise@5.333ns - clk_pl_0 rise@0.000ns)
  Data Path Delay:        5.229ns  (logic 1.680ns (32.126%)  route 3.549ns (67.874%))
  Logic Levels:           4  (LUT5=1 LUT6=3)
  Clock Path Skew:        -0.020ns (DCD - SCD + CPR)
    Destination Clock Delay (DCD):    1.896ns = ( 7.229 - 5.333 ) 
    Source Clock Delay      (SCD):    2.017ns
    Clock Pessimism Removal (CPR):    0.101ns
  Clock Uncertainty:      0.112ns  ((TSJ^2 + DJ^2)^1/2) / 2 + PE
    Total System Jitter     (TSJ):    0.071ns
    Discrete Jitter          (DJ):    0.213ns
    Phase Error              (PE):    0.000ns
  Clock Net Delay (Source):      1.809ns (routing 0.569ns, distribution 1.240ns)
  Clock Net Delay (Destination): 1.728ns (routing 0.512ns, distribution 1.216ns)

    Location             Delay type                Incr(ns)  Path(ns)    Netlist Resource(s)
  -------------------------------------------------------------------    -------------------
                         (clock clk_pl_0 rise edge)
                                                      0.000     0.000 r  
    PS8_X0Y0             PS8                          0.000     0.000 r  design_1_i/zynq_ultra_ps_e_0/U0/PS8_i/PLCLK[0]
                         net (fo=1, routed)           0.180     0.180    design_1_i/zynq_ultra_ps_e_0/U0/pl_clk_unbuffered[0]
    BUFG_PS_X0Y80        BUFG_PS (Prop_BUFG_PS_I_O)
                                                      0.028     0.208 r  design_1_i/zynq_ultra_ps_e_0/U0/buffer_pl_clk_0.PL_CLK_0_BUFG/O
    X1Y2 (CLOCK_ROOT)    net (fo=48996, routed)       1.809     2.017    design_1_i/fractal/U0/pbuf_y_1_U/ap_clk
    URAM288_X0Y42        URAM288                                      r  design_1_i/fractal/U0/pbuf_y_1_U/ram_reg_uram_0/CLK
  -------------------------------------------------------------------    -------------------
    URAM288_X0Y42        URAM288 (Prop_URAM_288K_INST_URAM288_CLK_DOUT_A[14])
                                                      1.260     3.277 r  design_1_i/fractal/U0/pbuf_y_1_U/ram_reg_uram_0/DOUT_A[14]
                         net (fo=43, routed)          1.501     4.778    design_1_i/fractal/U0/pbuf_y_1_U/pbuf_y_1_q0[14]
    SLICE_X100Y151       LUT5 (Prop_F6LUT_SLICEL_I1_O)
                                                      0.123     4.901 r  design_1_i/fractal/U0/pbuf_y_1_U/ram_reg_uram_0_i_2155__5/O
                         net (fo=1, routed)           0.413     5.314    design_1_i/fractal/U0/pbuf_y_1_U/ram_reg_uram_0_i_2155__5_n_0
    SLICE_X98Y151        LUT6 (Prop_E6LUT_SLICEL_I5_O)
                                                      0.099     5.413 r  design_1_i/fractal/U0/pbuf_y_1_U/ram_reg_uram_0_i_745__17/O
                         net (fo=1, routed)           0.122     5.535    design_1_i/fractal/U0/pbuf_y_1_U/ram_reg_uram_0_i_745__17_n_0
    SLICE_X98Y149        LUT6 (Prop_D6LUT_SLICEL_I4_O)
                                                      0.146     5.681 r  design_1_i/fractal/U0/pbuf_y_1_U/ram_reg_uram_0_i_195__19/O
                         net (fo=1, routed)           0.269     5.950    design_1_i/fractal/U0/pbuf_y_1_U/ram_reg_uram_0_i_195__19_n_0
    SLICE_X96Y146        LUT6 (Prop_B6LUT_SLICEM_I1_O)
                                                      0.052     6.002 r  design_1_i/fractal/U0/pbuf_y_1_U/ram_reg_uram_0_i_31__20/O
                         net (fo=1, routed)           1.244     7.246    design_1_i/fractal/U0/pbuf_y_U/DIN_B[14]
    URAM288_X0Y26        URAM288                                      r  design_1_i/fractal/U0/pbuf_y_U/ram_reg_uram_0/DIN_B[14]
  -------------------------------------------------------------------    -------------------

                         (clock clk_pl_0 rise edge)
                                                      5.333     5.333 r  
    PS8_X0Y0             PS8                          0.000     5.333 r  design_1_i/zynq_ultra_ps_e_0/U0/PS8_i/PLCLK[0]
                         net (fo=1, routed)           0.143     5.476    design_1_i/zynq_ultra_ps_e_0/U0/pl_clk_unbuffered[0]
    BUFG_PS_X0Y80        BUFG_PS (Prop_BUFG_PS_I_O)
                                                      0.025     5.501 r  design_1_i/zynq_ultra_ps_e_0/U0/buffer_pl_clk_0.PL_CLK_0_BUFG/O
    X1Y2 (CLOCK_ROOT)    net (fo=48996, routed)       1.728     7.229    design_1_i/fractal/U0/pbuf_y_U/ap_clk
    URAM288_X0Y26        URAM288                                      r  design_1_i/fractal/U0/pbuf_y_U/ram_reg_uram_0/CLK
                         clock pessimism              0.101     7.330    
                         clock uncertainty           -0.112     7.218    
    URAM288_X0Y26        URAM288 (Setup_URAM_288K_INST_URAM288_CLK_DIN_B[14])
                                                     -0.293     6.925    design_1_i/fractal/U0/pbuf_y_U/ram_reg_uram_0
  -------------------------------------------------------------------
                         required time                          6.925    
                         arrival time                          -7.246    
  -------------------------------------------------------------------
                         slack                                 -0.321    

Slack (VIOLATED) :        -0.321ns  (required time - arrival time)
  Source:                 design_1_i/fractal/U0/pbuf_x_1_U/ram_reg_uram_0/CLK
                            (rising edge-triggered cell URAM288 clocked by clk_pl_0  {rise@0.000ns fall@2.667ns period=5.333ns})
  Destination:            design_1_i/fractal/U0/pbuf_x_U/ram_reg_uram_0/DIN_B[7]
                            (rising edge-triggered cell URAM288 clocked by clk_pl_0  {rise@0.000ns fall@2.667ns period=5.333ns})
  Path Group:             clk_pl_0
  Path Type:              Setup (Max at Slow Process Corner)
  Requirement:            5.333ns  (clk_pl_0 rise@5.333ns - clk_pl_0 rise@0.000ns)
  Data Path Delay:        5.045ns  (logic 1.680ns (33.300%)  route 3.365ns (66.700%))
  Logic Levels:           4  (LUT5=3 LUT6=1)
  Clock Path Skew:        -0.189ns (DCD - SCD + CPR)
    Destination Clock Delay (DCD):    1.891ns = ( 7.224 - 5.333 ) 
    Source Clock Delay      (SCD):    2.181ns
    Clock Pessimism Removal (CPR):    0.101ns
  Clock Uncertainty:      0.112ns  ((TSJ^2 + DJ^2)^1/2) / 2 + PE
    Total System Jitter     (TSJ):    0.071ns
    Discrete Jitter          (DJ):    0.213ns
    Phase Error              (PE):    0.000ns
  Clock Net Delay (Source):      1.973ns (routing 0.569ns, distribution 1.404ns)
  Clock Net Delay (Destination): 1.723ns (routing 0.512ns, distribution 1.211ns)

    Location             Delay type                Incr(ns)  Path(ns)    Netlist Resource(s)
  -------------------------------------------------------------------    -------------------
                         (clock clk_pl_0 rise edge)
                                                      0.000     0.000 r  
    PS8_X0Y0             PS8                          0.000     0.000 r  design_1_i/zynq_ultra_ps_e_0/U0/PS8_i/PLCLK[0]
                         net (fo=1, routed)           0.180     0.180    design_1_i/zynq_ultra_ps_e_0/U0/pl_clk_unbuffered[0]
    BUFG_PS_X0Y80        BUFG_PS (Prop_BUFG_PS_I_O)
                                                      0.028     0.208 r  design_1_i/zynq_ultra_ps_e_0/U0/buffer_pl_clk_0.PL_CLK_0_BUFG/O
    X1Y2 (CLOCK_ROOT)    net (fo=48996, routed)       1.973     2.181    design_1_i/fractal/U0/pbuf_x_1_U/ap_clk
    URAM288_X0Y35        URAM288                                      r  design_1_i/fractal/U0/pbuf_x_1_U/ram_reg_uram_0/CLK
  -------------------------------------------------------------------    -------------------
    URAM288_X0Y35        URAM288 (Prop_URAM_288K_INST_URAM288_CLK_DOUT_A[7])
                                                      1.272     3.453 r  design_1_i/fractal/U0/pbuf_x_1_U/ram_reg_uram_0/DOUT_A[7]
                         net (fo=43, routed)          1.384     4.837    design_1_i/fractal/U0/pbuf_x_1_U/DOUT_A[7]
    SLICE_X88Y157        LUT5 (Prop_A6LUT_SLICEM_I1_O)
                                                      0.125     4.962 r  design_1_i/fractal/U0/pbuf_x_1_U/ram_reg_uram_0_i_1476__2/O
                         net (fo=1, routed)           0.103     5.065    design_1_i/fractal/U0/grp_fractal_Pipeline_line_init22_fu_3774/ram_reg_uram_0_i_132__5_1
    SLICE_X88Y157        LUT5 (Prop_B6LUT_SLICEM_I4_O)
                                                      0.037     5.102 r  design_1_i/fractal/U0/grp_fractal_Pipeline_line_init22_fu_3774/ram_reg_uram_0_i_484__3/O
                         net (fo=1, routed)           0.211     5.313    design_1_i/fractal/U0/grp_fractal_Pipeline_line_init22_fu_3774/ram_reg_uram_0_i_484__3_n_0
    SLICE_X87Y157        LUT5 (Prop_G6LUT_SLICEL_I4_O)
                                                      0.123     5.436 r  design_1_i/fractal/U0/grp_fractal_Pipeline_line_init22_fu_3774/ram_reg_uram_0_i_132__5/O
                         net (fo=1, routed)           0.392     5.828    design_1_i/fractal/U0/pbuf_x_1_U/ram_reg_uram_0_9
    SLICE_X80Y156        LUT6 (Prop_F6LUT_SLICEL_I3_O)
                                                      0.123     5.951 r  design_1_i/fractal/U0/pbuf_x_1_U/ram_reg_uram_0_i_25__5/O
                         net (fo=1, routed)           1.275     7.226    design_1_i/fractal/U0/pbuf_x_U/DIN_B[7]
    URAM288_X0Y25        URAM288                                      r  design_1_i/fractal/U0/pbuf_x_U/ram_reg_uram_0/DIN_B[7]
  -------------------------------------------------------------------    -------------------

                         (clock clk_pl_0 rise edge)
                                                      5.333     5.333 r  
    PS8_X0Y0             PS8                          0.000     5.333 r  design_1_i/zynq_ultra_ps_e_0/U0/PS8_i/PLCLK[0]
                         net (fo=1, routed)           0.143     5.476    design_1_i/zynq_ultra_ps_e_0/U0/pl_clk_unbuffered[0]
    BUFG_PS_X0Y80        BUFG_PS (Prop_BUFG_PS_I_O)
                                                      0.025     5.501 r  design_1_i/zynq_ultra_ps_e_0/U0/buffer_pl_clk_0.PL_CLK_0_BUFG/O
    X1Y2 (CLOCK_ROOT)    net (fo=48996, routed)       1.723     7.224    design_1_i/fractal/U0/pbuf_x_U/ap_clk
    URAM288_X0Y25        URAM288                                      r  design_1_i/fractal/U0/pbuf_x_U/ram_reg_uram_0/CLK
                         clock pessimism              0.101     7.325    
                         clock uncertainty           -0.112     7.213    
    URAM288_X0Y25        URAM288 (Setup_URAM_288K_INST_URAM288_CLK_DIN_B[7])
                                                     -0.308     6.905    design_1_i/fractal/U0/pbuf_x_U/ram_reg_uram_0
  -------------------------------------------------------------------
                         required time                          6.905    
                         arrival time                          -7.226    
  -------------------------------------------------------------------
                         slack                                 -0.321    

Slack (VIOLATED) :        -0.319ns  (required time - arrival time)
  Source:                 design_1_i/fractal/U0/pbuf_dcx_1_U/ram_reg_uram_0/CLK
                            (rising edge-triggered cell URAM288 clocked by clk_pl_0  {rise@0.000ns fall@2.667ns period=5.333ns})
  Destination:            design_1_i/fractal/U0/pbuf_dcx_U/ram_reg_uram_0/DIN_B[29]
                            (rising edge-triggered cell URAM288 clocked by clk_pl_0  {rise@0.000ns fall@2.667ns period=5.333ns})
  Path Group:             clk_pl_0
  Path Type:              Setup (Max at Slow Process Corner)
  Requirement:            5.333ns  (clk_pl_0 rise@5.333ns - clk_pl_0 rise@0.000ns)
  Data Path Delay:        4.990ns  (logic 1.760ns (35.267%)  route 3.230ns (64.733%))
  Logic Levels:           5  (LUT4=1 LUT5=1 LUT6=3)
  Clock Path Skew:        -0.268ns (DCD - SCD + CPR)
    Destination Clock Delay (DCD):    1.794ns = ( 7.127 - 5.333 ) 
    Source Clock Delay      (SCD):    2.163ns
    Clock Pessimism Removal (CPR):    0.101ns
  Clock Uncertainty:      0.112ns  ((TSJ^2 + DJ^2)^1/2) / 2 + PE
    Total System Jitter     (TSJ):    0.071ns
    Discrete Jitter          (DJ):    0.213ns
    Phase Error              (PE):    0.000ns
  Clock Net Delay (Source):      1.955ns (routing 0.569ns, distribution 1.386ns)
  Clock Net Delay (Destination): 1.626ns (routing 0.512ns, distribution 1.114ns)

    Location             Delay type                Incr(ns)  Path(ns)    Netlist Resource(s)
  -------------------------------------------------------------------    -------------------
                         (clock clk_pl_0 rise edge)
                                                      0.000     0.000 r  
    PS8_X0Y0             PS8                          0.000     0.000 r  design_1_i/zynq_ultra_ps_e_0/U0/PS8_i/PLCLK[0]
                         net (fo=1, routed)           0.180     0.180    design_1_i/zynq_ultra_ps_e_0/U0/pl_clk_unbuffered[0]
    BUFG_PS_X0Y80        BUFG_PS (Prop_BUFG_PS_I_O)
                                                      0.028     0.208 r  design_1_i/zynq_ultra_ps_e_0/U0/buffer_pl_clk_0.PL_CLK_0_BUFG/O
    X1Y2 (CLOCK_ROOT)    net (fo=48996, routed)       1.955     2.163    design_1_i/fractal/U0/pbuf_dcx_1_U/ap_clk
    URAM288_X0Y32        URAM288                                      r  design_1_i/fractal/U0/pbuf_dcx_1_U/ram_reg_uram_0/CLK
  -------------------------------------------------------------------    -------------------
    URAM288_X0Y32        URAM288 (Prop_URAM_288K_INST_URAM288_CLK_DOUT_A[29])
                                                      1.224     3.387 r  design_1_i/fractal/U0/pbuf_dcx_1_U/ram_reg_uram_0/DOUT_A[29]
                         net (fo=43, routed)          1.250     4.637    design_1_i/fractal/U0/pbuf_dcx_1_U/pbuf_dcx_1_q0[29]
    SLICE_X91Y133        LUT4 (Prop_D5LUT_SLICEL_I0_O)
                                                      0.066     4.703 r  design_1_i/fractal/U0/pbuf_dcx_1_U/ram_reg_uram_0_i_1409/O
                         net (fo=1, routed)           0.164     4.867    design_1_i/fractal/U0/pbuf_dcx_1_U/ram_reg_uram_0_i_1409_n_0
    SLICE_X91Y133        LUT6 (Prop_G6LUT_SLICEL_I1_O)
                                                      0.123     4.990 r  design_1_i/fractal/U0/pbuf_dcx_1_U/ram_reg_uram_0_i_813__2/O
                         net (fo=1, routed)           0.197     5.187    design_1_i/fractal/U0/pbuf_dcx_1_U/ram_reg_uram_0_i_813__2_n_0
    SLICE_X89Y130        LUT5 (Prop_B6LUT_SLICEM_I0_O)
                                                      0.125     5.312 r  design_1_i/fractal/U0/pbuf_dcx_1_U/ram_reg_uram_0_i_296__0/O
                         net (fo=1, routed)           0.201     5.513    design_1_i/fractal/U0/pbuf_dcx_1_U/ram_reg_uram_0_i_296__0_n_0
    SLICE_X90Y130        LUT6 (Prop_E6LUT_SLICEL_I4_O)
                                                      0.099     5.612 r  design_1_i/fractal/U0/pbuf_dcx_1_U/ram_reg_uram_0_i_84__1/O
                         net (fo=1, routed)           0.432     6.044    design_1_i/fractal/U0/pbuf_dcx_1_U/ram_reg_uram_0_i_84__1_n_0
    SLICE_X89Y120        LUT6 (Prop_G6LUT_SLICEM_I2_O)
                                                      0.123     6.167 r  design_1_i/fractal/U0/pbuf_dcx_1_U/ram_reg_uram_0_i_15__2/O
                         net (fo=1, routed)           0.986     7.153    design_1_i/fractal/U0/pbuf_dcx_U/DIN_B[29]
    URAM288_X0Y28        URAM288                                      r  design_1_i/fractal/U0/pbuf_dcx_U/ram_reg_uram_0/DIN_B[29]
  -------------------------------------------------------------------    -------------------

                         (clock clk_pl_0 rise edge)
                                                      5.333     5.333 r  
    PS8_X0Y0             PS8                          0.000     5.333 r  design_1_i/zynq_ultra_ps_e_0/U0/PS8_i/PLCLK[0]
                         net (fo=1, routed)           0.143     5.476    design_1_i/zynq_ultra_ps_e_0/U0/pl_clk_unbuffered[0]
    BUFG_PS_X0Y80        BUFG_PS (Prop_BUFG_PS_I_O)
                                                      0.025     5.501 r  design_1_i/zynq_ultra_ps_e_0/U0/buffer_pl_clk_0.PL_CLK_0_BUFG/O
    X1Y2 (CLOCK_ROOT)    net (fo=48996, routed)       1.626     7.127    design_1_i/fractal/U0/pbuf_dcx_U/ap_clk
    URAM288_X0Y28        URAM288                                      r  design_1_i/fractal/U0/pbuf_dcx_U/ram_reg_uram_0/CLK
                         clock pessimism              0.101     7.228    
                         clock uncertainty           -0.112     7.116    
    URAM288_X0Y28        URAM288 (Setup_URAM_288K_INST_URAM288_CLK_DIN_B[29])
                                                     -0.281     6.835    design_1_i/fractal/U0/pbuf_dcx_U/ram_reg_uram_0
  -------------------------------------------------------------------
                         required time                          6.835    
                         arrival time                          -7.153    
  -------------------------------------------------------------------
                         slack                                 -0.319    

Slack (VIOLATED) :        -0.316ns  (required time - arrival time)
  Source:                 design_1_i/fractal/U0/pbuf_idx_1_U/ram_reg_uram_0/CLK
                            (rising edge-triggered cell URAM288 clocked by clk_pl_0  {rise@0.000ns fall@2.667ns period=5.333ns})
  Destination:            design_1_i/fractal/U0/rbuf_U/ram_reg_uram_0/ADDR_A[0]
                            (rising edge-triggered cell URAM288 clocked by clk_pl_0  {rise@0.000ns fall@2.667ns period=5.333ns})
  Path Group:             clk_pl_0
  Path Type:              Setup (Max at Slow Process Corner)
  Requirement:            5.333ns  (clk_pl_0 rise@5.333ns - clk_pl_0 rise@0.000ns)
  Data Path Delay:        5.070ns  (logic 1.701ns (33.548%)  route 3.369ns (66.452%))
  Logic Levels:           5  (LUT5=1 LUT6=4)
  Clock Path Skew:        0.027ns (DCD - SCD + CPR)
    Destination Clock Delay (DCD):    1.974ns = ( 7.307 - 5.333 ) 
    Source Clock Delay      (SCD):    2.048ns
    Clock Pessimism Removal (CPR):    0.101ns
  Clock Uncertainty:      0.112ns  ((TSJ^2 + DJ^2)^1/2) / 2 + PE
    Total System Jitter     (TSJ):    0.071ns
    Discrete Jitter          (DJ):    0.213ns
    Phase Error              (PE):    0.000ns
  Clock Net Delay (Source):      1.840ns (routing 0.569ns, distribution 1.271ns)
  Clock Net Delay (Destination): 1.806ns (routing 0.512ns, distribution 1.294ns)

    Location             Delay type                Incr(ns)  Path(ns)    Netlist Resource(s)
  -------------------------------------------------------------------    -------------------
                         (clock clk_pl_0 rise edge)
                                                      0.000     0.000 r  
    PS8_X0Y0             PS8                          0.000     0.000 r  design_1_i/zynq_ultra_ps_e_0/U0/PS8_i/PLCLK[0]
                         net (fo=1, routed)           0.180     0.180    design_1_i/zynq_ultra_ps_e_0/U0/pl_clk_unbuffered[0]
    BUFG_PS_X0Y80        BUFG_PS (Prop_BUFG_PS_I_O)
                                                      0.028     0.208 r  design_1_i/zynq_ultra_ps_e_0/U0/buffer_pl_clk_0.PL_CLK_0_BUFG/O
    X1Y2 (CLOCK_ROOT)    net (fo=48996, routed)       1.840     2.048    design_1_i/fractal/U0/pbuf_idx_1_U/ap_clk
    URAM288_X0Y30        URAM288                                      r  design_1_i/fractal/U0/pbuf_idx_1_U/ram_reg_uram_0/CLK
  -------------------------------------------------------------------    -------------------
    URAM288_X0Y30        URAM288 (Prop_URAM_288K_INST_URAM288_CLK_DOUT_A[0])
                                                      1.292     3.340 r  design_1_i/fractal/U0/pbuf_idx_1_U/ram_reg_uram_0/DOUT_A[0]
                         net (fo=105, routed)         1.574     4.914    design_1_i/fractal/U0/grp_fractal_Pipeline_168_fu_6621/DOUT_A[0]
    SLICE_X74Y111        LUT6 (Prop_C6LUT_SLICEM_I2_O)
                                                      0.088     5.002 f  design_1_i/fractal/U0/grp_fractal_Pipeline_168_fu_6621/ram_reg_uram_0_i_2898__1/O
                         net (fo=1, routed)           0.119     5.121    design_1_i/fractal/U0/grp_fractal_Pipeline_168_fu_6621/ram_reg_uram_0_i_2898__1_n_0
    SLICE_X74Y110        LUT5 (Prop_B6LUT_SLICEM_I0_O)
                                                      0.149     5.270 f  design_1_i/fractal/U0/grp_fractal_Pipeline_168_fu_6621/ram_reg_uram_0_i_1478__6/O
                         net (fo=1, routed)           0.104     5.374    design_1_i/fractal/U0/grp_fractal_Pipeline_176_fu_6789/ram_reg_uram_0_i_100__12_0
    SLICE_X73Y110        LUT6 (Prop_G6LUT_SLICEM_I2_O)
                                                      0.100     5.474 r  design_1_i/fractal/U0/grp_fractal_Pipeline_176_fu_6789/ram_reg_uram_0_i_463__14/O
                         net (fo=1, routed)           0.376     5.850    design_1_i/fractal/U0/pbuf_idx_1_U/ram_reg_uram_0_i_13__14_0
    SLICE_X70Y129        LUT6 (Prop_F6LUT_SLICEM_I0_O)
                                                      0.037     5.887 r  design_1_i/fractal/U0/pbuf_idx_1_U/ram_reg_uram_0_i_100__12/O
                         net (fo=1, routed)           0.696     6.583    design_1_i/fractal/U0/pbuf_idx_1_U/ram_reg_uram_0_i_100__12_n_0
    SLICE_X65Y149        LUT6 (Prop_E6LUT_SLICEL_I0_O)
                                                      0.035     6.618 r  design_1_i/fractal/U0/pbuf_idx_1_U/ram_reg_uram_0_i_13__14/O
                         net (fo=2, routed)           0.501     7.118    design_1_i/fractal/U0/rbuf_U/ADDR_B[0]
    URAM288_X0Y45        URAM288                                      r  design_1_i/fractal/U0/rbuf_U/ram_reg_uram_0/ADDR_A[0]
  -------------------------------------------------------------------    -------------------

                         (clock clk_pl_0 rise edge)
                                                      5.333     5.333 r  
    PS8_X0Y0             PS8                          0.000     5.333 r  design_1_i/zynq_ultra_ps_e_0/U0/PS8_i/PLCLK[0]
                         net (fo=1, routed)           0.143     5.476    design_1_i/zynq_ultra_ps_e_0/U0/pl_clk_unbuffered[0]
    BUFG_PS_X0Y80        BUFG_PS (Prop_BUFG_PS_I_O)
                                                      0.025     5.501 r  design_1_i/zynq_ultra_ps_e_0/U0/buffer_pl_clk_0.PL_CLK_0_BUFG/O
    X1Y2 (CLOCK_ROOT)    net (fo=48996, routed)       1.806     7.307    design_1_i/fractal/U0/rbuf_U/ap_clk
    URAM288_X0Y45        URAM288                                      r  design_1_i/fractal/U0/rbuf_U/ram_reg_uram_0/CLK
                         clock pessimism              0.101     7.408    
                         clock uncertainty           -0.112     7.296    
    URAM288_X0Y45        URAM288 (Setup_URAM_288K_INST_URAM288_CLK_ADDR_A[0])
                                                     -0.494     6.802    design_1_i/fractal/U0/rbuf_U/ram_reg_uram_0
  -------------------------------------------------------------------
                         required time                          6.802    
                         arrival time                          -7.118    
  -------------------------------------------------------------------
                         slack                                 -0.316    

Slack (VIOLATED) :        -0.302ns  (required time - arrival time)
  Source:                 design_1_i/fractal/U0/pbuf_y_1_U/ram_reg_uram_0/CLK
                            (rising edge-triggered cell URAM288 clocked by clk_pl_0  {rise@0.000ns fall@2.667ns period=5.333ns})
  Destination:            design_1_i/fractal/U0/pbuf_y_U/ram_reg_uram_0/DIN_B[15]
                            (rising edge-triggered cell URAM288 clocked by clk_pl_0  {rise@0.000ns fall@2.667ns period=5.333ns})
  Path Group:             clk_pl_0
  Path Type:              Setup (Max at Slow Process Corner)
  Requirement:            5.333ns  (clk_pl_0 rise@5.333ns - clk_pl_0 rise@0.000ns)
  Data Path Delay:        5.184ns  (logic 1.627ns (31.388%)  route 3.557ns (68.612%))
  Logic Levels:           4  (LUT5=1 LUT6=3)
  Clock Path Skew:        -0.020ns (DCD - SCD + CPR)
    Destination Clock Delay (DCD):    1.896ns = ( 7.229 - 5.333 ) 
    Source Clock Delay      (SCD):    2.017ns
    Clock Pessimism Removal (CPR):    0.101ns
  Clock Uncertainty:      0.112ns  ((TSJ^2 + DJ^2)^1/2) / 2 + PE
    Total System Jitter     (TSJ):    0.071ns
    Discrete Jitter          (DJ):    0.213ns
    Phase Error              (PE):    0.000ns
  Clock Net Delay (Source):      1.809ns (routing 0.569ns, distribution 1.240ns)
  Clock Net Delay (Destination): 1.728ns (routing 0.512ns, distribution 1.216ns)

    Location             Delay type                Incr(ns)  Path(ns)    Netlist Resource(s)
  -------------------------------------------------------------------    -------------------
                         (clock clk_pl_0 rise edge)
                                                      0.000     0.000 r  
    PS8_X0Y0             PS8                          0.000     0.000 r  design_1_i/zynq_ultra_ps_e_0/U0/PS8_i/PLCLK[0]
                         net (fo=1, routed)           0.180     0.180    design_1_i/zynq_ultra_ps_e_0/U0/pl_clk_unbuffered[0]
    BUFG_PS_X0Y80        BUFG_PS (Prop_BUFG_PS_I_O)
                                                      0.028     0.208 r  design_1_i/zynq_ultra_ps_e_0/U0/buffer_pl_clk_0.PL_CLK_0_BUFG/O
    X1Y2 (CLOCK_ROOT)    net (fo=48996, routed)       1.809     2.017    design_1_i/fractal/U0/pbuf_y_1_U/ap_clk
    URAM288_X0Y42        URAM288                                      r  design_1_i/fractal/U0/pbuf_y_1_U/ram_reg_uram_0/CLK
  -------------------------------------------------------------------    -------------------
    URAM288_X0Y42        URAM288 (Prop_URAM_288K_INST_URAM288_CLK_DOUT_A[15])
                                                      1.253     3.270 r  design_1_i/fractal/U0/pbuf_y_1_U/ram_reg_uram_0/DOUT_A[15]
                         net (fo=43, routed)          1.397     4.667    design_1_i/fractal/U0/pbuf_y_1_U/pbuf_y_1_q0[15]
    SLICE_X100Y156       LUT5 (Prop_E6LUT_SLICEL_I1_O)
                                                      0.051     4.718 r  design_1_i/fractal/U0/pbuf_y_1_U/ram_reg_uram_0_i_2134__5/O
                         net (fo=1, routed)           0.648     5.366    design_1_i/fractal/U0/pbuf_y_1_U/ram_reg_uram_0_i_2134__5_n_0
    SLICE_X81Y155        LUT6 (Prop_A6LUT_SLICEM_I5_O)
                                                      0.053     5.419 r  design_1_i/fractal/U0/pbuf_y_1_U/ram_reg_uram_0_i_738__18/O
                         net (fo=1, routed)           0.344     5.763    design_1_i/fractal/U0/pbuf_y_1_U/ram_reg_uram_0_i_738__18_n_0
    SLICE_X78Y145        LUT6 (Prop_B6LUT_SLICEM_I1_O)
                                                      0.125     5.888 r  design_1_i/fractal/U0/pbuf_y_1_U/ram_reg_uram_0_i_193__17/O
                         net (fo=1, routed)           0.110     5.998    design_1_i/fractal/U0/pbuf_y_1_U/ram_reg_uram_0_i_193__17_n_0
    SLICE_X78Y143        LUT6 (Prop_C6LUT_SLICEM_I5_O)
                                                      0.145     6.143 r  design_1_i/fractal/U0/pbuf_y_1_U/ram_reg_uram_0_i_30__20/O
                         net (fo=1, routed)           1.058     7.201    design_1_i/fractal/U0/pbuf_y_U/DIN_B[15]
    URAM288_X0Y26        URAM288                                      r  design_1_i/fractal/U0/pbuf_y_U/ram_reg_uram_0/DIN_B[15]
  -------------------------------------------------------------------    -------------------

                         (clock clk_pl_0 rise edge)
                                                      5.333     5.333 r  
    PS8_X0Y0             PS8                          0.000     5.333 r  design_1_i/zynq_ultra_ps_e_0/U0/PS8_i/PLCLK[0]
                         net (fo=1, routed)           0.143     5.476    design_1_i/zynq_ultra_ps_e_0/U0/pl_clk_unbuffered[0]
    BUFG_PS_X0Y80        BUFG_PS (Prop_BUFG_PS_I_O)
                                                      0.025     5.501 r  design_1_i/zynq_ultra_ps_e_0/U0/buffer_pl_clk_0.PL_CLK_0_BUFG/O
    X1Y2 (CLOCK_ROOT)    net (fo=48996, routed)       1.728     7.229    design_1_i/fractal/U0/pbuf_y_U/ap_clk
    URAM288_X0Y26        URAM288                                      r  design_1_i/fractal/U0/pbuf_y_U/ram_reg_uram_0/CLK
                         clock pessimism              0.101     7.330    
                         clock uncertainty           -0.112     7.218    
    URAM288_X0Y26        URAM288 (Setup_URAM_288K_INST_URAM288_CLK_DIN_B[15])
                                                     -0.319     6.899    design_1_i/fractal/U0/pbuf_y_U/ram_reg_uram_0
  -------------------------------------------------------------------
                         required time                          6.899    
                         arrival time                          -7.201    
  -------------------------------------------------------------------
                         slack                                 -0.302    

Slack (VIOLATED) :        -0.291ns  (required time - arrival time)
  Source:                 design_1_i/fractal/U0/pbuf_y_1_U/ram_reg_uram_0/CLK
                            (rising edge-triggered cell URAM288 clocked by clk_pl_0  {rise@0.000ns fall@2.667ns period=5.333ns})
  Destination:            design_1_i/fractal/U0/pbuf_y_U/ram_reg_uram_0/DIN_B[17]
                            (rising edge-triggered cell URAM288 clocked by clk_pl_0  {rise@0.000ns fall@2.667ns period=5.333ns})
  Path Group:             clk_pl_0
  Path Type:              Setup (Max at Slow Process Corner)
  Requirement:            5.333ns  (clk_pl_0 rise@5.333ns - clk_pl_0 rise@0.000ns)
  Data Path Delay:        5.152ns  (logic 1.622ns (31.481%)  route 3.530ns (68.519%))
  Logic Levels:           4  (LUT5=1 LUT6=3)
  Clock Path Skew:        -0.020ns (DCD - SCD + CPR)
    Destination Clock Delay (DCD):    1.896ns = ( 7.229 - 5.333 ) 
    Source Clock Delay      (SCD):    2.017ns
    Clock Pessimism Removal (CPR):    0.101ns
  Clock Uncertainty:      0.112ns  ((TSJ^2 + DJ^2)^1/2) / 2 + PE
    Total System Jitter     (TSJ):    0.071ns
    Discrete Jitter          (DJ):    0.213ns
    Phase Error              (PE):    0.000ns
  Clock Net Delay (Source):      1.809ns (routing 0.569ns, distribution 1.240ns)
  Clock Net Delay (Destination): 1.728ns (routing 0.512ns, distribution 1.216ns)

    Location             Delay type                Incr(ns)  Path(ns)    Netlist Resource(s)
  -------------------------------------------------------------------    -------------------
                         (clock clk_pl_0 rise edge)
                                                      0.000     0.000 r  
    PS8_X0Y0             PS8                          0.000     0.000 r  design_1_i/zynq_ultra_ps_e_0/U0/PS8_i/PLCLK[0]
                         net (fo=1, routed)           0.180     0.180    design_1_i/zynq_ultra_ps_e_0/U0/pl_clk_unbuffered[0]
    BUFG_PS_X0Y80        BUFG_PS (Prop_BUFG_PS_I_O)
                                                      0.028     0.208 r  design_1_i/zynq_ultra_ps_e_0/U0/buffer_pl_clk_0.PL_CLK_0_BUFG/O
    X1Y2 (CLOCK_ROOT)    net (fo=48996, routed)       1.809     2.017    design_1_i/fractal/U0/pbuf_y_1_U/ap_clk
    URAM288_X0Y42        URAM288                                      r  design_1_i/fractal/U0/pbuf_y_1_U/ram_reg_uram_0/CLK
  -------------------------------------------------------------------    -------------------
    URAM288_X0Y42        URAM288 (Prop_URAM_288K_INST_URAM288_CLK_DOUT_A[17])
                                                      1.247     3.264 r  design_1_i/fractal/U0/pbuf_y_1_U/ram_reg_uram_0/DOUT_A[17]
                         net (fo=43, routed)          1.489     4.753    design_1_i/fractal/U0/pbuf_y_1_U/pbuf_y_1_q0[17]
    SLICE_X104Y161       LUT5 (Prop_A6LUT_SLICEM_I0_O)
                                                      0.090     4.843 r  design_1_i/fractal/U0/pbuf_y_1_U/ram_reg_uram_0_i_2017__6/O
                         net (fo=1, routed)           0.430     5.273    design_1_i/fractal/U0/pbuf_y_1_U/ram_reg_uram_0_i_2017__6_n_0
    SLICE_X103Y121       LUT6 (Prop_A6LUT_SLICEL_I4_O)
                                                      0.098     5.371 r  design_1_i/fractal/U0/pbuf_y_1_U/ram_reg_uram_0_i_696__18/O
                         net (fo=1, routed)           0.874     6.245    design_1_i/fractal/U0/pbuf_y_1_U/ram_reg_uram_0_i_696__18_n_0
    SLICE_X67Y121        LUT6 (Prop_C6LUT_SLICEM_I2_O)
                                                      0.037     6.282 r  design_1_i/fractal/U0/pbuf_y_1_U/ram_reg_uram_0_i_179__19/O
                         net (fo=1, routed)           0.071     6.353    design_1_i/fractal/U0/pbuf_y_1_U/ram_reg_uram_0_i_179__19_n_0
    SLICE_X67Y121        LUT6 (Prop_G6LUT_SLICEM_I0_O)
                                                      0.150     6.503 r  design_1_i/fractal/U0/pbuf_y_1_U/ram_reg_uram_0_i_28__20/O
                         net (fo=1, routed)           0.666     7.169    design_1_i/fractal/U0/pbuf_y_U/DIN_B[17]
    URAM288_X0Y26        URAM288                                      r  design_1_i/fractal/U0/pbuf_y_U/ram_reg_uram_0/DIN_B[17]
  -------------------------------------------------------------------    -------------------

                         (clock clk_pl_0 rise edge)
                                                      5.333     5.333 r  
    PS8_X0Y0             PS8                          0.000     5.333 r  design_1_i/zynq_ultra_ps_e_0/U0/PS8_i/PLCLK[0]
                         net (fo=1, routed)           0.143     5.476    design_1_i/zynq_ultra_ps_e_0/U0/pl_clk_unbuffered[0]
    BUFG_PS_X0Y80        BUFG_PS (Prop_BUFG_PS_I_O)
                                                      0.025     5.501 r  design_1_i/zynq_ultra_ps_e_0/U0/buffer_pl_clk_0.PL_CLK_0_BUFG/O
    X1Y2 (CLOCK_ROOT)    net (fo=48996, routed)       1.728     7.229    design_1_i/fractal/U0/pbuf_y_U/ap_clk
    URAM288_X0Y26        URAM288                                      r  design_1_i/fractal/U0/pbuf_y_U/ram_reg_uram_0/CLK
                         clock pessimism              0.101     7.330    
                         clock uncertainty           -0.112     7.218    
    URAM288_X0Y26        URAM288 (Setup_URAM_288K_INST_URAM288_CLK_DIN_B[17])
                                                     -0.340     6.878    design_1_i/fractal/U0/pbuf_y_U/ram_reg_uram_0
  -------------------------------------------------------------------
                         required time                          6.878    
                         arrival time                          -7.169    
  -------------------------------------------------------------------
                         slack                                 -0.291    





Min Delay Paths
--------------------------------------------------------------------------------------
Slack (MET) :             0.010ns  (arrival time - required time)
  Source:                 design_1_i/fractal/U0/add_ln17_101_reg_18639_reg[59]/C
                            (rising edge-triggered cell FDRE clocked by clk_pl_0  {rise@0.000ns fall@2.667ns period=5.333ns})
  Destination:            design_1_i/fractal/U0/p_cast13_reg_19319_reg[57]/D
                            (rising edge-triggered cell FDRE clocked by clk_pl_0  {rise@0.000ns fall@2.667ns period=5.333ns})
  Path Group:             clk_pl_0
  Path Type:              Hold (Min at Slow Process Corner)
  Requirement:            0.000ns  (clk_pl_0 rise@0.000ns - clk_pl_0 rise@0.000ns)
  Data Path Delay:        0.173ns  (logic 0.058ns (33.526%)  route 0.115ns (66.474%))
  Logic Levels:           0  
  Clock Path Skew:        0.101ns (DCD - SCD - CPR)
    Destination Clock Delay (DCD):    2.138ns
    Source Clock Delay      (SCD):    1.861ns
    Clock Pessimism Removal (CPR):    0.176ns
  Clock Net Delay (Source):      1.693ns (routing 0.512ns, distribution 1.181ns)
  Clock Net Delay (Destination): 1.930ns (routing 0.569ns, distribution 1.361ns)

    Location             Delay type                Incr(ns)  Path(ns)    Netlist Resource(s)
  -------------------------------------------------------------------    -------------------
                         (clock clk_pl_0 rise edge)
                                                      0.000     0.000 r  
    PS8_X0Y0             PS8                          0.000     0.000 r  design_1_i/zynq_ultra_ps_e_0/U0/PS8_i/PLCLK[0]
                         net (fo=1, routed)           0.143     0.143    design_1_i/zynq_ultra_ps_e_0/U0/pl_clk_unbuffered[0]
    BUFG_PS_X0Y80        BUFG_PS (Prop_BUFG_PS_I_O)
                                                      0.025     0.168 r  design_1_i/zynq_ultra_ps_e_0/U0/buffer_pl_clk_0.PL_CLK_0_BUFG/O
    X1Y2 (CLOCK_ROOT)    net (fo=48996, routed)       1.693     1.861    design_1_i/fractal/U0/ap_clk
    SLICE_X41Y248        FDRE                                         r  design_1_i/fractal/U0/add_ln17_101_reg_18639_reg[59]/C
  -------------------------------------------------------------------    -------------------
    SLICE_X41Y248        FDRE (Prop_CFF_SLICEM_C_Q)
                                                      0.058     1.919 r  design_1_i/fractal/U0/add_ln17_101_reg_18639_reg[59]/Q
                         net (fo=1, routed)           0.115     2.034    design_1_i/fractal/U0/add_ln17_101_reg_18639[59]
    SLICE_X40Y247        FDRE                                         r  design_1_i/fractal/U0/p_cast13_reg_19319_reg[57]/D
  -------------------------------------------------------------------    -------------------

                         (clock clk_pl_0 rise edge)
                                                      0.000     0.000 r  
    PS8_X0Y0             PS8                          0.000     0.000 r  design_1_i/zynq_ultra_ps_e_0/U0/PS8_i/PLCLK[0]
                         net (fo=1, routed)           0.180     0.180    design_1_i/zynq_ultra_ps_e_0/U0/pl_clk_unbuffered[0]
    BUFG_PS_X0Y80        BUFG_PS (Prop_BUFG_PS_I_O)
                                                      0.028     0.208 r  design_1_i/zynq_ultra_ps_e_0/U0/buffer_pl_clk_0.PL_CLK_0_BUFG/O
    X1Y2 (CLOCK_ROOT)    net (fo=48996, routed)       1.930     2.138    design_1_i/fractal/U0/ap_clk
    SLICE_X40Y247        FDRE                                         r  design_1_i/fractal/U0/p_cast13_reg_19319_reg[57]/C
                         clock pessimism             -0.176     1.962    
    SLICE_X40Y247        FDRE (Hold_EFF2_SLICEL_C_D)
                                                      0.062     2.024    design_1_i/fractal/U0/p_cast13_reg_19319_reg[57]
  -------------------------------------------------------------------
                         required time                         -2.024    
                         arrival time                           2.034    
  -------------------------------------------------------------------
                         slack                                  0.010    

Slack (MET) :             0.010ns  (arrival time - required time)
  Source:                 design_1_i/fractal/U0/grp_fractal_Pipeline_224_fu_7797_ap_start_reg_reg/C
                            (rising edge-triggered cell FDRE clocked by clk_pl_0  {rise@0.000ns fall@2.667ns period=5.333ns})
  Destination:            design_1_i/fractal/U0/grp_fractal_Pipeline_224_fu_7797/flow_control_loop_pipe_sequential_init_U/ap_loop_init_int_reg/D
                            (rising edge-triggered cell FDRE clocked by clk_pl_0  {rise@0.000ns fall@2.667ns period=5.333ns})
  Path Group:             clk_pl_0
  Path Type:              Hold (Min at Slow Process Corner)
  Requirement:            0.000ns  (clk_pl_0 rise@0.000ns - clk_pl_0 rise@0.000ns)
  Data Path Delay:        0.173ns  (logic 0.080ns (46.238%)  route 0.093ns (53.762%))
  Logic Levels:           1  (LUT6=1)
  Clock Path Skew:        0.103ns (DCD - SCD - CPR)
    Destination Clock Delay (DCD):    2.161ns
    Source Clock Delay      (SCD):    1.886ns
    Clock Pessimism Removal (CPR):    0.172ns
  Clock Net Delay (Source):      1.718ns (routing 0.512ns, distribution 1.206ns)
  Clock Net Delay (Destination): 1.953ns (routing 0.569ns, distribution 1.384ns)

    Location             Delay type                Incr(ns)  Path(ns)    Netlist Resource(s)
  -------------------------------------------------------------------    -------------------
                         (clock clk_pl_0 rise edge)
                                                      0.000     0.000 r  
    PS8_X0Y0             PS8                          0.000     0.000 r  design_1_i/zynq_ultra_ps_e_0/U0/PS8_i/PLCLK[0]
                         net (fo=1, routed)           0.143     0.143    design_1_i/zynq_ultra_ps_e_0/U0/pl_clk_unbuffered[0]
    BUFG_PS_X0Y80        BUFG_PS (Prop_BUFG_PS_I_O)
                                                      0.025     0.168 r  design_1_i/zynq_ultra_ps_e_0/U0/buffer_pl_clk_0.PL_CLK_0_BUFG/O
    X1Y2 (CLOCK_ROOT)    net (fo=48996, routed)       1.718     1.886    design_1_i/fractal/U0/ap_clk
    SLICE_X73Y205        FDRE                                         r  design_1_i/fractal/U0/grp_fractal_Pipeline_224_fu_7797_ap_start_reg_reg/C
  -------------------------------------------------------------------    -------------------
    SLICE_X73Y205        FDRE (Prop_HFF_SLICEM_C_Q)
                                                      0.058     1.944 f  design_1_i/fractal/U0/grp_fractal_Pipeline_224_fu_7797_ap_start_reg_reg/Q
                         net (fo=7, routed)           0.071     2.015    design_1_i/fractal/U0/grp_fractal_Pipeline_224_fu_7797/flow_control_loop_pipe_sequential_init_U/ap_loop_init_int_reg_1
    SLICE_X72Y205        LUT6 (Prop_G6LUT_SLICEL_I1_O)
                                                      0.022     2.037 r  design_1_i/fractal/U0/grp_fractal_Pipeline_224_fu_7797/flow_control_loop_pipe_sequential_init_U/ap_loop_init_int_i_1__81/O
                         net (fo=1, routed)           0.022     2.059    design_1_i/fractal/U0/grp_fractal_Pipeline_224_fu_7797/flow_control_loop_pipe_sequential_init_U/ap_loop_init_int_i_1__81_n_0
    SLICE_X72Y205        FDRE                                         r  design_1_i/fractal/U0/grp_fractal_Pipeline_224_fu_7797/flow_control_loop_pipe_sequential_init_U/ap_loop_init_int_reg/D
  -------------------------------------------------------------------    -------------------

                         (clock clk_pl_0 rise edge)
                                                      0.000     0.000 r  
    PS8_X0Y0             PS8                          0.000     0.000 r  design_1_i/zynq_ultra_ps_e_0/U0/PS8_i/PLCLK[0]
                         net (fo=1, routed)           0.180     0.180    design_1_i/zynq_ultra_ps_e_0/U0/pl_clk_unbuffered[0]
    BUFG_PS_X0Y80        BUFG_PS (Prop_BUFG_PS_I_O)
                                                      0.028     0.208 r  design_1_i/zynq_ultra_ps_e_0/U0/buffer_pl_clk_0.PL_CLK_0_BUFG/O
    X1Y2 (CLOCK_ROOT)    net (fo=48996, routed)       1.953     2.161    design_1_i/fractal/U0/grp_fractal_Pipeline_224_fu_7797/flow_control_loop_pipe_sequential_init_U/ap_clk
    SLICE_X72Y205        FDRE                                         r  design_1_i/fractal/U0/grp_fractal_Pipeline_224_fu_7797/flow_control_loop_pipe_sequential_init_U/ap_loop_init_int_reg/C
                         clock pessimism             -0.172     1.989    
    SLICE_X72Y205        FDRE (Hold_GFF_SLICEL_C_D)
                                                      0.060     2.049    design_1_i/fractal/U0/grp_fractal_Pipeline_224_fu_7797/flow_control_loop_pipe_sequential_init_U/ap_loop_init_int_reg
  -------------------------------------------------------------------
                         required time                         -2.049    
                         arrival time                           2.059    
  -------------------------------------------------------------------
                         slack                                  0.010    

Slack (MET) :             0.010ns  (arrival time - required time)
  Source:                 design_1_i/fractal/U0/grp_fractal_Pipeline_line_init43_fu_4362/xi_fu_68_reg[4]/C
                            (rising edge-triggered cell FDRE clocked by clk_pl_0  {rise@0.000ns fall@2.667ns period=5.333ns})
  Destination:            design_1_i/fractal/U0/grp_fractal_Pipeline_line_init43_fu_4362/zext_ln31_19_reg_357_reg[4]/D
                            (rising edge-triggered cell FDRE clocked by clk_pl_0  {rise@0.000ns fall@2.667ns period=5.333ns})
  Path Group:             clk_pl_0
  Path Type:              Hold (Min at Slow Process Corner)
  Requirement:            0.000ns  (clk_pl_0 rise@0.000ns - clk_pl_0 rise@0.000ns)
  Data Path Delay:        0.176ns  (logic 0.058ns (32.908%)  route 0.118ns (67.092%))
  Logic Levels:           0  
  Clock Path Skew:        0.104ns (DCD - SCD - CPR)
    Destination Clock Delay (DCD):    2.141ns
    Source Clock Delay      (SCD):    1.863ns
    Clock Pessimism Removal (CPR):    0.174ns
  Clock Net Delay (Source):      1.695ns (routing 0.512ns, distribution 1.183ns)
  Clock Net Delay (Destination): 1.933ns (routing 0.569ns, distribution 1.364ns)

    Location             Delay type                Incr(ns)  Path(ns)    Netlist Resource(s)
  -------------------------------------------------------------------    -------------------
                         (clock clk_pl_0 rise edge)
                                                      0.000     0.000 r  
    PS8_X0Y0             PS8                          0.000     0.000 r  design_1_i/zynq_ultra_ps_e_0/U0/PS8_i/PLCLK[0]
                         net (fo=1, routed)           0.143     0.143    design_1_i/zynq_ultra_ps_e_0/U0/pl_clk_unbuffered[0]
    BUFG_PS_X0Y80        BUFG_PS (Prop_BUFG_PS_I_O)
                                                      0.025     0.168 r  design_1_i/zynq_ultra_ps_e_0/U0/buffer_pl_clk_0.PL_CLK_0_BUFG/O
    X1Y2 (CLOCK_ROOT)    net (fo=48996, routed)       1.695     1.863    design_1_i/fractal/U0/grp_fractal_Pipeline_line_init43_fu_4362/ap_clk
    SLICE_X78Y87         FDRE                                         r  design_1_i/fractal/U0/grp_fractal_Pipeline_line_init43_fu_4362/xi_fu_68_reg[4]/C
  -------------------------------------------------------------------    -------------------
    SLICE_X78Y87         FDRE (Prop_DFF_SLICEM_C_Q)
                                                      0.058     1.921 r  design_1_i/fractal/U0/grp_fractal_Pipeline_line_init43_fu_4362/xi_fu_68_reg[4]/Q
                         net (fo=5, routed)           0.118     2.039    design_1_i/fractal/U0/grp_fractal_Pipeline_line_init43_fu_4362/xi_fu_68_reg_n_0_[4]
    SLICE_X76Y86         FDRE                                         r  design_1_i/fractal/U0/grp_fractal_Pipeline_line_init43_fu_4362/zext_ln31_19_reg_357_reg[4]/D
  -------------------------------------------------------------------    -------------------

                         (clock clk_pl_0 rise edge)
                                                      0.000     0.000 r  
    PS8_X0Y0             PS8                          0.000     0.000 r  design_1_i/zynq_ultra_ps_e_0/U0/PS8_i/PLCLK[0]
                         net (fo=1, routed)           0.180     0.180    design_1_i/zynq_ultra_ps_e_0/U0/pl_clk_unbuffered[0]
    BUFG_PS_X0Y80        BUFG_PS (Prop_BUFG_PS_I_O)
                                                      0.028     0.208 r  design_1_i/zynq_ultra_ps_e_0/U0/buffer_pl_clk_0.PL_CLK_0_BUFG/O
    X1Y2 (CLOCK_ROOT)    net (fo=48996, routed)       1.933     2.141    design_1_i/fractal/U0/grp_fractal_Pipeline_line_init43_fu_4362/ap_clk
    SLICE_X76Y86         FDRE                                         r  design_1_i/fractal/U0/grp_fractal_Pipeline_line_init43_fu_4362/zext_ln31_19_reg_357_reg[4]/C
                         clock pessimism             -0.174     1.967    
    SLICE_X76Y86         FDRE (Hold_EFF2_SLICEL_C_D)
                                                      0.062     2.029    design_1_i/fractal/U0/grp_fractal_Pipeline_line_init43_fu_4362/zext_ln31_19_reg_357_reg[4]
  -------------------------------------------------------------------
                         required time                         -2.029    
                         arrival time                           2.039    
  -------------------------------------------------------------------
                         slack                                  0.010    

Slack (MET) :             0.010ns  (arrival time - required time)
  Source:                 <hidden>
                            (rising edge-triggered cell FDRE clocked by clk_pl_0  {rise@0.000ns fall@2.667ns period=5.333ns})
  Destination:            <hidden>
                            (rising edge-triggered cell FDRE clocked by clk_pl_0  {rise@0.000ns fall@2.667ns period=5.333ns})
  Path Group:             clk_pl_0
  Path Type:              Hold (Min at Slow Process Corner)
  Requirement:            0.000ns  (clk_pl_0 rise@0.000ns - clk_pl_0 rise@0.000ns)
  Data Path Delay:        0.127ns  (logic 0.058ns (45.599%)  route 0.069ns (54.401%))
  Logic Levels:           0  
  Clock Path Skew:        0.055ns (DCD - SCD - CPR)
    Destination Clock Delay (DCD):    2.009ns
    Source Clock Delay      (SCD):    1.741ns
    Clock Pessimism Removal (CPR):    0.213ns
  Clock Net Delay (Source):      1.573ns (routing 0.512ns, distribution 1.061ns)
  Clock Net Delay (Destination): 1.801ns (routing 0.569ns, distribution 1.232ns)

    Location             Delay type                Incr(ns)  Path(ns)    Netlist Resource(s)
  -------------------------------------------------------------------    -------------------
                         (clock clk_pl_0 rise edge)
                                                      0.000     0.000 r  
    PS8_X0Y0             PS8                          0.000     0.000 r  design_1_i/zynq_ultra_ps_e_0/U0/PS8_i/PLCLK[0]
                         net (fo=1, routed)           0.143     0.143    design_1_i/zynq_ultra_ps_e_0/U0/pl_clk_unbuffered[0]
    BUFG_PS_X0Y80        BUFG_PS (Prop_BUFG_PS_I_O)
                                                      0.025     0.168 r  design_1_i/zynq_ultra_ps_e_0/U0/buffer_pl_clk_0.PL_CLK_0_BUFG/O
    X1Y2 (CLOCK_ROOT)    net (fo=48996, routed)       1.573     1.741    <hidden>
    SLICE_X60Y63         FDRE                                         r  <hidden>
  -------------------------------------------------------------------    -------------------
    SLICE_X60Y63         FDRE (Prop_AFF_SLICEL_C_Q)
                                                      0.058     1.799 r  <hidden>
                         net (fo=4, routed)           0.069     1.868    <hidden>
    SLICE_X60Y62         FDRE                                         r  <hidden>
  -------------------------------------------------------------------    -------------------

                         (clock clk_pl_0 rise edge)
                                                      0.000     0.000 r  
    PS8_X0Y0             PS8                          0.000     0.000 r  design_1_i/zynq_ultra_ps_e_0/U0/PS8_i/PLCLK[0]
                         net (fo=1, routed)           0.180     0.180    design_1_i/zynq_ultra_ps_e_0/U0/pl_clk_unbuffered[0]
    BUFG_PS_X0Y80        BUFG_PS (Prop_BUFG_PS_I_O)
                                                      0.028     0.208 r  design_1_i/zynq_ultra_ps_e_0/U0/buffer_pl_clk_0.PL_CLK_0_BUFG/O
    X1Y2 (CLOCK_ROOT)    net (fo=48996, routed)       1.801     2.009    <hidden>
    SLICE_X60Y62         FDRE                                         r  <hidden>
                         clock pessimism             -0.213     1.796    
    SLICE_X60Y62         FDRE (Hold_AFF2_SLICEL_C_D)
                                                      0.062     1.858    <hidden>
  -------------------------------------------------------------------
                         required time                         -1.858    
                         arrival time                           1.868    
  -------------------------------------------------------------------
                         slack                                  0.010    

Slack (MET) :             0.010ns  (arrival time - required time)
  Source:                 design_1_i/fractal/U0/add_ln17_87_reg_18604_reg[54]/C
                            (rising edge-triggered cell FDRE clocked by clk_pl_0  {rise@0.000ns fall@2.667ns period=5.333ns})
  Destination:            design_1_i/fractal/U0/p_cast20_reg_19648_reg[52]/D
                            (rising edge-triggered cell FDRE clocked by clk_pl_0  {rise@0.000ns fall@2.667ns period=5.333ns})
  Path Group:             clk_pl_0
  Path Type:              Hold (Min at Slow Process Corner)
  Requirement:            0.000ns  (clk_pl_0 rise@0.000ns - clk_pl_0 rise@0.000ns)
  Data Path Delay:        0.163ns  (logic 0.058ns (35.583%)  route 0.105ns (64.417%))
  Logic Levels:           0  
  Clock Path Skew:        0.091ns (DCD - SCD - CPR)
    Destination Clock Delay (DCD):    2.130ns
    Source Clock Delay      (SCD):    1.863ns
    Clock Pessimism Removal (CPR):    0.176ns
  Clock Net Delay (Source):      1.695ns (routing 0.512ns, distribution 1.183ns)
  Clock Net Delay (Destination): 1.922ns (routing 0.569ns, distribution 1.353ns)

    Location             Delay type                Incr(ns)  Path(ns)    Netlist Resource(s)
  -------------------------------------------------------------------    -------------------
                         (clock clk_pl_0 rise edge)
                                                      0.000     0.000 r  
    PS8_X0Y0             PS8                          0.000     0.000 r  design_1_i/zynq_ultra_ps_e_0/U0/PS8_i/PLCLK[0]
                         net (fo=1, routed)           0.143     0.143    design_1_i/zynq_ultra_ps_e_0/U0/pl_clk_unbuffered[0]
    BUFG_PS_X0Y80        BUFG_PS (Prop_BUFG_PS_I_O)
                                                      0.025     0.168 r  design_1_i/zynq_ultra_ps_e_0/U0/buffer_pl_clk_0.PL_CLK_0_BUFG/O
    X1Y2 (CLOCK_ROOT)    net (fo=48996, routed)       1.695     1.863    design_1_i/fractal/U0/ap_clk
    SLICE_X26Y268        FDRE                                         r  design_1_i/fractal/U0/add_ln17_87_reg_18604_reg[54]/C
  -------------------------------------------------------------------    -------------------
    SLICE_X26Y268        FDRE (Prop_FFF_SLICEL_C_Q)
                                                      0.058     1.921 r  design_1_i/fractal/U0/add_ln17_87_reg_18604_reg[54]/Q
                         net (fo=1, routed)           0.105     2.026    design_1_i/fractal/U0/add_ln17_87_reg_18604[54]
    SLICE_X27Y269        FDRE                                         r  design_1_i/fractal/U0/p_cast20_reg_19648_reg[52]/D
  -------------------------------------------------------------------    -------------------

                         (clock clk_pl_0 rise edge)
                                                      0.000     0.000 r  
    PS8_X0Y0             PS8                          0.000     0.000 r  design_1_i/zynq_ultra_ps_e_0/U0/PS8_i/PLCLK[0]
                         net (fo=1, routed)           0.180     0.180    design_1_i/zynq_ultra_ps_e_0/U0/pl_clk_unbuffered[0]
    BUFG_PS_X0Y80        BUFG_PS (Prop_BUFG_PS_I_O)
                                                      0.028     0.208 r  design_1_i/zynq_ultra_ps_e_0/U0/buffer_pl_clk_0.PL_CLK_0_BUFG/O
    X1Y2 (CLOCK_ROOT)    net (fo=48996, routed)       1.922     2.130    design_1_i/fractal/U0/ap_clk
    SLICE_X27Y269        FDRE                                         r  design_1_i/fractal/U0/p_cast20_reg_19648_reg[52]/C
                         clock pessimism             -0.176     1.953    
    SLICE_X27Y269        FDRE (Hold_EFF2_SLICEL_C_D)
                                                      0.062     2.015    design_1_i/fractal/U0/p_cast20_reg_19648_reg[52]
  -------------------------------------------------------------------
                         required time                         -2.015    
                         arrival time                           2.026    
  -------------------------------------------------------------------
                         slack                                  0.010    

Slack (MET) :             0.011ns  (arrival time - required time)
  Source:                 design_1_i/fractal/U0/add_ln17_65_reg_18549_reg[61]/C
                            (rising edge-triggered cell FDRE clocked by clk_pl_0  {rise@0.000ns fall@2.667ns period=5.333ns})
  Destination:            design_1_i/fractal/U0/p_cast31_reg_20099_reg[59]/D
                            (rising edge-triggered cell FDRE clocked by clk_pl_0  {rise@0.000ns fall@2.667ns period=5.333ns})
  Path Group:             clk_pl_0
  Path Type:              Hold (Min at Slow Process Corner)
  Requirement:            0.000ns  (clk_pl_0 rise@0.000ns - clk_pl_0 rise@0.000ns)
  Data Path Delay:        0.167ns  (logic 0.059ns (35.329%)  route 0.108ns (64.671%))
  Logic Levels:           0  
  Clock Path Skew:        0.094ns (DCD - SCD - CPR)
    Destination Clock Delay (DCD):    2.137ns
    Source Clock Delay      (SCD):    1.867ns
    Clock Pessimism Removal (CPR):    0.176ns
  Clock Net Delay (Source):      1.699ns (routing 0.512ns, distribution 1.187ns)
  Clock Net Delay (Destination): 1.929ns (routing 0.569ns, distribution 1.360ns)

    Location             Delay type                Incr(ns)  Path(ns)    Netlist Resource(s)
  -------------------------------------------------------------------    -------------------
                         (clock clk_pl_0 rise edge)
                                                      0.000     0.000 r  
    PS8_X0Y0             PS8                          0.000     0.000 r  design_1_i/zynq_ultra_ps_e_0/U0/PS8_i/PLCLK[0]
                         net (fo=1, routed)           0.143     0.143    design_1_i/zynq_ultra_ps_e_0/U0/pl_clk_unbuffered[0]
    BUFG_PS_X0Y80        BUFG_PS (Prop_BUFG_PS_I_O)
                                                      0.025     0.168 r  design_1_i/zynq_ultra_ps_e_0/U0/buffer_pl_clk_0.PL_CLK_0_BUFG/O
    X1Y2 (CLOCK_ROOT)    net (fo=48996, routed)       1.699     1.867    design_1_i/fractal/U0/ap_clk
    SLICE_X32Y284        FDRE                                         r  design_1_i/fractal/U0/add_ln17_65_reg_18549_reg[61]/C
  -------------------------------------------------------------------    -------------------
    SLICE_X32Y284        FDRE (Prop_EFF_SLICEL_C_Q)
                                                      0.059     1.926 r  design_1_i/fractal/U0/add_ln17_65_reg_18549_reg[61]/Q
                         net (fo=1, routed)           0.108     2.034    design_1_i/fractal/U0/add_ln17_65_reg_18549[61]
    SLICE_X33Y285        FDRE                                         r  design_1_i/fractal/U0/p_cast31_reg_20099_reg[59]/D
  -------------------------------------------------------------------    -------------------

                         (clock clk_pl_0 rise edge)
                                                      0.000     0.000 r  
    PS8_X0Y0             PS8                          0.000     0.000 r  design_1_i/zynq_ultra_ps_e_0/U0/PS8_i/PLCLK[0]
                         net (fo=1, routed)           0.180     0.180    design_1_i/zynq_ultra_ps_e_0/U0/pl_clk_unbuffered[0]
    BUFG_PS_X0Y80        BUFG_PS (Prop_BUFG_PS_I_O)
                                                      0.028     0.208 r  design_1_i/zynq_ultra_ps_e_0/U0/buffer_pl_clk_0.PL_CLK_0_BUFG/O
    X1Y2 (CLOCK_ROOT)    net (fo=48996, routed)       1.929     2.137    design_1_i/fractal/U0/ap_clk
    SLICE_X33Y285        FDRE                                         r  design_1_i/fractal/U0/p_cast31_reg_20099_reg[59]/C
                         clock pessimism             -0.176     1.961    
    SLICE_X33Y285        FDRE (Hold_FFF2_SLICEL_C_D)
                                                      0.062     2.023    design_1_i/fractal/U0/p_cast31_reg_20099_reg[59]
  -------------------------------------------------------------------
                         required time                         -2.023    
                         arrival time                           2.034    
  -------------------------------------------------------------------
                         slack                                  0.011    

Slack (MET) :             0.011ns  (arrival time - required time)
  Source:                 design_1_i/fractal/U0/add_ln17_101_reg_18639_reg[26]/C
                            (rising edge-triggered cell FDRE clocked by clk_pl_0  {rise@0.000ns fall@2.667ns period=5.333ns})
  Destination:            design_1_i/fractal/U0/p_cast13_reg_19319_reg[24]/D
                            (rising edge-triggered cell FDRE clocked by clk_pl_0  {rise@0.000ns fall@2.667ns period=5.333ns})
  Path Group:             clk_pl_0
  Path Type:              Hold (Min at Slow Process Corner)
  Requirement:            0.000ns  (clk_pl_0 rise@0.000ns - clk_pl_0 rise@0.000ns)
  Data Path Delay:        0.176ns  (logic 0.058ns (32.955%)  route 0.118ns (67.045%))
  Logic Levels:           0  
  Clock Path Skew:        0.103ns (DCD - SCD - CPR)
    Destination Clock Delay (DCD):    2.137ns
    Source Clock Delay      (SCD):    1.858ns
    Clock Pessimism Removal (CPR):    0.176ns
  Clock Net Delay (Source):      1.690ns (routing 0.512ns, distribution 1.178ns)
  Clock Net Delay (Destination): 1.929ns (routing 0.569ns, distribution 1.360ns)

    Location             Delay type                Incr(ns)  Path(ns)    Netlist Resource(s)
  -------------------------------------------------------------------    -------------------
                         (clock clk_pl_0 rise edge)
                                                      0.000     0.000 r  
    PS8_X0Y0             PS8                          0.000     0.000 r  design_1_i/zynq_ultra_ps_e_0/U0/PS8_i/PLCLK[0]
                         net (fo=1, routed)           0.143     0.143    design_1_i/zynq_ultra_ps_e_0/U0/pl_clk_unbuffered[0]
    BUFG_PS_X0Y80        BUFG_PS (Prop_BUFG_PS_I_O)
                                                      0.025     0.168 r  design_1_i/zynq_ultra_ps_e_0/U0/buffer_pl_clk_0.PL_CLK_0_BUFG/O
    X1Y2 (CLOCK_ROOT)    net (fo=48996, routed)       1.690     1.858    design_1_i/fractal/U0/ap_clk
    SLICE_X41Y244        FDRE                                         r  design_1_i/fractal/U0/add_ln17_101_reg_18639_reg[26]/C
  -------------------------------------------------------------------    -------------------
    SLICE_X41Y244        FDRE (Prop_BFF_SLICEM_C_Q)
                                                      0.058     1.916 r  design_1_i/fractal/U0/add_ln17_101_reg_18639_reg[26]/Q
                         net (fo=1, routed)           0.118     2.034    design_1_i/fractal/U0/add_ln17_101_reg_18639[26]
    SLICE_X38Y244        FDRE                                         r  design_1_i/fractal/U0/p_cast13_reg_19319_reg[24]/D
  -------------------------------------------------------------------    -------------------

                         (clock clk_pl_0 rise edge)
                                                      0.000     0.000 r  
    PS8_X0Y0             PS8                          0.000     0.000 r  design_1_i/zynq_ultra_ps_e_0/U0/PS8_i/PLCLK[0]
                         net (fo=1, routed)           0.180     0.180    design_1_i/zynq_ultra_ps_e_0/U0/pl_clk_unbuffered[0]
    BUFG_PS_X0Y80        BUFG_PS (Prop_BUFG_PS_I_O)
                                                      0.028     0.208 r  design_1_i/zynq_ultra_ps_e_0/U0/buffer_pl_clk_0.PL_CLK_0_BUFG/O
    X1Y2 (CLOCK_ROOT)    net (fo=48996, routed)       1.929     2.137    design_1_i/fractal/U0/ap_clk
    SLICE_X38Y244        FDRE                                         r  design_1_i/fractal/U0/p_cast13_reg_19319_reg[24]/C
                         clock pessimism             -0.176     1.961    
    SLICE_X38Y244        FDRE (Hold_CFF2_SLICEL_C_D)
                                                      0.062     2.023    design_1_i/fractal/U0/p_cast13_reg_19319_reg[24]
  -------------------------------------------------------------------
                         required time                         -2.023    
                         arrival time                           2.034    
  -------------------------------------------------------------------
                         slack                                  0.011    

Slack (MET) :             0.011ns  (arrival time - required time)
  Source:                 design_1_i/fractal/U0/grp_fractal_Pipeline_reduction156_fu_7515/ap_enable_reg_pp0_iter1_reg/C
                            (rising edge-triggered cell FDRE clocked by clk_pl_0  {rise@0.000ns fall@2.667ns period=5.333ns})
  Destination:            design_1_i/fractal/U0/grp_fractal_Pipeline_reduction156_fu_7515/ap_enable_reg_pp0_iter2_reg/D
                            (rising edge-triggered cell FDRE clocked by clk_pl_0  {rise@0.000ns fall@2.667ns period=5.333ns})
  Path Group:             clk_pl_0
  Path Type:              Hold (Min at Slow Process Corner)
  Requirement:            0.000ns  (clk_pl_0 rise@0.000ns - clk_pl_0 rise@0.000ns)
  Data Path Delay:        0.173ns  (logic 0.059ns (34.008%)  route 0.114ns (65.992%))
  Logic Levels:           0  
  Clock Path Skew:        0.102ns (DCD - SCD - CPR)
    Destination Clock Delay (DCD):    2.280ns
    Source Clock Delay      (SCD):    1.995ns
    Clock Pessimism Removal (CPR):    0.183ns
  Clock Net Delay (Source):      1.827ns (routing 0.512ns, distribution 1.315ns)
  Clock Net Delay (Destination): 2.072ns (routing 0.569ns, distribution 1.503ns)

    Location             Delay type                Incr(ns)  Path(ns)    Netlist Resource(s)
  -------------------------------------------------------------------    -------------------
                         (clock clk_pl_0 rise edge)
                                                      0.000     0.000 r  
    PS8_X0Y0             PS8                          0.000     0.000 r  design_1_i/zynq_ultra_ps_e_0/U0/PS8_i/PLCLK[0]
                         net (fo=1, routed)           0.143     0.143    design_1_i/zynq_ultra_ps_e_0/U0/pl_clk_unbuffered[0]
    BUFG_PS_X0Y80        BUFG_PS (Prop_BUFG_PS_I_O)
                                                      0.025     0.168 r  design_1_i/zynq_ultra_ps_e_0/U0/buffer_pl_clk_0.PL_CLK_0_BUFG/O
    X1Y2 (CLOCK_ROOT)    net (fo=48996, routed)       1.827     1.995    design_1_i/fractal/U0/grp_fractal_Pipeline_reduction156_fu_7515/ap_clk
    SLICE_X110Y106       FDRE                                         r  design_1_i/fractal/U0/grp_fractal_Pipeline_reduction156_fu_7515/ap_enable_reg_pp0_iter1_reg/C
  -------------------------------------------------------------------    -------------------
    SLICE_X110Y106       FDRE (Prop_DFF_SLICEL_C_Q)
                                                      0.059     2.054 r  design_1_i/fractal/U0/grp_fractal_Pipeline_reduction156_fu_7515/ap_enable_reg_pp0_iter1_reg/Q
                         net (fo=4, routed)           0.114     2.168    design_1_i/fractal/U0/grp_fractal_Pipeline_reduction156_fu_7515/grp_fractal_Pipeline_reduction156_fu_7515_pbuf_value_1_ce0
    SLICE_X108Y106       FDRE                                         r  design_1_i/fractal/U0/grp_fractal_Pipeline_reduction156_fu_7515/ap_enable_reg_pp0_iter2_reg/D
  -------------------------------------------------------------------    -------------------

                         (clock clk_pl_0 rise edge)
                                                      0.000     0.000 r  
    PS8_X0Y0             PS8                          0.000     0.000 r  design_1_i/zynq_ultra_ps_e_0/U0/PS8_i/PLCLK[0]
                         net (fo=1, routed)           0.180     0.180    design_1_i/zynq_ultra_ps_e_0/U0/pl_clk_unbuffered[0]
    BUFG_PS_X0Y80        BUFG_PS (Prop_BUFG_PS_I_O)
                                                      0.028     0.208 r  design_1_i/zynq_ultra_ps_e_0/U0/buffer_pl_clk_0.PL_CLK_0_BUFG/O
    X1Y2 (CLOCK_ROOT)    net (fo=48996, routed)       2.072     2.280    design_1_i/fractal/U0/grp_fractal_Pipeline_reduction156_fu_7515/ap_clk
    SLICE_X108Y106       FDRE                                         r  design_1_i/fractal/U0/grp_fractal_Pipeline_reduction156_fu_7515/ap_enable_reg_pp0_iter2_reg/C
                         clock pessimism             -0.183     2.097    
    SLICE_X108Y106       FDRE (Hold_EFF_SLICEL_C_D)
                                                      0.060     2.157    design_1_i/fractal/U0/grp_fractal_Pipeline_reduction156_fu_7515/ap_enable_reg_pp0_iter2_reg
  -------------------------------------------------------------------
                         required time                         -2.157    
                         arrival time                           2.168    
  -------------------------------------------------------------------
                         slack                                  0.011    

Slack (MET) :             0.011ns  (arrival time - required time)
  Source:                 design_1_i/fractal/U0/add_ln17_101_reg_18639_reg[52]/C
                            (rising edge-triggered cell FDRE clocked by clk_pl_0  {rise@0.000ns fall@2.667ns period=5.333ns})
  Destination:            design_1_i/fractal/U0/p_cast13_reg_19319_reg[50]/D
                            (rising edge-triggered cell FDRE clocked by clk_pl_0  {rise@0.000ns fall@2.667ns period=5.333ns})
  Path Group:             clk_pl_0
  Path Type:              Hold (Min at Slow Process Corner)
  Requirement:            0.000ns  (clk_pl_0 rise@0.000ns - clk_pl_0 rise@0.000ns)
  Data Path Delay:        0.170ns  (logic 0.058ns (34.118%)  route 0.112ns (65.882%))
  Logic Levels:           0  
  Clock Path Skew:        0.099ns (DCD - SCD - CPR)
    Destination Clock Delay (DCD):    2.132ns
    Source Clock Delay      (SCD):    1.857ns
    Clock Pessimism Removal (CPR):    0.176ns
  Clock Net Delay (Source):      1.689ns (routing 0.512ns, distribution 1.177ns)
  Clock Net Delay (Destination): 1.924ns (routing 0.569ns, distribution 1.355ns)

    Location             Delay type                Incr(ns)  Path(ns)    Netlist Resource(s)
  -------------------------------------------------------------------    -------------------
                         (clock clk_pl_0 rise edge)
                                                      0.000     0.000 r  
    PS8_X0Y0             PS8                          0.000     0.000 r  design_1_i/zynq_ultra_ps_e_0/U0/PS8_i/PLCLK[0]
                         net (fo=1, routed)           0.143     0.143    design_1_i/zynq_ultra_ps_e_0/U0/pl_clk_unbuffered[0]
    BUFG_PS_X0Y80        BUFG_PS (Prop_BUFG_PS_I_O)
                                                      0.025     0.168 r  design_1_i/zynq_ultra_ps_e_0/U0/buffer_pl_clk_0.PL_CLK_0_BUFG/O
    X1Y2 (CLOCK_ROOT)    net (fo=48996, routed)       1.689     1.857    design_1_i/fractal/U0/ap_clk
    SLICE_X41Y247        FDRE                                         r  design_1_i/fractal/U0/add_ln17_101_reg_18639_reg[52]/C
  -------------------------------------------------------------------    -------------------
    SLICE_X41Y247        FDRE (Prop_DFF_SLICEM_C_Q)
                                                      0.058     1.915 r  design_1_i/fractal/U0/add_ln17_101_reg_18639_reg[52]/Q
                         net (fo=1, routed)           0.112     2.027    design_1_i/fractal/U0/add_ln17_101_reg_18639[52]
    SLICE_X40Y248        FDRE                                         r  design_1_i/fractal/U0/p_cast13_reg_19319_reg[50]/D
  -------------------------------------------------------------------    -------------------

                         (clock clk_pl_0 rise edge)
                                                      0.000     0.000 r  
    PS8_X0Y0             PS8                          0.000     0.000 r  design_1_i/zynq_ultra_ps_e_0/U0/PS8_i/PLCLK[0]
                         net (fo=1, routed)           0.180     0.180    design_1_i/zynq_ultra_ps_e_0/U0/pl_clk_unbuffered[0]
    BUFG_PS_X0Y80        BUFG_PS (Prop_BUFG_PS_I_O)
                                                      0.028     0.208 r  design_1_i/zynq_ultra_ps_e_0/U0/buffer_pl_clk_0.PL_CLK_0_BUFG/O
    X1Y2 (CLOCK_ROOT)    net (fo=48996, routed)       1.924     2.132    design_1_i/fractal/U0/ap_clk
    SLICE_X40Y248        FDRE                                         r  design_1_i/fractal/U0/p_cast13_reg_19319_reg[50]/C
                         clock pessimism             -0.176     1.956    
    SLICE_X40Y248        FDRE (Hold_DFF_SLICEL_C_D)
                                                      0.060     2.016    design_1_i/fractal/U0/p_cast13_reg_19319_reg[50]
  -------------------------------------------------------------------
                         required time                         -2.016    
                         arrival time                           2.027    
  -------------------------------------------------------------------
                         slack                                  0.011    

Slack (MET) :             0.011ns  (arrival time - required time)
  Source:                 <hidden>
                            (rising edge-triggered cell FDRE clocked by clk_pl_0  {rise@0.000ns fall@2.667ns period=5.333ns})
  Destination:            design_1_i/fractal/U0/grp_fractal_iterate_fu_21489/fadd_32ns_32ns_32_10_full_dsp_1_U29/dout_r_reg[9]/D
                            (rising edge-triggered cell FDRE clocked by clk_pl_0  {rise@0.000ns fall@2.667ns period=5.333ns})
  Path Group:             clk_pl_0
  Path Type:              Hold (Min at Slow Process Corner)
  Requirement:            0.000ns  (clk_pl_0 rise@0.000ns - clk_pl_0 rise@0.000ns)
  Data Path Delay:        0.180ns  (logic 0.059ns (32.778%)  route 0.121ns (67.222%))
  Logic Levels:           0  
  Clock Path Skew:        0.107ns (DCD - SCD - CPR)
    Destination Clock Delay (DCD):    2.018ns
    Source Clock Delay      (SCD):    1.806ns
    Clock Pessimism Removal (CPR):    0.105ns
  Clock Net Delay (Source):      1.638ns (routing 0.512ns, distribution 1.126ns)
  Clock Net Delay (Destination): 1.810ns (routing 0.569ns, distribution 1.241ns)

    Location             Delay type                Incr(ns)  Path(ns)    Netlist Resource(s)
  -------------------------------------------------------------------    -------------------
                         (clock clk_pl_0 rise edge)
                                                      0.000     0.000 r  
    PS8_X0Y0             PS8                          0.000     0.000 r  design_1_i/zynq_ultra_ps_e_0/U0/PS8_i/PLCLK[0]
                         net (fo=1, routed)           0.143     0.143    design_1_i/zynq_ultra_ps_e_0/U0/pl_clk_unbuffered[0]
    BUFG_PS_X0Y80        BUFG_PS (Prop_BUFG_PS_I_O)
                                                      0.025     0.168 r  design_1_i/zynq_ultra_ps_e_0/U0/buffer_pl_clk_0.PL_CLK_0_BUFG/O
    X1Y2 (CLOCK_ROOT)    net (fo=48996, routed)       1.638     1.806    <hidden>
    SLICE_X60Y243        FDRE                                         r  <hidden>
  -------------------------------------------------------------------    -------------------
    SLICE_X60Y243        FDRE (Prop_GFF_SLICEL_C_Q)
                                                      0.059     1.865 r  <hidden>
                         net (fo=1, routed)           0.121     1.986    design_1_i/fractal/U0/grp_fractal_iterate_fu_21489/fadd_32ns_32ns_32_10_full_dsp_1_U29/r_tdata[9]
    SLICE_X60Y238        FDRE                                         r  design_1_i/fractal/U0/grp_fractal_iterate_fu_21489/fadd_32ns_32ns_32_10_full_dsp_1_U29/dout_r_reg[9]/D
  -------------------------------------------------------------------    -------------------

                         (clock clk_pl_0 rise edge)
                                                      0.000     0.000 r  
    PS8_X0Y0             PS8                          0.000     0.000 r  design_1_i/zynq_ultra_ps_e_0/U0/PS8_i/PLCLK[0]
                         net (fo=1, routed)           0.180     0.180    design_1_i/zynq_ultra_ps_e_0/U0/pl_clk_unbuffered[0]
    BUFG_PS_X0Y80        BUFG_PS (Prop_BUFG_PS_I_O)
                                                      0.028     0.208 r  design_1_i/zynq_ultra_ps_e_0/U0/buffer_pl_clk_0.PL_CLK_0_BUFG/O
    X1Y2 (CLOCK_ROOT)    net (fo=48996, routed)       1.810     2.018    design_1_i/fractal/U0/grp_fractal_iterate_fu_21489/fadd_32ns_32ns_32_10_full_dsp_1_U29/ap_clk
    SLICE_X60Y238        FDRE                                         r  design_1_i/fractal/U0/grp_fractal_iterate_fu_21489/fadd_32ns_32ns_32_10_full_dsp_1_U29/dout_r_reg[9]/C
                         clock pessimism             -0.105     1.913    
    SLICE_X60Y238        FDRE (Hold_BFF2_SLICEL_C_D)
                                                      0.062     1.975    design_1_i/fractal/U0/grp_fractal_iterate_fu_21489/fadd_32ns_32ns_32_10_full_dsp_1_U29/dout_r_reg[9]
  -------------------------------------------------------------------
                         required time                         -1.975    
                         arrival time                           1.986    
  -------------------------------------------------------------------
                         slack                                  0.011    





Pulse Width Checks
--------------------------------------------------------------------------------------
Clock Name:         clk_pl_0
Waveform(ns):       { 0.000 2.667 }
Period(ns):         5.333
Sources:            { design_1_i/zynq_ultra_ps_e_0/U0/PS8_i/PLCLK[0] }

Check Type        Corner  Lib Pin          Reference Pin  Required(ns)  Actual(ns)  Slack(ns)  Location       Pin
Min Period        n/a     PS8/MAXIGP0ACLK  n/a            3.000         5.333       2.333      PS8_X0Y0       design_1_i/zynq_ultra_ps_e_0/U0/PS8_i/MAXIGP0ACLK
Min Period        n/a     PS8/SAXIGP0RCLK  n/a            3.000         5.333       2.333      PS8_X0Y0       design_1_i/zynq_ultra_ps_e_0/U0/PS8_i/SAXIGP0RCLK
Min Period        n/a     PS8/SAXIGP0WCLK  n/a            3.000         5.333       2.333      PS8_X0Y0       design_1_i/zynq_ultra_ps_e_0/U0/PS8_i/SAXIGP0WCLK
Min Period        n/a     URAM288/CLK      n/a            2.000         5.333       3.333      URAM288_X0Y32  design_1_i/fractal/U0/pbuf_dcx_1_U/ram_reg_uram_0/CLK
Min Period        n/a     URAM288/CLK      n/a            2.000         5.333       3.333      URAM288_X0Y33  design_1_i/fractal/U0/pbuf_dcx_sum_1_U/ram_reg_uram_0/CLK
Min Period        n/a     URAM288/CLK      n/a            2.000         5.333       3.333      URAM288_X0Y29  design_1_i/fractal/U0/pbuf_dcy_1_U/ram_reg_uram_0/CLK
Min Period        n/a     URAM288/CLK      n/a            2.000         5.333       3.333      URAM288_X0Y37  design_1_i/fractal/U0/pbuf_dcy_sum_1_U/ram_reg_uram_0/CLK
Min Period        n/a     URAM288/CLK      n/a            2.000         5.333       3.333      URAM288_X0Y20  design_1_i/fractal/U0/pbuf_done_U/ram_reg_uram_0/CLK
Min Period        n/a     URAM288/CLK      n/a            2.000         5.333       3.333      URAM288_X0Y30  design_1_i/fractal/U0/pbuf_idx_1_U/ram_reg_uram_0/CLK
Min Period        n/a     URAM288/CLK      n/a            2.000         5.333       3.333      URAM288_X0Y40  design_1_i/fractal/U0/pbuf_value_1_U/ram_reg_uram_0/CLK
Low Pulse Width   Slow    PS8/MAXIGP0ACLK  n/a            1.500         2.666       1.166      PS8_X0Y0       design_1_i/zynq_ultra_ps_e_0/U0/PS8_i/MAXIGP0ACLK
Low Pulse Width   Fast    PS8/MAXIGP0ACLK  n/a            1.500         2.667       1.167      PS8_X0Y0       design_1_i/zynq_ultra_ps_e_0/U0/PS8_i/MAXIGP0ACLK
Low Pulse Width   Slow    PS8/SAXIGP0RCLK  n/a            1.500         2.666       1.166      PS8_X0Y0       design_1_i/zynq_ultra_ps_e_0/U0/PS8_i/SAXIGP0RCLK
Low Pulse Width   Fast    PS8/SAXIGP0RCLK  n/a            1.500         2.667       1.167      PS8_X0Y0       design_1_i/zynq_ultra_ps_e_0/U0/PS8_i/SAXIGP0RCLK
Low Pulse Width   Slow    PS8/SAXIGP0WCLK  n/a            1.500         2.666       1.166      PS8_X0Y0       design_1_i/zynq_ultra_ps_e_0/U0/PS8_i/SAXIGP0WCLK
Low Pulse Width   Fast    PS8/SAXIGP0WCLK  n/a            1.500         2.667       1.167      PS8_X0Y0       design_1_i/zynq_ultra_ps_e_0/U0/PS8_i/SAXIGP0WCLK
Low Pulse Width   Slow    URAM288/CLK      n/a            0.700         2.667       1.967      URAM288_X0Y32  design_1_i/fractal/U0/pbuf_dcx_1_U/ram_reg_uram_0/CLK
Low Pulse Width   Fast    URAM288/CLK      n/a            0.700         2.667       1.967      URAM288_X0Y32  design_1_i/fractal/U0/pbuf_dcx_1_U/ram_reg_uram_0/CLK
Low Pulse Width   Slow    URAM288/CLK      n/a            0.700         2.667       1.967      URAM288_X0Y28  design_1_i/fractal/U0/pbuf_dcx_U/ram_reg_uram_0/CLK
Low Pulse Width   Fast    URAM288/CLK      n/a            0.700         2.666       1.966      URAM288_X0Y28  design_1_i/fractal/U0/pbuf_dcx_U/ram_reg_uram_0/CLK
High Pulse Width  Slow    PS8/MAXIGP0ACLK  n/a            1.500         2.667       1.167      PS8_X0Y0       design_1_i/zynq_ultra_ps_e_0/U0/PS8_i/MAXIGP0ACLK
High Pulse Width  Fast    PS8/MAXIGP0ACLK  n/a            1.500         2.667       1.167      PS8_X0Y0       design_1_i/zynq_ultra_ps_e_0/U0/PS8_i/MAXIGP0ACLK
High Pulse Width  Slow    PS8/SAXIGP0RCLK  n/a            1.500         2.667       1.167      PS8_X0Y0       design_1_i/zynq_ultra_ps_e_0/U0/PS8_i/SAXIGP0RCLK
High Pulse Width  Fast    PS8/SAXIGP0RCLK  n/a            1.500         2.667       1.167      PS8_X0Y0       design_1_i/zynq_ultra_ps_e_0/U0/PS8_i/SAXIGP0RCLK
High Pulse Width  Slow    PS8/SAXIGP0WCLK  n/a            1.500         2.667       1.167      PS8_X0Y0       design_1_i/zynq_ultra_ps_e_0/U0/PS8_i/SAXIGP0WCLK
High Pulse Width  Fast    PS8/SAXIGP0WCLK  n/a            1.500         2.667       1.167      PS8_X0Y0       design_1_i/zynq_ultra_ps_e_0/U0/PS8_i/SAXIGP0WCLK
High Pulse Width  Slow    URAM288/CLK      n/a            0.700         2.667       1.967      URAM288_X0Y32  design_1_i/fractal/U0/pbuf_dcx_1_U/ram_reg_uram_0/CLK
High Pulse Width  Fast    URAM288/CLK      n/a            0.700         2.667       1.967      URAM288_X0Y32  design_1_i/fractal/U0/pbuf_dcx_1_U/ram_reg_uram_0/CLK
High Pulse Width  Slow    URAM288/CLK      n/a            0.700         2.667       1.967      URAM288_X0Y28  design_1_i/fractal/U0/pbuf_dcx_U/ram_reg_uram_0/CLK
High Pulse Width  Fast    URAM288/CLK      n/a            0.700         2.667       1.967      URAM288_X0Y28  design_1_i/fractal/U0/pbuf_dcx_U/ram_reg_uram_0/CLK



---------------------------------------------------------------------------------------------------
From Clock:  clk_pl_1
  To Clock:  clk_pl_1

Setup :            0  Failing Endpoints,  Worst Slack        1.057ns,  Total Violation        0.000ns
Hold  :            0  Failing Endpoints,  Worst Slack        0.012ns,  Total Violation        0.000ns
PW    :            0  Failing Endpoints,  Worst Slack        1.715ns,  Total Violation        0.000ns
---------------------------------------------------------------------------------------------------


Max Delay Paths
--------------------------------------------------------------------------------------
Slack (MET) :             1.057ns  (required time - arrival time)
  Source:                 <hidden>
                            (rising edge-triggered cell FDSE clocked by clk_pl_1  {rise@0.000ns fall@3.381ns period=6.761ns})
  Destination:            <hidden>
                            (rising edge-triggered cell SRLC32E clocked by clk_pl_1  {rise@0.000ns fall@3.381ns period=6.761ns})
  Path Group:             clk_pl_1
  Path Type:              Setup (Max at Slow Process Corner)
  Requirement:            6.761ns  (clk_pl_1 rise@6.761ns - clk_pl_1 rise@0.000ns)
  Data Path Delay:        5.339ns  (logic 0.227ns (4.252%)  route 5.112ns (95.748%))
  Logic Levels:           1  (LUT2=1)
  Clock Path Skew:        -0.051ns (DCD - SCD + CPR)
    Destination Clock Delay (DCD):    1.835ns = ( 8.596 - 6.761 ) 
    Source Clock Delay      (SCD):    2.051ns
    Clock Pessimism Removal (CPR):    0.165ns
  Clock Uncertainty:      0.134ns  ((TSJ^2 + DJ^2)^1/2) / 2 + PE
    Total System Jitter     (TSJ):    0.071ns
    Discrete Jitter          (DJ):    0.259ns
    Phase Error              (PE):    0.000ns
  Clock Net Delay (Source):      1.843ns (routing 0.657ns, distribution 1.186ns)
  Clock Net Delay (Destination): 1.667ns (routing 0.593ns, distribution 1.074ns)

    Location             Delay type                Incr(ns)  Path(ns)    Netlist Resource(s)
  -------------------------------------------------------------------    -------------------
                         (clock clk_pl_1 rise edge)
                                                      0.000     0.000 r  
    PS8_X0Y0             PS8                          0.000     0.000 r  design_1_i/zynq_ultra_ps_e_0/U0/PS8_i/PLCLK[1]
                         net (fo=1, routed)           0.180     0.180    design_1_i/zynq_ultra_ps_e_0/U0/pl_clk_unbuffered[1]
    BUFG_PS_X0Y92        BUFG_PS (Prop_BUFG_PS_I_O)
                                                      0.028     0.208 r  design_1_i/zynq_ultra_ps_e_0/U0/buffer_pl_clk_1.PL_CLK_1_BUFG/O
    X1Y2 (CLOCK_ROOT)    net (fo=4141, routed)        1.843     2.051    <hidden>
    SLICE_X50Y164        FDSE                                         r  <hidden>
  -------------------------------------------------------------------    -------------------
    SLICE_X50Y164        FDSE (Prop_HFF2_SLICEM_C_Q)
                                                      0.078     2.129 f  <hidden>
                         net (fo=74, routed)          2.269     4.398    <hidden>
    SLICE_X23Y252        LUT2 (Prop_B6LUT_SLICEM_I0_O)
                                                      0.149     4.547 r  <hidden>
                         net (fo=69, routed)          2.843     7.390    <hidden>
    SLICE_X50Y126        SRLC32E                                      r  <hidden>
  -------------------------------------------------------------------    -------------------

                         (clock clk_pl_1 rise edge)
                                                      6.761     6.761 r  
    PS8_X0Y0             PS8                          0.000     6.761 r  design_1_i/zynq_ultra_ps_e_0/U0/PS8_i/PLCLK[1]
                         net (fo=1, routed)           0.143     6.904    design_1_i/zynq_ultra_ps_e_0/U0/pl_clk_unbuffered[1]
    BUFG_PS_X0Y92        BUFG_PS (Prop_BUFG_PS_I_O)
                                                      0.025     6.929 r  design_1_i/zynq_ultra_ps_e_0/U0/buffer_pl_clk_1.PL_CLK_1_BUFG/O
    X1Y2 (CLOCK_ROOT)    net (fo=4141, routed)        1.667     8.596    <hidden>
    SLICE_X50Y126        SRLC32E                                      r  <hidden>
                         clock pessimism              0.165     8.761    
                         clock uncertainty           -0.134     8.627    
    SLICE_X50Y126        SRLC32E (Setup_A6LUT_SLICEM_CLK_CE)
                                                     -0.180     8.447    <hidden>
  -------------------------------------------------------------------
                         required time                          8.447    
                         arrival time                          -7.390    
  -------------------------------------------------------------------
                         slack                                  1.057    

Slack (MET) :             1.057ns  (required time - arrival time)
  Source:                 <hidden>
                            (rising edge-triggered cell FDSE clocked by clk_pl_1  {rise@0.000ns fall@3.381ns period=6.761ns})
  Destination:            <hidden>
                            (rising edge-triggered cell SRLC32E clocked by clk_pl_1  {rise@0.000ns fall@3.381ns period=6.761ns})
  Path Group:             clk_pl_1
  Path Type:              Setup (Max at Slow Process Corner)
  Requirement:            6.761ns  (clk_pl_1 rise@6.761ns - clk_pl_1 rise@0.000ns)
  Data Path Delay:        5.339ns  (logic 0.227ns (4.252%)  route 5.112ns (95.748%))
  Logic Levels:           1  (LUT2=1)
  Clock Path Skew:        -0.051ns (DCD - SCD + CPR)
    Destination Clock Delay (DCD):    1.835ns = ( 8.596 - 6.761 ) 
    Source Clock Delay      (SCD):    2.051ns
    Clock Pessimism Removal (CPR):    0.165ns
  Clock Uncertainty:      0.134ns  ((TSJ^2 + DJ^2)^1/2) / 2 + PE
    Total System Jitter     (TSJ):    0.071ns
    Discrete Jitter          (DJ):    0.259ns
    Phase Error              (PE):    0.000ns
  Clock Net Delay (Source):      1.843ns (routing 0.657ns, distribution 1.186ns)
  Clock Net Delay (Destination): 1.667ns (routing 0.593ns, distribution 1.074ns)

    Location             Delay type                Incr(ns)  Path(ns)    Netlist Resource(s)
  -------------------------------------------------------------------    -------------------
                         (clock clk_pl_1 rise edge)
                                                      0.000     0.000 r  
    PS8_X0Y0             PS8                          0.000     0.000 r  design_1_i/zynq_ultra_ps_e_0/U0/PS8_i/PLCLK[1]
                         net (fo=1, routed)           0.180     0.180    design_1_i/zynq_ultra_ps_e_0/U0/pl_clk_unbuffered[1]
    BUFG_PS_X0Y92        BUFG_PS (Prop_BUFG_PS_I_O)
                                                      0.028     0.208 r  design_1_i/zynq_ultra_ps_e_0/U0/buffer_pl_clk_1.PL_CLK_1_BUFG/O
    X1Y2 (CLOCK_ROOT)    net (fo=4141, routed)        1.843     2.051    <hidden>
    SLICE_X50Y164        FDSE                                         r  <hidden>
  -------------------------------------------------------------------    -------------------
    SLICE_X50Y164        FDSE (Prop_HFF2_SLICEM_C_Q)
                                                      0.078     2.129 f  <hidden>
                         net (fo=74, routed)          2.269     4.398    <hidden>
    SLICE_X23Y252        LUT2 (Prop_B6LUT_SLICEM_I0_O)
                                                      0.149     4.547 r  <hidden>
                         net (fo=69, routed)          2.843     7.390    <hidden>
    SLICE_X50Y126        SRLC32E                                      r  <hidden>
  -------------------------------------------------------------------    -------------------

                         (clock clk_pl_1 rise edge)
                                                      6.761     6.761 r  
    PS8_X0Y0             PS8                          0.000     6.761 r  design_1_i/zynq_ultra_ps_e_0/U0/PS8_i/PLCLK[1]
                         net (fo=1, routed)           0.143     6.904    design_1_i/zynq_ultra_ps_e_0/U0/pl_clk_unbuffered[1]
    BUFG_PS_X0Y92        BUFG_PS (Prop_BUFG_PS_I_O)
                                                      0.025     6.929 r  design_1_i/zynq_ultra_ps_e_0/U0/buffer_pl_clk_1.PL_CLK_1_BUFG/O
    X1Y2 (CLOCK_ROOT)    net (fo=4141, routed)        1.667     8.596    <hidden>
    SLICE_X50Y126        SRLC32E                                      r  <hidden>
                         clock pessimism              0.165     8.761    
                         clock uncertainty           -0.134     8.627    
    SLICE_X50Y126        SRLC32E (Setup_B6LUT_SLICEM_CLK_CE)
                                                     -0.180     8.447    <hidden>
  -------------------------------------------------------------------
                         required time                          8.447    
                         arrival time                          -7.390    
  -------------------------------------------------------------------
                         slack                                  1.057    

Slack (MET) :             1.057ns  (required time - arrival time)
  Source:                 <hidden>
                            (rising edge-triggered cell FDSE clocked by clk_pl_1  {rise@0.000ns fall@3.381ns period=6.761ns})
  Destination:            <hidden>
                            (rising edge-triggered cell SRLC32E clocked by clk_pl_1  {rise@0.000ns fall@3.381ns period=6.761ns})
  Path Group:             clk_pl_1
  Path Type:              Setup (Max at Slow Process Corner)
  Requirement:            6.761ns  (clk_pl_1 rise@6.761ns - clk_pl_1 rise@0.000ns)
  Data Path Delay:        5.339ns  (logic 0.227ns (4.252%)  route 5.112ns (95.748%))
  Logic Levels:           1  (LUT2=1)
  Clock Path Skew:        -0.051ns (DCD - SCD + CPR)
    Destination Clock Delay (DCD):    1.835ns = ( 8.596 - 6.761 ) 
    Source Clock Delay      (SCD):    2.051ns
    Clock Pessimism Removal (CPR):    0.165ns
  Clock Uncertainty:      0.134ns  ((TSJ^2 + DJ^2)^1/2) / 2 + PE
    Total System Jitter     (TSJ):    0.071ns
    Discrete Jitter          (DJ):    0.259ns
    Phase Error              (PE):    0.000ns
  Clock Net Delay (Source):      1.843ns (routing 0.657ns, distribution 1.186ns)
  Clock Net Delay (Destination): 1.667ns (routing 0.593ns, distribution 1.074ns)

    Location             Delay type                Incr(ns)  Path(ns)    Netlist Resource(s)
  -------------------------------------------------------------------    -------------------
                         (clock clk_pl_1 rise edge)
                                                      0.000     0.000 r  
    PS8_X0Y0             PS8                          0.000     0.000 r  design_1_i/zynq_ultra_ps_e_0/U0/PS8_i/PLCLK[1]
                         net (fo=1, routed)           0.180     0.180    design_1_i/zynq_ultra_ps_e_0/U0/pl_clk_unbuffered[1]
    BUFG_PS_X0Y92        BUFG_PS (Prop_BUFG_PS_I_O)
                                                      0.028     0.208 r  design_1_i/zynq_ultra_ps_e_0/U0/buffer_pl_clk_1.PL_CLK_1_BUFG/O
    X1Y2 (CLOCK_ROOT)    net (fo=4141, routed)        1.843     2.051    <hidden>
    SLICE_X50Y164        FDSE                                         r  <hidden>
  -------------------------------------------------------------------    -------------------
    SLICE_X50Y164        FDSE (Prop_HFF2_SLICEM_C_Q)
                                                      0.078     2.129 f  <hidden>
                         net (fo=74, routed)          2.269     4.398    <hidden>
    SLICE_X23Y252        LUT2 (Prop_B6LUT_SLICEM_I0_O)
                                                      0.149     4.547 r  <hidden>
                         net (fo=69, routed)          2.843     7.390    <hidden>
    SLICE_X50Y126        SRLC32E                                      r  <hidden>
  -------------------------------------------------------------------    -------------------

                         (clock clk_pl_1 rise edge)
                                                      6.761     6.761 r  
    PS8_X0Y0             PS8                          0.000     6.761 r  design_1_i/zynq_ultra_ps_e_0/U0/PS8_i/PLCLK[1]
                         net (fo=1, routed)           0.143     6.904    design_1_i/zynq_ultra_ps_e_0/U0/pl_clk_unbuffered[1]
    BUFG_PS_X0Y92        BUFG_PS (Prop_BUFG_PS_I_O)
                                                      0.025     6.929 r  design_1_i/zynq_ultra_ps_e_0/U0/buffer_pl_clk_1.PL_CLK_1_BUFG/O
    X1Y2 (CLOCK_ROOT)    net (fo=4141, routed)        1.667     8.596    <hidden>
    SLICE_X50Y126        SRLC32E                                      r  <hidden>
                         clock pessimism              0.165     8.761    
                         clock uncertainty           -0.134     8.627    
    SLICE_X50Y126        SRLC32E (Setup_C6LUT_SLICEM_CLK_CE)
                                                     -0.180     8.447    <hidden>
  -------------------------------------------------------------------
                         required time                          8.447    
                         arrival time                          -7.390    
  -------------------------------------------------------------------
                         slack                                  1.057    

Slack (MET) :             1.057ns  (required time - arrival time)
  Source:                 <hidden>
                            (rising edge-triggered cell FDSE clocked by clk_pl_1  {rise@0.000ns fall@3.381ns period=6.761ns})
  Destination:            <hidden>
                            (rising edge-triggered cell SRLC32E clocked by clk_pl_1  {rise@0.000ns fall@3.381ns period=6.761ns})
  Path Group:             clk_pl_1
  Path Type:              Setup (Max at Slow Process Corner)
  Requirement:            6.761ns  (clk_pl_1 rise@6.761ns - clk_pl_1 rise@0.000ns)
  Data Path Delay:        5.339ns  (logic 0.227ns (4.252%)  route 5.112ns (95.748%))
  Logic Levels:           1  (LUT2=1)
  Clock Path Skew:        -0.051ns (DCD - SCD + CPR)
    Destination Clock Delay (DCD):    1.835ns = ( 8.596 - 6.761 ) 
    Source Clock Delay      (SCD):    2.051ns
    Clock Pessimism Removal (CPR):    0.165ns
  Clock Uncertainty:      0.134ns  ((TSJ^2 + DJ^2)^1/2) / 2 + PE
    Total System Jitter     (TSJ):    0.071ns
    Discrete Jitter          (DJ):    0.259ns
    Phase Error              (PE):    0.000ns
  Clock Net Delay (Source):      1.843ns (routing 0.657ns, distribution 1.186ns)
  Clock Net Delay (Destination): 1.667ns (routing 0.593ns, distribution 1.074ns)

    Location             Delay type                Incr(ns)  Path(ns)    Netlist Resource(s)
  -------------------------------------------------------------------    -------------------
                         (clock clk_pl_1 rise edge)
                                                      0.000     0.000 r  
    PS8_X0Y0             PS8                          0.000     0.000 r  design_1_i/zynq_ultra_ps_e_0/U0/PS8_i/PLCLK[1]
                         net (fo=1, routed)           0.180     0.180    design_1_i/zynq_ultra_ps_e_0/U0/pl_clk_unbuffered[1]
    BUFG_PS_X0Y92        BUFG_PS (Prop_BUFG_PS_I_O)
                                                      0.028     0.208 r  design_1_i/zynq_ultra_ps_e_0/U0/buffer_pl_clk_1.PL_CLK_1_BUFG/O
    X1Y2 (CLOCK_ROOT)    net (fo=4141, routed)        1.843     2.051    <hidden>
    SLICE_X50Y164        FDSE                                         r  <hidden>
  -------------------------------------------------------------------    -------------------
    SLICE_X50Y164        FDSE (Prop_HFF2_SLICEM_C_Q)
                                                      0.078     2.129 f  <hidden>
                         net (fo=74, routed)          2.269     4.398    <hidden>
    SLICE_X23Y252        LUT2 (Prop_B6LUT_SLICEM_I0_O)
                                                      0.149     4.547 r  <hidden>
                         net (fo=69, routed)          2.843     7.390    <hidden>
    SLICE_X50Y126        SRLC32E                                      r  <hidden>
  -------------------------------------------------------------------    -------------------

                         (clock clk_pl_1 rise edge)
                                                      6.761     6.761 r  
    PS8_X0Y0             PS8                          0.000     6.761 r  design_1_i/zynq_ultra_ps_e_0/U0/PS8_i/PLCLK[1]
                         net (fo=1, routed)           0.143     6.904    design_1_i/zynq_ultra_ps_e_0/U0/pl_clk_unbuffered[1]
    BUFG_PS_X0Y92        BUFG_PS (Prop_BUFG_PS_I_O)
                                                      0.025     6.929 r  design_1_i/zynq_ultra_ps_e_0/U0/buffer_pl_clk_1.PL_CLK_1_BUFG/O
    X1Y2 (CLOCK_ROOT)    net (fo=4141, routed)        1.667     8.596    <hidden>
    SLICE_X50Y126        SRLC32E                                      r  <hidden>
                         clock pessimism              0.165     8.761    
                         clock uncertainty           -0.134     8.627    
    SLICE_X50Y126        SRLC32E (Setup_D6LUT_SLICEM_CLK_CE)
                                                     -0.180     8.447    <hidden>
  -------------------------------------------------------------------
                         required time                          8.447    
                         arrival time                          -7.390    
  -------------------------------------------------------------------
                         slack                                  1.057    

Slack (MET) :             1.073ns  (required time - arrival time)
  Source:                 <hidden>
                            (rising edge-triggered cell FDSE clocked by clk_pl_1  {rise@0.000ns fall@3.381ns period=6.761ns})
  Destination:            <hidden>
                            (rising edge-triggered cell SRLC32E clocked by clk_pl_1  {rise@0.000ns fall@3.381ns period=6.761ns})
  Path Group:             clk_pl_1
  Path Type:              Setup (Max at Slow Process Corner)
  Requirement:            6.761ns  (clk_pl_1 rise@6.761ns - clk_pl_1 rise@0.000ns)
  Data Path Delay:        5.324ns  (logic 0.227ns (4.264%)  route 5.097ns (95.736%))
  Logic Levels:           1  (LUT2=1)
  Clock Path Skew:        -0.050ns (DCD - SCD + CPR)
    Destination Clock Delay (DCD):    1.836ns = ( 8.597 - 6.761 ) 
    Source Clock Delay      (SCD):    2.051ns
    Clock Pessimism Removal (CPR):    0.165ns
  Clock Uncertainty:      0.134ns  ((TSJ^2 + DJ^2)^1/2) / 2 + PE
    Total System Jitter     (TSJ):    0.071ns
    Discrete Jitter          (DJ):    0.259ns
    Phase Error              (PE):    0.000ns
  Clock Net Delay (Source):      1.843ns (routing 0.657ns, distribution 1.186ns)
  Clock Net Delay (Destination): 1.668ns (routing 0.593ns, distribution 1.075ns)

    Location             Delay type                Incr(ns)  Path(ns)    Netlist Resource(s)
  -------------------------------------------------------------------    -------------------
                         (clock clk_pl_1 rise edge)
                                                      0.000     0.000 r  
    PS8_X0Y0             PS8                          0.000     0.000 r  design_1_i/zynq_ultra_ps_e_0/U0/PS8_i/PLCLK[1]
                         net (fo=1, routed)           0.180     0.180    design_1_i/zynq_ultra_ps_e_0/U0/pl_clk_unbuffered[1]
    BUFG_PS_X0Y92        BUFG_PS (Prop_BUFG_PS_I_O)
                                                      0.028     0.208 r  design_1_i/zynq_ultra_ps_e_0/U0/buffer_pl_clk_1.PL_CLK_1_BUFG/O
    X1Y2 (CLOCK_ROOT)    net (fo=4141, routed)        1.843     2.051    <hidden>
    SLICE_X50Y164        FDSE                                         r  <hidden>
  -------------------------------------------------------------------    -------------------
    SLICE_X50Y164        FDSE (Prop_HFF2_SLICEM_C_Q)
                                                      0.078     2.129 f  <hidden>
                         net (fo=74, routed)          2.269     4.398    <hidden>
    SLICE_X23Y252        LUT2 (Prop_B6LUT_SLICEM_I0_O)
                                                      0.149     4.547 r  <hidden>
                         net (fo=69, routed)          2.828     7.375    <hidden>
    SLICE_X49Y127        SRLC32E                                      r  <hidden>
  -------------------------------------------------------------------    -------------------

                         (clock clk_pl_1 rise edge)
                                                      6.761     6.761 r  
    PS8_X0Y0             PS8                          0.000     6.761 r  design_1_i/zynq_ultra_ps_e_0/U0/PS8_i/PLCLK[1]
                         net (fo=1, routed)           0.143     6.904    design_1_i/zynq_ultra_ps_e_0/U0/pl_clk_unbuffered[1]
    BUFG_PS_X0Y92        BUFG_PS (Prop_BUFG_PS_I_O)
                                                      0.025     6.929 r  design_1_i/zynq_ultra_ps_e_0/U0/buffer_pl_clk_1.PL_CLK_1_BUFG/O
    X1Y2 (CLOCK_ROOT)    net (fo=4141, routed)        1.668     8.597    <hidden>
    SLICE_X49Y127        SRLC32E                                      r  <hidden>
                         clock pessimism              0.165     8.762    
                         clock uncertainty           -0.134     8.628    
    SLICE_X49Y127        SRLC32E (Setup_A6LUT_SLICEM_CLK_CE)
                                                     -0.180     8.448    <hidden>
  -------------------------------------------------------------------
                         required time                          8.448    
                         arrival time                          -7.375    
  -------------------------------------------------------------------
                         slack                                  1.073    

Slack (MET) :             1.073ns  (required time - arrival time)
  Source:                 <hidden>
                            (rising edge-triggered cell FDSE clocked by clk_pl_1  {rise@0.000ns fall@3.381ns period=6.761ns})
  Destination:            <hidden>
                            (rising edge-triggered cell SRLC32E clocked by clk_pl_1  {rise@0.000ns fall@3.381ns period=6.761ns})
  Path Group:             clk_pl_1
  Path Type:              Setup (Max at Slow Process Corner)
  Requirement:            6.761ns  (clk_pl_1 rise@6.761ns - clk_pl_1 rise@0.000ns)
  Data Path Delay:        5.324ns  (logic 0.227ns (4.264%)  route 5.097ns (95.736%))
  Logic Levels:           1  (LUT2=1)
  Clock Path Skew:        -0.050ns (DCD - SCD + CPR)
    Destination Clock Delay (DCD):    1.836ns = ( 8.597 - 6.761 ) 
    Source Clock Delay      (SCD):    2.051ns
    Clock Pessimism Removal (CPR):    0.165ns
  Clock Uncertainty:      0.134ns  ((TSJ^2 + DJ^2)^1/2) / 2 + PE
    Total System Jitter     (TSJ):    0.071ns
    Discrete Jitter          (DJ):    0.259ns
    Phase Error              (PE):    0.000ns
  Clock Net Delay (Source):      1.843ns (routing 0.657ns, distribution 1.186ns)
  Clock Net Delay (Destination): 1.668ns (routing 0.593ns, distribution 1.075ns)

    Location             Delay type                Incr(ns)  Path(ns)    Netlist Resource(s)
  -------------------------------------------------------------------    -------------------
                         (clock clk_pl_1 rise edge)
                                                      0.000     0.000 r  
    PS8_X0Y0             PS8                          0.000     0.000 r  design_1_i/zynq_ultra_ps_e_0/U0/PS8_i/PLCLK[1]
                         net (fo=1, routed)           0.180     0.180    design_1_i/zynq_ultra_ps_e_0/U0/pl_clk_unbuffered[1]
    BUFG_PS_X0Y92        BUFG_PS (Prop_BUFG_PS_I_O)
                                                      0.028     0.208 r  design_1_i/zynq_ultra_ps_e_0/U0/buffer_pl_clk_1.PL_CLK_1_BUFG/O
    X1Y2 (CLOCK_ROOT)    net (fo=4141, routed)        1.843     2.051    <hidden>
    SLICE_X50Y164        FDSE                                         r  <hidden>
  -------------------------------------------------------------------    -------------------
    SLICE_X50Y164        FDSE (Prop_HFF2_SLICEM_C_Q)
                                                      0.078     2.129 f  <hidden>
                         net (fo=74, routed)          2.269     4.398    <hidden>
    SLICE_X23Y252        LUT2 (Prop_B6LUT_SLICEM_I0_O)
                                                      0.149     4.547 r  <hidden>
                         net (fo=69, routed)          2.828     7.375    <hidden>
    SLICE_X49Y127        SRLC32E                                      r  <hidden>
  -------------------------------------------------------------------    -------------------

                         (clock clk_pl_1 rise edge)
                                                      6.761     6.761 r  
    PS8_X0Y0             PS8                          0.000     6.761 r  design_1_i/zynq_ultra_ps_e_0/U0/PS8_i/PLCLK[1]
                         net (fo=1, routed)           0.143     6.904    design_1_i/zynq_ultra_ps_e_0/U0/pl_clk_unbuffered[1]
    BUFG_PS_X0Y92        BUFG_PS (Prop_BUFG_PS_I_O)
                                                      0.025     6.929 r  design_1_i/zynq_ultra_ps_e_0/U0/buffer_pl_clk_1.PL_CLK_1_BUFG/O
    X1Y2 (CLOCK_ROOT)    net (fo=4141, routed)        1.668     8.597    <hidden>
    SLICE_X49Y127        SRLC32E                                      r  <hidden>
                         clock pessimism              0.165     8.762    
                         clock uncertainty           -0.134     8.628    
    SLICE_X49Y127        SRLC32E (Setup_B6LUT_SLICEM_CLK_CE)
                                                     -0.180     8.448    <hidden>
  -------------------------------------------------------------------
                         required time                          8.448    
                         arrival time                          -7.375    
  -------------------------------------------------------------------
                         slack                                  1.073    

Slack (MET) :             1.073ns  (required time - arrival time)
  Source:                 <hidden>
                            (rising edge-triggered cell FDSE clocked by clk_pl_1  {rise@0.000ns fall@3.381ns period=6.761ns})
  Destination:            <hidden>
                            (rising edge-triggered cell SRLC32E clocked by clk_pl_1  {rise@0.000ns fall@3.381ns period=6.761ns})
  Path Group:             clk_pl_1
  Path Type:              Setup (Max at Slow Process Corner)
  Requirement:            6.761ns  (clk_pl_1 rise@6.761ns - clk_pl_1 rise@0.000ns)
  Data Path Delay:        5.324ns  (logic 0.227ns (4.264%)  route 5.097ns (95.736%))
  Logic Levels:           1  (LUT2=1)
  Clock Path Skew:        -0.050ns (DCD - SCD + CPR)
    Destination Clock Delay (DCD):    1.836ns = ( 8.597 - 6.761 ) 
    Source Clock Delay      (SCD):    2.051ns
    Clock Pessimism Removal (CPR):    0.165ns
  Clock Uncertainty:      0.134ns  ((TSJ^2 + DJ^2)^1/2) / 2 + PE
    Total System Jitter     (TSJ):    0.071ns
    Discrete Jitter          (DJ):    0.259ns
    Phase Error              (PE):    0.000ns
  Clock Net Delay (Source):      1.843ns (routing 0.657ns, distribution 1.186ns)
  Clock Net Delay (Destination): 1.668ns (routing 0.593ns, distribution 1.075ns)

    Location             Delay type                Incr(ns)  Path(ns)    Netlist Resource(s)
  -------------------------------------------------------------------    -------------------
                         (clock clk_pl_1 rise edge)
                                                      0.000     0.000 r  
    PS8_X0Y0             PS8                          0.000     0.000 r  design_1_i/zynq_ultra_ps_e_0/U0/PS8_i/PLCLK[1]
                         net (fo=1, routed)           0.180     0.180    design_1_i/zynq_ultra_ps_e_0/U0/pl_clk_unbuffered[1]
    BUFG_PS_X0Y92        BUFG_PS (Prop_BUFG_PS_I_O)
                                                      0.028     0.208 r  design_1_i/zynq_ultra_ps_e_0/U0/buffer_pl_clk_1.PL_CLK_1_BUFG/O
    X1Y2 (CLOCK_ROOT)    net (fo=4141, routed)        1.843     2.051    <hidden>
    SLICE_X50Y164        FDSE                                         r  <hidden>
  -------------------------------------------------------------------    -------------------
    SLICE_X50Y164        FDSE (Prop_HFF2_SLICEM_C_Q)
                                                      0.078     2.129 f  <hidden>
                         net (fo=74, routed)          2.269     4.398    <hidden>
    SLICE_X23Y252        LUT2 (Prop_B6LUT_SLICEM_I0_O)
                                                      0.149     4.547 r  <hidden>
                         net (fo=69, routed)          2.828     7.375    <hidden>
    SLICE_X49Y127        SRLC32E                                      r  <hidden>
  -------------------------------------------------------------------    -------------------

                         (clock clk_pl_1 rise edge)
                                                      6.761     6.761 r  
    PS8_X0Y0             PS8                          0.000     6.761 r  design_1_i/zynq_ultra_ps_e_0/U0/PS8_i/PLCLK[1]
                         net (fo=1, routed)           0.143     6.904    design_1_i/zynq_ultra_ps_e_0/U0/pl_clk_unbuffered[1]
    BUFG_PS_X0Y92        BUFG_PS (Prop_BUFG_PS_I_O)
                                                      0.025     6.929 r  design_1_i/zynq_ultra_ps_e_0/U0/buffer_pl_clk_1.PL_CLK_1_BUFG/O
    X1Y2 (CLOCK_ROOT)    net (fo=4141, routed)        1.668     8.597    <hidden>
    SLICE_X49Y127        SRLC32E                                      r  <hidden>
                         clock pessimism              0.165     8.762    
                         clock uncertainty           -0.134     8.628    
    SLICE_X49Y127        SRLC32E (Setup_C6LUT_SLICEM_CLK_CE)
                                                     -0.180     8.448    <hidden>
  -------------------------------------------------------------------
                         required time                          8.448    
                         arrival time                          -7.375    
  -------------------------------------------------------------------
                         slack                                  1.073    

Slack (MET) :             1.073ns  (required time - arrival time)
  Source:                 <hidden>
                            (rising edge-triggered cell FDSE clocked by clk_pl_1  {rise@0.000ns fall@3.381ns period=6.761ns})
  Destination:            <hidden>
                            (rising edge-triggered cell SRLC32E clocked by clk_pl_1  {rise@0.000ns fall@3.381ns period=6.761ns})
  Path Group:             clk_pl_1
  Path Type:              Setup (Max at Slow Process Corner)
  Requirement:            6.761ns  (clk_pl_1 rise@6.761ns - clk_pl_1 rise@0.000ns)
  Data Path Delay:        5.324ns  (logic 0.227ns (4.264%)  route 5.097ns (95.736%))
  Logic Levels:           1  (LUT2=1)
  Clock Path Skew:        -0.050ns (DCD - SCD + CPR)
    Destination Clock Delay (DCD):    1.836ns = ( 8.597 - 6.761 ) 
    Source Clock Delay      (SCD):    2.051ns
    Clock Pessimism Removal (CPR):    0.165ns
  Clock Uncertainty:      0.134ns  ((TSJ^2 + DJ^2)^1/2) / 2 + PE
    Total System Jitter     (TSJ):    0.071ns
    Discrete Jitter          (DJ):    0.259ns
    Phase Error              (PE):    0.000ns
  Clock Net Delay (Source):      1.843ns (routing 0.657ns, distribution 1.186ns)
  Clock Net Delay (Destination): 1.668ns (routing 0.593ns, distribution 1.075ns)

    Location             Delay type                Incr(ns)  Path(ns)    Netlist Resource(s)
  -------------------------------------------------------------------    -------------------
                         (clock clk_pl_1 rise edge)
                                                      0.000     0.000 r  
    PS8_X0Y0             PS8                          0.000     0.000 r  design_1_i/zynq_ultra_ps_e_0/U0/PS8_i/PLCLK[1]
                         net (fo=1, routed)           0.180     0.180    design_1_i/zynq_ultra_ps_e_0/U0/pl_clk_unbuffered[1]
    BUFG_PS_X0Y92        BUFG_PS (Prop_BUFG_PS_I_O)
                                                      0.028     0.208 r  design_1_i/zynq_ultra_ps_e_0/U0/buffer_pl_clk_1.PL_CLK_1_BUFG/O
    X1Y2 (CLOCK_ROOT)    net (fo=4141, routed)        1.843     2.051    <hidden>
    SLICE_X50Y164        FDSE                                         r  <hidden>
  -------------------------------------------------------------------    -------------------
    SLICE_X50Y164        FDSE (Prop_HFF2_SLICEM_C_Q)
                                                      0.078     2.129 f  <hidden>
                         net (fo=74, routed)          2.269     4.398    <hidden>
    SLICE_X23Y252        LUT2 (Prop_B6LUT_SLICEM_I0_O)
                                                      0.149     4.547 r  <hidden>
                         net (fo=69, routed)          2.828     7.375    <hidden>
    SLICE_X49Y127        SRLC32E                                      r  <hidden>
  -------------------------------------------------------------------    -------------------

                         (clock clk_pl_1 rise edge)
                                                      6.761     6.761 r  
    PS8_X0Y0             PS8                          0.000     6.761 r  design_1_i/zynq_ultra_ps_e_0/U0/PS8_i/PLCLK[1]
                         net (fo=1, routed)           0.143     6.904    design_1_i/zynq_ultra_ps_e_0/U0/pl_clk_unbuffered[1]
    BUFG_PS_X0Y92        BUFG_PS (Prop_BUFG_PS_I_O)
                                                      0.025     6.929 r  design_1_i/zynq_ultra_ps_e_0/U0/buffer_pl_clk_1.PL_CLK_1_BUFG/O
    X1Y2 (CLOCK_ROOT)    net (fo=4141, routed)        1.668     8.597    <hidden>
    SLICE_X49Y127        SRLC32E                                      r  <hidden>
                         clock pessimism              0.165     8.762    
                         clock uncertainty           -0.134     8.628    
    SLICE_X49Y127        SRLC32E (Setup_D6LUT_SLICEM_CLK_CE)
                                                     -0.180     8.448    <hidden>
  -------------------------------------------------------------------
                         required time                          8.448    
                         arrival time                          -7.375    
  -------------------------------------------------------------------
                         slack                                  1.073    

Slack (MET) :             1.177ns  (required time - arrival time)
  Source:                 <hidden>
                            (rising edge-triggered cell FDSE clocked by clk_pl_1  {rise@0.000ns fall@3.381ns period=6.761ns})
  Destination:            <hidden>
                            (rising edge-triggered cell SRLC32E clocked by clk_pl_1  {rise@0.000ns fall@3.381ns period=6.761ns})
  Path Group:             clk_pl_1
  Path Type:              Setup (Max at Slow Process Corner)
  Requirement:            6.761ns  (clk_pl_1 rise@6.761ns - clk_pl_1 rise@0.000ns)
  Data Path Delay:        5.221ns  (logic 0.227ns (4.347%)  route 4.994ns (95.653%))
  Logic Levels:           1  (LUT2=1)
  Clock Path Skew:        -0.049ns (DCD - SCD + CPR)
    Destination Clock Delay (DCD):    1.837ns = ( 8.598 - 6.761 ) 
    Source Clock Delay      (SCD):    2.051ns
    Clock Pessimism Removal (CPR):    0.165ns
  Clock Uncertainty:      0.134ns  ((TSJ^2 + DJ^2)^1/2) / 2 + PE
    Total System Jitter     (TSJ):    0.071ns
    Discrete Jitter          (DJ):    0.259ns
    Phase Error              (PE):    0.000ns
  Clock Net Delay (Source):      1.843ns (routing 0.657ns, distribution 1.186ns)
  Clock Net Delay (Destination): 1.669ns (routing 0.593ns, distribution 1.076ns)

    Location             Delay type                Incr(ns)  Path(ns)    Netlist Resource(s)
  -------------------------------------------------------------------    -------------------
                         (clock clk_pl_1 rise edge)
                                                      0.000     0.000 r  
    PS8_X0Y0             PS8                          0.000     0.000 r  design_1_i/zynq_ultra_ps_e_0/U0/PS8_i/PLCLK[1]
                         net (fo=1, routed)           0.180     0.180    design_1_i/zynq_ultra_ps_e_0/U0/pl_clk_unbuffered[1]
    BUFG_PS_X0Y92        BUFG_PS (Prop_BUFG_PS_I_O)
                                                      0.028     0.208 r  design_1_i/zynq_ultra_ps_e_0/U0/buffer_pl_clk_1.PL_CLK_1_BUFG/O
    X1Y2 (CLOCK_ROOT)    net (fo=4141, routed)        1.843     2.051    <hidden>
    SLICE_X50Y164        FDSE                                         r  <hidden>
  -------------------------------------------------------------------    -------------------
    SLICE_X50Y164        FDSE (Prop_HFF2_SLICEM_C_Q)
                                                      0.078     2.129 f  <hidden>
                         net (fo=74, routed)          2.269     4.398    <hidden>
    SLICE_X23Y252        LUT2 (Prop_B6LUT_SLICEM_I0_O)
                                                      0.149     4.547 r  <hidden>
                         net (fo=69, routed)          2.726     7.272    <hidden>
    SLICE_X49Y124        SRLC32E                                      r  <hidden>
  -------------------------------------------------------------------    -------------------

                         (clock clk_pl_1 rise edge)
                                                      6.761     6.761 r  
    PS8_X0Y0             PS8                          0.000     6.761 r  design_1_i/zynq_ultra_ps_e_0/U0/PS8_i/PLCLK[1]
                         net (fo=1, routed)           0.143     6.904    design_1_i/zynq_ultra_ps_e_0/U0/pl_clk_unbuffered[1]
    BUFG_PS_X0Y92        BUFG_PS (Prop_BUFG_PS_I_O)
                                                      0.025     6.929 r  design_1_i/zynq_ultra_ps_e_0/U0/buffer_pl_clk_1.PL_CLK_1_BUFG/O
    X1Y2 (CLOCK_ROOT)    net (fo=4141, routed)        1.669     8.598    <hidden>
    SLICE_X49Y124        SRLC32E                                      r  <hidden>
                         clock pessimism              0.165     8.763    
                         clock uncertainty           -0.134     8.629    
    SLICE_X49Y124        SRLC32E (Setup_A6LUT_SLICEM_CLK_CE)
                                                     -0.180     8.449    <hidden>
  -------------------------------------------------------------------
                         required time                          8.449    
                         arrival time                          -7.272    
  -------------------------------------------------------------------
                         slack                                  1.177    

Slack (MET) :             1.177ns  (required time - arrival time)
  Source:                 <hidden>
                            (rising edge-triggered cell FDSE clocked by clk_pl_1  {rise@0.000ns fall@3.381ns period=6.761ns})
  Destination:            <hidden>
                            (rising edge-triggered cell SRLC32E clocked by clk_pl_1  {rise@0.000ns fall@3.381ns period=6.761ns})
  Path Group:             clk_pl_1
  Path Type:              Setup (Max at Slow Process Corner)
  Requirement:            6.761ns  (clk_pl_1 rise@6.761ns - clk_pl_1 rise@0.000ns)
  Data Path Delay:        5.221ns  (logic 0.227ns (4.347%)  route 4.994ns (95.653%))
  Logic Levels:           1  (LUT2=1)
  Clock Path Skew:        -0.049ns (DCD - SCD + CPR)
    Destination Clock Delay (DCD):    1.837ns = ( 8.598 - 6.761 ) 
    Source Clock Delay      (SCD):    2.051ns
    Clock Pessimism Removal (CPR):    0.165ns
  Clock Uncertainty:      0.134ns  ((TSJ^2 + DJ^2)^1/2) / 2 + PE
    Total System Jitter     (TSJ):    0.071ns
    Discrete Jitter          (DJ):    0.259ns
    Phase Error              (PE):    0.000ns
  Clock Net Delay (Source):      1.843ns (routing 0.657ns, distribution 1.186ns)
  Clock Net Delay (Destination): 1.669ns (routing 0.593ns, distribution 1.076ns)

    Location             Delay type                Incr(ns)  Path(ns)    Netlist Resource(s)
  -------------------------------------------------------------------    -------------------
                         (clock clk_pl_1 rise edge)
                                                      0.000     0.000 r  
    PS8_X0Y0             PS8                          0.000     0.000 r  design_1_i/zynq_ultra_ps_e_0/U0/PS8_i/PLCLK[1]
                         net (fo=1, routed)           0.180     0.180    design_1_i/zynq_ultra_ps_e_0/U0/pl_clk_unbuffered[1]
    BUFG_PS_X0Y92        BUFG_PS (Prop_BUFG_PS_I_O)
                                                      0.028     0.208 r  design_1_i/zynq_ultra_ps_e_0/U0/buffer_pl_clk_1.PL_CLK_1_BUFG/O
    X1Y2 (CLOCK_ROOT)    net (fo=4141, routed)        1.843     2.051    <hidden>
    SLICE_X50Y164        FDSE                                         r  <hidden>
  -------------------------------------------------------------------    -------------------
    SLICE_X50Y164        FDSE (Prop_HFF2_SLICEM_C_Q)
                                                      0.078     2.129 f  <hidden>
                         net (fo=74, routed)          2.269     4.398    <hidden>
    SLICE_X23Y252        LUT2 (Prop_B6LUT_SLICEM_I0_O)
                                                      0.149     4.547 r  <hidden>
                         net (fo=69, routed)          2.726     7.272    <hidden>
    SLICE_X49Y124        SRLC32E                                      r  <hidden>
  -------------------------------------------------------------------    -------------------

                         (clock clk_pl_1 rise edge)
                                                      6.761     6.761 r  
    PS8_X0Y0             PS8                          0.000     6.761 r  design_1_i/zynq_ultra_ps_e_0/U0/PS8_i/PLCLK[1]
                         net (fo=1, routed)           0.143     6.904    design_1_i/zynq_ultra_ps_e_0/U0/pl_clk_unbuffered[1]
    BUFG_PS_X0Y92        BUFG_PS (Prop_BUFG_PS_I_O)
                                                      0.025     6.929 r  design_1_i/zynq_ultra_ps_e_0/U0/buffer_pl_clk_1.PL_CLK_1_BUFG/O
    X1Y2 (CLOCK_ROOT)    net (fo=4141, routed)        1.669     8.598    <hidden>
    SLICE_X49Y124        SRLC32E                                      r  <hidden>
                         clock pessimism              0.165     8.763    
                         clock uncertainty           -0.134     8.629    
    SLICE_X49Y124        SRLC32E (Setup_B6LUT_SLICEM_CLK_CE)
                                                     -0.180     8.449    <hidden>
  -------------------------------------------------------------------
                         required time                          8.449    
                         arrival time                          -7.272    
  -------------------------------------------------------------------
                         slack                                  1.177    





Min Delay Paths
--------------------------------------------------------------------------------------
Slack (MET) :             0.012ns  (arrival time - required time)
  Source:                 design_1_i/axi_video_0/U0/mm2s_address_reg[51]/C
                            (rising edge-triggered cell FDRE clocked by clk_pl_1  {rise@0.000ns fall@3.381ns period=6.761ns})
  Destination:            design_1_i/axi_video_0/U0/mm2s/i_address_cnt_reg[51]/D
                            (rising edge-triggered cell FDRE clocked by clk_pl_1  {rise@0.000ns fall@3.381ns period=6.761ns})
  Path Group:             clk_pl_1
  Path Type:              Hold (Min at Slow Process Corner)
  Requirement:            0.000ns  (clk_pl_1 rise@0.000ns - clk_pl_1 rise@0.000ns)
  Data Path Delay:        0.163ns  (logic 0.082ns (50.307%)  route 0.081ns (49.693%))
  Logic Levels:           1  (LUT6=1)
  Clock Path Skew:        0.091ns (DCD - SCD - CPR)
    Destination Clock Delay (DCD):    2.348ns
    Source Clock Delay      (SCD):    2.073ns
    Clock Pessimism Removal (CPR):    0.184ns
  Clock Net Delay (Source):      1.905ns (routing 0.593ns, distribution 1.312ns)
  Clock Net Delay (Destination): 2.140ns (routing 0.657ns, distribution 1.483ns)

    Location             Delay type                Incr(ns)  Path(ns)    Netlist Resource(s)
  -------------------------------------------------------------------    -------------------
                         (clock clk_pl_1 rise edge)
                                                      0.000     0.000 r  
    PS8_X0Y0             PS8                          0.000     0.000 r  design_1_i/zynq_ultra_ps_e_0/U0/PS8_i/PLCLK[1]
                         net (fo=1, routed)           0.143     0.143    design_1_i/zynq_ultra_ps_e_0/U0/pl_clk_unbuffered[1]
    BUFG_PS_X0Y92        BUFG_PS (Prop_BUFG_PS_I_O)
                                                      0.025     0.168 r  design_1_i/zynq_ultra_ps_e_0/U0/buffer_pl_clk_1.PL_CLK_1_BUFG/O
    X1Y2 (CLOCK_ROOT)    net (fo=4141, routed)        1.905     2.073    design_1_i/axi_video_0/U0/m00_axi_aclk
    SLICE_X4Y281         FDRE                                         r  design_1_i/axi_video_0/U0/mm2s_address_reg[51]/C
  -------------------------------------------------------------------    -------------------
    SLICE_X4Y281         FDRE (Prop_EFF2_SLICEL_C_Q)
                                                      0.060     2.133 r  design_1_i/axi_video_0/U0/mm2s_address_reg[51]/Q
                         net (fo=1, routed)           0.059     2.192    design_1_i/axi_video_0/U0/mm2s/i_address_cnt_reg[63]_0[51]
    SLICE_X2Y281         LUT6 (Prop_D6LUT_SLICEL_I3_O)
                                                      0.022     2.214 r  design_1_i/axi_video_0/U0/mm2s/i_address_cnt[51]_i_1/O
                         net (fo=1, routed)           0.022     2.236    design_1_i/axi_video_0/U0/mm2s/i_address_cnt[51]_i_1_n_0
    SLICE_X2Y281         FDRE                                         r  design_1_i/axi_video_0/U0/mm2s/i_address_cnt_reg[51]/D
  -------------------------------------------------------------------    -------------------

                         (clock clk_pl_1 rise edge)
                                                      0.000     0.000 r  
    PS8_X0Y0             PS8                          0.000     0.000 r  design_1_i/zynq_ultra_ps_e_0/U0/PS8_i/PLCLK[1]
                         net (fo=1, routed)           0.180     0.180    design_1_i/zynq_ultra_ps_e_0/U0/pl_clk_unbuffered[1]
    BUFG_PS_X0Y92        BUFG_PS (Prop_BUFG_PS_I_O)
                                                      0.028     0.208 r  design_1_i/zynq_ultra_ps_e_0/U0/buffer_pl_clk_1.PL_CLK_1_BUFG/O
    X1Y2 (CLOCK_ROOT)    net (fo=4141, routed)        2.140     2.348    design_1_i/axi_video_0/U0/mm2s/m00_axi_aclk
    SLICE_X2Y281         FDRE                                         r  design_1_i/axi_video_0/U0/mm2s/i_address_cnt_reg[51]/C
                         clock pessimism             -0.184     2.164    
    SLICE_X2Y281         FDRE (Hold_DFF_SLICEL_C_D)
                                                      0.060     2.224    design_1_i/axi_video_0/U0/mm2s/i_address_cnt_reg[51]
  -------------------------------------------------------------------
                         required time                         -2.224    
                         arrival time                           2.236    
  -------------------------------------------------------------------
                         slack                                  0.012    

Slack (MET) :             0.012ns  (arrival time - required time)
  Source:                 design_1_i/axi_video_0/U0/mm2s_address_reg[38]/C
                            (rising edge-triggered cell FDRE clocked by clk_pl_1  {rise@0.000ns fall@3.381ns period=6.761ns})
  Destination:            design_1_i/axi_video_0/U0/mm2s/i_address_cnt_reg[38]/D
                            (rising edge-triggered cell FDRE clocked by clk_pl_1  {rise@0.000ns fall@3.381ns period=6.761ns})
  Path Group:             clk_pl_1
  Path Type:              Hold (Min at Slow Process Corner)
  Requirement:            0.000ns  (clk_pl_1 rise@0.000ns - clk_pl_1 rise@0.000ns)
  Data Path Delay:        0.163ns  (logic 0.082ns (50.307%)  route 0.081ns (49.693%))
  Logic Levels:           1  (LUT6=1)
  Clock Path Skew:        0.091ns (DCD - SCD - CPR)
    Destination Clock Delay (DCD):    2.347ns
    Source Clock Delay      (SCD):    2.072ns
    Clock Pessimism Removal (CPR):    0.184ns
  Clock Net Delay (Source):      1.904ns (routing 0.593ns, distribution 1.311ns)
  Clock Net Delay (Destination): 2.139ns (routing 0.657ns, distribution 1.482ns)

    Location             Delay type                Incr(ns)  Path(ns)    Netlist Resource(s)
  -------------------------------------------------------------------    -------------------
                         (clock clk_pl_1 rise edge)
                                                      0.000     0.000 r  
    PS8_X0Y0             PS8                          0.000     0.000 r  design_1_i/zynq_ultra_ps_e_0/U0/PS8_i/PLCLK[1]
                         net (fo=1, routed)           0.143     0.143    design_1_i/zynq_ultra_ps_e_0/U0/pl_clk_unbuffered[1]
    BUFG_PS_X0Y92        BUFG_PS (Prop_BUFG_PS_I_O)
                                                      0.025     0.168 r  design_1_i/zynq_ultra_ps_e_0/U0/buffer_pl_clk_1.PL_CLK_1_BUFG/O
    X1Y2 (CLOCK_ROOT)    net (fo=4141, routed)        1.904     2.072    design_1_i/axi_video_0/U0/m00_axi_aclk
    SLICE_X4Y280         FDRE                                         r  design_1_i/axi_video_0/U0/mm2s_address_reg[38]/C
  -------------------------------------------------------------------    -------------------
    SLICE_X4Y280         FDRE (Prop_EFF2_SLICEL_C_Q)
                                                      0.060     2.132 r  design_1_i/axi_video_0/U0/mm2s_address_reg[38]/Q
                         net (fo=1, routed)           0.059     2.191    design_1_i/axi_video_0/U0/mm2s/i_address_cnt_reg[63]_0[38]
    SLICE_X2Y280         LUT6 (Prop_D6LUT_SLICEL_I3_O)
                                                      0.022     2.213 r  design_1_i/axi_video_0/U0/mm2s/i_address_cnt[38]_i_1/O
                         net (fo=1, routed)           0.022     2.235    design_1_i/axi_video_0/U0/mm2s/i_address_cnt[38]_i_1_n_0
    SLICE_X2Y280         FDRE                                         r  design_1_i/axi_video_0/U0/mm2s/i_address_cnt_reg[38]/D
  -------------------------------------------------------------------    -------------------

                         (clock clk_pl_1 rise edge)
                                                      0.000     0.000 r  
    PS8_X0Y0             PS8                          0.000     0.000 r  design_1_i/zynq_ultra_ps_e_0/U0/PS8_i/PLCLK[1]
                         net (fo=1, routed)           0.180     0.180    design_1_i/zynq_ultra_ps_e_0/U0/pl_clk_unbuffered[1]
    BUFG_PS_X0Y92        BUFG_PS (Prop_BUFG_PS_I_O)
                                                      0.028     0.208 r  design_1_i/zynq_ultra_ps_e_0/U0/buffer_pl_clk_1.PL_CLK_1_BUFG/O
    X1Y2 (CLOCK_ROOT)    net (fo=4141, routed)        2.139     2.347    design_1_i/axi_video_0/U0/mm2s/m00_axi_aclk
    SLICE_X2Y280         FDRE                                         r  design_1_i/axi_video_0/U0/mm2s/i_address_cnt_reg[38]/C
                         clock pessimism             -0.184     2.163    
    SLICE_X2Y280         FDRE (Hold_DFF_SLICEL_C_D)
                                                      0.060     2.223    design_1_i/axi_video_0/U0/mm2s/i_address_cnt_reg[38]
  -------------------------------------------------------------------
                         required time                         -2.223    
                         arrival time                           2.235    
  -------------------------------------------------------------------
                         slack                                  0.012    

Slack (MET) :             0.013ns  (arrival time - required time)
  Source:                 design_1_i/axi_video_0/U0/mm2s_address_reg[34]/C
                            (rising edge-triggered cell FDRE clocked by clk_pl_1  {rise@0.000ns fall@3.381ns period=6.761ns})
  Destination:            design_1_i/axi_video_0/U0/mm2s/i_address_cnt_reg[34]/D
                            (rising edge-triggered cell FDRE clocked by clk_pl_1  {rise@0.000ns fall@3.381ns period=6.761ns})
  Path Group:             clk_pl_1
  Path Type:              Hold (Min at Slow Process Corner)
  Requirement:            0.000ns  (clk_pl_1 rise@0.000ns - clk_pl_1 rise@0.000ns)
  Data Path Delay:        0.168ns  (logic 0.082ns (48.810%)  route 0.086ns (51.191%))
  Logic Levels:           1  (LUT6=1)
  Clock Path Skew:        0.095ns (DCD - SCD - CPR)
    Destination Clock Delay (DCD):    2.337ns
    Source Clock Delay      (SCD):    2.058ns
    Clock Pessimism Removal (CPR):    0.184ns
  Clock Net Delay (Source):      1.890ns (routing 0.593ns, distribution 1.297ns)
  Clock Net Delay (Destination): 2.129ns (routing 0.657ns, distribution 1.472ns)

    Location             Delay type                Incr(ns)  Path(ns)    Netlist Resource(s)
  -------------------------------------------------------------------    -------------------
                         (clock clk_pl_1 rise edge)
                                                      0.000     0.000 r  
    PS8_X0Y0             PS8                          0.000     0.000 r  design_1_i/zynq_ultra_ps_e_0/U0/PS8_i/PLCLK[1]
                         net (fo=1, routed)           0.143     0.143    design_1_i/zynq_ultra_ps_e_0/U0/pl_clk_unbuffered[1]
    BUFG_PS_X0Y92        BUFG_PS (Prop_BUFG_PS_I_O)
                                                      0.025     0.168 r  design_1_i/zynq_ultra_ps_e_0/U0/buffer_pl_clk_1.PL_CLK_1_BUFG/O
    X1Y2 (CLOCK_ROOT)    net (fo=4141, routed)        1.890     2.058    design_1_i/axi_video_0/U0/m00_axi_aclk
    SLICE_X6Y279         FDRE                                         r  design_1_i/axi_video_0/U0/mm2s_address_reg[34]/C
  -------------------------------------------------------------------    -------------------
    SLICE_X6Y279         FDRE (Prop_EFF2_SLICEM_C_Q)
                                                      0.060     2.118 r  design_1_i/axi_video_0/U0/mm2s_address_reg[34]/Q
                         net (fo=1, routed)           0.064     2.182    design_1_i/axi_video_0/U0/mm2s/i_address_cnt_reg[63]_0[34]
    SLICE_X5Y279         LUT6 (Prop_D6LUT_SLICEL_I3_O)
                                                      0.022     2.204 r  design_1_i/axi_video_0/U0/mm2s/i_address_cnt[34]_i_1/O
                         net (fo=1, routed)           0.022     2.226    design_1_i/axi_video_0/U0/mm2s/i_address_cnt[34]_i_1_n_0
    SLICE_X5Y279         FDRE                                         r  design_1_i/axi_video_0/U0/mm2s/i_address_cnt_reg[34]/D
  -------------------------------------------------------------------    -------------------

                         (clock clk_pl_1 rise edge)
                                                      0.000     0.000 r  
    PS8_X0Y0             PS8                          0.000     0.000 r  design_1_i/zynq_ultra_ps_e_0/U0/PS8_i/PLCLK[1]
                         net (fo=1, routed)           0.180     0.180    design_1_i/zynq_ultra_ps_e_0/U0/pl_clk_unbuffered[1]
    BUFG_PS_X0Y92        BUFG_PS (Prop_BUFG_PS_I_O)
                                                      0.028     0.208 r  design_1_i/zynq_ultra_ps_e_0/U0/buffer_pl_clk_1.PL_CLK_1_BUFG/O
    X1Y2 (CLOCK_ROOT)    net (fo=4141, routed)        2.129     2.337    design_1_i/axi_video_0/U0/mm2s/m00_axi_aclk
    SLICE_X5Y279         FDRE                                         r  design_1_i/axi_video_0/U0/mm2s/i_address_cnt_reg[34]/C
                         clock pessimism             -0.184     2.153    
    SLICE_X5Y279         FDRE (Hold_DFF_SLICEL_C_D)
                                                      0.060     2.213    design_1_i/axi_video_0/U0/mm2s/i_address_cnt_reg[34]
  -------------------------------------------------------------------
                         required time                         -2.213    
                         arrival time                           2.226    
  -------------------------------------------------------------------
                         slack                                  0.013    

Slack (MET) :             0.015ns  (arrival time - required time)
  Source:                 <hidden>
                            (rising edge-triggered cell FDRE clocked by clk_pl_1  {rise@0.000ns fall@3.381ns period=6.761ns})
  Destination:            <hidden>
                            (rising edge-triggered cell FDRE clocked by clk_pl_1  {rise@0.000ns fall@3.381ns period=6.761ns})
  Path Group:             clk_pl_1
  Path Type:              Hold (Min at Slow Process Corner)
  Requirement:            0.000ns  (clk_pl_1 rise@0.000ns - clk_pl_1 rise@0.000ns)
  Data Path Delay:        0.175ns  (logic 0.059ns (33.637%)  route 0.116ns (66.363%))
  Logic Levels:           0  
  Clock Path Skew:        0.100ns (DCD - SCD - CPR)
    Destination Clock Delay (DCD):    2.361ns
    Source Clock Delay      (SCD):    2.077ns
    Clock Pessimism Removal (CPR):    0.184ns
  Clock Net Delay (Source):      1.909ns (routing 0.593ns, distribution 1.316ns)
  Clock Net Delay (Destination): 2.153ns (routing 0.657ns, distribution 1.496ns)

    Location             Delay type                Incr(ns)  Path(ns)    Netlist Resource(s)
  -------------------------------------------------------------------    -------------------
                         (clock clk_pl_1 rise edge)
                                                      0.000     0.000 r  
    PS8_X0Y0             PS8                          0.000     0.000 r  design_1_i/zynq_ultra_ps_e_0/U0/PS8_i/PLCLK[1]
                         net (fo=1, routed)           0.143     0.143    design_1_i/zynq_ultra_ps_e_0/U0/pl_clk_unbuffered[1]
    BUFG_PS_X0Y92        BUFG_PS (Prop_BUFG_PS_I_O)
                                                      0.025     0.168 r  design_1_i/zynq_ultra_ps_e_0/U0/buffer_pl_clk_1.PL_CLK_1_BUFG/O
    X1Y2 (CLOCK_ROOT)    net (fo=4141, routed)        1.909     2.077    <hidden>
    SLICE_X5Y242         FDRE                                         r  <hidden>
  -------------------------------------------------------------------    -------------------
    SLICE_X5Y242         FDRE (Prop_CFF2_SLICEL_C_Q)
                                                      0.059     2.136 r  <hidden>
                         net (fo=2, routed)           0.116     2.252    <hidden>
    SLICE_X6Y243         FDRE                                         r  <hidden>
  -------------------------------------------------------------------    -------------------

                         (clock clk_pl_1 rise edge)
                                                      0.000     0.000 r  
    PS8_X0Y0             PS8                          0.000     0.000 r  design_1_i/zynq_ultra_ps_e_0/U0/PS8_i/PLCLK[1]
                         net (fo=1, routed)           0.180     0.180    design_1_i/zynq_ultra_ps_e_0/U0/pl_clk_unbuffered[1]
    BUFG_PS_X0Y92        BUFG_PS (Prop_BUFG_PS_I_O)
                                                      0.028     0.208 r  design_1_i/zynq_ultra_ps_e_0/U0/buffer_pl_clk_1.PL_CLK_1_BUFG/O
    X1Y2 (CLOCK_ROOT)    net (fo=4141, routed)        2.153     2.361    <hidden>
    SLICE_X6Y243         FDRE                                         r  <hidden>
                         clock pessimism             -0.184     2.177    
    SLICE_X6Y243         FDRE (Hold_AFF_SLICEM_C_D)
                                                      0.060     2.237    <hidden>
  -------------------------------------------------------------------
                         required time                         -2.237    
                         arrival time                           2.252    
  -------------------------------------------------------------------
                         slack                                  0.015    

Slack (MET) :             0.017ns  (arrival time - required time)
  Source:                 <hidden>
                            (rising edge-triggered cell FDRE clocked by clk_pl_1  {rise@0.000ns fall@3.381ns period=6.761ns})
  Destination:            <hidden>
                            (rising edge-triggered cell RAMD32 clocked by clk_pl_1  {rise@0.000ns fall@3.381ns period=6.761ns})
  Path Group:             clk_pl_1
  Path Type:              Hold (Min at Slow Process Corner)
  Requirement:            0.000ns  (clk_pl_1 rise@0.000ns - clk_pl_1 rise@0.000ns)
  Data Path Delay:        0.191ns  (logic 0.060ns (31.414%)  route 0.131ns (68.586%))
  Logic Levels:           0  
  Clock Path Skew:        0.116ns (DCD - SCD - CPR)
    Destination Clock Delay (DCD):    2.354ns
    Source Clock Delay      (SCD):    2.054ns
    Clock Pessimism Removal (CPR):    0.184ns
  Clock Net Delay (Source):      1.886ns (routing 0.593ns, distribution 1.293ns)
  Clock Net Delay (Destination): 2.146ns (routing 0.657ns, distribution 1.489ns)

    Location             Delay type                Incr(ns)  Path(ns)    Netlist Resource(s)
  -------------------------------------------------------------------    -------------------
                         (clock clk_pl_1 rise edge)
                                                      0.000     0.000 r  
    PS8_X0Y0             PS8                          0.000     0.000 r  design_1_i/zynq_ultra_ps_e_0/U0/PS8_i/PLCLK[1]
                         net (fo=1, routed)           0.143     0.143    design_1_i/zynq_ultra_ps_e_0/U0/pl_clk_unbuffered[1]
    BUFG_PS_X0Y92        BUFG_PS (Prop_BUFG_PS_I_O)
                                                      0.025     0.168 r  design_1_i/zynq_ultra_ps_e_0/U0/buffer_pl_clk_1.PL_CLK_1_BUFG/O
    X1Y2 (CLOCK_ROOT)    net (fo=4141, routed)        1.886     2.054    <hidden>
    SLICE_X16Y252        FDRE                                         r  <hidden>
  -------------------------------------------------------------------    -------------------
    SLICE_X16Y252        FDRE (Prop_BFF2_SLICEL_C_Q)
                                                      0.060     2.114 r  <hidden>
                         net (fo=1, routed)           0.131     2.245    <hidden>
    SLICE_X17Y252        RAMD32                                       r  <hidden>
  -------------------------------------------------------------------    -------------------

                         (clock clk_pl_1 rise edge)
                                                      0.000     0.000 r  
    PS8_X0Y0             PS8                          0.000     0.000 r  design_1_i/zynq_ultra_ps_e_0/U0/PS8_i/PLCLK[1]
                         net (fo=1, routed)           0.180     0.180    design_1_i/zynq_ultra_ps_e_0/U0/pl_clk_unbuffered[1]
    BUFG_PS_X0Y92        BUFG_PS (Prop_BUFG_PS_I_O)
                                                      0.028     0.208 r  design_1_i/zynq_ultra_ps_e_0/U0/buffer_pl_clk_1.PL_CLK_1_BUFG/O
    X1Y2 (CLOCK_ROOT)    net (fo=4141, routed)        2.146     2.354    <hidden>
    SLICE_X17Y252        RAMD32                                       r  <hidden>
                         clock pessimism             -0.184     2.170    
    SLICE_X17Y252        RAMD32 (Hold_A6LUT_SLICEM_CLK_I)
                                                      0.058     2.228    <hidden>
  -------------------------------------------------------------------
                         required time                         -2.228    
                         arrival time                           2.245    
  -------------------------------------------------------------------
                         slack                                  0.017    

Slack (MET) :             0.019ns  (arrival time - required time)
  Source:                 design_1_i/axi_video_0/U0/video_FIFO/xpm_fifo_axis_inst/xpm_fifo_base_inst/gen_cdc_pntr.rd_pntr_cdc_inst/src_gray_ff_reg[10]/C
                            (rising edge-triggered cell FDRE clocked by clk_pl_1  {rise@0.000ns fall@3.381ns period=6.761ns})
  Destination:            design_1_i/axi_video_0/U0/video_FIFO/xpm_fifo_axis_inst/xpm_fifo_base_inst/gen_cdc_pntr.rd_pntr_cdc_inst/dest_graysync_ff_reg[0][10]/D
                            (rising edge-triggered cell FDRE clocked by clk_pl_1  {rise@0.000ns fall@3.381ns period=6.761ns})
  Path Group:             clk_pl_1
  Path Type:              Hold (Min at Fast Process Corner)
  Requirement:            0.000ns  (clk_pl_1 rise@0.000ns - clk_pl_1 rise@0.000ns)
  Data Path Delay:        0.072ns  (logic 0.039ns (54.167%)  route 0.033ns (45.833%))
  Logic Levels:           0  
  Clock Path Skew:        0.006ns (DCD - SCD - CPR)
    Destination Clock Delay (DCD):    1.460ns
    Source Clock Delay      (SCD):    1.280ns
    Clock Pessimism Removal (CPR):    0.174ns
  Clock Net Delay (Source):      1.141ns (routing 0.359ns, distribution 0.782ns)
  Clock Net Delay (Destination): 1.288ns (routing 0.404ns, distribution 0.884ns)

    Location             Delay type                Incr(ns)  Path(ns)    Netlist Resource(s)
  -------------------------------------------------------------------    -------------------
                         (clock clk_pl_1 rise edge)
                                                      0.000     0.000 r  
    PS8_X0Y0             PS8                          0.000     0.000 r  design_1_i/zynq_ultra_ps_e_0/U0/PS8_i/PLCLK[1]
                         net (fo=1, routed)           0.122     0.122    design_1_i/zynq_ultra_ps_e_0/U0/pl_clk_unbuffered[1]
    BUFG_PS_X0Y92        BUFG_PS (Prop_BUFG_PS_I_O)
                                                      0.017     0.139 r  design_1_i/zynq_ultra_ps_e_0/U0/buffer_pl_clk_1.PL_CLK_1_BUFG/O
    X1Y2 (CLOCK_ROOT)    net (fo=4141, routed)        1.141     1.280    design_1_i/axi_video_0/U0/video_FIFO/xpm_fifo_axis_inst/xpm_fifo_base_inst/gen_cdc_pntr.rd_pntr_cdc_inst/src_clk
    SLICE_X22Y273        FDRE                                         r  design_1_i/axi_video_0/U0/video_FIFO/xpm_fifo_axis_inst/xpm_fifo_base_inst/gen_cdc_pntr.rd_pntr_cdc_inst/src_gray_ff_reg[10]/C
  -------------------------------------------------------------------    -------------------
    SLICE_X22Y273        FDRE (Prop_HFF_SLICEL_C_Q)
                                                      0.039     1.319 r  design_1_i/axi_video_0/U0/video_FIFO/xpm_fifo_axis_inst/xpm_fifo_base_inst/gen_cdc_pntr.rd_pntr_cdc_inst/src_gray_ff_reg[10]/Q
                         net (fo=1, routed)           0.033     1.352    design_1_i/axi_video_0/U0/video_FIFO/xpm_fifo_axis_inst/xpm_fifo_base_inst/gen_cdc_pntr.rd_pntr_cdc_inst/async_path[10]
    SLICE_X22Y273        FDRE                                         r  design_1_i/axi_video_0/U0/video_FIFO/xpm_fifo_axis_inst/xpm_fifo_base_inst/gen_cdc_pntr.rd_pntr_cdc_inst/dest_graysync_ff_reg[0][10]/D
  -------------------------------------------------------------------    -------------------

                         (clock clk_pl_1 rise edge)
                                                      0.000     0.000 r  
    PS8_X0Y0             PS8                          0.000     0.000 r  design_1_i/zynq_ultra_ps_e_0/U0/PS8_i/PLCLK[1]
                         net (fo=1, routed)           0.154     0.154    design_1_i/zynq_ultra_ps_e_0/U0/pl_clk_unbuffered[1]
    BUFG_PS_X0Y92        BUFG_PS (Prop_BUFG_PS_I_O)
                                                      0.018     0.172 r  design_1_i/zynq_ultra_ps_e_0/U0/buffer_pl_clk_1.PL_CLK_1_BUFG/O
    X1Y2 (CLOCK_ROOT)    net (fo=4141, routed)        1.288     1.460    design_1_i/axi_video_0/U0/video_FIFO/xpm_fifo_axis_inst/xpm_fifo_base_inst/gen_cdc_pntr.rd_pntr_cdc_inst/dest_clk
    SLICE_X22Y273        FDRE                                         r  design_1_i/axi_video_0/U0/video_FIFO/xpm_fifo_axis_inst/xpm_fifo_base_inst/gen_cdc_pntr.rd_pntr_cdc_inst/dest_graysync_ff_reg[0][10]/C
                         clock pessimism             -0.174     1.286    
    SLICE_X22Y273        FDRE (Hold_HFF2_SLICEL_C_D)
                                                      0.047     1.333    design_1_i/axi_video_0/U0/video_FIFO/xpm_fifo_axis_inst/xpm_fifo_base_inst/gen_cdc_pntr.rd_pntr_cdc_inst/dest_graysync_ff_reg[0][10]
  -------------------------------------------------------------------
                         required time                         -1.333    
                         arrival time                           1.352    
  -------------------------------------------------------------------
                         slack                                  0.019    

Slack (MET) :             0.019ns  (arrival time - required time)
  Source:                 <hidden>
                            (rising edge-triggered cell FDRE clocked by clk_pl_1  {rise@0.000ns fall@3.381ns period=6.761ns})
  Destination:            <hidden>
                            (rising edge-triggered cell FDRE clocked by clk_pl_1  {rise@0.000ns fall@3.381ns period=6.761ns})
  Path Group:             clk_pl_1
  Path Type:              Hold (Min at Slow Process Corner)
  Requirement:            0.000ns  (clk_pl_1 rise@0.000ns - clk_pl_1 rise@0.000ns)
  Data Path Delay:        0.185ns  (logic 0.061ns (32.901%)  route 0.124ns (67.099%))
  Logic Levels:           0  
  Clock Path Skew:        0.106ns (DCD - SCD - CPR)
    Destination Clock Delay (DCD):    2.367ns
    Source Clock Delay      (SCD):    2.077ns
    Clock Pessimism Removal (CPR):    0.184ns
  Clock Net Delay (Source):      1.909ns (routing 0.593ns, distribution 1.316ns)
  Clock Net Delay (Destination): 2.159ns (routing 0.657ns, distribution 1.502ns)

    Location             Delay type                Incr(ns)  Path(ns)    Netlist Resource(s)
  -------------------------------------------------------------------    -------------------
                         (clock clk_pl_1 rise edge)
                                                      0.000     0.000 r  
    PS8_X0Y0             PS8                          0.000     0.000 r  design_1_i/zynq_ultra_ps_e_0/U0/PS8_i/PLCLK[1]
                         net (fo=1, routed)           0.143     0.143    design_1_i/zynq_ultra_ps_e_0/U0/pl_clk_unbuffered[1]
    BUFG_PS_X0Y92        BUFG_PS (Prop_BUFG_PS_I_O)
                                                      0.025     0.168 r  design_1_i/zynq_ultra_ps_e_0/U0/buffer_pl_clk_1.PL_CLK_1_BUFG/O
    X1Y2 (CLOCK_ROOT)    net (fo=4141, routed)        1.909     2.077    <hidden>
    SLICE_X5Y242         FDRE                                         r  <hidden>
  -------------------------------------------------------------------    -------------------
    SLICE_X5Y242         FDRE (Prop_DFF2_SLICEL_C_Q)
                                                      0.061     2.138 r  <hidden>
                         net (fo=2, routed)           0.124     2.262    <hidden>
    SLICE_X8Y243         FDRE                                         r  <hidden>
  -------------------------------------------------------------------    -------------------

                         (clock clk_pl_1 rise edge)
                                                      0.000     0.000 r  
    PS8_X0Y0             PS8                          0.000     0.000 r  design_1_i/zynq_ultra_ps_e_0/U0/PS8_i/PLCLK[1]
                         net (fo=1, routed)           0.180     0.180    design_1_i/zynq_ultra_ps_e_0/U0/pl_clk_unbuffered[1]
    BUFG_PS_X0Y92        BUFG_PS (Prop_BUFG_PS_I_O)
                                                      0.028     0.208 r  design_1_i/zynq_ultra_ps_e_0/U0/buffer_pl_clk_1.PL_CLK_1_BUFG/O
    X1Y2 (CLOCK_ROOT)    net (fo=4141, routed)        2.159     2.367    <hidden>
    SLICE_X8Y243         FDRE                                         r  <hidden>
                         clock pessimism             -0.184     2.183    
    SLICE_X8Y243         FDRE (Hold_BFF_SLICEL_C_D)
                                                      0.060     2.243    <hidden>
  -------------------------------------------------------------------
                         required time                         -2.243    
                         arrival time                           2.262    
  -------------------------------------------------------------------
                         slack                                  0.019    

Slack (MET) :             0.020ns  (arrival time - required time)
  Source:                 <hidden>
                            (rising edge-triggered cell FDRE clocked by clk_pl_1  {rise@0.000ns fall@3.381ns period=6.761ns})
  Destination:            <hidden>
                            (rising edge-triggered cell FDRE clocked by clk_pl_1  {rise@0.000ns fall@3.381ns period=6.761ns})
  Path Group:             clk_pl_1
  Path Type:              Hold (Min at Slow Process Corner)
  Requirement:            0.000ns  (clk_pl_1 rise@0.000ns - clk_pl_1 rise@0.000ns)
  Data Path Delay:        0.193ns  (logic 0.058ns (29.989%)  route 0.135ns (70.011%))
  Logic Levels:           0  
  Clock Path Skew:        0.111ns (DCD - SCD - CPR)
    Destination Clock Delay (DCD):    2.372ns
    Source Clock Delay      (SCD):    2.077ns
    Clock Pessimism Removal (CPR):    0.184ns
  Clock Net Delay (Source):      1.909ns (routing 0.593ns, distribution 1.316ns)
  Clock Net Delay (Destination): 2.164ns (routing 0.657ns, distribution 1.507ns)

    Location             Delay type                Incr(ns)  Path(ns)    Netlist Resource(s)
  -------------------------------------------------------------------    -------------------
                         (clock clk_pl_1 rise edge)
                                                      0.000     0.000 r  
    PS8_X0Y0             PS8                          0.000     0.000 r  design_1_i/zynq_ultra_ps_e_0/U0/PS8_i/PLCLK[1]
                         net (fo=1, routed)           0.143     0.143    design_1_i/zynq_ultra_ps_e_0/U0/pl_clk_unbuffered[1]
    BUFG_PS_X0Y92        BUFG_PS (Prop_BUFG_PS_I_O)
                                                      0.025     0.168 r  design_1_i/zynq_ultra_ps_e_0/U0/buffer_pl_clk_1.PL_CLK_1_BUFG/O
    X1Y2 (CLOCK_ROOT)    net (fo=4141, routed)        1.909     2.077    <hidden>
    SLICE_X5Y242         FDRE                                         r  <hidden>
  -------------------------------------------------------------------    -------------------
    SLICE_X5Y242         FDRE (Prop_CFF_SLICEL_C_Q)
                                                      0.058     2.135 r  <hidden>
                         net (fo=2, routed)           0.135     2.270    <hidden>
    SLICE_X8Y243         FDRE                                         r  <hidden>
  -------------------------------------------------------------------    -------------------

                         (clock clk_pl_1 rise edge)
                                                      0.000     0.000 r  
    PS8_X0Y0             PS8                          0.000     0.000 r  design_1_i/zynq_ultra_ps_e_0/U0/PS8_i/PLCLK[1]
                         net (fo=1, routed)           0.180     0.180    design_1_i/zynq_ultra_ps_e_0/U0/pl_clk_unbuffered[1]
    BUFG_PS_X0Y92        BUFG_PS (Prop_BUFG_PS_I_O)
                                                      0.028     0.208 r  design_1_i/zynq_ultra_ps_e_0/U0/buffer_pl_clk_1.PL_CLK_1_BUFG/O
    X1Y2 (CLOCK_ROOT)    net (fo=4141, routed)        2.164     2.372    <hidden>
    SLICE_X8Y243         FDRE                                         r  <hidden>
                         clock pessimism             -0.184     2.188    
    SLICE_X8Y243         FDRE (Hold_HFF2_SLICEL_C_D)
                                                      0.062     2.250    <hidden>
  -------------------------------------------------------------------
                         required time                         -2.250    
                         arrival time                           2.270    
  -------------------------------------------------------------------
                         slack                                  0.020    

Slack (MET) :             0.021ns  (arrival time - required time)
  Source:                 design_1_i/axi_video_0/U0/video_FIFO/xpm_fifo_axis_inst/xpm_fifo_base_inst/gen_cdc_pntr.rd_pntr_cdc_dc_inst/src_gray_ff_reg[5]/C
                            (rising edge-triggered cell FDRE clocked by clk_pl_1  {rise@0.000ns fall@3.381ns period=6.761ns})
  Destination:            design_1_i/axi_video_0/U0/video_FIFO/xpm_fifo_axis_inst/xpm_fifo_base_inst/gen_cdc_pntr.rd_pntr_cdc_dc_inst/dest_graysync_ff_reg[0][5]/D
                            (rising edge-triggered cell FDRE clocked by clk_pl_1  {rise@0.000ns fall@3.381ns period=6.761ns})
  Path Group:             clk_pl_1
  Path Type:              Hold (Min at Slow Process Corner)
  Requirement:            0.000ns  (clk_pl_1 rise@0.000ns - clk_pl_1 rise@0.000ns)
  Data Path Delay:        0.181ns  (logic 0.061ns (33.702%)  route 0.120ns (66.298%))
  Logic Levels:           0  
  Clock Path Skew:        0.099ns (DCD - SCD - CPR)
    Destination Clock Delay (DCD):    2.271ns
    Source Clock Delay      (SCD):    1.987ns
    Clock Pessimism Removal (CPR):    0.185ns
  Clock Net Delay (Source):      1.819ns (routing 0.593ns, distribution 1.226ns)
  Clock Net Delay (Destination): 2.063ns (routing 0.657ns, distribution 1.406ns)

    Location             Delay type                Incr(ns)  Path(ns)    Netlist Resource(s)
  -------------------------------------------------------------------    -------------------
                         (clock clk_pl_1 rise edge)
                                                      0.000     0.000 r  
    PS8_X0Y0             PS8                          0.000     0.000 r  design_1_i/zynq_ultra_ps_e_0/U0/PS8_i/PLCLK[1]
                         net (fo=1, routed)           0.143     0.143    design_1_i/zynq_ultra_ps_e_0/U0/pl_clk_unbuffered[1]
    BUFG_PS_X0Y92        BUFG_PS (Prop_BUFG_PS_I_O)
                                                      0.025     0.168 r  design_1_i/zynq_ultra_ps_e_0/U0/buffer_pl_clk_1.PL_CLK_1_BUFG/O
    X1Y2 (CLOCK_ROOT)    net (fo=4141, routed)        1.819     1.987    design_1_i/axi_video_0/U0/video_FIFO/xpm_fifo_axis_inst/xpm_fifo_base_inst/gen_cdc_pntr.rd_pntr_cdc_dc_inst/src_clk
    SLICE_X23Y276        FDRE                                         r  design_1_i/axi_video_0/U0/video_FIFO/xpm_fifo_axis_inst/xpm_fifo_base_inst/gen_cdc_pntr.rd_pntr_cdc_dc_inst/src_gray_ff_reg[5]/C
  -------------------------------------------------------------------    -------------------
    SLICE_X23Y276        FDRE (Prop_DFF2_SLICEM_C_Q)
                                                      0.061     2.048 r  design_1_i/axi_video_0/U0/video_FIFO/xpm_fifo_axis_inst/xpm_fifo_base_inst/gen_cdc_pntr.rd_pntr_cdc_dc_inst/src_gray_ff_reg[5]/Q
                         net (fo=1, routed)           0.120     2.168    design_1_i/axi_video_0/U0/video_FIFO/xpm_fifo_axis_inst/xpm_fifo_base_inst/gen_cdc_pntr.rd_pntr_cdc_dc_inst/async_path[5]
    SLICE_X21Y277        FDRE                                         r  design_1_i/axi_video_0/U0/video_FIFO/xpm_fifo_axis_inst/xpm_fifo_base_inst/gen_cdc_pntr.rd_pntr_cdc_dc_inst/dest_graysync_ff_reg[0][5]/D
  -------------------------------------------------------------------    -------------------

                         (clock clk_pl_1 rise edge)
                                                      0.000     0.000 r  
    PS8_X0Y0             PS8                          0.000     0.000 r  design_1_i/zynq_ultra_ps_e_0/U0/PS8_i/PLCLK[1]
                         net (fo=1, routed)           0.180     0.180    design_1_i/zynq_ultra_ps_e_0/U0/pl_clk_unbuffered[1]
    BUFG_PS_X0Y92        BUFG_PS (Prop_BUFG_PS_I_O)
                                                      0.028     0.208 r  design_1_i/zynq_ultra_ps_e_0/U0/buffer_pl_clk_1.PL_CLK_1_BUFG/O
    X1Y2 (CLOCK_ROOT)    net (fo=4141, routed)        2.063     2.271    design_1_i/axi_video_0/U0/video_FIFO/xpm_fifo_axis_inst/xpm_fifo_base_inst/gen_cdc_pntr.rd_pntr_cdc_dc_inst/dest_clk
    SLICE_X21Y277        FDRE                                         r  design_1_i/axi_video_0/U0/video_FIFO/xpm_fifo_axis_inst/xpm_fifo_base_inst/gen_cdc_pntr.rd_pntr_cdc_dc_inst/dest_graysync_ff_reg[0][5]/C
                         clock pessimism             -0.185     2.086    
    SLICE_X21Y277        FDRE (Hold_DFF2_SLICEM_C_D)
                                                      0.061     2.147    design_1_i/axi_video_0/U0/video_FIFO/xpm_fifo_axis_inst/xpm_fifo_base_inst/gen_cdc_pntr.rd_pntr_cdc_dc_inst/dest_graysync_ff_reg[0][5]
  -------------------------------------------------------------------
                         required time                         -2.147    
                         arrival time                           2.168    
  -------------------------------------------------------------------
                         slack                                  0.021    

Slack (MET) :             0.023ns  (arrival time - required time)
  Source:                 <hidden>
                            (rising edge-triggered cell FDRE clocked by clk_pl_1  {rise@0.000ns fall@3.381ns period=6.761ns})
  Destination:            <hidden>
                            (rising edge-triggered cell FDRE clocked by clk_pl_1  {rise@0.000ns fall@3.381ns period=6.761ns})
  Path Group:             clk_pl_1
  Path Type:              Hold (Min at Slow Process Corner)
  Requirement:            0.000ns  (clk_pl_1 rise@0.000ns - clk_pl_1 rise@0.000ns)
  Data Path Delay:        0.183ns  (logic 0.060ns (32.750%)  route 0.123ns (67.250%))
  Logic Levels:           0  
  Clock Path Skew:        0.100ns (DCD - SCD - CPR)
    Destination Clock Delay (DCD):    2.361ns
    Source Clock Delay      (SCD):    2.077ns
    Clock Pessimism Removal (CPR):    0.184ns
  Clock Net Delay (Source):      1.909ns (routing 0.593ns, distribution 1.316ns)
  Clock Net Delay (Destination): 2.153ns (routing 0.657ns, distribution 1.496ns)

    Location             Delay type                Incr(ns)  Path(ns)    Netlist Resource(s)
  -------------------------------------------------------------------    -------------------
                         (clock clk_pl_1 rise edge)
                                                      0.000     0.000 r  
    PS8_X0Y0             PS8                          0.000     0.000 r  design_1_i/zynq_ultra_ps_e_0/U0/PS8_i/PLCLK[1]
                         net (fo=1, routed)           0.143     0.143    design_1_i/zynq_ultra_ps_e_0/U0/pl_clk_unbuffered[1]
    BUFG_PS_X0Y92        BUFG_PS (Prop_BUFG_PS_I_O)
                                                      0.025     0.168 r  design_1_i/zynq_ultra_ps_e_0/U0/buffer_pl_clk_1.PL_CLK_1_BUFG/O
    X1Y2 (CLOCK_ROOT)    net (fo=4141, routed)        1.909     2.077    <hidden>
    SLICE_X5Y242         FDRE                                         r  <hidden>
  -------------------------------------------------------------------    -------------------
    SLICE_X5Y242         FDRE (Prop_AFF2_SLICEL_C_Q)
                                                      0.060     2.137 r  <hidden>
                         net (fo=2, routed)           0.123     2.260    <hidden>
    SLICE_X6Y243         FDRE                                         r  <hidden>
  -------------------------------------------------------------------    -------------------

                         (clock clk_pl_1 rise edge)
                                                      0.000     0.000 r  
    PS8_X0Y0             PS8                          0.000     0.000 r  design_1_i/zynq_ultra_ps_e_0/U0/PS8_i/PLCLK[1]
                         net (fo=1, routed)           0.180     0.180    design_1_i/zynq_ultra_ps_e_0/U0/pl_clk_unbuffered[1]
    BUFG_PS_X0Y92        BUFG_PS (Prop_BUFG_PS_I_O)
                                                      0.028     0.208 r  design_1_i/zynq_ultra_ps_e_0/U0/buffer_pl_clk_1.PL_CLK_1_BUFG/O
    X1Y2 (CLOCK_ROOT)    net (fo=4141, routed)        2.153     2.361    <hidden>
    SLICE_X6Y243         FDRE                                         r  <hidden>
                         clock pessimism             -0.184     2.177    
    SLICE_X6Y243         FDRE (Hold_BFF_SLICEM_C_D)
                                                      0.060     2.237    <hidden>
  -------------------------------------------------------------------
                         required time                         -2.237    
                         arrival time                           2.260    
  -------------------------------------------------------------------
                         slack                                  0.023    





Pulse Width Checks
--------------------------------------------------------------------------------------
Clock Name:         clk_pl_1
Waveform(ns):       { 0.000 3.381 }
Period(ns):         6.761
Sources:            { design_1_i/zynq_ultra_ps_e_0/U0/PS8_i/PLCLK[1] }

Check Type        Corner  Lib Pin             Reference Pin  Required(ns)  Actual(ns)  Slack(ns)  Location       Pin
Min Period        n/a     PS8/DPVIDEOINCLK    n/a            3.330         6.761       3.431      PS8_X0Y0       design_1_i/zynq_ultra_ps_e_0/U0/PS8_i/DPVIDEOINCLK
Min Period        n/a     PS8/MAXIGP1ACLK     n/a            3.000         6.761       3.761      PS8_X0Y0       design_1_i/zynq_ultra_ps_e_0/U0/PS8_i/MAXIGP1ACLK
Min Period        n/a     PS8/SAXIGP1RCLK     n/a            3.000         6.761       3.761      PS8_X0Y0       design_1_i/zynq_ultra_ps_e_0/U0/PS8_i/SAXIGP1RCLK
Min Period        n/a     PS8/SAXIGP1WCLK     n/a            3.000         6.761       3.761      PS8_X0Y0       design_1_i/zynq_ultra_ps_e_0/U0/PS8_i/SAXIGP1WCLK
Min Period        n/a     URAM288/CLK         n/a            2.000         6.761       4.761      URAM288_X0Y64  design_1_i/axi_video_0/U0/video_FIFO/xpm_fifo_axis_inst/xpm_fifo_base_inst/gen_sdpram.xpm_memory_base_inst/gen_wr_a.gen_word_narrow.mem_reg_uram_0/CLK
Min Period        n/a     URAM288/CLK         n/a            2.000         6.761       4.761      URAM288_X0Y65  design_1_i/axi_video_0/U0/video_FIFO/xpm_fifo_axis_inst/xpm_fifo_base_inst/gen_sdpram.xpm_memory_base_inst/gen_wr_a.gen_word_narrow.mem_reg_uram_1/CLK
Min Period        n/a     RAMB36E2/CLKARDCLK  n/a            1.355         6.761       5.406      RAMB36_X1Y48   design_1_i/axi_video_0/U0/video_FIFO/xpm_fifo_async_inst/gnuram_async_fifo.xpm_fifo_base_inst/gen_sdpram.xpm_memory_base_inst/gen_wr_a.gen_word_wide.mem_reg_bram_0/CLKARDCLK
Min Period        n/a     RAMB36E2/CLKBWRCLK  n/a            1.355         6.761       5.406      RAMB36_X1Y48   design_1_i/axi_video_0/U0/video_FIFO/xpm_fifo_async_inst/gnuram_async_fifo.xpm_fifo_base_inst/gen_sdpram.xpm_memory_base_inst/gen_wr_a.gen_word_wide.mem_reg_bram_0/CLKBWRCLK
Min Period        n/a     SRL16E/CLK          n/a            1.064         6.761       5.697      SLICE_X15Y278  design_1_i/axi_smc/inst/clk_map/psr_aclk/U0/EXT_LPF/POR_SRL_I/CLK
Min Period        n/a     SRL16E/CLK          n/a            1.064         6.761       5.697      SLICE_X19Y280  design_1_i/axi_smc_1/inst/clk_map/psr_aclk/U0/EXT_LPF/POR_SRL_I/CLK
Low Pulse Width   Slow    PS8/DPVIDEOINCLK    n/a            1.665         3.381       1.716      PS8_X0Y0       design_1_i/zynq_ultra_ps_e_0/U0/PS8_i/DPVIDEOINCLK
Low Pulse Width   Fast    PS8/DPVIDEOINCLK    n/a            1.665         3.380       1.715      PS8_X0Y0       design_1_i/zynq_ultra_ps_e_0/U0/PS8_i/DPVIDEOINCLK
Low Pulse Width   Slow    PS8/MAXIGP1ACLK     n/a            1.500         3.381       1.881      PS8_X0Y0       design_1_i/zynq_ultra_ps_e_0/U0/PS8_i/MAXIGP1ACLK
Low Pulse Width   Fast    PS8/MAXIGP1ACLK     n/a            1.500         3.381       1.881      PS8_X0Y0       design_1_i/zynq_ultra_ps_e_0/U0/PS8_i/MAXIGP1ACLK
Low Pulse Width   Slow    PS8/SAXIGP1RCLK     n/a            1.500         3.380       1.880      PS8_X0Y0       design_1_i/zynq_ultra_ps_e_0/U0/PS8_i/SAXIGP1RCLK
Low Pulse Width   Fast    PS8/SAXIGP1RCLK     n/a            1.500         3.381       1.881      PS8_X0Y0       design_1_i/zynq_ultra_ps_e_0/U0/PS8_i/SAXIGP1RCLK
Low Pulse Width   Slow    PS8/SAXIGP1WCLK     n/a            1.500         3.380       1.880      PS8_X0Y0       design_1_i/zynq_ultra_ps_e_0/U0/PS8_i/SAXIGP1WCLK
Low Pulse Width   Fast    PS8/SAXIGP1WCLK     n/a            1.500         3.381       1.881      PS8_X0Y0       design_1_i/zynq_ultra_ps_e_0/U0/PS8_i/SAXIGP1WCLK
Low Pulse Width   Slow    URAM288/CLK         n/a            0.700         3.380       2.680      URAM288_X0Y64  design_1_i/axi_video_0/U0/video_FIFO/xpm_fifo_axis_inst/xpm_fifo_base_inst/gen_sdpram.xpm_memory_base_inst/gen_wr_a.gen_word_narrow.mem_reg_uram_0/CLK
Low Pulse Width   Fast    URAM288/CLK         n/a            0.700         3.381       2.681      URAM288_X0Y64  design_1_i/axi_video_0/U0/video_FIFO/xpm_fifo_axis_inst/xpm_fifo_base_inst/gen_sdpram.xpm_memory_base_inst/gen_wr_a.gen_word_narrow.mem_reg_uram_0/CLK
High Pulse Width  Slow    PS8/DPVIDEOINCLK    n/a            1.665         3.381       1.716      PS8_X0Y0       design_1_i/zynq_ultra_ps_e_0/U0/PS8_i/DPVIDEOINCLK
High Pulse Width  Fast    PS8/DPVIDEOINCLK    n/a            1.665         3.380       1.715      PS8_X0Y0       design_1_i/zynq_ultra_ps_e_0/U0/PS8_i/DPVIDEOINCLK
High Pulse Width  Slow    PS8/MAXIGP1ACLK     n/a            1.500         3.380       1.880      PS8_X0Y0       design_1_i/zynq_ultra_ps_e_0/U0/PS8_i/MAXIGP1ACLK
High Pulse Width  Fast    PS8/MAXIGP1ACLK     n/a            1.500         3.380       1.880      PS8_X0Y0       design_1_i/zynq_ultra_ps_e_0/U0/PS8_i/MAXIGP1ACLK
High Pulse Width  Slow    PS8/SAXIGP1RCLK     n/a            1.500         3.381       1.881      PS8_X0Y0       design_1_i/zynq_ultra_ps_e_0/U0/PS8_i/SAXIGP1RCLK
High Pulse Width  Fast    PS8/SAXIGP1RCLK     n/a            1.500         3.380       1.880      PS8_X0Y0       design_1_i/zynq_ultra_ps_e_0/U0/PS8_i/SAXIGP1RCLK
High Pulse Width  Slow    PS8/SAXIGP1WCLK     n/a            1.500         3.381       1.881      PS8_X0Y0       design_1_i/zynq_ultra_ps_e_0/U0/PS8_i/SAXIGP1WCLK
High Pulse Width  Fast    PS8/SAXIGP1WCLK     n/a            1.500         3.380       1.880      PS8_X0Y0       design_1_i/zynq_ultra_ps_e_0/U0/PS8_i/SAXIGP1WCLK
High Pulse Width  Slow    URAM288/CLK         n/a            0.700         3.381       2.681      URAM288_X0Y64  design_1_i/axi_video_0/U0/video_FIFO/xpm_fifo_axis_inst/xpm_fifo_base_inst/gen_sdpram.xpm_memory_base_inst/gen_wr_a.gen_word_narrow.mem_reg_uram_0/CLK
High Pulse Width  Fast    URAM288/CLK         n/a            0.700         3.380       2.680      URAM288_X0Y64  design_1_i/axi_video_0/U0/video_FIFO/xpm_fifo_axis_inst/xpm_fifo_base_inst/gen_sdpram.xpm_memory_base_inst/gen_wr_a.gen_word_narrow.mem_reg_uram_0/CLK



--------------------------------------------------------------------------------------
Path Group:  (none)
From Clock:  
  To Clock:  clk_pl_0

Max Delay             1 Endpoint
Min Delay             1 Endpoint
--------------------------------------------------------------------------------------


Max Delay Paths
--------------------------------------------------------------------------------------
Slack:                    inf
  Source:                 design_1_i/zynq_ultra_ps_e_0/U0/PS8_i/EMIOGPIOO[95]
                            (internal pin)
  Destination:            design_1_i/rst_ps8_0_249M/U0/EXT_LPF/ACTIVE_LOW_EXT.ACT_LO_EXT/GENERATE_LEVEL_P_S_CDC.SINGLE_BIT.CROSS_PLEVEL_IN2SCNDRY_IN_cdc_to/D
                            (rising edge-triggered cell FDRE clocked by clk_pl_0  {rise@0.000ns fall@2.667ns period=5.333ns})
  Path Group:             (none)
  Path Type:              Setup (Max at Slow Process Corner)
  Data Path Delay:        1.064ns  (logic 0.089ns (8.365%)  route 0.975ns (91.635%))
  Logic Levels:           1  (LUT1=1)
  Clock Uncertainty:      0.109ns  ((TSJ^2 + DJ^2)^1/2) / 2 + PE
    Total System Jitter     (TSJ):    0.050ns
    Discrete Jitter          (DJ):    0.213ns
    Phase Error              (PE):    0.000ns
  Clock Net Delay (Destination): 1.708ns (routing 0.512ns, distribution 1.196ns)
  Timing Exception:       False Path

    Location             Delay type                Incr(ns)  Path(ns)    Netlist Resource(s)
  -------------------------------------------------------------------    -------------------
    PS8_X0Y0             PS8                          0.000     0.000 f  design_1_i/zynq_ultra_ps_e_0/U0/PS8_i/EMIOGPIOO[95]
                         net (fo=2, routed)           0.927     0.927    design_1_i/rst_ps8_0_249M/U0/EXT_LPF/ACTIVE_LOW_EXT.ACT_LO_EXT/ext_reset_in
    SLICE_X22Y282        LUT1 (Prop_D6LUT_SLICEL_I0_O)
                                                      0.089     1.016 r  design_1_i/rst_ps8_0_249M/U0/EXT_LPF/ACTIVE_LOW_EXT.ACT_LO_EXT/GENERATE_LEVEL_P_S_CDC.SINGLE_BIT.CROSS_PLEVEL_IN2SCNDRY_IN_cdc_to_i_1/O
                         net (fo=1, routed)           0.048     1.064    design_1_i/rst_ps8_0_249M/U0/EXT_LPF/ACTIVE_LOW_EXT.ACT_LO_EXT/exr_d1
    SLICE_X22Y282        FDRE                                         r  design_1_i/rst_ps8_0_249M/U0/EXT_LPF/ACTIVE_LOW_EXT.ACT_LO_EXT/GENERATE_LEVEL_P_S_CDC.SINGLE_BIT.CROSS_PLEVEL_IN2SCNDRY_IN_cdc_to/D
  -------------------------------------------------------------------    -------------------

                         (clock clk_pl_0 rise edge)
                                                      0.000     0.000 r  
    PS8_X0Y0             PS8                          0.000     0.000 r  design_1_i/zynq_ultra_ps_e_0/U0/PS8_i/PLCLK[0]
                         net (fo=1, routed)           0.143     0.143    design_1_i/zynq_ultra_ps_e_0/U0/pl_clk_unbuffered[0]
    BUFG_PS_X0Y80        BUFG_PS (Prop_BUFG_PS_I_O)
                                                      0.025     0.168 r  design_1_i/zynq_ultra_ps_e_0/U0/buffer_pl_clk_0.PL_CLK_0_BUFG/O
    X1Y2 (CLOCK_ROOT)    net (fo=48996, routed)       1.708     1.876    design_1_i/rst_ps8_0_249M/U0/EXT_LPF/ACTIVE_LOW_EXT.ACT_LO_EXT/slowest_sync_clk
    SLICE_X22Y282        FDRE                                         r  design_1_i/rst_ps8_0_249M/U0/EXT_LPF/ACTIVE_LOW_EXT.ACT_LO_EXT/GENERATE_LEVEL_P_S_CDC.SINGLE_BIT.CROSS_PLEVEL_IN2SCNDRY_IN_cdc_to/C





Min Delay Paths
--------------------------------------------------------------------------------------
Slack:                    inf
  Source:                 design_1_i/zynq_ultra_ps_e_0/U0/PS8_i/EMIOGPIOO[95]
                            (internal pin)
  Destination:            design_1_i/rst_ps8_0_249M/U0/EXT_LPF/ACTIVE_LOW_EXT.ACT_LO_EXT/GENERATE_LEVEL_P_S_CDC.SINGLE_BIT.CROSS_PLEVEL_IN2SCNDRY_IN_cdc_to/D
                            (rising edge-triggered cell FDRE clocked by clk_pl_0  {rise@0.000ns fall@2.667ns period=5.333ns})
  Path Group:             (none)
  Path Type:              Hold (Min at Fast Process Corner)
  Data Path Delay:        0.527ns  (logic 0.035ns (6.641%)  route 0.492ns (93.359%))
  Logic Levels:           1  (LUT1=1)
  Clock Uncertainty:      0.109ns  ((TSJ^2 + DJ^2)^1/2) / 2 + PE
    Total System Jitter     (TSJ):    0.050ns
    Discrete Jitter          (DJ):    0.213ns
    Phase Error              (PE):    0.000ns
  Clock Net Delay (Destination): 1.201ns (routing 0.352ns, distribution 0.849ns)
  Timing Exception:       False Path

    Location             Delay type                Incr(ns)  Path(ns)    Netlist Resource(s)
  -------------------------------------------------------------------    -------------------
    PS8_X0Y0             PS8                          0.000     0.000 f  design_1_i/zynq_ultra_ps_e_0/U0/PS8_i/EMIOGPIOO[95]
                         net (fo=2, routed)           0.478     0.478    design_1_i/rst_ps8_0_249M/U0/EXT_LPF/ACTIVE_LOW_EXT.ACT_LO_EXT/ext_reset_in
    SLICE_X22Y282        LUT1 (Prop_D6LUT_SLICEL_I0_O)
                                                      0.035     0.513 r  design_1_i/rst_ps8_0_249M/U0/EXT_LPF/ACTIVE_LOW_EXT.ACT_LO_EXT/GENERATE_LEVEL_P_S_CDC.SINGLE_BIT.CROSS_PLEVEL_IN2SCNDRY_IN_cdc_to_i_1/O
                         net (fo=1, routed)           0.014     0.527    design_1_i/rst_ps8_0_249M/U0/EXT_LPF/ACTIVE_LOW_EXT.ACT_LO_EXT/exr_d1
    SLICE_X22Y282        FDRE                                         r  design_1_i/rst_ps8_0_249M/U0/EXT_LPF/ACTIVE_LOW_EXT.ACT_LO_EXT/GENERATE_LEVEL_P_S_CDC.SINGLE_BIT.CROSS_PLEVEL_IN2SCNDRY_IN_cdc_to/D
  -------------------------------------------------------------------    -------------------

                         (clock clk_pl_0 rise edge)
                                                      0.000     0.000 r  
    PS8_X0Y0             PS8                          0.000     0.000 r  design_1_i/zynq_ultra_ps_e_0/U0/PS8_i/PLCLK[0]
                         net (fo=1, routed)           0.154     0.154    design_1_i/zynq_ultra_ps_e_0/U0/pl_clk_unbuffered[0]
    BUFG_PS_X0Y80        BUFG_PS (Prop_BUFG_PS_I_O)
                                                      0.018     0.172 r  design_1_i/zynq_ultra_ps_e_0/U0/buffer_pl_clk_0.PL_CLK_0_BUFG/O
    X1Y2 (CLOCK_ROOT)    net (fo=48996, routed)       1.201     1.373    design_1_i/rst_ps8_0_249M/U0/EXT_LPF/ACTIVE_LOW_EXT.ACT_LO_EXT/slowest_sync_clk
    SLICE_X22Y282        FDRE                                         r  design_1_i/rst_ps8_0_249M/U0/EXT_LPF/ACTIVE_LOW_EXT.ACT_LO_EXT/GENERATE_LEVEL_P_S_CDC.SINGLE_BIT.CROSS_PLEVEL_IN2SCNDRY_IN_cdc_to/C





--------------------------------------------------------------------------------------
Path Group:  (none)
From Clock:  clk_pl_0
  To Clock:  clk_pl_0

Max Delay            50 Endpoints
Min Delay            50 Endpoints
--------------------------------------------------------------------------------------


Max Delay Paths
--------------------------------------------------------------------------------------
Slack:                    inf
  Source:                 design_1_i/axi_smc_2/inst/clk_map/psr_aclk/U0/ACTIVE_LOW_BSR_OUT_DFF[0].FDRE_BSR_N/C
                            (rising edge-triggered cell FDRE clocked by clk_pl_0  {rise@0.000ns fall@2.667ns period=5.333ns})
  Destination:            <hidden>
                            (recovery check against rising-edge clock clk_pl_0  {rise@0.000ns fall@2.667ns period=5.333ns})
  Path Group:             (none)
  Path Type:              Recovery (Max at Slow Process Corner)
  Data Path Delay:        3.032ns  (logic 0.078ns (2.573%)  route 2.954ns (97.427%))
  Logic Levels:           0  
  Clock Path Skew:        -0.287ns (DCD - SCD + CPR)
    Destination Clock Delay (DCD):    1.732ns
    Source Clock Delay      (SCD):    2.019ns
    Clock Pessimism Removal (CPR):    0.000ns
  Clock Uncertainty:      0.112ns  ((TSJ^2 + DJ^2)^1/2) / 2 + PE
    Total System Jitter     (TSJ):    0.071ns
    Discrete Jitter          (DJ):    0.213ns
    Phase Error              (PE):    0.000ns
  Clock Net Delay (Source):      1.811ns (routing 0.569ns, distribution 1.242ns)
  Clock Net Delay (Destination): 1.564ns (routing 0.512ns, distribution 1.052ns)
  Timing Exception:       False Path

    Location             Delay type                Incr(ns)  Path(ns)    Netlist Resource(s)
  -------------------------------------------------------------------    -------------------
                         (clock clk_pl_0 rise edge)
                                                      0.000     0.000 r  
    PS8_X0Y0             PS8                          0.000     0.000 r  design_1_i/zynq_ultra_ps_e_0/U0/PS8_i/PLCLK[0]
                         net (fo=1, routed)           0.180     0.180    design_1_i/zynq_ultra_ps_e_0/U0/pl_clk_unbuffered[0]
    BUFG_PS_X0Y80        BUFG_PS (Prop_BUFG_PS_I_O)
                                                      0.028     0.208 r  design_1_i/zynq_ultra_ps_e_0/U0/buffer_pl_clk_0.PL_CLK_0_BUFG/O
    X1Y2 (CLOCK_ROOT)    net (fo=48996, routed)       1.811     2.019    design_1_i/axi_smc_2/inst/clk_map/psr_aclk/U0/aclk
    SLICE_X54Y0          FDRE                                         r  design_1_i/axi_smc_2/inst/clk_map/psr_aclk/U0/ACTIVE_LOW_BSR_OUT_DFF[0].FDRE_BSR_N/C
  -------------------------------------------------------------------    -------------------
    SLICE_X54Y0          FDRE (Prop_DFF_SLICEM_C_Q)
                                                      0.078     2.097 r  design_1_i/axi_smc_2/inst/clk_map/psr_aclk/U0/ACTIVE_LOW_BSR_OUT_DFF[0].FDRE_BSR_N/Q
                         net (fo=21, routed)          2.954     5.051    <hidden>
    SLICE_X54Y212        FDCE                                         f  <hidden>  (IS_INVERTED)
  -------------------------------------------------------------------    -------------------

                         (clock clk_pl_0 rise edge)
                                                      0.000     0.000 r  
    PS8_X0Y0             PS8                          0.000     0.000 r  design_1_i/zynq_ultra_ps_e_0/U0/PS8_i/PLCLK[0]
                         net (fo=1, routed)           0.143     0.143    design_1_i/zynq_ultra_ps_e_0/U0/pl_clk_unbuffered[0]
    BUFG_PS_X0Y80        BUFG_PS (Prop_BUFG_PS_I_O)
                                                      0.025     0.168 r  design_1_i/zynq_ultra_ps_e_0/U0/buffer_pl_clk_0.PL_CLK_0_BUFG/O
    X1Y2 (CLOCK_ROOT)    net (fo=48996, routed)       1.564     1.732    <hidden>
    SLICE_X54Y212        FDCE                                         r  <hidden>

Slack:                    inf
  Source:                 design_1_i/axi_smc_2/inst/clk_map/psr_aclk/U0/ACTIVE_LOW_BSR_OUT_DFF[0].FDRE_BSR_N/C
                            (rising edge-triggered cell FDRE clocked by clk_pl_0  {rise@0.000ns fall@2.667ns period=5.333ns})
  Destination:            <hidden>
                            (recovery check against rising-edge clock clk_pl_0  {rise@0.000ns fall@2.667ns period=5.333ns})
  Path Group:             (none)
  Path Type:              Recovery (Max at Slow Process Corner)
  Data Path Delay:        3.032ns  (logic 0.078ns (2.573%)  route 2.954ns (97.427%))
  Logic Levels:           0  
  Clock Path Skew:        -0.287ns (DCD - SCD + CPR)
    Destination Clock Delay (DCD):    1.732ns
    Source Clock Delay      (SCD):    2.019ns
    Clock Pessimism Removal (CPR):    0.000ns
  Clock Uncertainty:      0.112ns  ((TSJ^2 + DJ^2)^1/2) / 2 + PE
    Total System Jitter     (TSJ):    0.071ns
    Discrete Jitter          (DJ):    0.213ns
    Phase Error              (PE):    0.000ns
  Clock Net Delay (Source):      1.811ns (routing 0.569ns, distribution 1.242ns)
  Clock Net Delay (Destination): 1.564ns (routing 0.512ns, distribution 1.052ns)
  Timing Exception:       False Path

    Location             Delay type                Incr(ns)  Path(ns)    Netlist Resource(s)
  -------------------------------------------------------------------    -------------------
                         (clock clk_pl_0 rise edge)
                                                      0.000     0.000 r  
    PS8_X0Y0             PS8                          0.000     0.000 r  design_1_i/zynq_ultra_ps_e_0/U0/PS8_i/PLCLK[0]
                         net (fo=1, routed)           0.180     0.180    design_1_i/zynq_ultra_ps_e_0/U0/pl_clk_unbuffered[0]
    BUFG_PS_X0Y80        BUFG_PS (Prop_BUFG_PS_I_O)
                                                      0.028     0.208 r  design_1_i/zynq_ultra_ps_e_0/U0/buffer_pl_clk_0.PL_CLK_0_BUFG/O
    X1Y2 (CLOCK_ROOT)    net (fo=48996, routed)       1.811     2.019    design_1_i/axi_smc_2/inst/clk_map/psr_aclk/U0/aclk
    SLICE_X54Y0          FDRE                                         r  design_1_i/axi_smc_2/inst/clk_map/psr_aclk/U0/ACTIVE_LOW_BSR_OUT_DFF[0].FDRE_BSR_N/C
  -------------------------------------------------------------------    -------------------
    SLICE_X54Y0          FDRE (Prop_DFF_SLICEM_C_Q)
                                                      0.078     2.097 r  design_1_i/axi_smc_2/inst/clk_map/psr_aclk/U0/ACTIVE_LOW_BSR_OUT_DFF[0].FDRE_BSR_N/Q
                         net (fo=21, routed)          2.954     5.051    <hidden>
    SLICE_X54Y212        FDCE                                         f  <hidden>  (IS_INVERTED)
  -------------------------------------------------------------------    -------------------

                         (clock clk_pl_0 rise edge)
                                                      0.000     0.000 r  
    PS8_X0Y0             PS8                          0.000     0.000 r  design_1_i/zynq_ultra_ps_e_0/U0/PS8_i/PLCLK[0]
                         net (fo=1, routed)           0.143     0.143    design_1_i/zynq_ultra_ps_e_0/U0/pl_clk_unbuffered[0]
    BUFG_PS_X0Y80        BUFG_PS (Prop_BUFG_PS_I_O)
                                                      0.025     0.168 r  design_1_i/zynq_ultra_ps_e_0/U0/buffer_pl_clk_0.PL_CLK_0_BUFG/O
    X1Y2 (CLOCK_ROOT)    net (fo=48996, routed)       1.564     1.732    <hidden>
    SLICE_X54Y212        FDCE                                         r  <hidden>

Slack:                    inf
  Source:                 design_1_i/axi_smc_2/inst/clk_map/psr_aclk/U0/ACTIVE_LOW_BSR_OUT_DFF[0].FDRE_BSR_N/C
                            (rising edge-triggered cell FDRE clocked by clk_pl_0  {rise@0.000ns fall@2.667ns period=5.333ns})
  Destination:            <hidden>
                            (recovery check against rising-edge clock clk_pl_0  {rise@0.000ns fall@2.667ns period=5.333ns})
  Path Group:             (none)
  Path Type:              Recovery (Max at Slow Process Corner)
  Data Path Delay:        3.032ns  (logic 0.078ns (2.573%)  route 2.954ns (97.427%))
  Logic Levels:           0  
  Clock Path Skew:        -0.287ns (DCD - SCD + CPR)
    Destination Clock Delay (DCD):    1.732ns
    Source Clock Delay      (SCD):    2.019ns
    Clock Pessimism Removal (CPR):    0.000ns
  Clock Uncertainty:      0.112ns  ((TSJ^2 + DJ^2)^1/2) / 2 + PE
    Total System Jitter     (TSJ):    0.071ns
    Discrete Jitter          (DJ):    0.213ns
    Phase Error              (PE):    0.000ns
  Clock Net Delay (Source):      1.811ns (routing 0.569ns, distribution 1.242ns)
  Clock Net Delay (Destination): 1.564ns (routing 0.512ns, distribution 1.052ns)
  Timing Exception:       False Path

    Location             Delay type                Incr(ns)  Path(ns)    Netlist Resource(s)
  -------------------------------------------------------------------    -------------------
                         (clock clk_pl_0 rise edge)
                                                      0.000     0.000 r  
    PS8_X0Y0             PS8                          0.000     0.000 r  design_1_i/zynq_ultra_ps_e_0/U0/PS8_i/PLCLK[0]
                         net (fo=1, routed)           0.180     0.180    design_1_i/zynq_ultra_ps_e_0/U0/pl_clk_unbuffered[0]
    BUFG_PS_X0Y80        BUFG_PS (Prop_BUFG_PS_I_O)
                                                      0.028     0.208 r  design_1_i/zynq_ultra_ps_e_0/U0/buffer_pl_clk_0.PL_CLK_0_BUFG/O
    X1Y2 (CLOCK_ROOT)    net (fo=48996, routed)       1.811     2.019    design_1_i/axi_smc_2/inst/clk_map/psr_aclk/U0/aclk
    SLICE_X54Y0          FDRE                                         r  design_1_i/axi_smc_2/inst/clk_map/psr_aclk/U0/ACTIVE_LOW_BSR_OUT_DFF[0].FDRE_BSR_N/C
  -------------------------------------------------------------------    -------------------
    SLICE_X54Y0          FDRE (Prop_DFF_SLICEM_C_Q)
                                                      0.078     2.097 r  design_1_i/axi_smc_2/inst/clk_map/psr_aclk/U0/ACTIVE_LOW_BSR_OUT_DFF[0].FDRE_BSR_N/Q
                         net (fo=21, routed)          2.954     5.051    <hidden>
    SLICE_X54Y212        FDCE                                         f  <hidden>  (IS_INVERTED)
  -------------------------------------------------------------------    -------------------

                         (clock clk_pl_0 rise edge)
                                                      0.000     0.000 r  
    PS8_X0Y0             PS8                          0.000     0.000 r  design_1_i/zynq_ultra_ps_e_0/U0/PS8_i/PLCLK[0]
                         net (fo=1, routed)           0.143     0.143    design_1_i/zynq_ultra_ps_e_0/U0/pl_clk_unbuffered[0]
    BUFG_PS_X0Y80        BUFG_PS (Prop_BUFG_PS_I_O)
                                                      0.025     0.168 r  design_1_i/zynq_ultra_ps_e_0/U0/buffer_pl_clk_0.PL_CLK_0_BUFG/O
    X1Y2 (CLOCK_ROOT)    net (fo=48996, routed)       1.564     1.732    <hidden>
    SLICE_X54Y212        FDCE                                         r  <hidden>

Slack:                    inf
  Source:                 design_1_i/axi_smc_2/inst/clk_map/psr_aclk/U0/ACTIVE_LOW_BSR_OUT_DFF[0].FDRE_BSR_N/C
                            (rising edge-triggered cell FDRE clocked by clk_pl_0  {rise@0.000ns fall@2.667ns period=5.333ns})
  Destination:            <hidden>
                            (recovery check against rising-edge clock clk_pl_0  {rise@0.000ns fall@2.667ns period=5.333ns})
  Path Group:             (none)
  Path Type:              Recovery (Max at Slow Process Corner)
  Data Path Delay:        2.795ns  (logic 0.078ns (2.791%)  route 2.717ns (97.209%))
  Logic Levels:           0  
  Clock Path Skew:        -0.278ns (DCD - SCD + CPR)
    Destination Clock Delay (DCD):    1.740ns
    Source Clock Delay      (SCD):    2.019ns
    Clock Pessimism Removal (CPR):    0.000ns
  Clock Uncertainty:      0.112ns  ((TSJ^2 + DJ^2)^1/2) / 2 + PE
    Total System Jitter     (TSJ):    0.071ns
    Discrete Jitter          (DJ):    0.213ns
    Phase Error              (PE):    0.000ns
  Clock Net Delay (Source):      1.811ns (routing 0.569ns, distribution 1.242ns)
  Clock Net Delay (Destination): 1.572ns (routing 0.512ns, distribution 1.060ns)
  Timing Exception:       False Path

    Location             Delay type                Incr(ns)  Path(ns)    Netlist Resource(s)
  -------------------------------------------------------------------    -------------------
                         (clock clk_pl_0 rise edge)
                                                      0.000     0.000 r  
    PS8_X0Y0             PS8                          0.000     0.000 r  design_1_i/zynq_ultra_ps_e_0/U0/PS8_i/PLCLK[0]
                         net (fo=1, routed)           0.180     0.180    design_1_i/zynq_ultra_ps_e_0/U0/pl_clk_unbuffered[0]
    BUFG_PS_X0Y80        BUFG_PS (Prop_BUFG_PS_I_O)
                                                      0.028     0.208 r  design_1_i/zynq_ultra_ps_e_0/U0/buffer_pl_clk_0.PL_CLK_0_BUFG/O
    X1Y2 (CLOCK_ROOT)    net (fo=48996, routed)       1.811     2.019    design_1_i/axi_smc_2/inst/clk_map/psr_aclk/U0/aclk
    SLICE_X54Y0          FDRE                                         r  design_1_i/axi_smc_2/inst/clk_map/psr_aclk/U0/ACTIVE_LOW_BSR_OUT_DFF[0].FDRE_BSR_N/C
  -------------------------------------------------------------------    -------------------
    SLICE_X54Y0          FDRE (Prop_DFF_SLICEM_C_Q)
                                                      0.078     2.097 r  design_1_i/axi_smc_2/inst/clk_map/psr_aclk/U0/ACTIVE_LOW_BSR_OUT_DFF[0].FDRE_BSR_N/Q
                         net (fo=21, routed)          2.717     4.814    <hidden>
    SLICE_X51Y208        FDCE                                         f  <hidden>  (IS_INVERTED)
  -------------------------------------------------------------------    -------------------

                         (clock clk_pl_0 rise edge)
                                                      0.000     0.000 r  
    PS8_X0Y0             PS8                          0.000     0.000 r  design_1_i/zynq_ultra_ps_e_0/U0/PS8_i/PLCLK[0]
                         net (fo=1, routed)           0.143     0.143    design_1_i/zynq_ultra_ps_e_0/U0/pl_clk_unbuffered[0]
    BUFG_PS_X0Y80        BUFG_PS (Prop_BUFG_PS_I_O)
                                                      0.025     0.168 r  design_1_i/zynq_ultra_ps_e_0/U0/buffer_pl_clk_0.PL_CLK_0_BUFG/O
    X1Y2 (CLOCK_ROOT)    net (fo=48996, routed)       1.572     1.740    <hidden>
    SLICE_X51Y208        FDCE                                         r  <hidden>

Slack:                    inf
  Source:                 design_1_i/axi_smc_2/inst/clk_map/psr_aclk/U0/ACTIVE_LOW_BSR_OUT_DFF[0].FDRE_BSR_N/C
                            (rising edge-triggered cell FDRE clocked by clk_pl_0  {rise@0.000ns fall@2.667ns period=5.333ns})
  Destination:            <hidden>
                            (recovery check against rising-edge clock clk_pl_0  {rise@0.000ns fall@2.667ns period=5.333ns})
  Path Group:             (none)
  Path Type:              Recovery (Max at Slow Process Corner)
  Data Path Delay:        2.795ns  (logic 0.078ns (2.791%)  route 2.717ns (97.209%))
  Logic Levels:           0  
  Clock Path Skew:        -0.278ns (DCD - SCD + CPR)
    Destination Clock Delay (DCD):    1.740ns
    Source Clock Delay      (SCD):    2.019ns
    Clock Pessimism Removal (CPR):    0.000ns
  Clock Uncertainty:      0.112ns  ((TSJ^2 + DJ^2)^1/2) / 2 + PE
    Total System Jitter     (TSJ):    0.071ns
    Discrete Jitter          (DJ):    0.213ns
    Phase Error              (PE):    0.000ns
  Clock Net Delay (Source):      1.811ns (routing 0.569ns, distribution 1.242ns)
  Clock Net Delay (Destination): 1.572ns (routing 0.512ns, distribution 1.060ns)
  Timing Exception:       False Path

    Location             Delay type                Incr(ns)  Path(ns)    Netlist Resource(s)
  -------------------------------------------------------------------    -------------------
                         (clock clk_pl_0 rise edge)
                                                      0.000     0.000 r  
    PS8_X0Y0             PS8                          0.000     0.000 r  design_1_i/zynq_ultra_ps_e_0/U0/PS8_i/PLCLK[0]
                         net (fo=1, routed)           0.180     0.180    design_1_i/zynq_ultra_ps_e_0/U0/pl_clk_unbuffered[0]
    BUFG_PS_X0Y80        BUFG_PS (Prop_BUFG_PS_I_O)
                                                      0.028     0.208 r  design_1_i/zynq_ultra_ps_e_0/U0/buffer_pl_clk_0.PL_CLK_0_BUFG/O
    X1Y2 (CLOCK_ROOT)    net (fo=48996, routed)       1.811     2.019    design_1_i/axi_smc_2/inst/clk_map/psr_aclk/U0/aclk
    SLICE_X54Y0          FDRE                                         r  design_1_i/axi_smc_2/inst/clk_map/psr_aclk/U0/ACTIVE_LOW_BSR_OUT_DFF[0].FDRE_BSR_N/C
  -------------------------------------------------------------------    -------------------
    SLICE_X54Y0          FDRE (Prop_DFF_SLICEM_C_Q)
                                                      0.078     2.097 r  design_1_i/axi_smc_2/inst/clk_map/psr_aclk/U0/ACTIVE_LOW_BSR_OUT_DFF[0].FDRE_BSR_N/Q
                         net (fo=21, routed)          2.717     4.814    <hidden>
    SLICE_X51Y208        FDCE                                         f  <hidden>  (IS_INVERTED)
  -------------------------------------------------------------------    -------------------

                         (clock clk_pl_0 rise edge)
                                                      0.000     0.000 r  
    PS8_X0Y0             PS8                          0.000     0.000 r  design_1_i/zynq_ultra_ps_e_0/U0/PS8_i/PLCLK[0]
                         net (fo=1, routed)           0.143     0.143    design_1_i/zynq_ultra_ps_e_0/U0/pl_clk_unbuffered[0]
    BUFG_PS_X0Y80        BUFG_PS (Prop_BUFG_PS_I_O)
                                                      0.025     0.168 r  design_1_i/zynq_ultra_ps_e_0/U0/buffer_pl_clk_0.PL_CLK_0_BUFG/O
    X1Y2 (CLOCK_ROOT)    net (fo=48996, routed)       1.572     1.740    <hidden>
    SLICE_X51Y208        FDCE                                         r  <hidden>

Slack:                    inf
  Source:                 design_1_i/axi_smc_2/inst/clk_map/psr_aclk/U0/ACTIVE_LOW_BSR_OUT_DFF[0].FDRE_BSR_N/C
                            (rising edge-triggered cell FDRE clocked by clk_pl_0  {rise@0.000ns fall@2.667ns period=5.333ns})
  Destination:            <hidden>
                            (recovery check against rising-edge clock clk_pl_0  {rise@0.000ns fall@2.667ns period=5.333ns})
  Path Group:             (none)
  Path Type:              Recovery (Max at Slow Process Corner)
  Data Path Delay:        2.795ns  (logic 0.078ns (2.791%)  route 2.717ns (97.209%))
  Logic Levels:           0  
  Clock Path Skew:        -0.278ns (DCD - SCD + CPR)
    Destination Clock Delay (DCD):    1.740ns
    Source Clock Delay      (SCD):    2.019ns
    Clock Pessimism Removal (CPR):    0.000ns
  Clock Uncertainty:      0.112ns  ((TSJ^2 + DJ^2)^1/2) / 2 + PE
    Total System Jitter     (TSJ):    0.071ns
    Discrete Jitter          (DJ):    0.213ns
    Phase Error              (PE):    0.000ns
  Clock Net Delay (Source):      1.811ns (routing 0.569ns, distribution 1.242ns)
  Clock Net Delay (Destination): 1.572ns (routing 0.512ns, distribution 1.060ns)
  Timing Exception:       False Path

    Location             Delay type                Incr(ns)  Path(ns)    Netlist Resource(s)
  -------------------------------------------------------------------    -------------------
                         (clock clk_pl_0 rise edge)
                                                      0.000     0.000 r  
    PS8_X0Y0             PS8                          0.000     0.000 r  design_1_i/zynq_ultra_ps_e_0/U0/PS8_i/PLCLK[0]
                         net (fo=1, routed)           0.180     0.180    design_1_i/zynq_ultra_ps_e_0/U0/pl_clk_unbuffered[0]
    BUFG_PS_X0Y80        BUFG_PS (Prop_BUFG_PS_I_O)
                                                      0.028     0.208 r  design_1_i/zynq_ultra_ps_e_0/U0/buffer_pl_clk_0.PL_CLK_0_BUFG/O
    X1Y2 (CLOCK_ROOT)    net (fo=48996, routed)       1.811     2.019    design_1_i/axi_smc_2/inst/clk_map/psr_aclk/U0/aclk
    SLICE_X54Y0          FDRE                                         r  design_1_i/axi_smc_2/inst/clk_map/psr_aclk/U0/ACTIVE_LOW_BSR_OUT_DFF[0].FDRE_BSR_N/C
  -------------------------------------------------------------------    -------------------
    SLICE_X54Y0          FDRE (Prop_DFF_SLICEM_C_Q)
                                                      0.078     2.097 r  design_1_i/axi_smc_2/inst/clk_map/psr_aclk/U0/ACTIVE_LOW_BSR_OUT_DFF[0].FDRE_BSR_N/Q
                         net (fo=21, routed)          2.717     4.814    <hidden>
    SLICE_X51Y208        FDCE                                         f  <hidden>  (IS_INVERTED)
  -------------------------------------------------------------------    -------------------

                         (clock clk_pl_0 rise edge)
                                                      0.000     0.000 r  
    PS8_X0Y0             PS8                          0.000     0.000 r  design_1_i/zynq_ultra_ps_e_0/U0/PS8_i/PLCLK[0]
                         net (fo=1, routed)           0.143     0.143    design_1_i/zynq_ultra_ps_e_0/U0/pl_clk_unbuffered[0]
    BUFG_PS_X0Y80        BUFG_PS (Prop_BUFG_PS_I_O)
                                                      0.025     0.168 r  design_1_i/zynq_ultra_ps_e_0/U0/buffer_pl_clk_0.PL_CLK_0_BUFG/O
    X1Y2 (CLOCK_ROOT)    net (fo=48996, routed)       1.572     1.740    <hidden>
    SLICE_X51Y208        FDCE                                         r  <hidden>

Slack:                    inf
  Source:                 design_1_i/rst_ps8_0_249M/U0/ACTIVE_LOW_PR_OUT_DFF[0].FDRE_PER_N/C
                            (rising edge-triggered cell FDRE clocked by clk_pl_0  {rise@0.000ns fall@2.667ns period=5.333ns})
  Destination:            design_1_i/axi_smc_2/inst/clk_map/psr_aclk/U0/EXT_LPF/ACTIVE_LOW_AUX.ACT_LO_AUX/GENERATE_LEVEL_P_S_CDC.SINGLE_BIT.CROSS_PLEVEL_IN2SCNDRY_IN_cdc_to/D
                            (rising edge-triggered cell FDRE clocked by clk_pl_0  {rise@0.000ns fall@2.667ns period=5.333ns})
  Path Group:             (none)
  Path Type:              Setup (Max at Slow Process Corner)
  Data Path Delay:        2.789ns  (logic 0.113ns (4.052%)  route 2.676ns (95.948%))
  Logic Levels:           1  (LUT1=1)
  Clock Path Skew:        -0.229ns (DCD - SCD + CPR)
    Destination Clock Delay (DCD):    1.768ns
    Source Clock Delay      (SCD):    1.997ns
    Clock Pessimism Removal (CPR):    0.000ns
  Clock Uncertainty:      0.112ns  ((TSJ^2 + DJ^2)^1/2) / 2 + PE
    Total System Jitter     (TSJ):    0.071ns
    Discrete Jitter          (DJ):    0.213ns
    Phase Error              (PE):    0.000ns
  Clock Net Delay (Source):      1.789ns (routing 0.569ns, distribution 1.220ns)
  Clock Net Delay (Destination): 1.600ns (routing 0.512ns, distribution 1.088ns)
  Timing Exception:       False Path

    Location             Delay type                Incr(ns)  Path(ns)    Netlist Resource(s)
  -------------------------------------------------------------------    -------------------
                         (clock clk_pl_0 rise edge)
                                                      0.000     0.000 r  
    PS8_X0Y0             PS8                          0.000     0.000 r  design_1_i/zynq_ultra_ps_e_0/U0/PS8_i/PLCLK[0]
                         net (fo=1, routed)           0.180     0.180    design_1_i/zynq_ultra_ps_e_0/U0/pl_clk_unbuffered[0]
    BUFG_PS_X0Y80        BUFG_PS (Prop_BUFG_PS_I_O)
                                                      0.028     0.208 r  design_1_i/zynq_ultra_ps_e_0/U0/buffer_pl_clk_0.PL_CLK_0_BUFG/O
    X1Y2 (CLOCK_ROOT)    net (fo=48996, routed)       1.789     1.997    design_1_i/rst_ps8_0_249M/U0/slowest_sync_clk
    SLICE_X54Y228        FDRE                                         r  design_1_i/rst_ps8_0_249M/U0/ACTIVE_LOW_PR_OUT_DFF[0].FDRE_PER_N/C
  -------------------------------------------------------------------    -------------------
    SLICE_X54Y228        FDRE (Prop_EFF_SLICEM_C_Q)
                                                      0.076     2.073 f  design_1_i/rst_ps8_0_249M/U0/ACTIVE_LOW_PR_OUT_DFF[0].FDRE_PER_N/Q
                         net (fo=4, routed)           2.490     4.563    design_1_i/axi_smc_2/inst/clk_map/psr_aclk/U0/EXT_LPF/ACTIVE_LOW_AUX.ACT_LO_AUX/aresetn
    SLICE_X57Y1          LUT1 (Prop_B6LUT_SLICEM_I0_O)
                                                      0.037     4.600 r  design_1_i/axi_smc_2/inst/clk_map/psr_aclk/U0/EXT_LPF/ACTIVE_LOW_AUX.ACT_LO_AUX/GENERATE_LEVEL_P_S_CDC.SINGLE_BIT.CROSS_PLEVEL_IN2SCNDRY_IN_cdc_to_i_1/O
                         net (fo=1, routed)           0.186     4.786    design_1_i/axi_smc_2/inst/clk_map/psr_aclk/U0/EXT_LPF/ACTIVE_LOW_AUX.ACT_LO_AUX/asr_d1
    SLICE_X57Y0          FDRE                                         r  design_1_i/axi_smc_2/inst/clk_map/psr_aclk/U0/EXT_LPF/ACTIVE_LOW_AUX.ACT_LO_AUX/GENERATE_LEVEL_P_S_CDC.SINGLE_BIT.CROSS_PLEVEL_IN2SCNDRY_IN_cdc_to/D
  -------------------------------------------------------------------    -------------------

                         (clock clk_pl_0 rise edge)
                                                      0.000     0.000 r  
    PS8_X0Y0             PS8                          0.000     0.000 r  design_1_i/zynq_ultra_ps_e_0/U0/PS8_i/PLCLK[0]
                         net (fo=1, routed)           0.143     0.143    design_1_i/zynq_ultra_ps_e_0/U0/pl_clk_unbuffered[0]
    BUFG_PS_X0Y80        BUFG_PS (Prop_BUFG_PS_I_O)
                                                      0.025     0.168 r  design_1_i/zynq_ultra_ps_e_0/U0/buffer_pl_clk_0.PL_CLK_0_BUFG/O
    X1Y2 (CLOCK_ROOT)    net (fo=48996, routed)       1.600     1.768    design_1_i/axi_smc_2/inst/clk_map/psr_aclk/U0/EXT_LPF/ACTIVE_LOW_AUX.ACT_LO_AUX/aclk
    SLICE_X57Y0          FDRE                                         r  design_1_i/axi_smc_2/inst/clk_map/psr_aclk/U0/EXT_LPF/ACTIVE_LOW_AUX.ACT_LO_AUX/GENERATE_LEVEL_P_S_CDC.SINGLE_BIT.CROSS_PLEVEL_IN2SCNDRY_IN_cdc_to/C

Slack:                    inf
  Source:                 design_1_i/axi_smc_2/inst/clk_map/psr_aclk/U0/ACTIVE_LOW_BSR_OUT_DFF[0].FDRE_BSR_N/C
                            (rising edge-triggered cell FDRE clocked by clk_pl_0  {rise@0.000ns fall@2.667ns period=5.333ns})
  Destination:            <hidden>
                            (recovery check against rising-edge clock clk_pl_0  {rise@0.000ns fall@2.667ns period=5.333ns})
  Path Group:             (none)
  Path Type:              Recovery (Max at Slow Process Corner)
  Data Path Delay:        1.204ns  (logic 0.078ns (6.480%)  route 1.126ns (93.520%))
  Logic Levels:           0  
  Clock Path Skew:        -0.283ns (DCD - SCD + CPR)
    Destination Clock Delay (DCD):    1.736ns
    Source Clock Delay      (SCD):    2.019ns
    Clock Pessimism Removal (CPR):    0.000ns
  Clock Uncertainty:      0.112ns  ((TSJ^2 + DJ^2)^1/2) / 2 + PE
    Total System Jitter     (TSJ):    0.071ns
    Discrete Jitter          (DJ):    0.213ns
    Phase Error              (PE):    0.000ns
  Clock Net Delay (Source):      1.811ns (routing 0.569ns, distribution 1.242ns)
  Clock Net Delay (Destination): 1.568ns (routing 0.512ns, distribution 1.056ns)
  Timing Exception:       False Path

    Location             Delay type                Incr(ns)  Path(ns)    Netlist Resource(s)
  -------------------------------------------------------------------    -------------------
                         (clock clk_pl_0 rise edge)
                                                      0.000     0.000 r  
    PS8_X0Y0             PS8                          0.000     0.000 r  design_1_i/zynq_ultra_ps_e_0/U0/PS8_i/PLCLK[0]
                         net (fo=1, routed)           0.180     0.180    design_1_i/zynq_ultra_ps_e_0/U0/pl_clk_unbuffered[0]
    BUFG_PS_X0Y80        BUFG_PS (Prop_BUFG_PS_I_O)
                                                      0.028     0.208 r  design_1_i/zynq_ultra_ps_e_0/U0/buffer_pl_clk_0.PL_CLK_0_BUFG/O
    X1Y2 (CLOCK_ROOT)    net (fo=48996, routed)       1.811     2.019    design_1_i/axi_smc_2/inst/clk_map/psr_aclk/U0/aclk
    SLICE_X54Y0          FDRE                                         r  design_1_i/axi_smc_2/inst/clk_map/psr_aclk/U0/ACTIVE_LOW_BSR_OUT_DFF[0].FDRE_BSR_N/C
  -------------------------------------------------------------------    -------------------
    SLICE_X54Y0          FDRE (Prop_DFF_SLICEM_C_Q)
                                                      0.078     2.097 r  design_1_i/axi_smc_2/inst/clk_map/psr_aclk/U0/ACTIVE_LOW_BSR_OUT_DFF[0].FDRE_BSR_N/Q
                         net (fo=21, routed)          1.126     3.222    <hidden>
    SLICE_X52Y50         FDCE                                         f  <hidden>  (IS_INVERTED)
  -------------------------------------------------------------------    -------------------

                         (clock clk_pl_0 rise edge)
                                                      0.000     0.000 r  
    PS8_X0Y0             PS8                          0.000     0.000 r  design_1_i/zynq_ultra_ps_e_0/U0/PS8_i/PLCLK[0]
                         net (fo=1, routed)           0.143     0.143    design_1_i/zynq_ultra_ps_e_0/U0/pl_clk_unbuffered[0]
    BUFG_PS_X0Y80        BUFG_PS (Prop_BUFG_PS_I_O)
                                                      0.025     0.168 r  design_1_i/zynq_ultra_ps_e_0/U0/buffer_pl_clk_0.PL_CLK_0_BUFG/O
    X1Y2 (CLOCK_ROOT)    net (fo=48996, routed)       1.568     1.736    <hidden>
    SLICE_X52Y50         FDCE                                         r  <hidden>

Slack:                    inf
  Source:                 design_1_i/axi_smc_2/inst/clk_map/psr_aclk/U0/ACTIVE_LOW_BSR_OUT_DFF[0].FDRE_BSR_N/C
                            (rising edge-triggered cell FDRE clocked by clk_pl_0  {rise@0.000ns fall@2.667ns period=5.333ns})
  Destination:            <hidden>
                            (recovery check against rising-edge clock clk_pl_0  {rise@0.000ns fall@2.667ns period=5.333ns})
  Path Group:             (none)
  Path Type:              Recovery (Max at Slow Process Corner)
  Data Path Delay:        1.204ns  (logic 0.078ns (6.480%)  route 1.126ns (93.520%))
  Logic Levels:           0  
  Clock Path Skew:        -0.283ns (DCD - SCD + CPR)
    Destination Clock Delay (DCD):    1.736ns
    Source Clock Delay      (SCD):    2.019ns
    Clock Pessimism Removal (CPR):    0.000ns
  Clock Uncertainty:      0.112ns  ((TSJ^2 + DJ^2)^1/2) / 2 + PE
    Total System Jitter     (TSJ):    0.071ns
    Discrete Jitter          (DJ):    0.213ns
    Phase Error              (PE):    0.000ns
  Clock Net Delay (Source):      1.811ns (routing 0.569ns, distribution 1.242ns)
  Clock Net Delay (Destination): 1.568ns (routing 0.512ns, distribution 1.056ns)
  Timing Exception:       False Path

    Location             Delay type                Incr(ns)  Path(ns)    Netlist Resource(s)
  -------------------------------------------------------------------    -------------------
                         (clock clk_pl_0 rise edge)
                                                      0.000     0.000 r  
    PS8_X0Y0             PS8                          0.000     0.000 r  design_1_i/zynq_ultra_ps_e_0/U0/PS8_i/PLCLK[0]
                         net (fo=1, routed)           0.180     0.180    design_1_i/zynq_ultra_ps_e_0/U0/pl_clk_unbuffered[0]
    BUFG_PS_X0Y80        BUFG_PS (Prop_BUFG_PS_I_O)
                                                      0.028     0.208 r  design_1_i/zynq_ultra_ps_e_0/U0/buffer_pl_clk_0.PL_CLK_0_BUFG/O
    X1Y2 (CLOCK_ROOT)    net (fo=48996, routed)       1.811     2.019    design_1_i/axi_smc_2/inst/clk_map/psr_aclk/U0/aclk
    SLICE_X54Y0          FDRE                                         r  design_1_i/axi_smc_2/inst/clk_map/psr_aclk/U0/ACTIVE_LOW_BSR_OUT_DFF[0].FDRE_BSR_N/C
  -------------------------------------------------------------------    -------------------
    SLICE_X54Y0          FDRE (Prop_DFF_SLICEM_C_Q)
                                                      0.078     2.097 r  design_1_i/axi_smc_2/inst/clk_map/psr_aclk/U0/ACTIVE_LOW_BSR_OUT_DFF[0].FDRE_BSR_N/Q
                         net (fo=21, routed)          1.126     3.222    <hidden>
    SLICE_X52Y50         FDCE                                         f  <hidden>  (IS_INVERTED)
  -------------------------------------------------------------------    -------------------

                         (clock clk_pl_0 rise edge)
                                                      0.000     0.000 r  
    PS8_X0Y0             PS8                          0.000     0.000 r  design_1_i/zynq_ultra_ps_e_0/U0/PS8_i/PLCLK[0]
                         net (fo=1, routed)           0.143     0.143    design_1_i/zynq_ultra_ps_e_0/U0/pl_clk_unbuffered[0]
    BUFG_PS_X0Y80        BUFG_PS (Prop_BUFG_PS_I_O)
                                                      0.025     0.168 r  design_1_i/zynq_ultra_ps_e_0/U0/buffer_pl_clk_0.PL_CLK_0_BUFG/O
    X1Y2 (CLOCK_ROOT)    net (fo=48996, routed)       1.568     1.736    <hidden>
    SLICE_X52Y50         FDCE                                         r  <hidden>

Slack:                    inf
  Source:                 design_1_i/axi_smc_2/inst/clk_map/psr_aclk/U0/ACTIVE_LOW_BSR_OUT_DFF[0].FDRE_BSR_N/C
                            (rising edge-triggered cell FDRE clocked by clk_pl_0  {rise@0.000ns fall@2.667ns period=5.333ns})
  Destination:            <hidden>
                            (recovery check against rising-edge clock clk_pl_0  {rise@0.000ns fall@2.667ns period=5.333ns})
  Path Group:             (none)
  Path Type:              Recovery (Max at Slow Process Corner)
  Data Path Delay:        1.204ns  (logic 0.078ns (6.480%)  route 1.126ns (93.520%))
  Logic Levels:           0  
  Clock Path Skew:        -0.283ns (DCD - SCD + CPR)
    Destination Clock Delay (DCD):    1.736ns
    Source Clock Delay      (SCD):    2.019ns
    Clock Pessimism Removal (CPR):    0.000ns
  Clock Uncertainty:      0.112ns  ((TSJ^2 + DJ^2)^1/2) / 2 + PE
    Total System Jitter     (TSJ):    0.071ns
    Discrete Jitter          (DJ):    0.213ns
    Phase Error              (PE):    0.000ns
  Clock Net Delay (Source):      1.811ns (routing 0.569ns, distribution 1.242ns)
  Clock Net Delay (Destination): 1.568ns (routing 0.512ns, distribution 1.056ns)
  Timing Exception:       False Path

    Location             Delay type                Incr(ns)  Path(ns)    Netlist Resource(s)
  -------------------------------------------------------------------    -------------------
                         (clock clk_pl_0 rise edge)
                                                      0.000     0.000 r  
    PS8_X0Y0             PS8                          0.000     0.000 r  design_1_i/zynq_ultra_ps_e_0/U0/PS8_i/PLCLK[0]
                         net (fo=1, routed)           0.180     0.180    design_1_i/zynq_ultra_ps_e_0/U0/pl_clk_unbuffered[0]
    BUFG_PS_X0Y80        BUFG_PS (Prop_BUFG_PS_I_O)
                                                      0.028     0.208 r  design_1_i/zynq_ultra_ps_e_0/U0/buffer_pl_clk_0.PL_CLK_0_BUFG/O
    X1Y2 (CLOCK_ROOT)    net (fo=48996, routed)       1.811     2.019    design_1_i/axi_smc_2/inst/clk_map/psr_aclk/U0/aclk
    SLICE_X54Y0          FDRE                                         r  design_1_i/axi_smc_2/inst/clk_map/psr_aclk/U0/ACTIVE_LOW_BSR_OUT_DFF[0].FDRE_BSR_N/C
  -------------------------------------------------------------------    -------------------
    SLICE_X54Y0          FDRE (Prop_DFF_SLICEM_C_Q)
                                                      0.078     2.097 r  design_1_i/axi_smc_2/inst/clk_map/psr_aclk/U0/ACTIVE_LOW_BSR_OUT_DFF[0].FDRE_BSR_N/Q
                         net (fo=21, routed)          1.126     3.222    <hidden>
    SLICE_X52Y50         FDCE                                         f  <hidden>  (IS_INVERTED)
  -------------------------------------------------------------------    -------------------

                         (clock clk_pl_0 rise edge)
                                                      0.000     0.000 r  
    PS8_X0Y0             PS8                          0.000     0.000 r  design_1_i/zynq_ultra_ps_e_0/U0/PS8_i/PLCLK[0]
                         net (fo=1, routed)           0.143     0.143    design_1_i/zynq_ultra_ps_e_0/U0/pl_clk_unbuffered[0]
    BUFG_PS_X0Y80        BUFG_PS (Prop_BUFG_PS_I_O)
                                                      0.025     0.168 r  design_1_i/zynq_ultra_ps_e_0/U0/buffer_pl_clk_0.PL_CLK_0_BUFG/O
    X1Y2 (CLOCK_ROOT)    net (fo=48996, routed)       1.568     1.736    <hidden>
    SLICE_X52Y50         FDCE                                         r  <hidden>





Min Delay Paths
--------------------------------------------------------------------------------------
Slack:                    inf
  Source:                 design_1_i/axi_smc_3/inst/clk_map/psr_aclk/U0/ACTIVE_LOW_BSR_OUT_DFF[0].FDRE_BSR_N/C
                            (rising edge-triggered cell FDRE clocked by clk_pl_0  {rise@0.000ns fall@2.667ns period=5.333ns})
  Destination:            <hidden>
                            (removal check against rising-edge clock clk_pl_0  {rise@0.000ns fall@2.667ns period=5.333ns})
  Path Group:             (none)
  Path Type:              Removal (Min at Fast Process Corner)
  Data Path Delay:        0.237ns  (logic 0.039ns (16.462%)  route 0.198ns (83.538%))
  Logic Levels:           0  
  Clock Path Skew:        0.207ns (DCD - SCD - CPR)
    Destination Clock Delay (DCD):    1.384ns
    Source Clock Delay      (SCD):    1.177ns
    Clock Pessimism Removal (CPR):    -0.000ns
  Clock Uncertainty:      0.112ns  ((TSJ^2 + DJ^2)^1/2) / 2 + PE
    Total System Jitter     (TSJ):    0.071ns
    Discrete Jitter          (DJ):    0.213ns
    Phase Error              (PE):    0.000ns
  Clock Net Delay (Source):      1.038ns (routing 0.311ns, distribution 0.727ns)
  Clock Net Delay (Destination): 1.212ns (routing 0.352ns, distribution 0.860ns)
  Timing Exception:       False Path

    Location             Delay type                Incr(ns)  Path(ns)    Netlist Resource(s)
  -------------------------------------------------------------------    -------------------
                         (clock clk_pl_0 rise edge)
                                                      0.000     0.000 r  
    PS8_X0Y0             PS8                          0.000     0.000 r  design_1_i/zynq_ultra_ps_e_0/U0/PS8_i/PLCLK[0]
                         net (fo=1, routed)           0.122     0.122    design_1_i/zynq_ultra_ps_e_0/U0/pl_clk_unbuffered[0]
    BUFG_PS_X0Y80        BUFG_PS (Prop_BUFG_PS_I_O)
                                                      0.017     0.139 r  design_1_i/zynq_ultra_ps_e_0/U0/buffer_pl_clk_0.PL_CLK_0_BUFG/O
    X1Y2 (CLOCK_ROOT)    net (fo=48996, routed)       1.038     1.177    design_1_i/axi_smc_3/inst/clk_map/psr_aclk/U0/aclk
    SLICE_X38Y269        FDRE                                         r  design_1_i/axi_smc_3/inst/clk_map/psr_aclk/U0/ACTIVE_LOW_BSR_OUT_DFF[0].FDRE_BSR_N/C
  -------------------------------------------------------------------    -------------------
    SLICE_X38Y269        FDRE (Prop_DFF_SLICEL_C_Q)
                                                      0.039     1.216 r  design_1_i/axi_smc_3/inst/clk_map/psr_aclk/U0/ACTIVE_LOW_BSR_OUT_DFF[0].FDRE_BSR_N/Q
                         net (fo=27, routed)          0.198     1.414    <hidden>
    SLICE_X23Y269        FDCE                                         f  <hidden>  (IS_INVERTED)
  -------------------------------------------------------------------    -------------------

                         (clock clk_pl_0 rise edge)
                                                      0.000     0.000 r  
    PS8_X0Y0             PS8                          0.000     0.000 r  design_1_i/zynq_ultra_ps_e_0/U0/PS8_i/PLCLK[0]
                         net (fo=1, routed)           0.154     0.154    design_1_i/zynq_ultra_ps_e_0/U0/pl_clk_unbuffered[0]
    BUFG_PS_X0Y80        BUFG_PS (Prop_BUFG_PS_I_O)
                                                      0.018     0.172 r  design_1_i/zynq_ultra_ps_e_0/U0/buffer_pl_clk_0.PL_CLK_0_BUFG/O
    X1Y2 (CLOCK_ROOT)    net (fo=48996, routed)       1.212     1.384    <hidden>
    SLICE_X23Y269        FDCE                                         r  <hidden>

Slack:                    inf
  Source:                 design_1_i/axi_smc_3/inst/clk_map/psr_aclk/U0/ACTIVE_LOW_BSR_OUT_DFF[0].FDRE_BSR_N/C
                            (rising edge-triggered cell FDRE clocked by clk_pl_0  {rise@0.000ns fall@2.667ns period=5.333ns})
  Destination:            <hidden>
                            (removal check against rising-edge clock clk_pl_0  {rise@0.000ns fall@2.667ns period=5.333ns})
  Path Group:             (none)
  Path Type:              Removal (Min at Fast Process Corner)
  Data Path Delay:        0.237ns  (logic 0.039ns (16.462%)  route 0.198ns (83.538%))
  Logic Levels:           0  
  Clock Path Skew:        0.207ns (DCD - SCD - CPR)
    Destination Clock Delay (DCD):    1.384ns
    Source Clock Delay      (SCD):    1.177ns
    Clock Pessimism Removal (CPR):    -0.000ns
  Clock Uncertainty:      0.112ns  ((TSJ^2 + DJ^2)^1/2) / 2 + PE
    Total System Jitter     (TSJ):    0.071ns
    Discrete Jitter          (DJ):    0.213ns
    Phase Error              (PE):    0.000ns
  Clock Net Delay (Source):      1.038ns (routing 0.311ns, distribution 0.727ns)
  Clock Net Delay (Destination): 1.212ns (routing 0.352ns, distribution 0.860ns)
  Timing Exception:       False Path

    Location             Delay type                Incr(ns)  Path(ns)    Netlist Resource(s)
  -------------------------------------------------------------------    -------------------
                         (clock clk_pl_0 rise edge)
                                                      0.000     0.000 r  
    PS8_X0Y0             PS8                          0.000     0.000 r  design_1_i/zynq_ultra_ps_e_0/U0/PS8_i/PLCLK[0]
                         net (fo=1, routed)           0.122     0.122    design_1_i/zynq_ultra_ps_e_0/U0/pl_clk_unbuffered[0]
    BUFG_PS_X0Y80        BUFG_PS (Prop_BUFG_PS_I_O)
                                                      0.017     0.139 r  design_1_i/zynq_ultra_ps_e_0/U0/buffer_pl_clk_0.PL_CLK_0_BUFG/O
    X1Y2 (CLOCK_ROOT)    net (fo=48996, routed)       1.038     1.177    design_1_i/axi_smc_3/inst/clk_map/psr_aclk/U0/aclk
    SLICE_X38Y269        FDRE                                         r  design_1_i/axi_smc_3/inst/clk_map/psr_aclk/U0/ACTIVE_LOW_BSR_OUT_DFF[0].FDRE_BSR_N/C
  -------------------------------------------------------------------    -------------------
    SLICE_X38Y269        FDRE (Prop_DFF_SLICEL_C_Q)
                                                      0.039     1.216 r  design_1_i/axi_smc_3/inst/clk_map/psr_aclk/U0/ACTIVE_LOW_BSR_OUT_DFF[0].FDRE_BSR_N/Q
                         net (fo=27, routed)          0.198     1.414    <hidden>
    SLICE_X23Y269        FDCE                                         f  <hidden>  (IS_INVERTED)
  -------------------------------------------------------------------    -------------------

                         (clock clk_pl_0 rise edge)
                                                      0.000     0.000 r  
    PS8_X0Y0             PS8                          0.000     0.000 r  design_1_i/zynq_ultra_ps_e_0/U0/PS8_i/PLCLK[0]
                         net (fo=1, routed)           0.154     0.154    design_1_i/zynq_ultra_ps_e_0/U0/pl_clk_unbuffered[0]
    BUFG_PS_X0Y80        BUFG_PS (Prop_BUFG_PS_I_O)
                                                      0.018     0.172 r  design_1_i/zynq_ultra_ps_e_0/U0/buffer_pl_clk_0.PL_CLK_0_BUFG/O
    X1Y2 (CLOCK_ROOT)    net (fo=48996, routed)       1.212     1.384    <hidden>
    SLICE_X23Y269        FDCE                                         r  <hidden>

Slack:                    inf
  Source:                 design_1_i/axi_smc_3/inst/clk_map/psr_aclk/U0/ACTIVE_LOW_BSR_OUT_DFF[0].FDRE_BSR_N/C
                            (rising edge-triggered cell FDRE clocked by clk_pl_0  {rise@0.000ns fall@2.667ns period=5.333ns})
  Destination:            <hidden>
                            (removal check against rising-edge clock clk_pl_0  {rise@0.000ns fall@2.667ns period=5.333ns})
  Path Group:             (none)
  Path Type:              Removal (Min at Fast Process Corner)
  Data Path Delay:        0.237ns  (logic 0.039ns (16.462%)  route 0.198ns (83.538%))
  Logic Levels:           0  
  Clock Path Skew:        0.207ns (DCD - SCD - CPR)
    Destination Clock Delay (DCD):    1.384ns
    Source Clock Delay      (SCD):    1.177ns
    Clock Pessimism Removal (CPR):    -0.000ns
  Clock Uncertainty:      0.112ns  ((TSJ^2 + DJ^2)^1/2) / 2 + PE
    Total System Jitter     (TSJ):    0.071ns
    Discrete Jitter          (DJ):    0.213ns
    Phase Error              (PE):    0.000ns
  Clock Net Delay (Source):      1.038ns (routing 0.311ns, distribution 0.727ns)
  Clock Net Delay (Destination): 1.212ns (routing 0.352ns, distribution 0.860ns)
  Timing Exception:       False Path

    Location             Delay type                Incr(ns)  Path(ns)    Netlist Resource(s)
  -------------------------------------------------------------------    -------------------
                         (clock clk_pl_0 rise edge)
                                                      0.000     0.000 r  
    PS8_X0Y0             PS8                          0.000     0.000 r  design_1_i/zynq_ultra_ps_e_0/U0/PS8_i/PLCLK[0]
                         net (fo=1, routed)           0.122     0.122    design_1_i/zynq_ultra_ps_e_0/U0/pl_clk_unbuffered[0]
    BUFG_PS_X0Y80        BUFG_PS (Prop_BUFG_PS_I_O)
                                                      0.017     0.139 r  design_1_i/zynq_ultra_ps_e_0/U0/buffer_pl_clk_0.PL_CLK_0_BUFG/O
    X1Y2 (CLOCK_ROOT)    net (fo=48996, routed)       1.038     1.177    design_1_i/axi_smc_3/inst/clk_map/psr_aclk/U0/aclk
    SLICE_X38Y269        FDRE                                         r  design_1_i/axi_smc_3/inst/clk_map/psr_aclk/U0/ACTIVE_LOW_BSR_OUT_DFF[0].FDRE_BSR_N/C
  -------------------------------------------------------------------    -------------------
    SLICE_X38Y269        FDRE (Prop_DFF_SLICEL_C_Q)
                                                      0.039     1.216 r  design_1_i/axi_smc_3/inst/clk_map/psr_aclk/U0/ACTIVE_LOW_BSR_OUT_DFF[0].FDRE_BSR_N/Q
                         net (fo=27, routed)          0.198     1.414    <hidden>
    SLICE_X23Y269        FDCE                                         f  <hidden>  (IS_INVERTED)
  -------------------------------------------------------------------    -------------------

                         (clock clk_pl_0 rise edge)
                                                      0.000     0.000 r  
    PS8_X0Y0             PS8                          0.000     0.000 r  design_1_i/zynq_ultra_ps_e_0/U0/PS8_i/PLCLK[0]
                         net (fo=1, routed)           0.154     0.154    design_1_i/zynq_ultra_ps_e_0/U0/pl_clk_unbuffered[0]
    BUFG_PS_X0Y80        BUFG_PS (Prop_BUFG_PS_I_O)
                                                      0.018     0.172 r  design_1_i/zynq_ultra_ps_e_0/U0/buffer_pl_clk_0.PL_CLK_0_BUFG/O
    X1Y2 (CLOCK_ROOT)    net (fo=48996, routed)       1.212     1.384    <hidden>
    SLICE_X23Y269        FDCE                                         r  <hidden>

Slack:                    inf
  Source:                 design_1_i/axi_smc_2/inst/clk_map/psr_aclk/U0/ACTIVE_LOW_BSR_OUT_DFF[0].FDRE_BSR_N/C
                            (rising edge-triggered cell FDRE clocked by clk_pl_0  {rise@0.000ns fall@2.667ns period=5.333ns})
  Destination:            <hidden>
                            (removal check against rising-edge clock clk_pl_0  {rise@0.000ns fall@2.667ns period=5.333ns})
  Path Group:             (none)
  Path Type:              Removal (Min at Fast Process Corner)
  Data Path Delay:        0.291ns  (logic 0.039ns (13.401%)  route 0.252ns (86.599%))
  Logic Levels:           0  
  Clock Path Skew:        0.150ns (DCD - SCD - CPR)
    Destination Clock Delay (DCD):    1.286ns
    Source Clock Delay      (SCD):    1.136ns
    Clock Pessimism Removal (CPR):    -0.000ns
  Clock Uncertainty:      0.112ns  ((TSJ^2 + DJ^2)^1/2) / 2 + PE
    Total System Jitter     (TSJ):    0.071ns
    Discrete Jitter          (DJ):    0.213ns
    Phase Error              (PE):    0.000ns
  Clock Net Delay (Source):      0.997ns (routing 0.311ns, distribution 0.686ns)
  Clock Net Delay (Destination): 1.114ns (routing 0.352ns, distribution 0.762ns)
  Timing Exception:       False Path

    Location             Delay type                Incr(ns)  Path(ns)    Netlist Resource(s)
  -------------------------------------------------------------------    -------------------
                         (clock clk_pl_0 rise edge)
                                                      0.000     0.000 r  
    PS8_X0Y0             PS8                          0.000     0.000 r  design_1_i/zynq_ultra_ps_e_0/U0/PS8_i/PLCLK[0]
                         net (fo=1, routed)           0.122     0.122    design_1_i/zynq_ultra_ps_e_0/U0/pl_clk_unbuffered[0]
    BUFG_PS_X0Y80        BUFG_PS (Prop_BUFG_PS_I_O)
                                                      0.017     0.139 r  design_1_i/zynq_ultra_ps_e_0/U0/buffer_pl_clk_0.PL_CLK_0_BUFG/O
    X1Y2 (CLOCK_ROOT)    net (fo=48996, routed)       0.997     1.136    design_1_i/axi_smc_2/inst/clk_map/psr_aclk/U0/aclk
    SLICE_X54Y0          FDRE                                         r  design_1_i/axi_smc_2/inst/clk_map/psr_aclk/U0/ACTIVE_LOW_BSR_OUT_DFF[0].FDRE_BSR_N/C
  -------------------------------------------------------------------    -------------------
    SLICE_X54Y0          FDRE (Prop_DFF_SLICEM_C_Q)
                                                      0.039     1.175 r  design_1_i/axi_smc_2/inst/clk_map/psr_aclk/U0/ACTIVE_LOW_BSR_OUT_DFF[0].FDRE_BSR_N/Q
                         net (fo=21, routed)          0.252     1.427    <hidden>
    SLICE_X52Y27         FDCE                                         f  <hidden>  (IS_INVERTED)
  -------------------------------------------------------------------    -------------------

                         (clock clk_pl_0 rise edge)
                                                      0.000     0.000 r  
    PS8_X0Y0             PS8                          0.000     0.000 r  design_1_i/zynq_ultra_ps_e_0/U0/PS8_i/PLCLK[0]
                         net (fo=1, routed)           0.154     0.154    design_1_i/zynq_ultra_ps_e_0/U0/pl_clk_unbuffered[0]
    BUFG_PS_X0Y80        BUFG_PS (Prop_BUFG_PS_I_O)
                                                      0.018     0.172 r  design_1_i/zynq_ultra_ps_e_0/U0/buffer_pl_clk_0.PL_CLK_0_BUFG/O
    X1Y2 (CLOCK_ROOT)    net (fo=48996, routed)       1.114     1.286    <hidden>
    SLICE_X52Y27         FDCE                                         r  <hidden>

Slack:                    inf
  Source:                 design_1_i/axi_smc_2/inst/clk_map/psr_aclk/U0/ACTIVE_LOW_BSR_OUT_DFF[0].FDRE_BSR_N/C
                            (rising edge-triggered cell FDRE clocked by clk_pl_0  {rise@0.000ns fall@2.667ns period=5.333ns})
  Destination:            <hidden>
                            (removal check against rising-edge clock clk_pl_0  {rise@0.000ns fall@2.667ns period=5.333ns})
  Path Group:             (none)
  Path Type:              Removal (Min at Fast Process Corner)
  Data Path Delay:        0.291ns  (logic 0.039ns (13.401%)  route 0.252ns (86.599%))
  Logic Levels:           0  
  Clock Path Skew:        0.150ns (DCD - SCD - CPR)
    Destination Clock Delay (DCD):    1.286ns
    Source Clock Delay      (SCD):    1.136ns
    Clock Pessimism Removal (CPR):    -0.000ns
  Clock Uncertainty:      0.112ns  ((TSJ^2 + DJ^2)^1/2) / 2 + PE
    Total System Jitter     (TSJ):    0.071ns
    Discrete Jitter          (DJ):    0.213ns
    Phase Error              (PE):    0.000ns
  Clock Net Delay (Source):      0.997ns (routing 0.311ns, distribution 0.686ns)
  Clock Net Delay (Destination): 1.114ns (routing 0.352ns, distribution 0.762ns)
  Timing Exception:       False Path

    Location             Delay type                Incr(ns)  Path(ns)    Netlist Resource(s)
  -------------------------------------------------------------------    -------------------
                         (clock clk_pl_0 rise edge)
                                                      0.000     0.000 r  
    PS8_X0Y0             PS8                          0.000     0.000 r  design_1_i/zynq_ultra_ps_e_0/U0/PS8_i/PLCLK[0]
                         net (fo=1, routed)           0.122     0.122    design_1_i/zynq_ultra_ps_e_0/U0/pl_clk_unbuffered[0]
    BUFG_PS_X0Y80        BUFG_PS (Prop_BUFG_PS_I_O)
                                                      0.017     0.139 r  design_1_i/zynq_ultra_ps_e_0/U0/buffer_pl_clk_0.PL_CLK_0_BUFG/O
    X1Y2 (CLOCK_ROOT)    net (fo=48996, routed)       0.997     1.136    design_1_i/axi_smc_2/inst/clk_map/psr_aclk/U0/aclk
    SLICE_X54Y0          FDRE                                         r  design_1_i/axi_smc_2/inst/clk_map/psr_aclk/U0/ACTIVE_LOW_BSR_OUT_DFF[0].FDRE_BSR_N/C
  -------------------------------------------------------------------    -------------------
    SLICE_X54Y0          FDRE (Prop_DFF_SLICEM_C_Q)
                                                      0.039     1.175 r  design_1_i/axi_smc_2/inst/clk_map/psr_aclk/U0/ACTIVE_LOW_BSR_OUT_DFF[0].FDRE_BSR_N/Q
                         net (fo=21, routed)          0.252     1.427    <hidden>
    SLICE_X52Y27         FDCE                                         f  <hidden>  (IS_INVERTED)
  -------------------------------------------------------------------    -------------------

                         (clock clk_pl_0 rise edge)
                                                      0.000     0.000 r  
    PS8_X0Y0             PS8                          0.000     0.000 r  design_1_i/zynq_ultra_ps_e_0/U0/PS8_i/PLCLK[0]
                         net (fo=1, routed)           0.154     0.154    design_1_i/zynq_ultra_ps_e_0/U0/pl_clk_unbuffered[0]
    BUFG_PS_X0Y80        BUFG_PS (Prop_BUFG_PS_I_O)
                                                      0.018     0.172 r  design_1_i/zynq_ultra_ps_e_0/U0/buffer_pl_clk_0.PL_CLK_0_BUFG/O
    X1Y2 (CLOCK_ROOT)    net (fo=48996, routed)       1.114     1.286    <hidden>
    SLICE_X52Y27         FDCE                                         r  <hidden>

Slack:                    inf
  Source:                 design_1_i/axi_smc_2/inst/clk_map/psr_aclk/U0/ACTIVE_LOW_BSR_OUT_DFF[0].FDRE_BSR_N/C
                            (rising edge-triggered cell FDRE clocked by clk_pl_0  {rise@0.000ns fall@2.667ns period=5.333ns})
  Destination:            <hidden>
                            (removal check against rising-edge clock clk_pl_0  {rise@0.000ns fall@2.667ns period=5.333ns})
  Path Group:             (none)
  Path Type:              Removal (Min at Fast Process Corner)
  Data Path Delay:        0.291ns  (logic 0.039ns (13.401%)  route 0.252ns (86.599%))
  Logic Levels:           0  
  Clock Path Skew:        0.150ns (DCD - SCD - CPR)
    Destination Clock Delay (DCD):    1.286ns
    Source Clock Delay      (SCD):    1.136ns
    Clock Pessimism Removal (CPR):    -0.000ns
  Clock Uncertainty:      0.112ns  ((TSJ^2 + DJ^2)^1/2) / 2 + PE
    Total System Jitter     (TSJ):    0.071ns
    Discrete Jitter          (DJ):    0.213ns
    Phase Error              (PE):    0.000ns
  Clock Net Delay (Source):      0.997ns (routing 0.311ns, distribution 0.686ns)
  Clock Net Delay (Destination): 1.114ns (routing 0.352ns, distribution 0.762ns)
  Timing Exception:       False Path

    Location             Delay type                Incr(ns)  Path(ns)    Netlist Resource(s)
  -------------------------------------------------------------------    -------------------
                         (clock clk_pl_0 rise edge)
                                                      0.000     0.000 r  
    PS8_X0Y0             PS8                          0.000     0.000 r  design_1_i/zynq_ultra_ps_e_0/U0/PS8_i/PLCLK[0]
                         net (fo=1, routed)           0.122     0.122    design_1_i/zynq_ultra_ps_e_0/U0/pl_clk_unbuffered[0]
    BUFG_PS_X0Y80        BUFG_PS (Prop_BUFG_PS_I_O)
                                                      0.017     0.139 r  design_1_i/zynq_ultra_ps_e_0/U0/buffer_pl_clk_0.PL_CLK_0_BUFG/O
    X1Y2 (CLOCK_ROOT)    net (fo=48996, routed)       0.997     1.136    design_1_i/axi_smc_2/inst/clk_map/psr_aclk/U0/aclk
    SLICE_X54Y0          FDRE                                         r  design_1_i/axi_smc_2/inst/clk_map/psr_aclk/U0/ACTIVE_LOW_BSR_OUT_DFF[0].FDRE_BSR_N/C
  -------------------------------------------------------------------    -------------------
    SLICE_X54Y0          FDRE (Prop_DFF_SLICEM_C_Q)
                                                      0.039     1.175 r  design_1_i/axi_smc_2/inst/clk_map/psr_aclk/U0/ACTIVE_LOW_BSR_OUT_DFF[0].FDRE_BSR_N/Q
                         net (fo=21, routed)          0.252     1.427    <hidden>
    SLICE_X52Y27         FDCE                                         f  <hidden>  (IS_INVERTED)
  -------------------------------------------------------------------    -------------------

                         (clock clk_pl_0 rise edge)
                                                      0.000     0.000 r  
    PS8_X0Y0             PS8                          0.000     0.000 r  design_1_i/zynq_ultra_ps_e_0/U0/PS8_i/PLCLK[0]
                         net (fo=1, routed)           0.154     0.154    design_1_i/zynq_ultra_ps_e_0/U0/pl_clk_unbuffered[0]
    BUFG_PS_X0Y80        BUFG_PS (Prop_BUFG_PS_I_O)
                                                      0.018     0.172 r  design_1_i/zynq_ultra_ps_e_0/U0/buffer_pl_clk_0.PL_CLK_0_BUFG/O
    X1Y2 (CLOCK_ROOT)    net (fo=48996, routed)       1.114     1.286    <hidden>
    SLICE_X52Y27         FDCE                                         r  <hidden>

Slack:                    inf
  Source:                 design_1_i/axi_smc_3/inst/clk_map/psr_aclk/U0/ACTIVE_LOW_BSR_OUT_DFF[0].FDRE_BSR_N/C
                            (rising edge-triggered cell FDRE clocked by clk_pl_0  {rise@0.000ns fall@2.667ns period=5.333ns})
  Destination:            <hidden>
                            (removal check against rising-edge clock clk_pl_0  {rise@0.000ns fall@2.667ns period=5.333ns})
  Path Group:             (none)
  Path Type:              Removal (Min at Fast Process Corner)
  Data Path Delay:        0.294ns  (logic 0.039ns (13.269%)  route 0.255ns (86.731%))
  Logic Levels:           0  
  Clock Path Skew:        0.204ns (DCD - SCD - CPR)
    Destination Clock Delay (DCD):    1.381ns
    Source Clock Delay      (SCD):    1.177ns
    Clock Pessimism Removal (CPR):    -0.000ns
  Clock Uncertainty:      0.112ns  ((TSJ^2 + DJ^2)^1/2) / 2 + PE
    Total System Jitter     (TSJ):    0.071ns
    Discrete Jitter          (DJ):    0.213ns
    Phase Error              (PE):    0.000ns
  Clock Net Delay (Source):      1.038ns (routing 0.311ns, distribution 0.727ns)
  Clock Net Delay (Destination): 1.209ns (routing 0.352ns, distribution 0.857ns)
  Timing Exception:       False Path

    Location             Delay type                Incr(ns)  Path(ns)    Netlist Resource(s)
  -------------------------------------------------------------------    -------------------
                         (clock clk_pl_0 rise edge)
                                                      0.000     0.000 r  
    PS8_X0Y0             PS8                          0.000     0.000 r  design_1_i/zynq_ultra_ps_e_0/U0/PS8_i/PLCLK[0]
                         net (fo=1, routed)           0.122     0.122    design_1_i/zynq_ultra_ps_e_0/U0/pl_clk_unbuffered[0]
    BUFG_PS_X0Y80        BUFG_PS (Prop_BUFG_PS_I_O)
                                                      0.017     0.139 r  design_1_i/zynq_ultra_ps_e_0/U0/buffer_pl_clk_0.PL_CLK_0_BUFG/O
    X1Y2 (CLOCK_ROOT)    net (fo=48996, routed)       1.038     1.177    design_1_i/axi_smc_3/inst/clk_map/psr_aclk/U0/aclk
    SLICE_X38Y269        FDRE                                         r  design_1_i/axi_smc_3/inst/clk_map/psr_aclk/U0/ACTIVE_LOW_BSR_OUT_DFF[0].FDRE_BSR_N/C
  -------------------------------------------------------------------    -------------------
    SLICE_X38Y269        FDRE (Prop_DFF_SLICEL_C_Q)
                                                      0.039     1.216 r  design_1_i/axi_smc_3/inst/clk_map/psr_aclk/U0/ACTIVE_LOW_BSR_OUT_DFF[0].FDRE_BSR_N/Q
                         net (fo=27, routed)          0.255     1.471    <hidden>
    SLICE_X22Y260        FDCE                                         f  <hidden>  (IS_INVERTED)
  -------------------------------------------------------------------    -------------------

                         (clock clk_pl_0 rise edge)
                                                      0.000     0.000 r  
    PS8_X0Y0             PS8                          0.000     0.000 r  design_1_i/zynq_ultra_ps_e_0/U0/PS8_i/PLCLK[0]
                         net (fo=1, routed)           0.154     0.154    design_1_i/zynq_ultra_ps_e_0/U0/pl_clk_unbuffered[0]
    BUFG_PS_X0Y80        BUFG_PS (Prop_BUFG_PS_I_O)
                                                      0.018     0.172 r  design_1_i/zynq_ultra_ps_e_0/U0/buffer_pl_clk_0.PL_CLK_0_BUFG/O
    X1Y2 (CLOCK_ROOT)    net (fo=48996, routed)       1.209     1.381    <hidden>
    SLICE_X22Y260        FDCE                                         r  <hidden>

Slack:                    inf
  Source:                 design_1_i/axi_smc_3/inst/clk_map/psr_aclk/U0/ACTIVE_LOW_BSR_OUT_DFF[0].FDRE_BSR_N/C
                            (rising edge-triggered cell FDRE clocked by clk_pl_0  {rise@0.000ns fall@2.667ns period=5.333ns})
  Destination:            <hidden>
                            (removal check against rising-edge clock clk_pl_0  {rise@0.000ns fall@2.667ns period=5.333ns})
  Path Group:             (none)
  Path Type:              Removal (Min at Fast Process Corner)
  Data Path Delay:        0.294ns  (logic 0.039ns (13.269%)  route 0.255ns (86.731%))
  Logic Levels:           0  
  Clock Path Skew:        0.204ns (DCD - SCD - CPR)
    Destination Clock Delay (DCD):    1.381ns
    Source Clock Delay      (SCD):    1.177ns
    Clock Pessimism Removal (CPR):    -0.000ns
  Clock Uncertainty:      0.112ns  ((TSJ^2 + DJ^2)^1/2) / 2 + PE
    Total System Jitter     (TSJ):    0.071ns
    Discrete Jitter          (DJ):    0.213ns
    Phase Error              (PE):    0.000ns
  Clock Net Delay (Source):      1.038ns (routing 0.311ns, distribution 0.727ns)
  Clock Net Delay (Destination): 1.209ns (routing 0.352ns, distribution 0.857ns)
  Timing Exception:       False Path

    Location             Delay type                Incr(ns)  Path(ns)    Netlist Resource(s)
  -------------------------------------------------------------------    -------------------
                         (clock clk_pl_0 rise edge)
                                                      0.000     0.000 r  
    PS8_X0Y0             PS8                          0.000     0.000 r  design_1_i/zynq_ultra_ps_e_0/U0/PS8_i/PLCLK[0]
                         net (fo=1, routed)           0.122     0.122    design_1_i/zynq_ultra_ps_e_0/U0/pl_clk_unbuffered[0]
    BUFG_PS_X0Y80        BUFG_PS (Prop_BUFG_PS_I_O)
                                                      0.017     0.139 r  design_1_i/zynq_ultra_ps_e_0/U0/buffer_pl_clk_0.PL_CLK_0_BUFG/O
    X1Y2 (CLOCK_ROOT)    net (fo=48996, routed)       1.038     1.177    design_1_i/axi_smc_3/inst/clk_map/psr_aclk/U0/aclk
    SLICE_X38Y269        FDRE                                         r  design_1_i/axi_smc_3/inst/clk_map/psr_aclk/U0/ACTIVE_LOW_BSR_OUT_DFF[0].FDRE_BSR_N/C
  -------------------------------------------------------------------    -------------------
    SLICE_X38Y269        FDRE (Prop_DFF_SLICEL_C_Q)
                                                      0.039     1.216 r  design_1_i/axi_smc_3/inst/clk_map/psr_aclk/U0/ACTIVE_LOW_BSR_OUT_DFF[0].FDRE_BSR_N/Q
                         net (fo=27, routed)          0.255     1.471    <hidden>
    SLICE_X22Y260        FDCE                                         f  <hidden>  (IS_INVERTED)
  -------------------------------------------------------------------    -------------------

                         (clock clk_pl_0 rise edge)
                                                      0.000     0.000 r  
    PS8_X0Y0             PS8                          0.000     0.000 r  design_1_i/zynq_ultra_ps_e_0/U0/PS8_i/PLCLK[0]
                         net (fo=1, routed)           0.154     0.154    design_1_i/zynq_ultra_ps_e_0/U0/pl_clk_unbuffered[0]
    BUFG_PS_X0Y80        BUFG_PS (Prop_BUFG_PS_I_O)
                                                      0.018     0.172 r  design_1_i/zynq_ultra_ps_e_0/U0/buffer_pl_clk_0.PL_CLK_0_BUFG/O
    X1Y2 (CLOCK_ROOT)    net (fo=48996, routed)       1.209     1.381    <hidden>
    SLICE_X22Y260        FDCE                                         r  <hidden>

Slack:                    inf
  Source:                 design_1_i/axi_smc_3/inst/clk_map/psr_aclk/U0/ACTIVE_LOW_BSR_OUT_DFF[0].FDRE_BSR_N/C
                            (rising edge-triggered cell FDRE clocked by clk_pl_0  {rise@0.000ns fall@2.667ns period=5.333ns})
  Destination:            <hidden>
                            (removal check against rising-edge clock clk_pl_0  {rise@0.000ns fall@2.667ns period=5.333ns})
  Path Group:             (none)
  Path Type:              Removal (Min at Fast Process Corner)
  Data Path Delay:        0.294ns  (logic 0.039ns (13.269%)  route 0.255ns (86.731%))
  Logic Levels:           0  
  Clock Path Skew:        0.204ns (DCD - SCD - CPR)
    Destination Clock Delay (DCD):    1.381ns
    Source Clock Delay      (SCD):    1.177ns
    Clock Pessimism Removal (CPR):    -0.000ns
  Clock Uncertainty:      0.112ns  ((TSJ^2 + DJ^2)^1/2) / 2 + PE
    Total System Jitter     (TSJ):    0.071ns
    Discrete Jitter          (DJ):    0.213ns
    Phase Error              (PE):    0.000ns
  Clock Net Delay (Source):      1.038ns (routing 0.311ns, distribution 0.727ns)
  Clock Net Delay (Destination): 1.209ns (routing 0.352ns, distribution 0.857ns)
  Timing Exception:       False Path

    Location             Delay type                Incr(ns)  Path(ns)    Netlist Resource(s)
  -------------------------------------------------------------------    -------------------
                         (clock clk_pl_0 rise edge)
                                                      0.000     0.000 r  
    PS8_X0Y0             PS8                          0.000     0.000 r  design_1_i/zynq_ultra_ps_e_0/U0/PS8_i/PLCLK[0]
                         net (fo=1, routed)           0.122     0.122    design_1_i/zynq_ultra_ps_e_0/U0/pl_clk_unbuffered[0]
    BUFG_PS_X0Y80        BUFG_PS (Prop_BUFG_PS_I_O)
                                                      0.017     0.139 r  design_1_i/zynq_ultra_ps_e_0/U0/buffer_pl_clk_0.PL_CLK_0_BUFG/O
    X1Y2 (CLOCK_ROOT)    net (fo=48996, routed)       1.038     1.177    design_1_i/axi_smc_3/inst/clk_map/psr_aclk/U0/aclk
    SLICE_X38Y269        FDRE                                         r  design_1_i/axi_smc_3/inst/clk_map/psr_aclk/U0/ACTIVE_LOW_BSR_OUT_DFF[0].FDRE_BSR_N/C
  -------------------------------------------------------------------    -------------------
    SLICE_X38Y269        FDRE (Prop_DFF_SLICEL_C_Q)
                                                      0.039     1.216 r  design_1_i/axi_smc_3/inst/clk_map/psr_aclk/U0/ACTIVE_LOW_BSR_OUT_DFF[0].FDRE_BSR_N/Q
                         net (fo=27, routed)          0.255     1.471    <hidden>
    SLICE_X22Y260        FDCE                                         f  <hidden>  (IS_INVERTED)
  -------------------------------------------------------------------    -------------------

                         (clock clk_pl_0 rise edge)
                                                      0.000     0.000 r  
    PS8_X0Y0             PS8                          0.000     0.000 r  design_1_i/zynq_ultra_ps_e_0/U0/PS8_i/PLCLK[0]
                         net (fo=1, routed)           0.154     0.154    design_1_i/zynq_ultra_ps_e_0/U0/pl_clk_unbuffered[0]
    BUFG_PS_X0Y80        BUFG_PS (Prop_BUFG_PS_I_O)
                                                      0.018     0.172 r  design_1_i/zynq_ultra_ps_e_0/U0/buffer_pl_clk_0.PL_CLK_0_BUFG/O
    X1Y2 (CLOCK_ROOT)    net (fo=48996, routed)       1.209     1.381    <hidden>
    SLICE_X22Y260        FDCE                                         r  <hidden>

Slack:                    inf
  Source:                 design_1_i/axi_smc_3/inst/clk_map/psr_aclk/U0/ACTIVE_LOW_BSR_OUT_DFF[0].FDRE_BSR_N/C
                            (rising edge-triggered cell FDRE clocked by clk_pl_0  {rise@0.000ns fall@2.667ns period=5.333ns})
  Destination:            <hidden>
                            (removal check against rising-edge clock clk_pl_0  {rise@0.000ns fall@2.667ns period=5.333ns})
  Path Group:             (none)
  Path Type:              Removal (Min at Fast Process Corner)
  Data Path Delay:        0.316ns  (logic 0.039ns (12.341%)  route 0.277ns (87.659%))
  Logic Levels:           0  
  Clock Path Skew:        0.196ns (DCD - SCD - CPR)
    Destination Clock Delay (DCD):    1.373ns
    Source Clock Delay      (SCD):    1.177ns
    Clock Pessimism Removal (CPR):    -0.000ns
  Clock Uncertainty:      0.112ns  ((TSJ^2 + DJ^2)^1/2) / 2 + PE
    Total System Jitter     (TSJ):    0.071ns
    Discrete Jitter          (DJ):    0.213ns
    Phase Error              (PE):    0.000ns
  Clock Net Delay (Source):      1.038ns (routing 0.311ns, distribution 0.727ns)
  Clock Net Delay (Destination): 1.201ns (routing 0.352ns, distribution 0.849ns)
  Timing Exception:       False Path

    Location             Delay type                Incr(ns)  Path(ns)    Netlist Resource(s)
  -------------------------------------------------------------------    -------------------
                         (clock clk_pl_0 rise edge)
                                                      0.000     0.000 r  
    PS8_X0Y0             PS8                          0.000     0.000 r  design_1_i/zynq_ultra_ps_e_0/U0/PS8_i/PLCLK[0]
                         net (fo=1, routed)           0.122     0.122    design_1_i/zynq_ultra_ps_e_0/U0/pl_clk_unbuffered[0]
    BUFG_PS_X0Y80        BUFG_PS (Prop_BUFG_PS_I_O)
                                                      0.017     0.139 r  design_1_i/zynq_ultra_ps_e_0/U0/buffer_pl_clk_0.PL_CLK_0_BUFG/O
    X1Y2 (CLOCK_ROOT)    net (fo=48996, routed)       1.038     1.177    design_1_i/axi_smc_3/inst/clk_map/psr_aclk/U0/aclk
    SLICE_X38Y269        FDRE                                         r  design_1_i/axi_smc_3/inst/clk_map/psr_aclk/U0/ACTIVE_LOW_BSR_OUT_DFF[0].FDRE_BSR_N/C
  -------------------------------------------------------------------    -------------------
    SLICE_X38Y269        FDRE (Prop_DFF_SLICEL_C_Q)
                                                      0.039     1.216 r  design_1_i/axi_smc_3/inst/clk_map/psr_aclk/U0/ACTIVE_LOW_BSR_OUT_DFF[0].FDRE_BSR_N/Q
                         net (fo=27, routed)          0.277     1.493    <hidden>
    SLICE_X20Y271        FDCE                                         f  <hidden>  (IS_INVERTED)
  -------------------------------------------------------------------    -------------------

                         (clock clk_pl_0 rise edge)
                                                      0.000     0.000 r  
    PS8_X0Y0             PS8                          0.000     0.000 r  design_1_i/zynq_ultra_ps_e_0/U0/PS8_i/PLCLK[0]
                         net (fo=1, routed)           0.154     0.154    design_1_i/zynq_ultra_ps_e_0/U0/pl_clk_unbuffered[0]
    BUFG_PS_X0Y80        BUFG_PS (Prop_BUFG_PS_I_O)
                                                      0.018     0.172 r  design_1_i/zynq_ultra_ps_e_0/U0/buffer_pl_clk_0.PL_CLK_0_BUFG/O
    X1Y2 (CLOCK_ROOT)    net (fo=48996, routed)       1.201     1.373    <hidden>
    SLICE_X20Y271        FDCE                                         r  <hidden>





--------------------------------------------------------------------------------------
Path Group:  (none)
From Clock:  
  To Clock:  clk_pl_1

Max Delay             1 Endpoint
Min Delay             1 Endpoint
--------------------------------------------------------------------------------------


Max Delay Paths
--------------------------------------------------------------------------------------
Slack:                    inf
  Source:                 design_1_i/zynq_ultra_ps_e_0/U0/PS8_i/EMIOGPIOO[95]
                            (internal pin)
  Destination:            design_1_i/rst_ps8_0_147M/U0/EXT_LPF/ACTIVE_LOW_EXT.ACT_LO_EXT/GENERATE_LEVEL_P_S_CDC.SINGLE_BIT.CROSS_PLEVEL_IN2SCNDRY_IN_cdc_to/D
                            (rising edge-triggered cell FDRE clocked by clk_pl_1  {rise@0.000ns fall@3.381ns period=6.761ns})
  Path Group:             (none)
  Path Type:              Setup (Max at Slow Process Corner)
  Data Path Delay:        1.302ns  (logic 0.096ns (7.373%)  route 1.206ns (92.627%))
  Logic Levels:           1  (LUT1=1)
  Clock Uncertainty:      0.132ns  ((TSJ^2 + DJ^2)^1/2) / 2 + PE
    Total System Jitter     (TSJ):    0.050ns
    Discrete Jitter          (DJ):    0.259ns
    Phase Error              (PE):    0.000ns
  Clock Net Delay (Destination): 1.839ns (routing 0.593ns, distribution 1.246ns)
  Timing Exception:       False Path

    Location             Delay type                Incr(ns)  Path(ns)    Netlist Resource(s)
  -------------------------------------------------------------------    -------------------
    PS8_X0Y0             PS8                          0.000     0.000 f  design_1_i/zynq_ultra_ps_e_0/U0/PS8_i/EMIOGPIOO[95]
                         net (fo=2, routed)           0.927     0.927    design_1_i/rst_ps8_0_147M/U0/EXT_LPF/ACTIVE_LOW_EXT.ACT_LO_EXT/ext_reset_in
    SLICE_X22Y282        LUT1 (Prop_D5LUT_SLICEL_I0_O)
                                                      0.096     1.023 r  design_1_i/rst_ps8_0_147M/U0/EXT_LPF/ACTIVE_LOW_EXT.ACT_LO_EXT/GENERATE_LEVEL_P_S_CDC.SINGLE_BIT.CROSS_PLEVEL_IN2SCNDRY_IN_cdc_to_i_1/O
                         net (fo=1, routed)           0.279     1.302    design_1_i/rst_ps8_0_147M/U0/EXT_LPF/ACTIVE_LOW_EXT.ACT_LO_EXT/exr_d1
    SLICE_X20Y284        FDRE                                         r  design_1_i/rst_ps8_0_147M/U0/EXT_LPF/ACTIVE_LOW_EXT.ACT_LO_EXT/GENERATE_LEVEL_P_S_CDC.SINGLE_BIT.CROSS_PLEVEL_IN2SCNDRY_IN_cdc_to/D
  -------------------------------------------------------------------    -------------------

                         (clock clk_pl_1 rise edge)
                                                      0.000     0.000 r  
    PS8_X0Y0             PS8                          0.000     0.000 r  design_1_i/zynq_ultra_ps_e_0/U0/PS8_i/PLCLK[1]
                         net (fo=1, routed)           0.143     0.143    design_1_i/zynq_ultra_ps_e_0/U0/pl_clk_unbuffered[1]
    BUFG_PS_X0Y92        BUFG_PS (Prop_BUFG_PS_I_O)
                                                      0.025     0.168 r  design_1_i/zynq_ultra_ps_e_0/U0/buffer_pl_clk_1.PL_CLK_1_BUFG/O
    X1Y2 (CLOCK_ROOT)    net (fo=4141, routed)        1.839     2.007    design_1_i/rst_ps8_0_147M/U0/EXT_LPF/ACTIVE_LOW_EXT.ACT_LO_EXT/slowest_sync_clk
    SLICE_X20Y284        FDRE                                         r  design_1_i/rst_ps8_0_147M/U0/EXT_LPF/ACTIVE_LOW_EXT.ACT_LO_EXT/GENERATE_LEVEL_P_S_CDC.SINGLE_BIT.CROSS_PLEVEL_IN2SCNDRY_IN_cdc_to/C





Min Delay Paths
--------------------------------------------------------------------------------------
Slack:                    inf
  Source:                 design_1_i/zynq_ultra_ps_e_0/U0/PS8_i/EMIOGPIOO[95]
                            (internal pin)
  Destination:            design_1_i/rst_ps8_0_147M/U0/EXT_LPF/ACTIVE_LOW_EXT.ACT_LO_EXT/GENERATE_LEVEL_P_S_CDC.SINGLE_BIT.CROSS_PLEVEL_IN2SCNDRY_IN_cdc_to/D
                            (rising edge-triggered cell FDRE clocked by clk_pl_1  {rise@0.000ns fall@3.381ns period=6.761ns})
  Path Group:             (none)
  Path Type:              Hold (Min at Fast Process Corner)
  Data Path Delay:        0.632ns  (logic 0.033ns (5.222%)  route 0.599ns (94.778%))
  Logic Levels:           1  (LUT1=1)
  Clock Uncertainty:      0.132ns  ((TSJ^2 + DJ^2)^1/2) / 2 + PE
    Total System Jitter     (TSJ):    0.050ns
    Discrete Jitter          (DJ):    0.259ns
    Phase Error              (PE):    0.000ns
  Clock Net Delay (Destination): 1.285ns (routing 0.404ns, distribution 0.881ns)
  Timing Exception:       False Path

    Location             Delay type                Incr(ns)  Path(ns)    Netlist Resource(s)
  -------------------------------------------------------------------    -------------------
    PS8_X0Y0             PS8                          0.000     0.000 f  design_1_i/zynq_ultra_ps_e_0/U0/PS8_i/EMIOGPIOO[95]
                         net (fo=2, routed)           0.478     0.478    design_1_i/rst_ps8_0_147M/U0/EXT_LPF/ACTIVE_LOW_EXT.ACT_LO_EXT/ext_reset_in
    SLICE_X22Y282        LUT1 (Prop_D5LUT_SLICEL_I0_O)
                                                      0.033     0.511 r  design_1_i/rst_ps8_0_147M/U0/EXT_LPF/ACTIVE_LOW_EXT.ACT_LO_EXT/GENERATE_LEVEL_P_S_CDC.SINGLE_BIT.CROSS_PLEVEL_IN2SCNDRY_IN_cdc_to_i_1/O
                         net (fo=1, routed)           0.121     0.632    design_1_i/rst_ps8_0_147M/U0/EXT_LPF/ACTIVE_LOW_EXT.ACT_LO_EXT/exr_d1
    SLICE_X20Y284        FDRE                                         r  design_1_i/rst_ps8_0_147M/U0/EXT_LPF/ACTIVE_LOW_EXT.ACT_LO_EXT/GENERATE_LEVEL_P_S_CDC.SINGLE_BIT.CROSS_PLEVEL_IN2SCNDRY_IN_cdc_to/D
  -------------------------------------------------------------------    -------------------

                         (clock clk_pl_1 rise edge)
                                                      0.000     0.000 r  
    PS8_X0Y0             PS8                          0.000     0.000 r  design_1_i/zynq_ultra_ps_e_0/U0/PS8_i/PLCLK[1]
                         net (fo=1, routed)           0.154     0.154    design_1_i/zynq_ultra_ps_e_0/U0/pl_clk_unbuffered[1]
    BUFG_PS_X0Y92        BUFG_PS (Prop_BUFG_PS_I_O)
                                                      0.018     0.172 r  design_1_i/zynq_ultra_ps_e_0/U0/buffer_pl_clk_1.PL_CLK_1_BUFG/O
    X1Y2 (CLOCK_ROOT)    net (fo=4141, routed)        1.285     1.457    design_1_i/rst_ps8_0_147M/U0/EXT_LPF/ACTIVE_LOW_EXT.ACT_LO_EXT/slowest_sync_clk
    SLICE_X20Y284        FDRE                                         r  design_1_i/rst_ps8_0_147M/U0/EXT_LPF/ACTIVE_LOW_EXT.ACT_LO_EXT/GENERATE_LEVEL_P_S_CDC.SINGLE_BIT.CROSS_PLEVEL_IN2SCNDRY_IN_cdc_to/C





--------------------------------------------------------------------------------------
Path Group:  (none)
From Clock:  clk_pl_1
  To Clock:  clk_pl_1

Max Delay            61 Endpoints
Min Delay            61 Endpoints
--------------------------------------------------------------------------------------


Max Delay Paths
--------------------------------------------------------------------------------------
Slack:                    inf
  Source:                 design_1_i/axi_smc_1/inst/clk_map/psr_aclk/U0/ACTIVE_LOW_BSR_OUT_DFF[0].FDRE_BSR_N/C
                            (rising edge-triggered cell FDRE clocked by clk_pl_1  {rise@0.000ns fall@3.381ns period=6.761ns})
  Destination:            <hidden>
                            (recovery check against rising-edge clock clk_pl_1  {rise@0.000ns fall@3.381ns period=6.761ns})
  Path Group:             (none)
  Path Type:              Recovery (Max at Slow Process Corner)
  Data Path Delay:        2.952ns  (logic 0.079ns (2.676%)  route 2.873ns (97.324%))
  Logic Levels:           0  
  Clock Path Skew:        -0.442ns (DCD - SCD + CPR)
    Destination Clock Delay (DCD):    1.827ns
    Source Clock Delay      (SCD):    2.269ns
    Clock Pessimism Removal (CPR):    0.000ns
  Clock Uncertainty:      0.134ns  ((TSJ^2 + DJ^2)^1/2) / 2 + PE
    Total System Jitter     (TSJ):    0.071ns
    Discrete Jitter          (DJ):    0.259ns
    Phase Error              (PE):    0.000ns
  Clock Net Delay (Source):      2.061ns (routing 0.657ns, distribution 1.404ns)
  Clock Net Delay (Destination): 1.659ns (routing 0.593ns, distribution 1.066ns)
  Timing Exception:       False Path

    Location             Delay type                Incr(ns)  Path(ns)    Netlist Resource(s)
  -------------------------------------------------------------------    -------------------
                         (clock clk_pl_1 rise edge)
                                                      0.000     0.000 r  
    PS8_X0Y0             PS8                          0.000     0.000 r  design_1_i/zynq_ultra_ps_e_0/U0/PS8_i/PLCLK[1]
                         net (fo=1, routed)           0.180     0.180    design_1_i/zynq_ultra_ps_e_0/U0/pl_clk_unbuffered[1]
    BUFG_PS_X0Y92        BUFG_PS (Prop_BUFG_PS_I_O)
                                                      0.028     0.208 r  design_1_i/zynq_ultra_ps_e_0/U0/buffer_pl_clk_1.PL_CLK_1_BUFG/O
    X1Y2 (CLOCK_ROOT)    net (fo=4141, routed)        2.061     2.269    design_1_i/axi_smc_1/inst/clk_map/psr_aclk/U0/aclk
    SLICE_X18Y276        FDRE                                         r  design_1_i/axi_smc_1/inst/clk_map/psr_aclk/U0/ACTIVE_LOW_BSR_OUT_DFF[0].FDRE_BSR_N/C
  -------------------------------------------------------------------    -------------------
    SLICE_X18Y276        FDRE (Prop_HFF_SLICEL_C_Q)
                                                      0.079     2.348 r  design_1_i/axi_smc_1/inst/clk_map/psr_aclk/U0/ACTIVE_LOW_BSR_OUT_DFF[0].FDRE_BSR_N/Q
                         net (fo=27, routed)          2.873     5.221    <hidden>
    SLICE_X51Y71         FDCE                                         f  <hidden>  (IS_INVERTED)
  -------------------------------------------------------------------    -------------------

                         (clock clk_pl_1 rise edge)
                                                      0.000     0.000 r  
    PS8_X0Y0             PS8                          0.000     0.000 r  design_1_i/zynq_ultra_ps_e_0/U0/PS8_i/PLCLK[1]
                         net (fo=1, routed)           0.143     0.143    design_1_i/zynq_ultra_ps_e_0/U0/pl_clk_unbuffered[1]
    BUFG_PS_X0Y92        BUFG_PS (Prop_BUFG_PS_I_O)
                                                      0.025     0.168 r  design_1_i/zynq_ultra_ps_e_0/U0/buffer_pl_clk_1.PL_CLK_1_BUFG/O
    X1Y2 (CLOCK_ROOT)    net (fo=4141, routed)        1.659     1.827    <hidden>
    SLICE_X51Y71         FDCE                                         r  <hidden>

Slack:                    inf
  Source:                 design_1_i/axi_smc_1/inst/clk_map/psr_aclk/U0/ACTIVE_LOW_BSR_OUT_DFF[0].FDRE_BSR_N/C
                            (rising edge-triggered cell FDRE clocked by clk_pl_1  {rise@0.000ns fall@3.381ns period=6.761ns})
  Destination:            <hidden>
                            (recovery check against rising-edge clock clk_pl_1  {rise@0.000ns fall@3.381ns period=6.761ns})
  Path Group:             (none)
  Path Type:              Recovery (Max at Slow Process Corner)
  Data Path Delay:        2.952ns  (logic 0.079ns (2.676%)  route 2.873ns (97.324%))
  Logic Levels:           0  
  Clock Path Skew:        -0.442ns (DCD - SCD + CPR)
    Destination Clock Delay (DCD):    1.827ns
    Source Clock Delay      (SCD):    2.269ns
    Clock Pessimism Removal (CPR):    0.000ns
  Clock Uncertainty:      0.134ns  ((TSJ^2 + DJ^2)^1/2) / 2 + PE
    Total System Jitter     (TSJ):    0.071ns
    Discrete Jitter          (DJ):    0.259ns
    Phase Error              (PE):    0.000ns
  Clock Net Delay (Source):      2.061ns (routing 0.657ns, distribution 1.404ns)
  Clock Net Delay (Destination): 1.659ns (routing 0.593ns, distribution 1.066ns)
  Timing Exception:       False Path

    Location             Delay type                Incr(ns)  Path(ns)    Netlist Resource(s)
  -------------------------------------------------------------------    -------------------
                         (clock clk_pl_1 rise edge)
                                                      0.000     0.000 r  
    PS8_X0Y0             PS8                          0.000     0.000 r  design_1_i/zynq_ultra_ps_e_0/U0/PS8_i/PLCLK[1]
                         net (fo=1, routed)           0.180     0.180    design_1_i/zynq_ultra_ps_e_0/U0/pl_clk_unbuffered[1]
    BUFG_PS_X0Y92        BUFG_PS (Prop_BUFG_PS_I_O)
                                                      0.028     0.208 r  design_1_i/zynq_ultra_ps_e_0/U0/buffer_pl_clk_1.PL_CLK_1_BUFG/O
    X1Y2 (CLOCK_ROOT)    net (fo=4141, routed)        2.061     2.269    design_1_i/axi_smc_1/inst/clk_map/psr_aclk/U0/aclk
    SLICE_X18Y276        FDRE                                         r  design_1_i/axi_smc_1/inst/clk_map/psr_aclk/U0/ACTIVE_LOW_BSR_OUT_DFF[0].FDRE_BSR_N/C
  -------------------------------------------------------------------    -------------------
    SLICE_X18Y276        FDRE (Prop_HFF_SLICEL_C_Q)
                                                      0.079     2.348 r  design_1_i/axi_smc_1/inst/clk_map/psr_aclk/U0/ACTIVE_LOW_BSR_OUT_DFF[0].FDRE_BSR_N/Q
                         net (fo=27, routed)          2.873     5.221    <hidden>
    SLICE_X51Y71         FDCE                                         f  <hidden>  (IS_INVERTED)
  -------------------------------------------------------------------    -------------------

                         (clock clk_pl_1 rise edge)
                                                      0.000     0.000 r  
    PS8_X0Y0             PS8                          0.000     0.000 r  design_1_i/zynq_ultra_ps_e_0/U0/PS8_i/PLCLK[1]
                         net (fo=1, routed)           0.143     0.143    design_1_i/zynq_ultra_ps_e_0/U0/pl_clk_unbuffered[1]
    BUFG_PS_X0Y92        BUFG_PS (Prop_BUFG_PS_I_O)
                                                      0.025     0.168 r  design_1_i/zynq_ultra_ps_e_0/U0/buffer_pl_clk_1.PL_CLK_1_BUFG/O
    X1Y2 (CLOCK_ROOT)    net (fo=4141, routed)        1.659     1.827    <hidden>
    SLICE_X51Y71         FDCE                                         r  <hidden>

Slack:                    inf
  Source:                 design_1_i/axi_smc_1/inst/clk_map/psr_aclk/U0/ACTIVE_LOW_BSR_OUT_DFF[0].FDRE_BSR_N/C
                            (rising edge-triggered cell FDRE clocked by clk_pl_1  {rise@0.000ns fall@3.381ns period=6.761ns})
  Destination:            <hidden>
                            (recovery check against rising-edge clock clk_pl_1  {rise@0.000ns fall@3.381ns period=6.761ns})
  Path Group:             (none)
  Path Type:              Recovery (Max at Slow Process Corner)
  Data Path Delay:        2.952ns  (logic 0.079ns (2.676%)  route 2.873ns (97.324%))
  Logic Levels:           0  
  Clock Path Skew:        -0.442ns (DCD - SCD + CPR)
    Destination Clock Delay (DCD):    1.827ns
    Source Clock Delay      (SCD):    2.269ns
    Clock Pessimism Removal (CPR):    0.000ns
  Clock Uncertainty:      0.134ns  ((TSJ^2 + DJ^2)^1/2) / 2 + PE
    Total System Jitter     (TSJ):    0.071ns
    Discrete Jitter          (DJ):    0.259ns
    Phase Error              (PE):    0.000ns
  Clock Net Delay (Source):      2.061ns (routing 0.657ns, distribution 1.404ns)
  Clock Net Delay (Destination): 1.659ns (routing 0.593ns, distribution 1.066ns)
  Timing Exception:       False Path

    Location             Delay type                Incr(ns)  Path(ns)    Netlist Resource(s)
  -------------------------------------------------------------------    -------------------
                         (clock clk_pl_1 rise edge)
                                                      0.000     0.000 r  
    PS8_X0Y0             PS8                          0.000     0.000 r  design_1_i/zynq_ultra_ps_e_0/U0/PS8_i/PLCLK[1]
                         net (fo=1, routed)           0.180     0.180    design_1_i/zynq_ultra_ps_e_0/U0/pl_clk_unbuffered[1]
    BUFG_PS_X0Y92        BUFG_PS (Prop_BUFG_PS_I_O)
                                                      0.028     0.208 r  design_1_i/zynq_ultra_ps_e_0/U0/buffer_pl_clk_1.PL_CLK_1_BUFG/O
    X1Y2 (CLOCK_ROOT)    net (fo=4141, routed)        2.061     2.269    design_1_i/axi_smc_1/inst/clk_map/psr_aclk/U0/aclk
    SLICE_X18Y276        FDRE                                         r  design_1_i/axi_smc_1/inst/clk_map/psr_aclk/U0/ACTIVE_LOW_BSR_OUT_DFF[0].FDRE_BSR_N/C
  -------------------------------------------------------------------    -------------------
    SLICE_X18Y276        FDRE (Prop_HFF_SLICEL_C_Q)
                                                      0.079     2.348 r  design_1_i/axi_smc_1/inst/clk_map/psr_aclk/U0/ACTIVE_LOW_BSR_OUT_DFF[0].FDRE_BSR_N/Q
                         net (fo=27, routed)          2.873     5.221    <hidden>
    SLICE_X51Y71         FDCE                                         f  <hidden>  (IS_INVERTED)
  -------------------------------------------------------------------    -------------------

                         (clock clk_pl_1 rise edge)
                                                      0.000     0.000 r  
    PS8_X0Y0             PS8                          0.000     0.000 r  design_1_i/zynq_ultra_ps_e_0/U0/PS8_i/PLCLK[1]
                         net (fo=1, routed)           0.143     0.143    design_1_i/zynq_ultra_ps_e_0/U0/pl_clk_unbuffered[1]
    BUFG_PS_X0Y92        BUFG_PS (Prop_BUFG_PS_I_O)
                                                      0.025     0.168 r  design_1_i/zynq_ultra_ps_e_0/U0/buffer_pl_clk_1.PL_CLK_1_BUFG/O
    X1Y2 (CLOCK_ROOT)    net (fo=4141, routed)        1.659     1.827    <hidden>
    SLICE_X51Y71         FDCE                                         r  <hidden>

Slack:                    inf
  Source:                 design_1_i/axi_smc_1/inst/clk_map/psr_aclk/U0/ACTIVE_LOW_BSR_OUT_DFF[0].FDRE_BSR_N/C
                            (rising edge-triggered cell FDRE clocked by clk_pl_1  {rise@0.000ns fall@3.381ns period=6.761ns})
  Destination:            <hidden>
                            (recovery check against rising-edge clock clk_pl_1  {rise@0.000ns fall@3.381ns period=6.761ns})
  Path Group:             (none)
  Path Type:              Recovery (Max at Slow Process Corner)
  Data Path Delay:        2.757ns  (logic 0.079ns (2.865%)  route 2.678ns (97.135%))
  Logic Levels:           0  
  Clock Path Skew:        -0.447ns (DCD - SCD + CPR)
    Destination Clock Delay (DCD):    1.822ns
    Source Clock Delay      (SCD):    2.269ns
    Clock Pessimism Removal (CPR):    0.000ns
  Clock Uncertainty:      0.134ns  ((TSJ^2 + DJ^2)^1/2) / 2 + PE
    Total System Jitter     (TSJ):    0.071ns
    Discrete Jitter          (DJ):    0.259ns
    Phase Error              (PE):    0.000ns
  Clock Net Delay (Source):      2.061ns (routing 0.657ns, distribution 1.404ns)
  Clock Net Delay (Destination): 1.654ns (routing 0.593ns, distribution 1.061ns)
  Timing Exception:       False Path

    Location             Delay type                Incr(ns)  Path(ns)    Netlist Resource(s)
  -------------------------------------------------------------------    -------------------
                         (clock clk_pl_1 rise edge)
                                                      0.000     0.000 r  
    PS8_X0Y0             PS8                          0.000     0.000 r  design_1_i/zynq_ultra_ps_e_0/U0/PS8_i/PLCLK[1]
                         net (fo=1, routed)           0.180     0.180    design_1_i/zynq_ultra_ps_e_0/U0/pl_clk_unbuffered[1]
    BUFG_PS_X0Y92        BUFG_PS (Prop_BUFG_PS_I_O)
                                                      0.028     0.208 r  design_1_i/zynq_ultra_ps_e_0/U0/buffer_pl_clk_1.PL_CLK_1_BUFG/O
    X1Y2 (CLOCK_ROOT)    net (fo=4141, routed)        2.061     2.269    design_1_i/axi_smc_1/inst/clk_map/psr_aclk/U0/aclk
    SLICE_X18Y276        FDRE                                         r  design_1_i/axi_smc_1/inst/clk_map/psr_aclk/U0/ACTIVE_LOW_BSR_OUT_DFF[0].FDRE_BSR_N/C
  -------------------------------------------------------------------    -------------------
    SLICE_X18Y276        FDRE (Prop_HFF_SLICEL_C_Q)
                                                      0.079     2.348 r  design_1_i/axi_smc_1/inst/clk_map/psr_aclk/U0/ACTIVE_LOW_BSR_OUT_DFF[0].FDRE_BSR_N/Q
                         net (fo=27, routed)          2.678     5.026    <hidden>
    SLICE_X50Y72         FDCE                                         f  <hidden>  (IS_INVERTED)
  -------------------------------------------------------------------    -------------------

                         (clock clk_pl_1 rise edge)
                                                      0.000     0.000 r  
    PS8_X0Y0             PS8                          0.000     0.000 r  design_1_i/zynq_ultra_ps_e_0/U0/PS8_i/PLCLK[1]
                         net (fo=1, routed)           0.143     0.143    design_1_i/zynq_ultra_ps_e_0/U0/pl_clk_unbuffered[1]
    BUFG_PS_X0Y92        BUFG_PS (Prop_BUFG_PS_I_O)
                                                      0.025     0.168 r  design_1_i/zynq_ultra_ps_e_0/U0/buffer_pl_clk_1.PL_CLK_1_BUFG/O
    X1Y2 (CLOCK_ROOT)    net (fo=4141, routed)        1.654     1.822    <hidden>
    SLICE_X50Y72         FDCE                                         r  <hidden>

Slack:                    inf
  Source:                 design_1_i/axi_smc_1/inst/clk_map/psr_aclk/U0/ACTIVE_LOW_BSR_OUT_DFF[0].FDRE_BSR_N/C
                            (rising edge-triggered cell FDRE clocked by clk_pl_1  {rise@0.000ns fall@3.381ns period=6.761ns})
  Destination:            <hidden>
                            (recovery check against rising-edge clock clk_pl_1  {rise@0.000ns fall@3.381ns period=6.761ns})
  Path Group:             (none)
  Path Type:              Recovery (Max at Slow Process Corner)
  Data Path Delay:        2.757ns  (logic 0.079ns (2.865%)  route 2.678ns (97.135%))
  Logic Levels:           0  
  Clock Path Skew:        -0.447ns (DCD - SCD + CPR)
    Destination Clock Delay (DCD):    1.822ns
    Source Clock Delay      (SCD):    2.269ns
    Clock Pessimism Removal (CPR):    0.000ns
  Clock Uncertainty:      0.134ns  ((TSJ^2 + DJ^2)^1/2) / 2 + PE
    Total System Jitter     (TSJ):    0.071ns
    Discrete Jitter          (DJ):    0.259ns
    Phase Error              (PE):    0.000ns
  Clock Net Delay (Source):      2.061ns (routing 0.657ns, distribution 1.404ns)
  Clock Net Delay (Destination): 1.654ns (routing 0.593ns, distribution 1.061ns)
  Timing Exception:       False Path

    Location             Delay type                Incr(ns)  Path(ns)    Netlist Resource(s)
  -------------------------------------------------------------------    -------------------
                         (clock clk_pl_1 rise edge)
                                                      0.000     0.000 r  
    PS8_X0Y0             PS8                          0.000     0.000 r  design_1_i/zynq_ultra_ps_e_0/U0/PS8_i/PLCLK[1]
                         net (fo=1, routed)           0.180     0.180    design_1_i/zynq_ultra_ps_e_0/U0/pl_clk_unbuffered[1]
    BUFG_PS_X0Y92        BUFG_PS (Prop_BUFG_PS_I_O)
                                                      0.028     0.208 r  design_1_i/zynq_ultra_ps_e_0/U0/buffer_pl_clk_1.PL_CLK_1_BUFG/O
    X1Y2 (CLOCK_ROOT)    net (fo=4141, routed)        2.061     2.269    design_1_i/axi_smc_1/inst/clk_map/psr_aclk/U0/aclk
    SLICE_X18Y276        FDRE                                         r  design_1_i/axi_smc_1/inst/clk_map/psr_aclk/U0/ACTIVE_LOW_BSR_OUT_DFF[0].FDRE_BSR_N/C
  -------------------------------------------------------------------    -------------------
    SLICE_X18Y276        FDRE (Prop_HFF_SLICEL_C_Q)
                                                      0.079     2.348 r  design_1_i/axi_smc_1/inst/clk_map/psr_aclk/U0/ACTIVE_LOW_BSR_OUT_DFF[0].FDRE_BSR_N/Q
                         net (fo=27, routed)          2.678     5.026    <hidden>
    SLICE_X50Y72         FDCE                                         f  <hidden>  (IS_INVERTED)
  -------------------------------------------------------------------    -------------------

                         (clock clk_pl_1 rise edge)
                                                      0.000     0.000 r  
    PS8_X0Y0             PS8                          0.000     0.000 r  design_1_i/zynq_ultra_ps_e_0/U0/PS8_i/PLCLK[1]
                         net (fo=1, routed)           0.143     0.143    design_1_i/zynq_ultra_ps_e_0/U0/pl_clk_unbuffered[1]
    BUFG_PS_X0Y92        BUFG_PS (Prop_BUFG_PS_I_O)
                                                      0.025     0.168 r  design_1_i/zynq_ultra_ps_e_0/U0/buffer_pl_clk_1.PL_CLK_1_BUFG/O
    X1Y2 (CLOCK_ROOT)    net (fo=4141, routed)        1.654     1.822    <hidden>
    SLICE_X50Y72         FDCE                                         r  <hidden>

Slack:                    inf
  Source:                 design_1_i/axi_smc_1/inst/clk_map/psr_aclk/U0/ACTIVE_LOW_BSR_OUT_DFF[0].FDRE_BSR_N/C
                            (rising edge-triggered cell FDRE clocked by clk_pl_1  {rise@0.000ns fall@3.381ns period=6.761ns})
  Destination:            <hidden>
                            (recovery check against rising-edge clock clk_pl_1  {rise@0.000ns fall@3.381ns period=6.761ns})
  Path Group:             (none)
  Path Type:              Recovery (Max at Slow Process Corner)
  Data Path Delay:        2.757ns  (logic 0.079ns (2.865%)  route 2.678ns (97.135%))
  Logic Levels:           0  
  Clock Path Skew:        -0.447ns (DCD - SCD + CPR)
    Destination Clock Delay (DCD):    1.822ns
    Source Clock Delay      (SCD):    2.269ns
    Clock Pessimism Removal (CPR):    0.000ns
  Clock Uncertainty:      0.134ns  ((TSJ^2 + DJ^2)^1/2) / 2 + PE
    Total System Jitter     (TSJ):    0.071ns
    Discrete Jitter          (DJ):    0.259ns
    Phase Error              (PE):    0.000ns
  Clock Net Delay (Source):      2.061ns (routing 0.657ns, distribution 1.404ns)
  Clock Net Delay (Destination): 1.654ns (routing 0.593ns, distribution 1.061ns)
  Timing Exception:       False Path

    Location             Delay type                Incr(ns)  Path(ns)    Netlist Resource(s)
  -------------------------------------------------------------------    -------------------
                         (clock clk_pl_1 rise edge)
                                                      0.000     0.000 r  
    PS8_X0Y0             PS8                          0.000     0.000 r  design_1_i/zynq_ultra_ps_e_0/U0/PS8_i/PLCLK[1]
                         net (fo=1, routed)           0.180     0.180    design_1_i/zynq_ultra_ps_e_0/U0/pl_clk_unbuffered[1]
    BUFG_PS_X0Y92        BUFG_PS (Prop_BUFG_PS_I_O)
                                                      0.028     0.208 r  design_1_i/zynq_ultra_ps_e_0/U0/buffer_pl_clk_1.PL_CLK_1_BUFG/O
    X1Y2 (CLOCK_ROOT)    net (fo=4141, routed)        2.061     2.269    design_1_i/axi_smc_1/inst/clk_map/psr_aclk/U0/aclk
    SLICE_X18Y276        FDRE                                         r  design_1_i/axi_smc_1/inst/clk_map/psr_aclk/U0/ACTIVE_LOW_BSR_OUT_DFF[0].FDRE_BSR_N/C
  -------------------------------------------------------------------    -------------------
    SLICE_X18Y276        FDRE (Prop_HFF_SLICEL_C_Q)
                                                      0.079     2.348 r  design_1_i/axi_smc_1/inst/clk_map/psr_aclk/U0/ACTIVE_LOW_BSR_OUT_DFF[0].FDRE_BSR_N/Q
                         net (fo=27, routed)          2.678     5.026    <hidden>
    SLICE_X50Y72         FDCE                                         f  <hidden>  (IS_INVERTED)
  -------------------------------------------------------------------    -------------------

                         (clock clk_pl_1 rise edge)
                                                      0.000     0.000 r  
    PS8_X0Y0             PS8                          0.000     0.000 r  design_1_i/zynq_ultra_ps_e_0/U0/PS8_i/PLCLK[1]
                         net (fo=1, routed)           0.143     0.143    design_1_i/zynq_ultra_ps_e_0/U0/pl_clk_unbuffered[1]
    BUFG_PS_X0Y92        BUFG_PS (Prop_BUFG_PS_I_O)
                                                      0.025     0.168 r  design_1_i/zynq_ultra_ps_e_0/U0/buffer_pl_clk_1.PL_CLK_1_BUFG/O
    X1Y2 (CLOCK_ROOT)    net (fo=4141, routed)        1.654     1.822    <hidden>
    SLICE_X50Y72         FDCE                                         r  <hidden>

Slack:                    inf
  Source:                 design_1_i/axi_smc_1/inst/clk_map/psr_aclk/U0/ACTIVE_LOW_BSR_OUT_DFF[0].FDRE_BSR_N/C
                            (rising edge-triggered cell FDRE clocked by clk_pl_1  {rise@0.000ns fall@3.381ns period=6.761ns})
  Destination:            <hidden>
                            (recovery check against rising-edge clock clk_pl_1  {rise@0.000ns fall@3.381ns period=6.761ns})
  Path Group:             (none)
  Path Type:              Recovery (Max at Slow Process Corner)
  Data Path Delay:        1.750ns  (logic 0.079ns (4.515%)  route 1.671ns (95.485%))
  Logic Levels:           0  
  Clock Path Skew:        -0.417ns (DCD - SCD + CPR)
    Destination Clock Delay (DCD):    1.852ns
    Source Clock Delay      (SCD):    2.269ns
    Clock Pessimism Removal (CPR):    0.000ns
  Clock Uncertainty:      0.134ns  ((TSJ^2 + DJ^2)^1/2) / 2 + PE
    Total System Jitter     (TSJ):    0.071ns
    Discrete Jitter          (DJ):    0.259ns
    Phase Error              (PE):    0.000ns
  Clock Net Delay (Source):      2.061ns (routing 0.657ns, distribution 1.404ns)
  Clock Net Delay (Destination): 1.684ns (routing 0.593ns, distribution 1.091ns)
  Timing Exception:       False Path

    Location             Delay type                Incr(ns)  Path(ns)    Netlist Resource(s)
  -------------------------------------------------------------------    -------------------
                         (clock clk_pl_1 rise edge)
                                                      0.000     0.000 r  
    PS8_X0Y0             PS8                          0.000     0.000 r  design_1_i/zynq_ultra_ps_e_0/U0/PS8_i/PLCLK[1]
                         net (fo=1, routed)           0.180     0.180    design_1_i/zynq_ultra_ps_e_0/U0/pl_clk_unbuffered[1]
    BUFG_PS_X0Y92        BUFG_PS (Prop_BUFG_PS_I_O)
                                                      0.028     0.208 r  design_1_i/zynq_ultra_ps_e_0/U0/buffer_pl_clk_1.PL_CLK_1_BUFG/O
    X1Y2 (CLOCK_ROOT)    net (fo=4141, routed)        2.061     2.269    design_1_i/axi_smc_1/inst/clk_map/psr_aclk/U0/aclk
    SLICE_X18Y276        FDRE                                         r  design_1_i/axi_smc_1/inst/clk_map/psr_aclk/U0/ACTIVE_LOW_BSR_OUT_DFF[0].FDRE_BSR_N/C
  -------------------------------------------------------------------    -------------------
    SLICE_X18Y276        FDRE (Prop_HFF_SLICEL_C_Q)
                                                      0.079     2.348 r  design_1_i/axi_smc_1/inst/clk_map/psr_aclk/U0/ACTIVE_LOW_BSR_OUT_DFF[0].FDRE_BSR_N/Q
                         net (fo=27, routed)          1.671     4.019    <hidden>
    SLICE_X50Y184        FDCE                                         f  <hidden>  (IS_INVERTED)
  -------------------------------------------------------------------    -------------------

                         (clock clk_pl_1 rise edge)
                                                      0.000     0.000 r  
    PS8_X0Y0             PS8                          0.000     0.000 r  design_1_i/zynq_ultra_ps_e_0/U0/PS8_i/PLCLK[1]
                         net (fo=1, routed)           0.143     0.143    design_1_i/zynq_ultra_ps_e_0/U0/pl_clk_unbuffered[1]
    BUFG_PS_X0Y92        BUFG_PS (Prop_BUFG_PS_I_O)
                                                      0.025     0.168 r  design_1_i/zynq_ultra_ps_e_0/U0/buffer_pl_clk_1.PL_CLK_1_BUFG/O
    X1Y2 (CLOCK_ROOT)    net (fo=4141, routed)        1.684     1.852    <hidden>
    SLICE_X50Y184        FDCE                                         r  <hidden>

Slack:                    inf
  Source:                 design_1_i/axi_smc_1/inst/clk_map/psr_aclk/U0/ACTIVE_LOW_BSR_OUT_DFF[0].FDRE_BSR_N/C
                            (rising edge-triggered cell FDRE clocked by clk_pl_1  {rise@0.000ns fall@3.381ns period=6.761ns})
  Destination:            <hidden>
                            (recovery check against rising-edge clock clk_pl_1  {rise@0.000ns fall@3.381ns period=6.761ns})
  Path Group:             (none)
  Path Type:              Recovery (Max at Slow Process Corner)
  Data Path Delay:        1.750ns  (logic 0.079ns (4.515%)  route 1.671ns (95.485%))
  Logic Levels:           0  
  Clock Path Skew:        -0.417ns (DCD - SCD + CPR)
    Destination Clock Delay (DCD):    1.852ns
    Source Clock Delay      (SCD):    2.269ns
    Clock Pessimism Removal (CPR):    0.000ns
  Clock Uncertainty:      0.134ns  ((TSJ^2 + DJ^2)^1/2) / 2 + PE
    Total System Jitter     (TSJ):    0.071ns
    Discrete Jitter          (DJ):    0.259ns
    Phase Error              (PE):    0.000ns
  Clock Net Delay (Source):      2.061ns (routing 0.657ns, distribution 1.404ns)
  Clock Net Delay (Destination): 1.684ns (routing 0.593ns, distribution 1.091ns)
  Timing Exception:       False Path

    Location             Delay type                Incr(ns)  Path(ns)    Netlist Resource(s)
  -------------------------------------------------------------------    -------------------
                         (clock clk_pl_1 rise edge)
                                                      0.000     0.000 r  
    PS8_X0Y0             PS8                          0.000     0.000 r  design_1_i/zynq_ultra_ps_e_0/U0/PS8_i/PLCLK[1]
                         net (fo=1, routed)           0.180     0.180    design_1_i/zynq_ultra_ps_e_0/U0/pl_clk_unbuffered[1]
    BUFG_PS_X0Y92        BUFG_PS (Prop_BUFG_PS_I_O)
                                                      0.028     0.208 r  design_1_i/zynq_ultra_ps_e_0/U0/buffer_pl_clk_1.PL_CLK_1_BUFG/O
    X1Y2 (CLOCK_ROOT)    net (fo=4141, routed)        2.061     2.269    design_1_i/axi_smc_1/inst/clk_map/psr_aclk/U0/aclk
    SLICE_X18Y276        FDRE                                         r  design_1_i/axi_smc_1/inst/clk_map/psr_aclk/U0/ACTIVE_LOW_BSR_OUT_DFF[0].FDRE_BSR_N/C
  -------------------------------------------------------------------    -------------------
    SLICE_X18Y276        FDRE (Prop_HFF_SLICEL_C_Q)
                                                      0.079     2.348 r  design_1_i/axi_smc_1/inst/clk_map/psr_aclk/U0/ACTIVE_LOW_BSR_OUT_DFF[0].FDRE_BSR_N/Q
                         net (fo=27, routed)          1.671     4.019    <hidden>
    SLICE_X50Y184        FDCE                                         f  <hidden>  (IS_INVERTED)
  -------------------------------------------------------------------    -------------------

                         (clock clk_pl_1 rise edge)
                                                      0.000     0.000 r  
    PS8_X0Y0             PS8                          0.000     0.000 r  design_1_i/zynq_ultra_ps_e_0/U0/PS8_i/PLCLK[1]
                         net (fo=1, routed)           0.143     0.143    design_1_i/zynq_ultra_ps_e_0/U0/pl_clk_unbuffered[1]
    BUFG_PS_X0Y92        BUFG_PS (Prop_BUFG_PS_I_O)
                                                      0.025     0.168 r  design_1_i/zynq_ultra_ps_e_0/U0/buffer_pl_clk_1.PL_CLK_1_BUFG/O
    X1Y2 (CLOCK_ROOT)    net (fo=4141, routed)        1.684     1.852    <hidden>
    SLICE_X50Y184        FDCE                                         r  <hidden>

Slack:                    inf
  Source:                 design_1_i/axi_smc_1/inst/clk_map/psr_aclk/U0/ACTIVE_LOW_BSR_OUT_DFF[0].FDRE_BSR_N/C
                            (rising edge-triggered cell FDRE clocked by clk_pl_1  {rise@0.000ns fall@3.381ns period=6.761ns})
  Destination:            <hidden>
                            (recovery check against rising-edge clock clk_pl_1  {rise@0.000ns fall@3.381ns period=6.761ns})
  Path Group:             (none)
  Path Type:              Recovery (Max at Slow Process Corner)
  Data Path Delay:        1.750ns  (logic 0.079ns (4.515%)  route 1.671ns (95.485%))
  Logic Levels:           0  
  Clock Path Skew:        -0.417ns (DCD - SCD + CPR)
    Destination Clock Delay (DCD):    1.852ns
    Source Clock Delay      (SCD):    2.269ns
    Clock Pessimism Removal (CPR):    0.000ns
  Clock Uncertainty:      0.134ns  ((TSJ^2 + DJ^2)^1/2) / 2 + PE
    Total System Jitter     (TSJ):    0.071ns
    Discrete Jitter          (DJ):    0.259ns
    Phase Error              (PE):    0.000ns
  Clock Net Delay (Source):      2.061ns (routing 0.657ns, distribution 1.404ns)
  Clock Net Delay (Destination): 1.684ns (routing 0.593ns, distribution 1.091ns)
  Timing Exception:       False Path

    Location             Delay type                Incr(ns)  Path(ns)    Netlist Resource(s)
  -------------------------------------------------------------------    -------------------
                         (clock clk_pl_1 rise edge)
                                                      0.000     0.000 r  
    PS8_X0Y0             PS8                          0.000     0.000 r  design_1_i/zynq_ultra_ps_e_0/U0/PS8_i/PLCLK[1]
                         net (fo=1, routed)           0.180     0.180    design_1_i/zynq_ultra_ps_e_0/U0/pl_clk_unbuffered[1]
    BUFG_PS_X0Y92        BUFG_PS (Prop_BUFG_PS_I_O)
                                                      0.028     0.208 r  design_1_i/zynq_ultra_ps_e_0/U0/buffer_pl_clk_1.PL_CLK_1_BUFG/O
    X1Y2 (CLOCK_ROOT)    net (fo=4141, routed)        2.061     2.269    design_1_i/axi_smc_1/inst/clk_map/psr_aclk/U0/aclk
    SLICE_X18Y276        FDRE                                         r  design_1_i/axi_smc_1/inst/clk_map/psr_aclk/U0/ACTIVE_LOW_BSR_OUT_DFF[0].FDRE_BSR_N/C
  -------------------------------------------------------------------    -------------------
    SLICE_X18Y276        FDRE (Prop_HFF_SLICEL_C_Q)
                                                      0.079     2.348 r  design_1_i/axi_smc_1/inst/clk_map/psr_aclk/U0/ACTIVE_LOW_BSR_OUT_DFF[0].FDRE_BSR_N/Q
                         net (fo=27, routed)          1.671     4.019    <hidden>
    SLICE_X50Y184        FDCE                                         f  <hidden>  (IS_INVERTED)
  -------------------------------------------------------------------    -------------------

                         (clock clk_pl_1 rise edge)
                                                      0.000     0.000 r  
    PS8_X0Y0             PS8                          0.000     0.000 r  design_1_i/zynq_ultra_ps_e_0/U0/PS8_i/PLCLK[1]
                         net (fo=1, routed)           0.143     0.143    design_1_i/zynq_ultra_ps_e_0/U0/pl_clk_unbuffered[1]
    BUFG_PS_X0Y92        BUFG_PS (Prop_BUFG_PS_I_O)
                                                      0.025     0.168 r  design_1_i/zynq_ultra_ps_e_0/U0/buffer_pl_clk_1.PL_CLK_1_BUFG/O
    X1Y2 (CLOCK_ROOT)    net (fo=4141, routed)        1.684     1.852    <hidden>
    SLICE_X50Y184        FDCE                                         r  <hidden>

Slack:                    inf
  Source:                 design_1_i/axi_smc_1/inst/clk_map/psr_aclk/U0/ACTIVE_LOW_BSR_OUT_DFF[0].FDRE_BSR_N/C
                            (rising edge-triggered cell FDRE clocked by clk_pl_1  {rise@0.000ns fall@3.381ns period=6.761ns})
  Destination:            <hidden>
                            (recovery check against rising-edge clock clk_pl_1  {rise@0.000ns fall@3.381ns period=6.761ns})
  Path Group:             (none)
  Path Type:              Recovery (Max at Slow Process Corner)
  Data Path Delay:        1.590ns  (logic 0.079ns (4.968%)  route 1.511ns (95.032%))
  Logic Levels:           0  
  Clock Path Skew:        -0.429ns (DCD - SCD + CPR)
    Destination Clock Delay (DCD):    1.840ns
    Source Clock Delay      (SCD):    2.269ns
    Clock Pessimism Removal (CPR):    0.000ns
  Clock Uncertainty:      0.134ns  ((TSJ^2 + DJ^2)^1/2) / 2 + PE
    Total System Jitter     (TSJ):    0.071ns
    Discrete Jitter          (DJ):    0.259ns
    Phase Error              (PE):    0.000ns
  Clock Net Delay (Source):      2.061ns (routing 0.657ns, distribution 1.404ns)
  Clock Net Delay (Destination): 1.672ns (routing 0.593ns, distribution 1.079ns)
  Timing Exception:       False Path

    Location             Delay type                Incr(ns)  Path(ns)    Netlist Resource(s)
  -------------------------------------------------------------------    -------------------
                         (clock clk_pl_1 rise edge)
                                                      0.000     0.000 r  
    PS8_X0Y0             PS8                          0.000     0.000 r  design_1_i/zynq_ultra_ps_e_0/U0/PS8_i/PLCLK[1]
                         net (fo=1, routed)           0.180     0.180    design_1_i/zynq_ultra_ps_e_0/U0/pl_clk_unbuffered[1]
    BUFG_PS_X0Y92        BUFG_PS (Prop_BUFG_PS_I_O)
                                                      0.028     0.208 r  design_1_i/zynq_ultra_ps_e_0/U0/buffer_pl_clk_1.PL_CLK_1_BUFG/O
    X1Y2 (CLOCK_ROOT)    net (fo=4141, routed)        2.061     2.269    design_1_i/axi_smc_1/inst/clk_map/psr_aclk/U0/aclk
    SLICE_X18Y276        FDRE                                         r  design_1_i/axi_smc_1/inst/clk_map/psr_aclk/U0/ACTIVE_LOW_BSR_OUT_DFF[0].FDRE_BSR_N/C
  -------------------------------------------------------------------    -------------------
    SLICE_X18Y276        FDRE (Prop_HFF_SLICEL_C_Q)
                                                      0.079     2.348 r  design_1_i/axi_smc_1/inst/clk_map/psr_aclk/U0/ACTIVE_LOW_BSR_OUT_DFF[0].FDRE_BSR_N/Q
                         net (fo=27, routed)          1.511     3.859    <hidden>
    SLICE_X48Y219        FDCE                                         f  <hidden>  (IS_INVERTED)
  -------------------------------------------------------------------    -------------------

                         (clock clk_pl_1 rise edge)
                                                      0.000     0.000 r  
    PS8_X0Y0             PS8                          0.000     0.000 r  design_1_i/zynq_ultra_ps_e_0/U0/PS8_i/PLCLK[1]
                         net (fo=1, routed)           0.143     0.143    design_1_i/zynq_ultra_ps_e_0/U0/pl_clk_unbuffered[1]
    BUFG_PS_X0Y92        BUFG_PS (Prop_BUFG_PS_I_O)
                                                      0.025     0.168 r  design_1_i/zynq_ultra_ps_e_0/U0/buffer_pl_clk_1.PL_CLK_1_BUFG/O
    X1Y2 (CLOCK_ROOT)    net (fo=4141, routed)        1.672     1.840    <hidden>
    SLICE_X48Y219        FDCE                                         r  <hidden>





Min Delay Paths
--------------------------------------------------------------------------------------
Slack:                    inf
  Source:                 design_1_i/axi_video_0/U0/video_FIFO/xpm_fifo_axis_inst/xpm_fifo_base_inst/xpm_fifo_rst_inst/gen_rst_ic.fifo_rd_rst_ic_reg/C
                            (rising edge-triggered cell FDRE clocked by clk_pl_1  {rise@0.000ns fall@3.381ns period=6.761ns})
  Destination:            design_1_i/axi_video_0/U0/video_FIFO/xpm_fifo_axis_inst/xpm_fifo_base_inst/xpm_fifo_rst_inst/gen_rst_ic.rrst_wr_inst/syncstages_ff_reg[0]/D
                            (rising edge-triggered cell FDRE clocked by clk_pl_1  {rise@0.000ns fall@3.381ns period=6.761ns})
  Path Group:             (none)
  Path Type:              Hold (Min at Fast Process Corner)
  Data Path Delay:        0.127ns  (logic 0.039ns (30.620%)  route 0.088ns (69.380%))
  Logic Levels:           0  
  Clock Path Skew:        0.182ns (DCD - SCD - CPR)
    Destination Clock Delay (DCD):    1.459ns
    Source Clock Delay      (SCD):    1.277ns
    Clock Pessimism Removal (CPR):    -0.000ns
  Clock Uncertainty:      0.134ns  ((TSJ^2 + DJ^2)^1/2) / 2 + PE
    Total System Jitter     (TSJ):    0.071ns
    Discrete Jitter          (DJ):    0.259ns
    Phase Error              (PE):    0.000ns
  Clock Net Delay (Source):      1.138ns (routing 0.359ns, distribution 0.779ns)
  Clock Net Delay (Destination): 1.287ns (routing 0.404ns, distribution 0.883ns)
  Timing Exception:       False Path

    Location             Delay type                Incr(ns)  Path(ns)    Netlist Resource(s)
  -------------------------------------------------------------------    -------------------
                         (clock clk_pl_1 rise edge)
                                                      0.000     0.000 r  
    PS8_X0Y0             PS8                          0.000     0.000 r  design_1_i/zynq_ultra_ps_e_0/U0/PS8_i/PLCLK[1]
                         net (fo=1, routed)           0.122     0.122    design_1_i/zynq_ultra_ps_e_0/U0/pl_clk_unbuffered[1]
    BUFG_PS_X0Y92        BUFG_PS (Prop_BUFG_PS_I_O)
                                                      0.017     0.139 r  design_1_i/zynq_ultra_ps_e_0/U0/buffer_pl_clk_1.PL_CLK_1_BUFG/O
    X1Y2 (CLOCK_ROOT)    net (fo=4141, routed)        1.138     1.277    design_1_i/axi_video_0/U0/video_FIFO/xpm_fifo_axis_inst/xpm_fifo_base_inst/xpm_fifo_rst_inst/rd_clk
    SLICE_X21Y276        FDRE                                         r  design_1_i/axi_video_0/U0/video_FIFO/xpm_fifo_axis_inst/xpm_fifo_base_inst/xpm_fifo_rst_inst/gen_rst_ic.fifo_rd_rst_ic_reg/C
  -------------------------------------------------------------------    -------------------
    SLICE_X21Y276        FDRE (Prop_HFF2_SLICEM_C_Q)
                                                      0.039     1.316 r  design_1_i/axi_video_0/U0/video_FIFO/xpm_fifo_axis_inst/xpm_fifo_base_inst/xpm_fifo_rst_inst/gen_rst_ic.fifo_rd_rst_ic_reg/Q
                         net (fo=112, routed)         0.088     1.404    design_1_i/axi_video_0/U0/video_FIFO/xpm_fifo_axis_inst/xpm_fifo_base_inst/xpm_fifo_rst_inst/gen_rst_ic.rrst_wr_inst/src_rst
    SLICE_X20Y275        FDRE                                         r  design_1_i/axi_video_0/U0/video_FIFO/xpm_fifo_axis_inst/xpm_fifo_base_inst/xpm_fifo_rst_inst/gen_rst_ic.rrst_wr_inst/syncstages_ff_reg[0]/D
  -------------------------------------------------------------------    -------------------

                         (clock clk_pl_1 rise edge)
                                                      0.000     0.000 r  
    PS8_X0Y0             PS8                          0.000     0.000 r  design_1_i/zynq_ultra_ps_e_0/U0/PS8_i/PLCLK[1]
                         net (fo=1, routed)           0.154     0.154    design_1_i/zynq_ultra_ps_e_0/U0/pl_clk_unbuffered[1]
    BUFG_PS_X0Y92        BUFG_PS (Prop_BUFG_PS_I_O)
                                                      0.018     0.172 r  design_1_i/zynq_ultra_ps_e_0/U0/buffer_pl_clk_1.PL_CLK_1_BUFG/O
    X1Y2 (CLOCK_ROOT)    net (fo=4141, routed)        1.287     1.459    design_1_i/axi_video_0/U0/video_FIFO/xpm_fifo_axis_inst/xpm_fifo_base_inst/xpm_fifo_rst_inst/gen_rst_ic.rrst_wr_inst/dest_clk
    SLICE_X20Y275        FDRE                                         r  design_1_i/axi_video_0/U0/video_FIFO/xpm_fifo_axis_inst/xpm_fifo_base_inst/xpm_fifo_rst_inst/gen_rst_ic.rrst_wr_inst/syncstages_ff_reg[0]/C

Slack:                    inf
  Source:                 design_1_i/axi_video_0/U0/video_FIFO/xpm_fifo_async_inst/gnuram_async_fifo.xpm_fifo_base_inst/xpm_fifo_rst_inst/gen_rst_ic.fifo_wr_rst_ic_reg/C
                            (rising edge-triggered cell FDRE clocked by clk_pl_1  {rise@0.000ns fall@3.381ns period=6.761ns})
  Destination:            design_1_i/axi_video_0/U0/video_FIFO/xpm_fifo_async_inst/gnuram_async_fifo.xpm_fifo_base_inst/xpm_fifo_rst_inst/gen_rst_ic.wrst_rd_inst/syncstages_ff_reg[0]/D
                            (rising edge-triggered cell FDRE clocked by clk_pl_1  {rise@0.000ns fall@3.381ns period=6.761ns})
  Path Group:             (none)
  Path Type:              Hold (Min at Fast Process Corner)
  Data Path Delay:        0.134ns  (logic 0.038ns (28.425%)  route 0.096ns (71.575%))
  Logic Levels:           0  
  Clock Path Skew:        0.182ns (DCD - SCD - CPR)
    Destination Clock Delay (DCD):    1.477ns
    Source Clock Delay      (SCD):    1.296ns
    Clock Pessimism Removal (CPR):    -0.000ns
  Clock Uncertainty:      0.134ns  ((TSJ^2 + DJ^2)^1/2) / 2 + PE
    Total System Jitter     (TSJ):    0.071ns
    Discrete Jitter          (DJ):    0.259ns
    Phase Error              (PE):    0.000ns
  Clock Net Delay (Source):      1.157ns (routing 0.359ns, distribution 0.798ns)
  Clock Net Delay (Destination): 1.305ns (routing 0.404ns, distribution 0.901ns)
  Timing Exception:       False Path

    Location             Delay type                Incr(ns)  Path(ns)    Netlist Resource(s)
  -------------------------------------------------------------------    -------------------
                         (clock clk_pl_1 rise edge)
                                                      0.000     0.000 r  
    PS8_X0Y0             PS8                          0.000     0.000 r  design_1_i/zynq_ultra_ps_e_0/U0/PS8_i/PLCLK[1]
                         net (fo=1, routed)           0.122     0.122    design_1_i/zynq_ultra_ps_e_0/U0/pl_clk_unbuffered[1]
    BUFG_PS_X0Y92        BUFG_PS (Prop_BUFG_PS_I_O)
                                                      0.017     0.139 r  design_1_i/zynq_ultra_ps_e_0/U0/buffer_pl_clk_1.PL_CLK_1_BUFG/O
    X1Y2 (CLOCK_ROOT)    net (fo=4141, routed)        1.157     1.296    design_1_i/axi_video_0/U0/video_FIFO/xpm_fifo_async_inst/gnuram_async_fifo.xpm_fifo_base_inst/xpm_fifo_rst_inst/wr_clk
    SLICE_X17Y273        FDRE                                         r  design_1_i/axi_video_0/U0/video_FIFO/xpm_fifo_async_inst/gnuram_async_fifo.xpm_fifo_base_inst/xpm_fifo_rst_inst/gen_rst_ic.fifo_wr_rst_ic_reg/C
  -------------------------------------------------------------------    -------------------
    SLICE_X17Y273        FDRE (Prop_CFF_SLICEM_C_Q)
                                                      0.038     1.334 r  design_1_i/axi_video_0/U0/video_FIFO/xpm_fifo_async_inst/gnuram_async_fifo.xpm_fifo_base_inst/xpm_fifo_rst_inst/gen_rst_ic.fifo_wr_rst_ic_reg/Q
                         net (fo=2, routed)           0.096     1.429    design_1_i/axi_video_0/U0/video_FIFO/xpm_fifo_async_inst/gnuram_async_fifo.xpm_fifo_base_inst/xpm_fifo_rst_inst/gen_rst_ic.wrst_rd_inst/src_rst
    SLICE_X17Y273        FDRE                                         r  design_1_i/axi_video_0/U0/video_FIFO/xpm_fifo_async_inst/gnuram_async_fifo.xpm_fifo_base_inst/xpm_fifo_rst_inst/gen_rst_ic.wrst_rd_inst/syncstages_ff_reg[0]/D
  -------------------------------------------------------------------    -------------------

                         (clock clk_pl_1 rise edge)
                                                      0.000     0.000 r  
    PS8_X0Y0             PS8                          0.000     0.000 r  design_1_i/zynq_ultra_ps_e_0/U0/PS8_i/PLCLK[1]
                         net (fo=1, routed)           0.154     0.154    design_1_i/zynq_ultra_ps_e_0/U0/pl_clk_unbuffered[1]
    BUFG_PS_X0Y92        BUFG_PS (Prop_BUFG_PS_I_O)
                                                      0.018     0.172 r  design_1_i/zynq_ultra_ps_e_0/U0/buffer_pl_clk_1.PL_CLK_1_BUFG/O
    X1Y2 (CLOCK_ROOT)    net (fo=4141, routed)        1.305     1.477    design_1_i/axi_video_0/U0/video_FIFO/xpm_fifo_async_inst/gnuram_async_fifo.xpm_fifo_base_inst/xpm_fifo_rst_inst/gen_rst_ic.wrst_rd_inst/dest_clk
    SLICE_X17Y273        FDRE                                         r  design_1_i/axi_video_0/U0/video_FIFO/xpm_fifo_async_inst/gnuram_async_fifo.xpm_fifo_base_inst/xpm_fifo_rst_inst/gen_rst_ic.wrst_rd_inst/syncstages_ff_reg[0]/C

Slack:                    inf
  Source:                 design_1_i/axi_smc_1/inst/clk_map/psr_aclk/U0/ACTIVE_LOW_BSR_OUT_DFF[0].FDRE_BSR_N/C
                            (rising edge-triggered cell FDRE clocked by clk_pl_1  {rise@0.000ns fall@3.381ns period=6.761ns})
  Destination:            <hidden>
                            (removal check against rising-edge clock clk_pl_1  {rise@0.000ns fall@3.381ns period=6.761ns})
  Path Group:             (none)
  Path Type:              Removal (Min at Fast Process Corner)
  Data Path Delay:        0.189ns  (logic 0.039ns (20.648%)  route 0.150ns (79.352%))
  Logic Levels:           0  
  Clock Path Skew:        0.209ns (DCD - SCD - CPR)
    Destination Clock Delay (DCD):    1.486ns
    Source Clock Delay      (SCD):    1.277ns
    Clock Pessimism Removal (CPR):    -0.000ns
  Clock Uncertainty:      0.134ns  ((TSJ^2 + DJ^2)^1/2) / 2 + PE
    Total System Jitter     (TSJ):    0.071ns
    Discrete Jitter          (DJ):    0.259ns
    Phase Error              (PE):    0.000ns
  Clock Net Delay (Source):      1.138ns (routing 0.359ns, distribution 0.779ns)
  Clock Net Delay (Destination): 1.314ns (routing 0.404ns, distribution 0.910ns)
  Timing Exception:       False Path

    Location             Delay type                Incr(ns)  Path(ns)    Netlist Resource(s)
  -------------------------------------------------------------------    -------------------
                         (clock clk_pl_1 rise edge)
                                                      0.000     0.000 r  
    PS8_X0Y0             PS8                          0.000     0.000 r  design_1_i/zynq_ultra_ps_e_0/U0/PS8_i/PLCLK[1]
                         net (fo=1, routed)           0.122     0.122    design_1_i/zynq_ultra_ps_e_0/U0/pl_clk_unbuffered[1]
    BUFG_PS_X0Y92        BUFG_PS (Prop_BUFG_PS_I_O)
                                                      0.017     0.139 r  design_1_i/zynq_ultra_ps_e_0/U0/buffer_pl_clk_1.PL_CLK_1_BUFG/O
    X1Y2 (CLOCK_ROOT)    net (fo=4141, routed)        1.138     1.277    design_1_i/axi_smc_1/inst/clk_map/psr_aclk/U0/aclk
    SLICE_X18Y276        FDRE                                         r  design_1_i/axi_smc_1/inst/clk_map/psr_aclk/U0/ACTIVE_LOW_BSR_OUT_DFF[0].FDRE_BSR_N/C
  -------------------------------------------------------------------    -------------------
    SLICE_X18Y276        FDRE (Prop_HFF_SLICEL_C_Q)
                                                      0.039     1.316 r  design_1_i/axi_smc_1/inst/clk_map/psr_aclk/U0/ACTIVE_LOW_BSR_OUT_DFF[0].FDRE_BSR_N/Q
                         net (fo=27, routed)          0.150     1.466    <hidden>
    SLICE_X16Y276        FDCE                                         f  <hidden>  (IS_INVERTED)
  -------------------------------------------------------------------    -------------------

                         (clock clk_pl_1 rise edge)
                                                      0.000     0.000 r  
    PS8_X0Y0             PS8                          0.000     0.000 r  design_1_i/zynq_ultra_ps_e_0/U0/PS8_i/PLCLK[1]
                         net (fo=1, routed)           0.154     0.154    design_1_i/zynq_ultra_ps_e_0/U0/pl_clk_unbuffered[1]
    BUFG_PS_X0Y92        BUFG_PS (Prop_BUFG_PS_I_O)
                                                      0.018     0.172 r  design_1_i/zynq_ultra_ps_e_0/U0/buffer_pl_clk_1.PL_CLK_1_BUFG/O
    X1Y2 (CLOCK_ROOT)    net (fo=4141, routed)        1.314     1.486    <hidden>
    SLICE_X16Y276        FDCE                                         r  <hidden>

Slack:                    inf
  Source:                 design_1_i/axi_smc_1/inst/clk_map/psr_aclk/U0/ACTIVE_LOW_BSR_OUT_DFF[0].FDRE_BSR_N/C
                            (rising edge-triggered cell FDRE clocked by clk_pl_1  {rise@0.000ns fall@3.381ns period=6.761ns})
  Destination:            <hidden>
                            (removal check against rising-edge clock clk_pl_1  {rise@0.000ns fall@3.381ns period=6.761ns})
  Path Group:             (none)
  Path Type:              Removal (Min at Fast Process Corner)
  Data Path Delay:        0.189ns  (logic 0.039ns (20.648%)  route 0.150ns (79.352%))
  Logic Levels:           0  
  Clock Path Skew:        0.209ns (DCD - SCD - CPR)
    Destination Clock Delay (DCD):    1.486ns
    Source Clock Delay      (SCD):    1.277ns
    Clock Pessimism Removal (CPR):    -0.000ns
  Clock Uncertainty:      0.134ns  ((TSJ^2 + DJ^2)^1/2) / 2 + PE
    Total System Jitter     (TSJ):    0.071ns
    Discrete Jitter          (DJ):    0.259ns
    Phase Error              (PE):    0.000ns
  Clock Net Delay (Source):      1.138ns (routing 0.359ns, distribution 0.779ns)
  Clock Net Delay (Destination): 1.314ns (routing 0.404ns, distribution 0.910ns)
  Timing Exception:       False Path

    Location             Delay type                Incr(ns)  Path(ns)    Netlist Resource(s)
  -------------------------------------------------------------------    -------------------
                         (clock clk_pl_1 rise edge)
                                                      0.000     0.000 r  
    PS8_X0Y0             PS8                          0.000     0.000 r  design_1_i/zynq_ultra_ps_e_0/U0/PS8_i/PLCLK[1]
                         net (fo=1, routed)           0.122     0.122    design_1_i/zynq_ultra_ps_e_0/U0/pl_clk_unbuffered[1]
    BUFG_PS_X0Y92        BUFG_PS (Prop_BUFG_PS_I_O)
                                                      0.017     0.139 r  design_1_i/zynq_ultra_ps_e_0/U0/buffer_pl_clk_1.PL_CLK_1_BUFG/O
    X1Y2 (CLOCK_ROOT)    net (fo=4141, routed)        1.138     1.277    design_1_i/axi_smc_1/inst/clk_map/psr_aclk/U0/aclk
    SLICE_X18Y276        FDRE                                         r  design_1_i/axi_smc_1/inst/clk_map/psr_aclk/U0/ACTIVE_LOW_BSR_OUT_DFF[0].FDRE_BSR_N/C
  -------------------------------------------------------------------    -------------------
    SLICE_X18Y276        FDRE (Prop_HFF_SLICEL_C_Q)
                                                      0.039     1.316 r  design_1_i/axi_smc_1/inst/clk_map/psr_aclk/U0/ACTIVE_LOW_BSR_OUT_DFF[0].FDRE_BSR_N/Q
                         net (fo=27, routed)          0.150     1.466    <hidden>
    SLICE_X16Y276        FDCE                                         f  <hidden>  (IS_INVERTED)
  -------------------------------------------------------------------    -------------------

                         (clock clk_pl_1 rise edge)
                                                      0.000     0.000 r  
    PS8_X0Y0             PS8                          0.000     0.000 r  design_1_i/zynq_ultra_ps_e_0/U0/PS8_i/PLCLK[1]
                         net (fo=1, routed)           0.154     0.154    design_1_i/zynq_ultra_ps_e_0/U0/pl_clk_unbuffered[1]
    BUFG_PS_X0Y92        BUFG_PS (Prop_BUFG_PS_I_O)
                                                      0.018     0.172 r  design_1_i/zynq_ultra_ps_e_0/U0/buffer_pl_clk_1.PL_CLK_1_BUFG/O
    X1Y2 (CLOCK_ROOT)    net (fo=4141, routed)        1.314     1.486    <hidden>
    SLICE_X16Y276        FDCE                                         r  <hidden>

Slack:                    inf
  Source:                 design_1_i/axi_smc_1/inst/clk_map/psr_aclk/U0/ACTIVE_LOW_BSR_OUT_DFF[0].FDRE_BSR_N/C
                            (rising edge-triggered cell FDRE clocked by clk_pl_1  {rise@0.000ns fall@3.381ns period=6.761ns})
  Destination:            <hidden>
                            (removal check against rising-edge clock clk_pl_1  {rise@0.000ns fall@3.381ns period=6.761ns})
  Path Group:             (none)
  Path Type:              Removal (Min at Fast Process Corner)
  Data Path Delay:        0.189ns  (logic 0.039ns (20.648%)  route 0.150ns (79.352%))
  Logic Levels:           0  
  Clock Path Skew:        0.209ns (DCD - SCD - CPR)
    Destination Clock Delay (DCD):    1.486ns
    Source Clock Delay      (SCD):    1.277ns
    Clock Pessimism Removal (CPR):    -0.000ns
  Clock Uncertainty:      0.134ns  ((TSJ^2 + DJ^2)^1/2) / 2 + PE
    Total System Jitter     (TSJ):    0.071ns
    Discrete Jitter          (DJ):    0.259ns
    Phase Error              (PE):    0.000ns
  Clock Net Delay (Source):      1.138ns (routing 0.359ns, distribution 0.779ns)
  Clock Net Delay (Destination): 1.314ns (routing 0.404ns, distribution 0.910ns)
  Timing Exception:       False Path

    Location             Delay type                Incr(ns)  Path(ns)    Netlist Resource(s)
  -------------------------------------------------------------------    -------------------
                         (clock clk_pl_1 rise edge)
                                                      0.000     0.000 r  
    PS8_X0Y0             PS8                          0.000     0.000 r  design_1_i/zynq_ultra_ps_e_0/U0/PS8_i/PLCLK[1]
                         net (fo=1, routed)           0.122     0.122    design_1_i/zynq_ultra_ps_e_0/U0/pl_clk_unbuffered[1]
    BUFG_PS_X0Y92        BUFG_PS (Prop_BUFG_PS_I_O)
                                                      0.017     0.139 r  design_1_i/zynq_ultra_ps_e_0/U0/buffer_pl_clk_1.PL_CLK_1_BUFG/O
    X1Y2 (CLOCK_ROOT)    net (fo=4141, routed)        1.138     1.277    design_1_i/axi_smc_1/inst/clk_map/psr_aclk/U0/aclk
    SLICE_X18Y276        FDRE                                         r  design_1_i/axi_smc_1/inst/clk_map/psr_aclk/U0/ACTIVE_LOW_BSR_OUT_DFF[0].FDRE_BSR_N/C
  -------------------------------------------------------------------    -------------------
    SLICE_X18Y276        FDRE (Prop_HFF_SLICEL_C_Q)
                                                      0.039     1.316 r  design_1_i/axi_smc_1/inst/clk_map/psr_aclk/U0/ACTIVE_LOW_BSR_OUT_DFF[0].FDRE_BSR_N/Q
                         net (fo=27, routed)          0.150     1.466    <hidden>
    SLICE_X16Y276        FDCE                                         f  <hidden>  (IS_INVERTED)
  -------------------------------------------------------------------    -------------------

                         (clock clk_pl_1 rise edge)
                                                      0.000     0.000 r  
    PS8_X0Y0             PS8                          0.000     0.000 r  design_1_i/zynq_ultra_ps_e_0/U0/PS8_i/PLCLK[1]
                         net (fo=1, routed)           0.154     0.154    design_1_i/zynq_ultra_ps_e_0/U0/pl_clk_unbuffered[1]
    BUFG_PS_X0Y92        BUFG_PS (Prop_BUFG_PS_I_O)
                                                      0.018     0.172 r  design_1_i/zynq_ultra_ps_e_0/U0/buffer_pl_clk_1.PL_CLK_1_BUFG/O
    X1Y2 (CLOCK_ROOT)    net (fo=4141, routed)        1.314     1.486    <hidden>
    SLICE_X16Y276        FDCE                                         r  <hidden>

Slack:                    inf
  Source:                 design_1_i/axi_smc_1/inst/clk_map/psr_aclk/U0/ACTIVE_LOW_BSR_OUT_DFF[0].FDRE_BSR_N/C
                            (rising edge-triggered cell FDRE clocked by clk_pl_1  {rise@0.000ns fall@3.381ns period=6.761ns})
  Destination:            <hidden>
                            (removal check against rising-edge clock clk_pl_1  {rise@0.000ns fall@3.381ns period=6.761ns})
  Path Group:             (none)
  Path Type:              Removal (Min at Fast Process Corner)
  Data Path Delay:        0.195ns  (logic 0.039ns (20.012%)  route 0.156ns (79.988%))
  Logic Levels:           0  
  Clock Path Skew:        0.212ns (DCD - SCD - CPR)
    Destination Clock Delay (DCD):    1.489ns
    Source Clock Delay      (SCD):    1.277ns
    Clock Pessimism Removal (CPR):    -0.000ns
  Clock Uncertainty:      0.134ns  ((TSJ^2 + DJ^2)^1/2) / 2 + PE
    Total System Jitter     (TSJ):    0.071ns
    Discrete Jitter          (DJ):    0.259ns
    Phase Error              (PE):    0.000ns
  Clock Net Delay (Source):      1.138ns (routing 0.359ns, distribution 0.779ns)
  Clock Net Delay (Destination): 1.317ns (routing 0.404ns, distribution 0.913ns)
  Timing Exception:       False Path

    Location             Delay type                Incr(ns)  Path(ns)    Netlist Resource(s)
  -------------------------------------------------------------------    -------------------
                         (clock clk_pl_1 rise edge)
                                                      0.000     0.000 r  
    PS8_X0Y0             PS8                          0.000     0.000 r  design_1_i/zynq_ultra_ps_e_0/U0/PS8_i/PLCLK[1]
                         net (fo=1, routed)           0.122     0.122    design_1_i/zynq_ultra_ps_e_0/U0/pl_clk_unbuffered[1]
    BUFG_PS_X0Y92        BUFG_PS (Prop_BUFG_PS_I_O)
                                                      0.017     0.139 r  design_1_i/zynq_ultra_ps_e_0/U0/buffer_pl_clk_1.PL_CLK_1_BUFG/O
    X1Y2 (CLOCK_ROOT)    net (fo=4141, routed)        1.138     1.277    design_1_i/axi_smc_1/inst/clk_map/psr_aclk/U0/aclk
    SLICE_X18Y276        FDRE                                         r  design_1_i/axi_smc_1/inst/clk_map/psr_aclk/U0/ACTIVE_LOW_BSR_OUT_DFF[0].FDRE_BSR_N/C
  -------------------------------------------------------------------    -------------------
    SLICE_X18Y276        FDRE (Prop_HFF_SLICEL_C_Q)
                                                      0.039     1.316 r  design_1_i/axi_smc_1/inst/clk_map/psr_aclk/U0/ACTIVE_LOW_BSR_OUT_DFF[0].FDRE_BSR_N/Q
                         net (fo=27, routed)          0.156     1.472    <hidden>
    SLICE_X15Y276        FDCE                                         f  <hidden>  (IS_INVERTED)
  -------------------------------------------------------------------    -------------------

                         (clock clk_pl_1 rise edge)
                                                      0.000     0.000 r  
    PS8_X0Y0             PS8                          0.000     0.000 r  design_1_i/zynq_ultra_ps_e_0/U0/PS8_i/PLCLK[1]
                         net (fo=1, routed)           0.154     0.154    design_1_i/zynq_ultra_ps_e_0/U0/pl_clk_unbuffered[1]
    BUFG_PS_X0Y92        BUFG_PS (Prop_BUFG_PS_I_O)
                                                      0.018     0.172 r  design_1_i/zynq_ultra_ps_e_0/U0/buffer_pl_clk_1.PL_CLK_1_BUFG/O
    X1Y2 (CLOCK_ROOT)    net (fo=4141, routed)        1.317     1.489    <hidden>
    SLICE_X15Y276        FDCE                                         r  <hidden>

Slack:                    inf
  Source:                 design_1_i/axi_smc_1/inst/clk_map/psr_aclk/U0/ACTIVE_LOW_BSR_OUT_DFF[0].FDRE_BSR_N/C
                            (rising edge-triggered cell FDRE clocked by clk_pl_1  {rise@0.000ns fall@3.381ns period=6.761ns})
  Destination:            <hidden>
                            (removal check against rising-edge clock clk_pl_1  {rise@0.000ns fall@3.381ns period=6.761ns})
  Path Group:             (none)
  Path Type:              Removal (Min at Fast Process Corner)
  Data Path Delay:        0.195ns  (logic 0.039ns (20.012%)  route 0.156ns (79.988%))
  Logic Levels:           0  
  Clock Path Skew:        0.212ns (DCD - SCD - CPR)
    Destination Clock Delay (DCD):    1.489ns
    Source Clock Delay      (SCD):    1.277ns
    Clock Pessimism Removal (CPR):    -0.000ns
  Clock Uncertainty:      0.134ns  ((TSJ^2 + DJ^2)^1/2) / 2 + PE
    Total System Jitter     (TSJ):    0.071ns
    Discrete Jitter          (DJ):    0.259ns
    Phase Error              (PE):    0.000ns
  Clock Net Delay (Source):      1.138ns (routing 0.359ns, distribution 0.779ns)
  Clock Net Delay (Destination): 1.317ns (routing 0.404ns, distribution 0.913ns)
  Timing Exception:       False Path

    Location             Delay type                Incr(ns)  Path(ns)    Netlist Resource(s)
  -------------------------------------------------------------------    -------------------
                         (clock clk_pl_1 rise edge)
                                                      0.000     0.000 r  
    PS8_X0Y0             PS8                          0.000     0.000 r  design_1_i/zynq_ultra_ps_e_0/U0/PS8_i/PLCLK[1]
                         net (fo=1, routed)           0.122     0.122    design_1_i/zynq_ultra_ps_e_0/U0/pl_clk_unbuffered[1]
    BUFG_PS_X0Y92        BUFG_PS (Prop_BUFG_PS_I_O)
                                                      0.017     0.139 r  design_1_i/zynq_ultra_ps_e_0/U0/buffer_pl_clk_1.PL_CLK_1_BUFG/O
    X1Y2 (CLOCK_ROOT)    net (fo=4141, routed)        1.138     1.277    design_1_i/axi_smc_1/inst/clk_map/psr_aclk/U0/aclk
    SLICE_X18Y276        FDRE                                         r  design_1_i/axi_smc_1/inst/clk_map/psr_aclk/U0/ACTIVE_LOW_BSR_OUT_DFF[0].FDRE_BSR_N/C
  -------------------------------------------------------------------    -------------------
    SLICE_X18Y276        FDRE (Prop_HFF_SLICEL_C_Q)
                                                      0.039     1.316 r  design_1_i/axi_smc_1/inst/clk_map/psr_aclk/U0/ACTIVE_LOW_BSR_OUT_DFF[0].FDRE_BSR_N/Q
                         net (fo=27, routed)          0.156     1.472    <hidden>
    SLICE_X15Y276        FDCE                                         f  <hidden>  (IS_INVERTED)
  -------------------------------------------------------------------    -------------------

                         (clock clk_pl_1 rise edge)
                                                      0.000     0.000 r  
    PS8_X0Y0             PS8                          0.000     0.000 r  design_1_i/zynq_ultra_ps_e_0/U0/PS8_i/PLCLK[1]
                         net (fo=1, routed)           0.154     0.154    design_1_i/zynq_ultra_ps_e_0/U0/pl_clk_unbuffered[1]
    BUFG_PS_X0Y92        BUFG_PS (Prop_BUFG_PS_I_O)
                                                      0.018     0.172 r  design_1_i/zynq_ultra_ps_e_0/U0/buffer_pl_clk_1.PL_CLK_1_BUFG/O
    X1Y2 (CLOCK_ROOT)    net (fo=4141, routed)        1.317     1.489    <hidden>
    SLICE_X15Y276        FDCE                                         r  <hidden>

Slack:                    inf
  Source:                 design_1_i/axi_smc_1/inst/clk_map/psr_aclk/U0/ACTIVE_LOW_BSR_OUT_DFF[0].FDRE_BSR_N/C
                            (rising edge-triggered cell FDRE clocked by clk_pl_1  {rise@0.000ns fall@3.381ns period=6.761ns})
  Destination:            <hidden>
                            (removal check against rising-edge clock clk_pl_1  {rise@0.000ns fall@3.381ns period=6.761ns})
  Path Group:             (none)
  Path Type:              Removal (Min at Fast Process Corner)
  Data Path Delay:        0.195ns  (logic 0.039ns (20.012%)  route 0.156ns (79.988%))
  Logic Levels:           0  
  Clock Path Skew:        0.212ns (DCD - SCD - CPR)
    Destination Clock Delay (DCD):    1.489ns
    Source Clock Delay      (SCD):    1.277ns
    Clock Pessimism Removal (CPR):    -0.000ns
  Clock Uncertainty:      0.134ns  ((TSJ^2 + DJ^2)^1/2) / 2 + PE
    Total System Jitter     (TSJ):    0.071ns
    Discrete Jitter          (DJ):    0.259ns
    Phase Error              (PE):    0.000ns
  Clock Net Delay (Source):      1.138ns (routing 0.359ns, distribution 0.779ns)
  Clock Net Delay (Destination): 1.317ns (routing 0.404ns, distribution 0.913ns)
  Timing Exception:       False Path

    Location             Delay type                Incr(ns)  Path(ns)    Netlist Resource(s)
  -------------------------------------------------------------------    -------------------
                         (clock clk_pl_1 rise edge)
                                                      0.000     0.000 r  
    PS8_X0Y0             PS8                          0.000     0.000 r  design_1_i/zynq_ultra_ps_e_0/U0/PS8_i/PLCLK[1]
                         net (fo=1, routed)           0.122     0.122    design_1_i/zynq_ultra_ps_e_0/U0/pl_clk_unbuffered[1]
    BUFG_PS_X0Y92        BUFG_PS (Prop_BUFG_PS_I_O)
                                                      0.017     0.139 r  design_1_i/zynq_ultra_ps_e_0/U0/buffer_pl_clk_1.PL_CLK_1_BUFG/O
    X1Y2 (CLOCK_ROOT)    net (fo=4141, routed)        1.138     1.277    design_1_i/axi_smc_1/inst/clk_map/psr_aclk/U0/aclk
    SLICE_X18Y276        FDRE                                         r  design_1_i/axi_smc_1/inst/clk_map/psr_aclk/U0/ACTIVE_LOW_BSR_OUT_DFF[0].FDRE_BSR_N/C
  -------------------------------------------------------------------    -------------------
    SLICE_X18Y276        FDRE (Prop_HFF_SLICEL_C_Q)
                                                      0.039     1.316 r  design_1_i/axi_smc_1/inst/clk_map/psr_aclk/U0/ACTIVE_LOW_BSR_OUT_DFF[0].FDRE_BSR_N/Q
                         net (fo=27, routed)          0.156     1.472    <hidden>
    SLICE_X15Y276        FDCE                                         f  <hidden>  (IS_INVERTED)
  -------------------------------------------------------------------    -------------------

                         (clock clk_pl_1 rise edge)
                                                      0.000     0.000 r  
    PS8_X0Y0             PS8                          0.000     0.000 r  design_1_i/zynq_ultra_ps_e_0/U0/PS8_i/PLCLK[1]
                         net (fo=1, routed)           0.154     0.154    design_1_i/zynq_ultra_ps_e_0/U0/pl_clk_unbuffered[1]
    BUFG_PS_X0Y92        BUFG_PS (Prop_BUFG_PS_I_O)
                                                      0.018     0.172 r  design_1_i/zynq_ultra_ps_e_0/U0/buffer_pl_clk_1.PL_CLK_1_BUFG/O
    X1Y2 (CLOCK_ROOT)    net (fo=4141, routed)        1.317     1.489    <hidden>
    SLICE_X15Y276        FDCE                                         r  <hidden>

Slack:                    inf
  Source:                 design_1_i/axi_video_0/U0/video_FIFO/xpm_fifo_async_inst/gnuram_async_fifo.xpm_fifo_base_inst/xpm_fifo_rst_inst/gen_rst_ic.fifo_rd_rst_ic_reg/C
                            (rising edge-triggered cell FDRE clocked by clk_pl_1  {rise@0.000ns fall@3.381ns period=6.761ns})
  Destination:            design_1_i/axi_video_0/U0/video_FIFO/xpm_fifo_async_inst/gnuram_async_fifo.xpm_fifo_base_inst/xpm_fifo_rst_inst/gen_rst_ic.rrst_wr_inst/syncstages_ff_reg[0]/D
                            (rising edge-triggered cell FDRE clocked by clk_pl_1  {rise@0.000ns fall@3.381ns period=6.761ns})
  Path Group:             (none)
  Path Type:              Hold (Min at Fast Process Corner)
  Data Path Delay:        0.174ns  (logic 0.039ns (22.467%)  route 0.135ns (77.533%))
  Logic Levels:           0  
  Clock Path Skew:        0.175ns (DCD - SCD - CPR)
    Destination Clock Delay (DCD):    1.474ns
    Source Clock Delay      (SCD):    1.300ns
    Clock Pessimism Removal (CPR):    -0.000ns
  Clock Uncertainty:      0.134ns  ((TSJ^2 + DJ^2)^1/2) / 2 + PE
    Total System Jitter     (TSJ):    0.071ns
    Discrete Jitter          (DJ):    0.259ns
    Phase Error              (PE):    0.000ns
  Clock Net Delay (Source):      1.161ns (routing 0.359ns, distribution 0.802ns)
  Clock Net Delay (Destination): 1.302ns (routing 0.404ns, distribution 0.898ns)
  Timing Exception:       False Path

    Location             Delay type                Incr(ns)  Path(ns)    Netlist Resource(s)
  -------------------------------------------------------------------    -------------------
                         (clock clk_pl_1 rise edge)
                                                      0.000     0.000 r  
    PS8_X0Y0             PS8                          0.000     0.000 r  design_1_i/zynq_ultra_ps_e_0/U0/PS8_i/PLCLK[1]
                         net (fo=1, routed)           0.122     0.122    design_1_i/zynq_ultra_ps_e_0/U0/pl_clk_unbuffered[1]
    BUFG_PS_X0Y92        BUFG_PS (Prop_BUFG_PS_I_O)
                                                      0.017     0.139 r  design_1_i/zynq_ultra_ps_e_0/U0/buffer_pl_clk_1.PL_CLK_1_BUFG/O
    X1Y2 (CLOCK_ROOT)    net (fo=4141, routed)        1.161     1.300    design_1_i/axi_video_0/U0/video_FIFO/xpm_fifo_async_inst/gnuram_async_fifo.xpm_fifo_base_inst/xpm_fifo_rst_inst/rd_clk
    SLICE_X16Y275        FDRE                                         r  design_1_i/axi_video_0/U0/video_FIFO/xpm_fifo_async_inst/gnuram_async_fifo.xpm_fifo_base_inst/xpm_fifo_rst_inst/gen_rst_ic.fifo_rd_rst_ic_reg/C
  -------------------------------------------------------------------    -------------------
    SLICE_X16Y275        FDRE (Prop_HFF2_SLICEL_C_Q)
                                                      0.039     1.339 r  design_1_i/axi_video_0/U0/video_FIFO/xpm_fifo_async_inst/gnuram_async_fifo.xpm_fifo_base_inst/xpm_fifo_rst_inst/gen_rst_ic.fifo_rd_rst_ic_reg/Q
                         net (fo=21, routed)          0.135     1.473    design_1_i/axi_video_0/U0/video_FIFO/xpm_fifo_async_inst/gnuram_async_fifo.xpm_fifo_base_inst/xpm_fifo_rst_inst/gen_rst_ic.rrst_wr_inst/src_rst
    SLICE_X17Y272        FDRE                                         r  design_1_i/axi_video_0/U0/video_FIFO/xpm_fifo_async_inst/gnuram_async_fifo.xpm_fifo_base_inst/xpm_fifo_rst_inst/gen_rst_ic.rrst_wr_inst/syncstages_ff_reg[0]/D
  -------------------------------------------------------------------    -------------------

                         (clock clk_pl_1 rise edge)
                                                      0.000     0.000 r  
    PS8_X0Y0             PS8                          0.000     0.000 r  design_1_i/zynq_ultra_ps_e_0/U0/PS8_i/PLCLK[1]
                         net (fo=1, routed)           0.154     0.154    design_1_i/zynq_ultra_ps_e_0/U0/pl_clk_unbuffered[1]
    BUFG_PS_X0Y92        BUFG_PS (Prop_BUFG_PS_I_O)
                                                      0.018     0.172 r  design_1_i/zynq_ultra_ps_e_0/U0/buffer_pl_clk_1.PL_CLK_1_BUFG/O
    X1Y2 (CLOCK_ROOT)    net (fo=4141, routed)        1.302     1.474    design_1_i/axi_video_0/U0/video_FIFO/xpm_fifo_async_inst/gnuram_async_fifo.xpm_fifo_base_inst/xpm_fifo_rst_inst/gen_rst_ic.rrst_wr_inst/dest_clk
    SLICE_X17Y272        FDRE                                         r  design_1_i/axi_video_0/U0/video_FIFO/xpm_fifo_async_inst/gnuram_async_fifo.xpm_fifo_base_inst/xpm_fifo_rst_inst/gen_rst_ic.rrst_wr_inst/syncstages_ff_reg[0]/C

Slack:                    inf
  Source:                 design_1_i/axi_video_0/U0/video_FIFO/xpm_fifo_axis_inst/xpm_fifo_base_inst/xpm_fifo_rst_inst/gen_rst_ic.fifo_wr_rst_ic_reg/C
                            (rising edge-triggered cell FDRE clocked by clk_pl_1  {rise@0.000ns fall@3.381ns period=6.761ns})
  Destination:            design_1_i/axi_video_0/U0/video_FIFO/xpm_fifo_axis_inst/xpm_fifo_base_inst/xpm_fifo_rst_inst/gen_rst_ic.wrst_rd_inst/syncstages_ff_reg[0]/D
                            (rising edge-triggered cell FDRE clocked by clk_pl_1  {rise@0.000ns fall@3.381ns period=6.761ns})
  Path Group:             (none)
  Path Type:              Hold (Min at Fast Process Corner)
  Data Path Delay:        0.194ns  (logic 0.039ns (20.093%)  route 0.155ns (79.907%))
  Logic Levels:           0  
  Clock Path Skew:        0.180ns (DCD - SCD - CPR)
    Destination Clock Delay (DCD):    1.462ns
    Source Clock Delay      (SCD):    1.282ns
    Clock Pessimism Removal (CPR):    -0.000ns
  Clock Uncertainty:      0.134ns  ((TSJ^2 + DJ^2)^1/2) / 2 + PE
    Total System Jitter     (TSJ):    0.071ns
    Discrete Jitter          (DJ):    0.259ns
    Phase Error              (PE):    0.000ns
  Clock Net Delay (Source):      1.143ns (routing 0.359ns, distribution 0.784ns)
  Clock Net Delay (Destination): 1.290ns (routing 0.404ns, distribution 0.886ns)
  Timing Exception:       False Path

    Location             Delay type                Incr(ns)  Path(ns)    Netlist Resource(s)
  -------------------------------------------------------------------    -------------------
                         (clock clk_pl_1 rise edge)
                                                      0.000     0.000 r  
    PS8_X0Y0             PS8                          0.000     0.000 r  design_1_i/zynq_ultra_ps_e_0/U0/PS8_i/PLCLK[1]
                         net (fo=1, routed)           0.122     0.122    design_1_i/zynq_ultra_ps_e_0/U0/pl_clk_unbuffered[1]
    BUFG_PS_X0Y92        BUFG_PS (Prop_BUFG_PS_I_O)
                                                      0.017     0.139 r  design_1_i/zynq_ultra_ps_e_0/U0/buffer_pl_clk_1.PL_CLK_1_BUFG/O
    X1Y2 (CLOCK_ROOT)    net (fo=4141, routed)        1.143     1.282    design_1_i/axi_video_0/U0/video_FIFO/xpm_fifo_axis_inst/xpm_fifo_base_inst/xpm_fifo_rst_inst/wr_clk
    SLICE_X21Y275        FDRE                                         r  design_1_i/axi_video_0/U0/video_FIFO/xpm_fifo_axis_inst/xpm_fifo_base_inst/xpm_fifo_rst_inst/gen_rst_ic.fifo_wr_rst_ic_reg/C
  -------------------------------------------------------------------    -------------------
    SLICE_X21Y275        FDRE (Prop_DFF_SLICEM_C_Q)
                                                      0.039     1.321 r  design_1_i/axi_video_0/U0/video_FIFO/xpm_fifo_axis_inst/xpm_fifo_base_inst/xpm_fifo_rst_inst/gen_rst_ic.fifo_wr_rst_ic_reg/Q
                         net (fo=2, routed)           0.155     1.476    design_1_i/axi_video_0/U0/video_FIFO/xpm_fifo_axis_inst/xpm_fifo_base_inst/xpm_fifo_rst_inst/gen_rst_ic.wrst_rd_inst/src_rst
    SLICE_X21Y275        FDRE                                         r  design_1_i/axi_video_0/U0/video_FIFO/xpm_fifo_axis_inst/xpm_fifo_base_inst/xpm_fifo_rst_inst/gen_rst_ic.wrst_rd_inst/syncstages_ff_reg[0]/D
  -------------------------------------------------------------------    -------------------

                         (clock clk_pl_1 rise edge)
                                                      0.000     0.000 r  
    PS8_X0Y0             PS8                          0.000     0.000 r  design_1_i/zynq_ultra_ps_e_0/U0/PS8_i/PLCLK[1]
                         net (fo=1, routed)           0.154     0.154    design_1_i/zynq_ultra_ps_e_0/U0/pl_clk_unbuffered[1]
    BUFG_PS_X0Y92        BUFG_PS (Prop_BUFG_PS_I_O)
                                                      0.018     0.172 r  design_1_i/zynq_ultra_ps_e_0/U0/buffer_pl_clk_1.PL_CLK_1_BUFG/O
    X1Y2 (CLOCK_ROOT)    net (fo=4141, routed)        1.290     1.462    design_1_i/axi_video_0/U0/video_FIFO/xpm_fifo_axis_inst/xpm_fifo_base_inst/xpm_fifo_rst_inst/gen_rst_ic.wrst_rd_inst/dest_clk
    SLICE_X21Y275        FDRE                                         r  design_1_i/axi_video_0/U0/video_FIFO/xpm_fifo_axis_inst/xpm_fifo_base_inst/xpm_fifo_rst_inst/gen_rst_ic.wrst_rd_inst/syncstages_ff_reg[0]/C





--------------------------------------------------------------------------------------
Path Group:  (none)
From Clock:  
  To Clock:  clk_pl_0

Max Delay           403 Endpoints
Min Delay           403 Endpoints
--------------------------------------------------------------------------------------


Max Delay Paths
--------------------------------------------------------------------------------------
Slack:                    inf
  Source:                 <hidden>
                            (internal pin)
  Destination:            <hidden>
                            (rising edge-triggered cell FDRE clocked by clk_pl_0  {rise@0.000ns fall@2.667ns period=5.333ns})
  Path Group:             (none)
  Path Type:              Setup (Max at Slow Process Corner)
  Data Path Delay:        2.248ns  (logic 0.862ns (38.350%)  route 1.386ns (61.650%))
  Logic Levels:           4  (DSP_ALU=1 DSP_OUTPUT=1 LUT3=1 LUT6=1)
  Clock Uncertainty:      0.109ns  ((TSJ^2 + DJ^2)^1/2) / 2 + PE
    Total System Jitter     (TSJ):    0.050ns
    Discrete Jitter          (DJ):    0.213ns
    Phase Error              (PE):    0.000ns
  Clock Net Delay (Destination): 1.620ns (routing 0.512ns, distribution 1.108ns)

    Location             Delay type                Incr(ns)  Path(ns)    Netlist Resource(s)
  -------------------------------------------------------------------    -------------------
    DSP48E2_X6Y81        DSP_A_B_DATA                 0.000     0.000 r  <hidden>
                         net (fo=1, routed)           0.000     0.000    <hidden>
    DSP48E2_X6Y81        DSP_ALU (Prop_DSP_ALU_DSP48E2_B_ALU[17]_ALU_OUT[28])
                                                      0.541     0.541 f  <hidden>
                         net (fo=1, routed)           0.000     0.541    <hidden>
    DSP48E2_X6Y81        DSP_OUTPUT (Prop_DSP_OUTPUT_DSP48E2_ALU_OUT[28]_P[28])
                                                      0.109     0.650 r  <hidden>
                         net (fo=2, routed)           0.298     0.948    <hidden>
    SLICE_X63Y203        LUT6 (Prop_B6LUT_SLICEM_I1_O)
                                                      0.100     1.048 r  <hidden>
                         net (fo=1, routed)           0.800     1.848    <hidden>
    SLICE_X63Y228        LUT3 (Prop_A5LUT_SLICEM_I1_O)
                                                      0.112     1.960 r  <hidden>
                         net (fo=1, routed)           0.288     2.248    <hidden>
    SLICE_X63Y228        FDRE                                         r  <hidden>
  -------------------------------------------------------------------    -------------------

                         (clock clk_pl_0 rise edge)
                                                      0.000     0.000 r  
    PS8_X0Y0             PS8                          0.000     0.000 r  design_1_i/zynq_ultra_ps_e_0/U0/PS8_i/PLCLK[0]
                         net (fo=1, routed)           0.143     0.143    design_1_i/zynq_ultra_ps_e_0/U0/pl_clk_unbuffered[0]
    BUFG_PS_X0Y80        BUFG_PS (Prop_BUFG_PS_I_O)
                                                      0.025     0.168 r  design_1_i/zynq_ultra_ps_e_0/U0/buffer_pl_clk_0.PL_CLK_0_BUFG/O
    X1Y2 (CLOCK_ROOT)    net (fo=48996, routed)       1.620     1.788    <hidden>
    SLICE_X63Y228        FDRE                                         r  <hidden>

Slack:                    inf
  Source:                 <hidden>
                            (internal pin)
  Destination:            <hidden>
                            (rising edge-triggered cell FDRE clocked by clk_pl_0  {rise@0.000ns fall@2.667ns period=5.333ns})
  Path Group:             (none)
  Path Type:              Setup (Max at Slow Process Corner)
  Data Path Delay:        2.172ns  (logic 0.899ns (41.381%)  route 1.273ns (58.619%))
  Logic Levels:           4  (DSP_ALU=1 DSP_OUTPUT=1 LUT4=1 LUT5=1)
  Clock Uncertainty:      0.109ns  ((TSJ^2 + DJ^2)^1/2) / 2 + PE
    Total System Jitter     (TSJ):    0.050ns
    Discrete Jitter          (DJ):    0.213ns
    Phase Error              (PE):    0.000ns
  Clock Net Delay (Destination): 1.608ns (routing 0.512ns, distribution 1.096ns)

    Location             Delay type                Incr(ns)  Path(ns)    Netlist Resource(s)
  -------------------------------------------------------------------    -------------------
    DSP48E2_X6Y81        DSP_A_B_DATA                 0.000     0.000 r  <hidden>
                         net (fo=1, routed)           0.000     0.000    <hidden>
    DSP48E2_X6Y81        DSP_ALU (Prop_DSP_ALU_DSP48E2_B_ALU[17]_ALU_OUT[30])
                                                      0.541     0.541 f  <hidden>
                         net (fo=1, routed)           0.000     0.541    <hidden>
    DSP48E2_X6Y81        DSP_OUTPUT (Prop_DSP_OUTPUT_DSP48E2_ALU_OUT[30]_P[30])
                                                      0.109     0.650 r  <hidden>
                         net (fo=1, routed)           1.020     1.670    <hidden>
    SLICE_X63Y201        LUT4 (Prop_E6LUT_SLICEM_I0_O)
                                                      0.124     1.794 r  <hidden>
                         net (fo=8, routed)           0.194     1.988    <hidden>
    SLICE_X63Y207        LUT5 (Prop_B6LUT_SLICEM_I2_O)
                                                      0.125     2.113 r  <hidden>
                         net (fo=1, routed)           0.059     2.172    <hidden>
    SLICE_X63Y207        FDRE                                         r  <hidden>
  -------------------------------------------------------------------    -------------------

                         (clock clk_pl_0 rise edge)
                                                      0.000     0.000 r  
    PS8_X0Y0             PS8                          0.000     0.000 r  design_1_i/zynq_ultra_ps_e_0/U0/PS8_i/PLCLK[0]
                         net (fo=1, routed)           0.143     0.143    design_1_i/zynq_ultra_ps_e_0/U0/pl_clk_unbuffered[0]
    BUFG_PS_X0Y80        BUFG_PS (Prop_BUFG_PS_I_O)
                                                      0.025     0.168 r  design_1_i/zynq_ultra_ps_e_0/U0/buffer_pl_clk_0.PL_CLK_0_BUFG/O
    X1Y2 (CLOCK_ROOT)    net (fo=48996, routed)       1.608     1.776    <hidden>
    SLICE_X63Y207        FDRE                                         r  <hidden>

Slack:                    inf
  Source:                 <hidden>
                            (internal pin)
  Destination:            <hidden>
                            (rising edge-triggered cell FDRE clocked by clk_pl_0  {rise@0.000ns fall@2.667ns period=5.333ns})
  Path Group:             (none)
  Path Type:              Setup (Max at Slow Process Corner)
  Data Path Delay:        2.151ns  (logic 0.898ns (41.748%)  route 1.253ns (58.252%))
  Logic Levels:           4  (DSP_ALU=1 DSP_OUTPUT=1 LUT4=1 LUT6=1)
  Clock Uncertainty:      0.109ns  ((TSJ^2 + DJ^2)^1/2) / 2 + PE
    Total System Jitter     (TSJ):    0.050ns
    Discrete Jitter          (DJ):    0.213ns
    Phase Error              (PE):    0.000ns
  Clock Net Delay (Destination): 1.607ns (routing 0.512ns, distribution 1.095ns)

    Location             Delay type                Incr(ns)  Path(ns)    Netlist Resource(s)
  -------------------------------------------------------------------    -------------------
    DSP48E2_X6Y81        DSP_A_B_DATA                 0.000     0.000 r  <hidden>
                         net (fo=1, routed)           0.000     0.000    <hidden>
    DSP48E2_X6Y81        DSP_ALU (Prop_DSP_ALU_DSP48E2_B_ALU[17]_ALU_OUT[30])
                                                      0.541     0.541 f  <hidden>
                         net (fo=1, routed)           0.000     0.541    <hidden>
    DSP48E2_X6Y81        DSP_OUTPUT (Prop_DSP_OUTPUT_DSP48E2_ALU_OUT[30]_P[30])
                                                      0.109     0.650 r  <hidden>
                         net (fo=1, routed)           1.020     1.670    <hidden>
    SLICE_X63Y201        LUT4 (Prop_E6LUT_SLICEM_I0_O)
                                                      0.124     1.794 r  <hidden>
                         net (fo=8, routed)           0.178     1.972    <hidden>
    SLICE_X63Y207        LUT6 (Prop_E6LUT_SLICEM_I3_O)
                                                      0.124     2.096 r  <hidden>
                         net (fo=1, routed)           0.055     2.151    <hidden>
    SLICE_X63Y207        FDRE                                         r  <hidden>
  -------------------------------------------------------------------    -------------------

                         (clock clk_pl_0 rise edge)
                                                      0.000     0.000 r  
    PS8_X0Y0             PS8                          0.000     0.000 r  design_1_i/zynq_ultra_ps_e_0/U0/PS8_i/PLCLK[0]
                         net (fo=1, routed)           0.143     0.143    design_1_i/zynq_ultra_ps_e_0/U0/pl_clk_unbuffered[0]
    BUFG_PS_X0Y80        BUFG_PS (Prop_BUFG_PS_I_O)
                                                      0.025     0.168 r  design_1_i/zynq_ultra_ps_e_0/U0/buffer_pl_clk_0.PL_CLK_0_BUFG/O
    X1Y2 (CLOCK_ROOT)    net (fo=48996, routed)       1.607     1.775    <hidden>
    SLICE_X63Y207        FDRE                                         r  <hidden>

Slack:                    inf
  Source:                 <hidden>
                            (internal pin)
  Destination:            <hidden>
                            (rising edge-triggered cell FDRE clocked by clk_pl_0  {rise@0.000ns fall@2.667ns period=5.333ns})
  Path Group:             (none)
  Path Type:              Setup (Max at Slow Process Corner)
  Data Path Delay:        2.143ns  (logic 0.875ns (40.821%)  route 1.268ns (59.179%))
  Logic Levels:           4  (DSP_ALU=1 DSP_OUTPUT=1 LUT4=1 LUT5=1)
  Clock Uncertainty:      0.109ns  ((TSJ^2 + DJ^2)^1/2) / 2 + PE
    Total System Jitter     (TSJ):    0.050ns
    Discrete Jitter          (DJ):    0.213ns
    Phase Error              (PE):    0.000ns
  Clock Net Delay (Destination): 1.607ns (routing 0.512ns, distribution 1.095ns)

    Location             Delay type                Incr(ns)  Path(ns)    Netlist Resource(s)
  -------------------------------------------------------------------    -------------------
    DSP48E2_X6Y81        DSP_A_B_DATA                 0.000     0.000 r  <hidden>
                         net (fo=1, routed)           0.000     0.000    <hidden>
    DSP48E2_X6Y81        DSP_ALU (Prop_DSP_ALU_DSP48E2_B_ALU[17]_ALU_OUT[30])
                                                      0.541     0.541 f  <hidden>
                         net (fo=1, routed)           0.000     0.541    <hidden>
    DSP48E2_X6Y81        DSP_OUTPUT (Prop_DSP_OUTPUT_DSP48E2_ALU_OUT[30]_P[30])
                                                      0.109     0.650 r  <hidden>
                         net (fo=1, routed)           1.020     1.670    <hidden>
    SLICE_X63Y201        LUT4 (Prop_E6LUT_SLICEM_I0_O)
                                                      0.124     1.794 r  <hidden>
                         net (fo=8, routed)           0.190     1.984    <hidden>
    SLICE_X63Y207        LUT5 (Prop_H6LUT_SLICEM_I2_O)
                                                      0.101     2.085 r  <hidden>
                         net (fo=1, routed)           0.058     2.143    <hidden>
    SLICE_X63Y207        FDRE                                         r  <hidden>
  -------------------------------------------------------------------    -------------------

                         (clock clk_pl_0 rise edge)
                                                      0.000     0.000 r  
    PS8_X0Y0             PS8                          0.000     0.000 r  design_1_i/zynq_ultra_ps_e_0/U0/PS8_i/PLCLK[0]
                         net (fo=1, routed)           0.143     0.143    design_1_i/zynq_ultra_ps_e_0/U0/pl_clk_unbuffered[0]
    BUFG_PS_X0Y80        BUFG_PS (Prop_BUFG_PS_I_O)
                                                      0.025     0.168 r  design_1_i/zynq_ultra_ps_e_0/U0/buffer_pl_clk_0.PL_CLK_0_BUFG/O
    X1Y2 (CLOCK_ROOT)    net (fo=48996, routed)       1.607     1.775    <hidden>
    SLICE_X63Y207        FDRE                                         r  <hidden>

Slack:                    inf
  Source:                 <hidden>
                            (internal pin)
  Destination:            <hidden>
                            (rising edge-triggered cell FDRE clocked by clk_pl_0  {rise@0.000ns fall@2.667ns period=5.333ns})
  Path Group:             (none)
  Path Type:              Setup (Max at Slow Process Corner)
  Data Path Delay:        2.140ns  (logic 0.874ns (40.832%)  route 1.266ns (59.168%))
  Logic Levels:           4  (DSP_ALU=1 DSP_OUTPUT=1 LUT4=1 LUT5=1)
  Clock Uncertainty:      0.109ns  ((TSJ^2 + DJ^2)^1/2) / 2 + PE
    Total System Jitter     (TSJ):    0.050ns
    Discrete Jitter          (DJ):    0.213ns
    Phase Error              (PE):    0.000ns
  Clock Net Delay (Destination): 1.607ns (routing 0.512ns, distribution 1.095ns)

    Location             Delay type                Incr(ns)  Path(ns)    Netlist Resource(s)
  -------------------------------------------------------------------    -------------------
    DSP48E2_X6Y81        DSP_A_B_DATA                 0.000     0.000 r  <hidden>
                         net (fo=1, routed)           0.000     0.000    <hidden>
    DSP48E2_X6Y81        DSP_ALU (Prop_DSP_ALU_DSP48E2_B_ALU[17]_ALU_OUT[30])
                                                      0.541     0.541 f  <hidden>
                         net (fo=1, routed)           0.000     0.541    <hidden>
    DSP48E2_X6Y81        DSP_OUTPUT (Prop_DSP_OUTPUT_DSP48E2_ALU_OUT[30]_P[30])
                                                      0.109     0.650 r  <hidden>
                         net (fo=1, routed)           1.020     1.670    <hidden>
    SLICE_X63Y201        LUT4 (Prop_E6LUT_SLICEM_I0_O)
                                                      0.124     1.794 r  <hidden>
                         net (fo=8, routed)           0.187     1.981    <hidden>
    SLICE_X63Y207        LUT5 (Prop_G6LUT_SLICEM_I2_O)
                                                      0.100     2.081 r  <hidden>
                         net (fo=1, routed)           0.059     2.140    <hidden>
    SLICE_X63Y207        FDRE                                         r  <hidden>
  -------------------------------------------------------------------    -------------------

                         (clock clk_pl_0 rise edge)
                                                      0.000     0.000 r  
    PS8_X0Y0             PS8                          0.000     0.000 r  design_1_i/zynq_ultra_ps_e_0/U0/PS8_i/PLCLK[0]
                         net (fo=1, routed)           0.143     0.143    design_1_i/zynq_ultra_ps_e_0/U0/pl_clk_unbuffered[0]
    BUFG_PS_X0Y80        BUFG_PS (Prop_BUFG_PS_I_O)
                                                      0.025     0.168 r  design_1_i/zynq_ultra_ps_e_0/U0/buffer_pl_clk_0.PL_CLK_0_BUFG/O
    X1Y2 (CLOCK_ROOT)    net (fo=48996, routed)       1.607     1.775    <hidden>
    SLICE_X63Y207        FDRE                                         r  <hidden>

Slack:                    inf
  Source:                 <hidden>
                            (internal pin)
  Destination:            <hidden>
                            (rising edge-triggered cell FDRE clocked by clk_pl_0  {rise@0.000ns fall@2.667ns period=5.333ns})
  Path Group:             (none)
  Path Type:              Setup (Max at Slow Process Corner)
  Data Path Delay:        2.109ns  (logic 0.864ns (40.967%)  route 1.245ns (59.033%))
  Logic Levels:           4  (DSP_ALU=1 DSP_OUTPUT=1 LUT4=1 LUT5=1)
  Clock Uncertainty:      0.109ns  ((TSJ^2 + DJ^2)^1/2) / 2 + PE
    Total System Jitter     (TSJ):    0.050ns
    Discrete Jitter          (DJ):    0.213ns
    Phase Error              (PE):    0.000ns
  Clock Net Delay (Destination): 1.608ns (routing 0.512ns, distribution 1.096ns)

    Location             Delay type                Incr(ns)  Path(ns)    Netlist Resource(s)
  -------------------------------------------------------------------    -------------------
    DSP48E2_X6Y81        DSP_A_B_DATA                 0.000     0.000 r  <hidden>
                         net (fo=1, routed)           0.000     0.000    <hidden>
    DSP48E2_X6Y81        DSP_ALU (Prop_DSP_ALU_DSP48E2_B_ALU[17]_ALU_OUT[30])
                                                      0.541     0.541 f  <hidden>
                         net (fo=1, routed)           0.000     0.541    <hidden>
    DSP48E2_X6Y81        DSP_OUTPUT (Prop_DSP_OUTPUT_DSP48E2_ALU_OUT[30]_P[30])
                                                      0.109     0.650 r  <hidden>
                         net (fo=1, routed)           1.020     1.670    <hidden>
    SLICE_X63Y201        LUT4 (Prop_E6LUT_SLICEM_I0_O)
                                                      0.124     1.794 r  <hidden>
                         net (fo=8, routed)           0.172     1.966    <hidden>
    SLICE_X63Y207        LUT5 (Prop_A6LUT_SLICEM_I2_O)
                                                      0.090     2.056 r  <hidden>
                         net (fo=1, routed)           0.053     2.109    <hidden>
    SLICE_X63Y207        FDRE                                         r  <hidden>
  -------------------------------------------------------------------    -------------------

                         (clock clk_pl_0 rise edge)
                                                      0.000     0.000 r  
    PS8_X0Y0             PS8                          0.000     0.000 r  design_1_i/zynq_ultra_ps_e_0/U0/PS8_i/PLCLK[0]
                         net (fo=1, routed)           0.143     0.143    design_1_i/zynq_ultra_ps_e_0/U0/pl_clk_unbuffered[0]
    BUFG_PS_X0Y80        BUFG_PS (Prop_BUFG_PS_I_O)
                                                      0.025     0.168 r  design_1_i/zynq_ultra_ps_e_0/U0/buffer_pl_clk_0.PL_CLK_0_BUFG/O
    X1Y2 (CLOCK_ROOT)    net (fo=48996, routed)       1.608     1.776    <hidden>
    SLICE_X63Y207        FDRE                                         r  <hidden>

Slack:                    inf
  Source:                 <hidden>
                            (internal pin)
  Destination:            <hidden>
                            (rising edge-triggered cell FDRE clocked by clk_pl_0  {rise@0.000ns fall@2.667ns period=5.333ns})
  Path Group:             (none)
  Path Type:              Setup (Max at Slow Process Corner)
  Data Path Delay:        2.090ns  (logic 0.825ns (39.468%)  route 1.265ns (60.532%))
  Logic Levels:           4  (DSP_ALU=1 DSP_OUTPUT=1 LUT4=1 LUT5=1)
  Clock Uncertainty:      0.109ns  ((TSJ^2 + DJ^2)^1/2) / 2 + PE
    Total System Jitter     (TSJ):    0.050ns
    Discrete Jitter          (DJ):    0.213ns
    Phase Error              (PE):    0.000ns
  Clock Net Delay (Destination): 1.608ns (routing 0.512ns, distribution 1.096ns)

    Location             Delay type                Incr(ns)  Path(ns)    Netlist Resource(s)
  -------------------------------------------------------------------    -------------------
    DSP48E2_X6Y81        DSP_A_B_DATA                 0.000     0.000 r  <hidden>
                         net (fo=1, routed)           0.000     0.000    <hidden>
    DSP48E2_X6Y81        DSP_ALU (Prop_DSP_ALU_DSP48E2_B_ALU[17]_ALU_OUT[30])
                                                      0.541     0.541 f  <hidden>
                         net (fo=1, routed)           0.000     0.541    <hidden>
    DSP48E2_X6Y81        DSP_OUTPUT (Prop_DSP_OUTPUT_DSP48E2_ALU_OUT[30]_P[30])
                                                      0.109     0.650 r  <hidden>
                         net (fo=1, routed)           1.020     1.670    <hidden>
    SLICE_X63Y201        LUT4 (Prop_E6LUT_SLICEM_I0_O)
                                                      0.124     1.794 r  <hidden>
                         net (fo=8, routed)           0.173     1.967    <hidden>
    SLICE_X63Y207        LUT5 (Prop_D6LUT_SLICEM_I2_O)
                                                      0.051     2.018 r  <hidden>
                         net (fo=1, routed)           0.072     2.090    <hidden>
    SLICE_X63Y207        FDRE                                         r  <hidden>
  -------------------------------------------------------------------    -------------------

                         (clock clk_pl_0 rise edge)
                                                      0.000     0.000 r  
    PS8_X0Y0             PS8                          0.000     0.000 r  design_1_i/zynq_ultra_ps_e_0/U0/PS8_i/PLCLK[0]
                         net (fo=1, routed)           0.143     0.143    design_1_i/zynq_ultra_ps_e_0/U0/pl_clk_unbuffered[0]
    BUFG_PS_X0Y80        BUFG_PS (Prop_BUFG_PS_I_O)
                                                      0.025     0.168 r  design_1_i/zynq_ultra_ps_e_0/U0/buffer_pl_clk_0.PL_CLK_0_BUFG/O
    X1Y2 (CLOCK_ROOT)    net (fo=48996, routed)       1.608     1.776    <hidden>
    SLICE_X63Y207        FDRE                                         r  <hidden>

Slack:                    inf
  Source:                 <hidden>
                            (internal pin)
  Destination:            <hidden>
                            (rising edge-triggered cell FDRE clocked by clk_pl_0  {rise@0.000ns fall@2.667ns period=5.333ns})
  Path Group:             (none)
  Path Type:              Setup (Max at Slow Process Corner)
  Data Path Delay:        2.085ns  (logic 0.825ns (39.563%)  route 1.260ns (60.437%))
  Logic Levels:           4  (DSP_ALU=1 DSP_OUTPUT=1 LUT4=1 LUT5=1)
  Clock Uncertainty:      0.109ns  ((TSJ^2 + DJ^2)^1/2) / 2 + PE
    Total System Jitter     (TSJ):    0.050ns
    Discrete Jitter          (DJ):    0.213ns
    Phase Error              (PE):    0.000ns
  Clock Net Delay (Destination): 1.608ns (routing 0.512ns, distribution 1.096ns)

    Location             Delay type                Incr(ns)  Path(ns)    Netlist Resource(s)
  -------------------------------------------------------------------    -------------------
    DSP48E2_X6Y81        DSP_A_B_DATA                 0.000     0.000 r  <hidden>
                         net (fo=1, routed)           0.000     0.000    <hidden>
    DSP48E2_X6Y81        DSP_ALU (Prop_DSP_ALU_DSP48E2_B_ALU[17]_ALU_OUT[30])
                                                      0.541     0.541 f  <hidden>
                         net (fo=1, routed)           0.000     0.541    <hidden>
    DSP48E2_X6Y81        DSP_OUTPUT (Prop_DSP_OUTPUT_DSP48E2_ALU_OUT[30]_P[30])
                                                      0.109     0.650 r  <hidden>
                         net (fo=1, routed)           1.020     1.670    <hidden>
    SLICE_X63Y201        LUT4 (Prop_E6LUT_SLICEM_I0_O)
                                                      0.124     1.794 r  <hidden>
                         net (fo=8, routed)           0.174     1.968    <hidden>
    SLICE_X63Y207        LUT5 (Prop_C6LUT_SLICEM_I2_O)
                                                      0.051     2.019 r  <hidden>
                         net (fo=1, routed)           0.066     2.085    <hidden>
    SLICE_X63Y207        FDRE                                         r  <hidden>
  -------------------------------------------------------------------    -------------------

                         (clock clk_pl_0 rise edge)
                                                      0.000     0.000 r  
    PS8_X0Y0             PS8                          0.000     0.000 r  design_1_i/zynq_ultra_ps_e_0/U0/PS8_i/PLCLK[0]
                         net (fo=1, routed)           0.143     0.143    design_1_i/zynq_ultra_ps_e_0/U0/pl_clk_unbuffered[0]
    BUFG_PS_X0Y80        BUFG_PS (Prop_BUFG_PS_I_O)
                                                      0.025     0.168 r  design_1_i/zynq_ultra_ps_e_0/U0/buffer_pl_clk_0.PL_CLK_0_BUFG/O
    X1Y2 (CLOCK_ROOT)    net (fo=48996, routed)       1.608     1.776    <hidden>
    SLICE_X63Y207        FDRE                                         r  <hidden>

Slack:                    inf
  Source:                 <hidden>
                            (internal pin)
  Destination:            <hidden>
                            (rising edge-triggered cell FDRE clocked by clk_pl_0  {rise@0.000ns fall@2.667ns period=5.333ns})
  Path Group:             (none)
  Path Type:              Setup (Max at Slow Process Corner)
  Data Path Delay:        2.082ns  (logic 0.789ns (37.904%)  route 1.293ns (62.096%))
  Logic Levels:           3  (DSP_ALU=1 DSP_OUTPUT=1 LUT5=1)
  Clock Uncertainty:      0.109ns  ((TSJ^2 + DJ^2)^1/2) / 2 + PE
    Total System Jitter     (TSJ):    0.050ns
    Discrete Jitter          (DJ):    0.213ns
    Phase Error              (PE):    0.000ns
  Clock Net Delay (Destination): 1.620ns (routing 0.512ns, distribution 1.108ns)

    Location             Delay type                Incr(ns)  Path(ns)    Netlist Resource(s)
  -------------------------------------------------------------------    -------------------
    DSP48E2_X6Y94        DSP_A_B_DATA                 0.000     0.000 r  <hidden>
                         net (fo=1, routed)           0.000     0.000    <hidden>
    DSP48E2_X6Y94        DSP_ALU (Prop_DSP_ALU_DSP48E2_B_ALU[7]_ALU_OUT[7])
                                                      0.541     0.541 f  <hidden>
                         net (fo=1, routed)           0.000     0.541    <hidden>
    DSP48E2_X6Y94        DSP_OUTPUT (Prop_DSP_OUTPUT_DSP48E2_ALU_OUT[7]_P[7])
                                                      0.109     0.650 r  <hidden>
                         net (fo=2, routed)           1.270     1.920    <hidden>
    SLICE_X63Y234        LUT5 (Prop_A5LUT_SLICEM_I0_O)
                                                      0.139     2.059 r  <hidden>
                         net (fo=1, routed)           0.023     2.082    <hidden>
    SLICE_X63Y234        FDRE                                         r  <hidden>
  -------------------------------------------------------------------    -------------------

                         (clock clk_pl_0 rise edge)
                                                      0.000     0.000 r  
    PS8_X0Y0             PS8                          0.000     0.000 r  design_1_i/zynq_ultra_ps_e_0/U0/PS8_i/PLCLK[0]
                         net (fo=1, routed)           0.143     0.143    design_1_i/zynq_ultra_ps_e_0/U0/pl_clk_unbuffered[0]
    BUFG_PS_X0Y80        BUFG_PS (Prop_BUFG_PS_I_O)
                                                      0.025     0.168 r  design_1_i/zynq_ultra_ps_e_0/U0/buffer_pl_clk_0.PL_CLK_0_BUFG/O
    X1Y2 (CLOCK_ROOT)    net (fo=48996, routed)       1.620     1.788    <hidden>
    SLICE_X63Y234        FDRE                                         r  <hidden>

Slack:                    inf
  Source:                 <hidden>
                            (internal pin)
  Destination:            <hidden>
                            (rising edge-triggered cell FDRE clocked by clk_pl_0  {rise@0.000ns fall@2.667ns period=5.333ns})
  Path Group:             (none)
  Path Type:              Setup (Max at Slow Process Corner)
  Data Path Delay:        2.081ns  (logic 0.811ns (38.963%)  route 1.270ns (61.037%))
  Logic Levels:           4  (DSP_ALU=1 DSP_OUTPUT=1 LUT4=1 LUT5=1)
  Clock Uncertainty:      0.109ns  ((TSJ^2 + DJ^2)^1/2) / 2 + PE
    Total System Jitter     (TSJ):    0.050ns
    Discrete Jitter          (DJ):    0.213ns
    Phase Error              (PE):    0.000ns
  Clock Net Delay (Destination): 1.607ns (routing 0.512ns, distribution 1.095ns)

    Location             Delay type                Incr(ns)  Path(ns)    Netlist Resource(s)
  -------------------------------------------------------------------    -------------------
    DSP48E2_X6Y81        DSP_A_B_DATA                 0.000     0.000 r  <hidden>
                         net (fo=1, routed)           0.000     0.000    <hidden>
    DSP48E2_X6Y81        DSP_ALU (Prop_DSP_ALU_DSP48E2_B_ALU[17]_ALU_OUT[30])
                                                      0.541     0.541 f  <hidden>
                         net (fo=1, routed)           0.000     0.541    <hidden>
    DSP48E2_X6Y81        DSP_OUTPUT (Prop_DSP_OUTPUT_DSP48E2_ALU_OUT[30]_P[30])
                                                      0.109     0.650 r  <hidden>
                         net (fo=1, routed)           1.020     1.670    <hidden>
    SLICE_X63Y201        LUT4 (Prop_E6LUT_SLICEM_I0_O)
                                                      0.124     1.794 r  <hidden>
                         net (fo=8, routed)           0.183     1.977    <hidden>
    SLICE_X63Y207        LUT5 (Prop_F6LUT_SLICEM_I2_O)
                                                      0.037     2.014 r  <hidden>
                         net (fo=1, routed)           0.067     2.081    <hidden>
    SLICE_X63Y207        FDRE                                         r  <hidden>
  -------------------------------------------------------------------    -------------------

                         (clock clk_pl_0 rise edge)
                                                      0.000     0.000 r  
    PS8_X0Y0             PS8                          0.000     0.000 r  design_1_i/zynq_ultra_ps_e_0/U0/PS8_i/PLCLK[0]
                         net (fo=1, routed)           0.143     0.143    design_1_i/zynq_ultra_ps_e_0/U0/pl_clk_unbuffered[0]
    BUFG_PS_X0Y80        BUFG_PS (Prop_BUFG_PS_I_O)
                                                      0.025     0.168 r  design_1_i/zynq_ultra_ps_e_0/U0/buffer_pl_clk_0.PL_CLK_0_BUFG/O
    X1Y2 (CLOCK_ROOT)    net (fo=48996, routed)       1.607     1.775    <hidden>
    SLICE_X63Y207        FDRE                                         r  <hidden>





Min Delay Paths
--------------------------------------------------------------------------------------
Slack:                    inf
  Source:                 <hidden>
                            (internal pin)
  Destination:            <hidden>
                            (rising edge-triggered cell FDRE clocked by clk_pl_0  {rise@0.000ns fall@2.667ns period=5.333ns})
  Path Group:             (none)
  Path Type:              Hold (Min at Fast Process Corner)
  Data Path Delay:        0.235ns  (logic 0.165ns (70.258%)  route 0.070ns (29.742%))
  Logic Levels:           3  (DSP_ALU=1 DSP_OUTPUT=1 LUT5=1)
  Clock Uncertainty:      0.109ns  ((TSJ^2 + DJ^2)^1/2) / 2 + PE
    Total System Jitter     (TSJ):    0.050ns
    Discrete Jitter          (DJ):    0.213ns
    Phase Error              (PE):    0.000ns
  Clock Net Delay (Destination): 1.121ns (routing 0.352ns, distribution 0.769ns)

    Location             Delay type                Incr(ns)  Path(ns)    Netlist Resource(s)
  -------------------------------------------------------------------    -------------------
    DSP48E2_X6Y84        DSP_A_B_DATA                 0.000     0.000 r  <hidden>
                         net (fo=1, routed)           0.000     0.000    <hidden>
    DSP48E2_X6Y84        DSP_ALU (Prop_DSP_ALU_DSP48E2_B_ALU[7]_ALU_OUT[7])
                                                      0.112     0.112 f  <hidden>
                         net (fo=1, routed)           0.000     0.112    <hidden>
    DSP48E2_X6Y84        DSP_OUTPUT (Prop_DSP_OUTPUT_DSP48E2_ALU_OUT[7]_P[7])
                                                      0.030     0.142 r  <hidden>
                         net (fo=2, routed)           0.062     0.204    <hidden>
    SLICE_X63Y210        LUT5 (Prop_G5LUT_SLICEM_I0_O)
                                                      0.023     0.227 r  <hidden>
                         net (fo=1, routed)           0.008     0.235    <hidden>
    SLICE_X63Y210        FDRE                                         r  <hidden>
  -------------------------------------------------------------------    -------------------

                         (clock clk_pl_0 rise edge)
                                                      0.000     0.000 r  
    PS8_X0Y0             PS8                          0.000     0.000 r  design_1_i/zynq_ultra_ps_e_0/U0/PS8_i/PLCLK[0]
                         net (fo=1, routed)           0.154     0.154    design_1_i/zynq_ultra_ps_e_0/U0/pl_clk_unbuffered[0]
    BUFG_PS_X0Y80        BUFG_PS (Prop_BUFG_PS_I_O)
                                                      0.018     0.172 r  design_1_i/zynq_ultra_ps_e_0/U0/buffer_pl_clk_0.PL_CLK_0_BUFG/O
    X1Y2 (CLOCK_ROOT)    net (fo=48996, routed)       1.121     1.293    <hidden>
    SLICE_X63Y210        FDRE                                         r  <hidden>

Slack:                    inf
  Source:                 <hidden>
                            (internal pin)
  Destination:            <hidden>
                            (rising edge-triggered cell FDRE clocked by clk_pl_0  {rise@0.000ns fall@2.667ns period=5.333ns})
  Path Group:             (none)
  Path Type:              Hold (Min at Fast Process Corner)
  Data Path Delay:        0.235ns  (logic 0.156ns (66.253%)  route 0.079ns (33.747%))
  Logic Levels:           3  (DSP_ALU=1 DSP_OUTPUT=1 LUT6=1)
  Clock Uncertainty:      0.109ns  ((TSJ^2 + DJ^2)^1/2) / 2 + PE
    Total System Jitter     (TSJ):    0.050ns
    Discrete Jitter          (DJ):    0.213ns
    Phase Error              (PE):    0.000ns
  Clock Net Delay (Destination): 1.117ns (routing 0.352ns, distribution 0.765ns)

    Location             Delay type                Incr(ns)  Path(ns)    Netlist Resource(s)
  -------------------------------------------------------------------    -------------------
    DSP48E2_X6Y84        DSP_A_B_DATA                 0.000     0.000 r  <hidden>
                         net (fo=1, routed)           0.000     0.000    <hidden>
    DSP48E2_X6Y84        DSP_ALU (Prop_DSP_ALU_DSP48E2_B_ALU[9]_ALU_OUT[9])
                                                      0.112     0.112 f  <hidden>
                         net (fo=1, routed)           0.000     0.112    <hidden>
    DSP48E2_X6Y84        DSP_OUTPUT (Prop_DSP_OUTPUT_DSP48E2_ALU_OUT[9]_P[9])
                                                      0.030     0.142 r  <hidden>
                         net (fo=2, routed)           0.063     0.205    <hidden>
    SLICE_X62Y211        LUT6 (Prop_D6LUT_SLICEL_I1_O)
                                                      0.014     0.219 r  <hidden>
                         net (fo=1, routed)           0.016     0.235    <hidden>
    SLICE_X62Y211        FDRE                                         r  <hidden>
  -------------------------------------------------------------------    -------------------

                         (clock clk_pl_0 rise edge)
                                                      0.000     0.000 r  
    PS8_X0Y0             PS8                          0.000     0.000 r  design_1_i/zynq_ultra_ps_e_0/U0/PS8_i/PLCLK[0]
                         net (fo=1, routed)           0.154     0.154    design_1_i/zynq_ultra_ps_e_0/U0/pl_clk_unbuffered[0]
    BUFG_PS_X0Y80        BUFG_PS (Prop_BUFG_PS_I_O)
                                                      0.018     0.172 r  design_1_i/zynq_ultra_ps_e_0/U0/buffer_pl_clk_0.PL_CLK_0_BUFG/O
    X1Y2 (CLOCK_ROOT)    net (fo=48996, routed)       1.117     1.289    <hidden>
    SLICE_X62Y211        FDRE                                         r  <hidden>

Slack:                    inf
  Source:                 <hidden>
                            (internal pin)
  Destination:            <hidden>
                            (rising edge-triggered cell FDRE clocked by clk_pl_0  {rise@0.000ns fall@2.667ns period=5.333ns})
  Path Group:             (none)
  Path Type:              Hold (Min at Fast Process Corner)
  Data Path Delay:        0.235ns  (logic 0.156ns (66.253%)  route 0.079ns (33.747%))
  Logic Levels:           3  (DSP_ALU=1 DSP_OUTPUT=1 LUT6=1)
  Clock Uncertainty:      0.109ns  ((TSJ^2 + DJ^2)^1/2) / 2 + PE
    Total System Jitter     (TSJ):    0.050ns
    Discrete Jitter          (DJ):    0.213ns
    Phase Error              (PE):    0.000ns
  Clock Net Delay (Destination): 1.156ns (routing 0.352ns, distribution 0.804ns)

    Location             Delay type                Incr(ns)  Path(ns)    Netlist Resource(s)
  -------------------------------------------------------------------    -------------------
    DSP48E2_X6Y105       DSP_A_B_DATA                 0.000     0.000 r  <hidden>
                         net (fo=1, routed)           0.000     0.000    <hidden>
    DSP48E2_X6Y105       DSP_ALU (Prop_DSP_ALU_DSP48E2_B_ALU[17]_ALU_OUT[22])
                                                      0.112     0.112 f  <hidden>
                         net (fo=1, routed)           0.000     0.112    <hidden>
    DSP48E2_X6Y105       DSP_OUTPUT (Prop_DSP_OUTPUT_DSP48E2_ALU_OUT[22]_P[22])
                                                      0.030     0.142 r  <hidden>
                         net (fo=2, routed)           0.060     0.202    <hidden>
    SLICE_X63Y262        LUT6 (Prop_E6LUT_SLICEM_I0_O)
                                                      0.014     0.216 r  <hidden>
                         net (fo=1, routed)           0.019     0.235    <hidden>
    SLICE_X63Y262        FDRE                                         r  <hidden>
  -------------------------------------------------------------------    -------------------

                         (clock clk_pl_0 rise edge)
                                                      0.000     0.000 r  
    PS8_X0Y0             PS8                          0.000     0.000 r  design_1_i/zynq_ultra_ps_e_0/U0/PS8_i/PLCLK[0]
                         net (fo=1, routed)           0.154     0.154    design_1_i/zynq_ultra_ps_e_0/U0/pl_clk_unbuffered[0]
    BUFG_PS_X0Y80        BUFG_PS (Prop_BUFG_PS_I_O)
                                                      0.018     0.172 r  design_1_i/zynq_ultra_ps_e_0/U0/buffer_pl_clk_0.PL_CLK_0_BUFG/O
    X1Y2 (CLOCK_ROOT)    net (fo=48996, routed)       1.156     1.328    <hidden>
    SLICE_X63Y262        FDRE                                         r  <hidden>

Slack:                    inf
  Source:                 <hidden>
                            (internal pin)
  Destination:            <hidden>
                            (rising edge-triggered cell FDRE clocked by clk_pl_0  {rise@0.000ns fall@2.667ns period=5.333ns})
  Path Group:             (none)
  Path Type:              Hold (Min at Fast Process Corner)
  Data Path Delay:        0.236ns  (logic 0.156ns (66.102%)  route 0.080ns (33.898%))
  Logic Levels:           3  (DSP_ALU=1 DSP_OUTPUT=1 LUT5=1)
  Clock Uncertainty:      0.109ns  ((TSJ^2 + DJ^2)^1/2) / 2 + PE
    Total System Jitter     (TSJ):    0.050ns
    Discrete Jitter          (DJ):    0.213ns
    Phase Error              (PE):    0.000ns
  Clock Net Delay (Destination): 1.115ns (routing 0.352ns, distribution 0.763ns)

    Location             Delay type                Incr(ns)  Path(ns)    Netlist Resource(s)
  -------------------------------------------------------------------    -------------------
    DSP48E2_X6Y84        DSP_A_B_DATA                 0.000     0.000 r  <hidden>
                         net (fo=1, routed)           0.000     0.000    <hidden>
    DSP48E2_X6Y84        DSP_ALU (Prop_DSP_ALU_DSP48E2_B_ALU[17]_ALU_OUT[35])
                                                      0.112     0.112 f  <hidden>
                         net (fo=1, routed)           0.000     0.112    <hidden>
    DSP48E2_X6Y84        DSP_OUTPUT (Prop_DSP_OUTPUT_DSP48E2_ALU_OUT[35]_P[35])
                                                      0.030     0.142 r  <hidden>
                         net (fo=1, routed)           0.064     0.206    <hidden>
    SLICE_X62Y214        LUT5 (Prop_D6LUT_SLICEL_I3_O)
                                                      0.014     0.220 r  <hidden>
                         net (fo=1, routed)           0.016     0.236    <hidden>
    SLICE_X62Y214        FDRE                                         r  <hidden>
  -------------------------------------------------------------------    -------------------

                         (clock clk_pl_0 rise edge)
                                                      0.000     0.000 r  
    PS8_X0Y0             PS8                          0.000     0.000 r  design_1_i/zynq_ultra_ps_e_0/U0/PS8_i/PLCLK[0]
                         net (fo=1, routed)           0.154     0.154    design_1_i/zynq_ultra_ps_e_0/U0/pl_clk_unbuffered[0]
    BUFG_PS_X0Y80        BUFG_PS (Prop_BUFG_PS_I_O)
                                                      0.018     0.172 r  design_1_i/zynq_ultra_ps_e_0/U0/buffer_pl_clk_0.PL_CLK_0_BUFG/O
    X1Y2 (CLOCK_ROOT)    net (fo=48996, routed)       1.115     1.287    <hidden>
    SLICE_X62Y214        FDRE                                         r  <hidden>

Slack:                    inf
  Source:                 <hidden>
                            (internal pin)
  Destination:            <hidden>
                            (rising edge-triggered cell FDRE clocked by clk_pl_0  {rise@0.000ns fall@2.667ns period=5.333ns})
  Path Group:             (none)
  Path Type:              Hold (Min at Fast Process Corner)
  Data Path Delay:        0.237ns  (logic 0.156ns (65.904%)  route 0.081ns (34.096%))
  Logic Levels:           3  (DSP_ALU=1 DSP_OUTPUT=1 LUT6=1)
  Clock Uncertainty:      0.109ns  ((TSJ^2 + DJ^2)^1/2) / 2 + PE
    Total System Jitter     (TSJ):    0.050ns
    Discrete Jitter          (DJ):    0.213ns
    Phase Error              (PE):    0.000ns
  Clock Net Delay (Destination): 1.121ns (routing 0.352ns, distribution 0.769ns)

    Location             Delay type                Incr(ns)  Path(ns)    Netlist Resource(s)
  -------------------------------------------------------------------    -------------------
    DSP48E2_X6Y84        DSP_A_B_DATA                 0.000     0.000 r  <hidden>
                         net (fo=1, routed)           0.000     0.000    <hidden>
    DSP48E2_X6Y84        DSP_ALU (Prop_DSP_ALU_DSP48E2_B_ALU[14]_ALU_OUT[14])
                                                      0.112     0.112 f  <hidden>
                         net (fo=1, routed)           0.000     0.112    <hidden>
    DSP48E2_X6Y84        DSP_OUTPUT (Prop_DSP_OUTPUT_DSP48E2_ALU_OUT[14]_P[14])
                                                      0.030     0.142 r  <hidden>
                         net (fo=2, routed)           0.065     0.207    <hidden>
    SLICE_X62Y211        LUT6 (Prop_G6LUT_SLICEL_I1_O)
                                                      0.014     0.221 r  <hidden>
                         net (fo=1, routed)           0.016     0.237    <hidden>
    SLICE_X62Y211        FDRE                                         r  <hidden>
  -------------------------------------------------------------------    -------------------

                         (clock clk_pl_0 rise edge)
                                                      0.000     0.000 r  
    PS8_X0Y0             PS8                          0.000     0.000 r  design_1_i/zynq_ultra_ps_e_0/U0/PS8_i/PLCLK[0]
                         net (fo=1, routed)           0.154     0.154    design_1_i/zynq_ultra_ps_e_0/U0/pl_clk_unbuffered[0]
    BUFG_PS_X0Y80        BUFG_PS (Prop_BUFG_PS_I_O)
                                                      0.018     0.172 r  design_1_i/zynq_ultra_ps_e_0/U0/buffer_pl_clk_0.PL_CLK_0_BUFG/O
    X1Y2 (CLOCK_ROOT)    net (fo=48996, routed)       1.121     1.293    <hidden>
    SLICE_X62Y211        FDRE                                         r  <hidden>

Slack:                    inf
  Source:                 <hidden>
                            (internal pin)
  Destination:            <hidden>
                            (rising edge-triggered cell FDRE clocked by clk_pl_0  {rise@0.000ns fall@2.667ns period=5.333ns})
  Path Group:             (none)
  Path Type:              Hold (Min at Fast Process Corner)
  Data Path Delay:        0.237ns  (logic 0.156ns (65.695%)  route 0.081ns (34.305%))
  Logic Levels:           3  (DSP_ALU=1 DSP_OUTPUT=1 LUT6=1)
  Clock Uncertainty:      0.109ns  ((TSJ^2 + DJ^2)^1/2) / 2 + PE
    Total System Jitter     (TSJ):    0.050ns
    Discrete Jitter          (DJ):    0.213ns
    Phase Error              (PE):    0.000ns
  Clock Net Delay (Destination): 1.165ns (routing 0.352ns, distribution 0.813ns)

    Location             Delay type                Incr(ns)  Path(ns)    Netlist Resource(s)
  -------------------------------------------------------------------    -------------------
    DSP48E2_X6Y101       DSP_A_B_DATA                 0.000     0.000 r  <hidden>
                         net (fo=1, routed)           0.000     0.000    <hidden>
    DSP48E2_X6Y101       DSP_ALU (Prop_DSP_ALU_DSP48E2_B_ALU[16]_ALU_OUT[16])
                                                      0.112     0.112 f  <hidden>
                         net (fo=1, routed)           0.000     0.112    <hidden>
    DSP48E2_X6Y101       DSP_OUTPUT (Prop_DSP_OUTPUT_DSP48E2_ALU_OUT[16]_P[16])
                                                      0.030     0.142 r  <hidden>
                         net (fo=2, routed)           0.060     0.202    <hidden>
    SLICE_X63Y251        LUT6 (Prop_G6LUT_SLICEM_I0_O)
                                                      0.014     0.216 r  <hidden>
                         net (fo=1, routed)           0.021     0.237    <hidden>
    SLICE_X63Y251        FDRE                                         r  <hidden>
  -------------------------------------------------------------------    -------------------

                         (clock clk_pl_0 rise edge)
                                                      0.000     0.000 r  
    PS8_X0Y0             PS8                          0.000     0.000 r  design_1_i/zynq_ultra_ps_e_0/U0/PS8_i/PLCLK[0]
                         net (fo=1, routed)           0.154     0.154    design_1_i/zynq_ultra_ps_e_0/U0/pl_clk_unbuffered[0]
    BUFG_PS_X0Y80        BUFG_PS (Prop_BUFG_PS_I_O)
                                                      0.018     0.172 r  design_1_i/zynq_ultra_ps_e_0/U0/buffer_pl_clk_0.PL_CLK_0_BUFG/O
    X1Y2 (CLOCK_ROOT)    net (fo=48996, routed)       1.165     1.337    <hidden>
    SLICE_X63Y251        FDRE                                         r  <hidden>

Slack:                    inf
  Source:                 <hidden>
                            (internal pin)
  Destination:            <hidden>
                            (rising edge-triggered cell FDRE clocked by clk_pl_0  {rise@0.000ns fall@2.667ns period=5.333ns})
  Path Group:             (none)
  Path Type:              Hold (Min at Fast Process Corner)
  Data Path Delay:        0.239ns  (logic 0.156ns (65.272%)  route 0.083ns (34.728%))
  Logic Levels:           3  (DSP_ALU=1 DSP_OUTPUT=1 LUT5=1)
  Clock Uncertainty:      0.109ns  ((TSJ^2 + DJ^2)^1/2) / 2 + PE
    Total System Jitter     (TSJ):    0.050ns
    Discrete Jitter          (DJ):    0.213ns
    Phase Error              (PE):    0.000ns
  Clock Net Delay (Destination): 1.143ns (routing 0.352ns, distribution 0.791ns)

    Location             Delay type                Incr(ns)  Path(ns)    Netlist Resource(s)
  -------------------------------------------------------------------    -------------------
    DSP48E2_X2Y101       DSP_A_B_DATA                 0.000     0.000 r  <hidden>
                         net (fo=1, routed)           0.000     0.000    <hidden>
    DSP48E2_X2Y101       DSP_ALU (Prop_DSP_ALU_DSP48E2_B_ALU[17]_ALU_OUT[33])
                                                      0.112     0.112 f  <hidden>
                         net (fo=1, routed)           0.000     0.112    <hidden>
    DSP48E2_X2Y101       DSP_OUTPUT (Prop_DSP_OUTPUT_DSP48E2_ALU_OUT[33]_P[33])
                                                      0.030     0.142 r  <hidden>
                         net (fo=1, routed)           0.057     0.199    <hidden>
    SLICE_X46Y254        LUT5 (Prop_D6LUT_SLICEM_I3_O)
                                                      0.014     0.213 r  <hidden>
                         net (fo=1, routed)           0.026     0.239    <hidden>
    SLICE_X46Y254        FDRE                                         r  <hidden>
  -------------------------------------------------------------------    -------------------

                         (clock clk_pl_0 rise edge)
                                                      0.000     0.000 r  
    PS8_X0Y0             PS8                          0.000     0.000 r  design_1_i/zynq_ultra_ps_e_0/U0/PS8_i/PLCLK[0]
                         net (fo=1, routed)           0.154     0.154    design_1_i/zynq_ultra_ps_e_0/U0/pl_clk_unbuffered[0]
    BUFG_PS_X0Y80        BUFG_PS (Prop_BUFG_PS_I_O)
                                                      0.018     0.172 r  design_1_i/zynq_ultra_ps_e_0/U0/buffer_pl_clk_0.PL_CLK_0_BUFG/O
    X1Y2 (CLOCK_ROOT)    net (fo=48996, routed)       1.143     1.315    <hidden>
    SLICE_X46Y254        FDRE                                         r  <hidden>

Slack:                    inf
  Source:                 <hidden>
                            (internal pin)
  Destination:            <hidden>
                            (rising edge-triggered cell FDRE clocked by clk_pl_0  {rise@0.000ns fall@2.667ns period=5.333ns})
  Path Group:             (none)
  Path Type:              Hold (Min at Fast Process Corner)
  Data Path Delay:        0.239ns  (logic 0.156ns (65.146%)  route 0.083ns (34.854%))
  Logic Levels:           3  (DSP_ALU=1 DSP_OUTPUT=1 LUT6=1)
  Clock Uncertainty:      0.109ns  ((TSJ^2 + DJ^2)^1/2) / 2 + PE
    Total System Jitter     (TSJ):    0.050ns
    Discrete Jitter          (DJ):    0.213ns
    Phase Error              (PE):    0.000ns
  Clock Net Delay (Destination): 1.118ns (routing 0.352ns, distribution 0.766ns)

    Location             Delay type                Incr(ns)  Path(ns)    Netlist Resource(s)
  -------------------------------------------------------------------    -------------------
    DSP48E2_X4Y94        DSP_A_B_DATA                 0.000     0.000 r  <hidden>
                         net (fo=1, routed)           0.000     0.000    <hidden>
    DSP48E2_X4Y94        DSP_ALU (Prop_DSP_ALU_DSP48E2_B_ALU[11]_ALU_OUT[11])
                                                      0.112     0.112 f  <hidden>
                         net (fo=1, routed)           0.000     0.112    <hidden>
    DSP48E2_X4Y94        DSP_OUTPUT (Prop_DSP_OUTPUT_DSP48E2_ALU_OUT[11]_P[11])
                                                      0.030     0.142 r  <hidden>
                         net (fo=2, routed)           0.059     0.201    <hidden>
    SLICE_X53Y236        LUT6 (Prop_C6LUT_SLICEM_I1_O)
                                                      0.014     0.215 r  <hidden>
                         net (fo=1, routed)           0.024     0.239    <hidden>
    SLICE_X53Y236        FDRE                                         r  <hidden>
  -------------------------------------------------------------------    -------------------

                         (clock clk_pl_0 rise edge)
                                                      0.000     0.000 r  
    PS8_X0Y0             PS8                          0.000     0.000 r  design_1_i/zynq_ultra_ps_e_0/U0/PS8_i/PLCLK[0]
                         net (fo=1, routed)           0.154     0.154    design_1_i/zynq_ultra_ps_e_0/U0/pl_clk_unbuffered[0]
    BUFG_PS_X0Y80        BUFG_PS (Prop_BUFG_PS_I_O)
                                                      0.018     0.172 r  design_1_i/zynq_ultra_ps_e_0/U0/buffer_pl_clk_0.PL_CLK_0_BUFG/O
    X1Y2 (CLOCK_ROOT)    net (fo=48996, routed)       1.118     1.290    <hidden>
    SLICE_X53Y236        FDRE                                         r  <hidden>

Slack:                    inf
  Source:                 <hidden>
                            (internal pin)
  Destination:            <hidden>
                            (rising edge-triggered cell FDRE clocked by clk_pl_0  {rise@0.000ns fall@2.667ns period=5.333ns})
  Path Group:             (none)
  Path Type:              Hold (Min at Fast Process Corner)
  Data Path Delay:        0.239ns  (logic 0.156ns (65.146%)  route 0.083ns (34.854%))
  Logic Levels:           3  (DSP_ALU=1 DSP_OUTPUT=1 LUT6=1)
  Clock Uncertainty:      0.109ns  ((TSJ^2 + DJ^2)^1/2) / 2 + PE
    Total System Jitter     (TSJ):    0.050ns
    Discrete Jitter          (DJ):    0.213ns
    Phase Error              (PE):    0.000ns
  Clock Net Delay (Destination): 1.122ns (routing 0.352ns, distribution 0.770ns)

    Location             Delay type                Incr(ns)  Path(ns)    Netlist Resource(s)
  -------------------------------------------------------------------    -------------------
    DSP48E2_X5Y92        DSP_A_B_DATA                 0.000     0.000 r  <hidden>
                         net (fo=1, routed)           0.000     0.000    <hidden>
    DSP48E2_X5Y92        DSP_ALU (Prop_DSP_ALU_DSP48E2_B_ALU[9]_ALU_OUT[9])
                                                      0.112     0.112 f  <hidden>
                         net (fo=1, routed)           0.000     0.112    <hidden>
    DSP48E2_X5Y92        DSP_OUTPUT (Prop_DSP_OUTPUT_DSP48E2_ALU_OUT[9]_P[9])
                                                      0.030     0.142 r  <hidden>
                         net (fo=2, routed)           0.059     0.201    <hidden>
    SLICE_X56Y231        LUT6 (Prop_C6LUT_SLICEM_I1_O)
                                                      0.014     0.215 r  <hidden>
                         net (fo=1, routed)           0.024     0.239    <hidden>
    SLICE_X56Y231        FDRE                                         r  <hidden>
  -------------------------------------------------------------------    -------------------

                         (clock clk_pl_0 rise edge)
                                                      0.000     0.000 r  
    PS8_X0Y0             PS8                          0.000     0.000 r  design_1_i/zynq_ultra_ps_e_0/U0/PS8_i/PLCLK[0]
                         net (fo=1, routed)           0.154     0.154    design_1_i/zynq_ultra_ps_e_0/U0/pl_clk_unbuffered[0]
    BUFG_PS_X0Y80        BUFG_PS (Prop_BUFG_PS_I_O)
                                                      0.018     0.172 r  design_1_i/zynq_ultra_ps_e_0/U0/buffer_pl_clk_0.PL_CLK_0_BUFG/O
    X1Y2 (CLOCK_ROOT)    net (fo=48996, routed)       1.122     1.294    <hidden>
    SLICE_X56Y231        FDRE                                         r  <hidden>

Slack:                    inf
  Source:                 <hidden>
                            (internal pin)
  Destination:            <hidden>
                            (rising edge-triggered cell FDRE clocked by clk_pl_0  {rise@0.000ns fall@2.667ns period=5.333ns})
  Path Group:             (none)
  Path Type:              Hold (Min at Fast Process Corner)
  Data Path Delay:        0.240ns  (logic 0.157ns (65.291%)  route 0.083ns (34.709%))
  Logic Levels:           3  (DSP_ALU=1 DSP_OUTPUT=1 LUT6=1)
  Clock Uncertainty:      0.109ns  ((TSJ^2 + DJ^2)^1/2) / 2 + PE
    Total System Jitter     (TSJ):    0.050ns
    Discrete Jitter          (DJ):    0.213ns
    Phase Error              (PE):    0.000ns
  Clock Net Delay (Destination): 1.126ns (routing 0.352ns, distribution 0.774ns)

    Location             Delay type                Incr(ns)  Path(ns)    Netlist Resource(s)
  -------------------------------------------------------------------    -------------------
    DSP48E2_X6Y84        DSP_A_B_DATA                 0.000     0.000 r  <hidden>
                         net (fo=1, routed)           0.000     0.000    <hidden>
    DSP48E2_X6Y84        DSP_ALU (Prop_DSP_ALU_DSP48E2_B_ALU[13]_ALU_OUT[13])
                                                      0.112     0.112 f  <hidden>
                         net (fo=1, routed)           0.000     0.112    <hidden>
    DSP48E2_X6Y84        DSP_OUTPUT (Prop_DSP_OUTPUT_DSP48E2_ALU_OUT[13]_P[13])
                                                      0.030     0.142 r  <hidden>
                         net (fo=2, routed)           0.062     0.204    <hidden>
    SLICE_X63Y211        LUT6 (Prop_H6LUT_SLICEM_I1_O)
                                                      0.015     0.219 r  <hidden>
                         net (fo=1, routed)           0.021     0.240    <hidden>
    SLICE_X63Y211        FDRE                                         r  <hidden>
  -------------------------------------------------------------------    -------------------

                         (clock clk_pl_0 rise edge)
                                                      0.000     0.000 r  
    PS8_X0Y0             PS8                          0.000     0.000 r  design_1_i/zynq_ultra_ps_e_0/U0/PS8_i/PLCLK[0]
                         net (fo=1, routed)           0.154     0.154    design_1_i/zynq_ultra_ps_e_0/U0/pl_clk_unbuffered[0]
    BUFG_PS_X0Y80        BUFG_PS (Prop_BUFG_PS_I_O)
                                                      0.018     0.172 r  design_1_i/zynq_ultra_ps_e_0/U0/buffer_pl_clk_0.PL_CLK_0_BUFG/O
    X1Y2 (CLOCK_ROOT)    net (fo=48996, routed)       1.126     1.298    <hidden>
    SLICE_X63Y211        FDRE                                         r  <hidden>





