

================================================================
== Vitis HLS Report for 'hls_filter_median_3x3_Pipeline_VITIS_LOOP_31_1'
================================================================
* Date:           Tue Mar 31 17:11:26 2026

* Version:        2025.2 (Build 6295257 on Nov 14 2025)
* Project:        filter_2d_median
* Solution:       hls (Vivado IP Flow Target)
* Product family: zynquplus
* Target device:  xck26-sfvc784-2LV-c


================================================================
== Performance Estimates
================================================================
+ Timing: 
    * Summary: 
    +--------+----------+----------+------------+
    |  Clock |  Target  | Estimated| Uncertainty|
    +--------+----------+----------+------------+
    |ap_clk  |  10.00 ns|  6.262 ns|     2.70 ns|
    +--------+----------+----------+------------+

+ Latency: 
    * Summary: 
    +---------+----------+-----------+-----------+-----+-----+-------------------+
    |  Latency (cycles)  |   Latency (absolute)  |  Interval |      Pipeline     |
    |   min   |    max   |    min    |    max    | min | max |        Type       |
    +---------+----------+-----------+-----------+-----+-----+-------------------+
    |        3|  67092484|  30.000 ns|  0.671 sec|    0|    0|  loop pipeline stp|
    +---------+----------+-----------+-----------+-----+-----+-------------------+

    + Detail: 
        * Instance: 
        N/A

        * Loop: 
        +-------------------+---------+----------+----------+-----------+-----------+--------------+----------+
        |                   |  Latency (cycles)  | Iteration|  Initiation Interval  |     Trip     |          |
        |     Loop Name     |   min   |    max   |  Latency |  achieved |   target  |     Count    | Pipelined|
        +-------------------+---------+----------+----------+-----------+-----------+--------------+----------+
        |- VITIS_LOOP_31_1  |        1|  67092482|         3|          1|          1|  0 ~ 67092481|       yes|
        +-------------------+---------+----------+----------+-----------+-----------+--------------+----------+

============================================================
+ Verbose Summary: Synthesis Manager
============================================================
InlineROM: 1
ExposeGlobal: 0
============================================================
+ Verbose Summary: CDFG Model
============================================================
IsTopModel: 0
ResetActiveHigh: 1
IsCombinational: 0
IsDatapathOnly: 0
HasWiredReturn: 1
HasMFsm: 2
HasVarLatency: 1
IsPipeline: 0
IsRtlPipelined: 0
IsInstanceOverlapped: 0
IsDontTouch: 0
HasImplIP: 0
IsGatedGlobalClock: 0

+ Individual pipeline summary: 
  * Pipeline-0: initiation interval (II) = 1, depth = 4


============================================================
+ Verbose Summary: Schedule
============================================================
* Number of FSM states : 4
* Pipeline : 1
  Pipeline-0 : II = 1, D = 4, States = { 1 2 3 4 }
* Dataflow Pipeline: 0

* FSM state transitions: 
1 --> 2 
2 --> 3 
3 --> 4 
4 --> 

* FSM state operations: 

State 1 <SV = 0> <Delay = 1.23>
ST_1 : Operation 6 [1/1] (0.00ns)   --->   "%reuse_addr_reg5 = alloca i32 1"   --->   Operation 6 'alloca' 'reuse_addr_reg5' <Predicate = true> <Delay = 0.00>
ST_1 : Operation 7 [1/1] (0.00ns)   --->   "%reuse_reg4 = alloca i32 1"   --->   Operation 7 'alloca' 'reuse_reg4' <Predicate = true> <Delay = 0.00>
ST_1 : Operation 8 [1/1] (0.00ns)   --->   "%reuse_addr_reg = alloca i32 1"   --->   Operation 8 'alloca' 'reuse_addr_reg' <Predicate = true> <Delay = 0.00>
ST_1 : Operation 9 [1/1] (0.00ns)   --->   "%reuse_reg = alloca i32 1"   --->   Operation 9 'alloca' 'reuse_reg' <Predicate = true> <Delay = 0.00>
ST_1 : Operation 10 [1/1] (0.00ns)   --->   "%x = alloca i32 1" [hls_filter_median.cpp:24]   --->   Operation 10 'alloca' 'x' <Predicate = true> <Delay = 0.00>
ST_1 : Operation 11 [1/1] (0.00ns)   --->   "%y = alloca i32 1" [hls_filter_median.cpp:25]   --->   Operation 11 'alloca' 'y' <Predicate = true> <Delay = 0.00>
ST_1 : Operation 12 [1/1] (0.00ns)   --->   "%i = alloca i32 1" [hls_filter_median.cpp:31]   --->   Operation 12 'alloca' 'i' <Predicate = true> <Delay = 0.00>
ST_1 : Operation 13 [1/1] (0.00ns)   --->   "%a = alloca i32 1" [./hls_filter_median.hpp:168->hls_filter_median.cpp:76]   --->   Operation 13 'alloca' 'a' <Predicate = true> <Delay = 0.00>
ST_1 : Operation 14 [1/1] (0.00ns)   --->   "%a_1 = alloca i32 1" [./hls_filter_median.hpp:168->hls_filter_median.cpp:76]   --->   Operation 14 'alloca' 'a_1' <Predicate = true> <Delay = 0.00>
ST_1 : Operation 15 [1/1] (0.00ns)   --->   "%a_2 = alloca i32 1" [./hls_filter_median.hpp:168->hls_filter_median.cpp:76]   --->   Operation 15 'alloca' 'a_2' <Predicate = true> <Delay = 0.00>
ST_1 : Operation 16 [1/1] (0.00ns)   --->   "%sof_flag = alloca i32 1" [hls_filter_median.cpp:26]   --->   Operation 16 'alloca' 'sof_flag' <Predicate = true> <Delay = 0.00>
ST_1 : Operation 17 [1/1] (0.00ns)   --->   "%b = alloca i32 1" [./hls_filter_median.hpp:168->hls_filter_median.cpp:76]   --->   Operation 17 'alloca' 'b' <Predicate = true> <Delay = 0.00>
ST_1 : Operation 18 [1/1] (0.00ns)   --->   "%b_1 = alloca i32 1" [./hls_filter_median.hpp:168->hls_filter_median.cpp:76]   --->   Operation 18 'alloca' 'b_1' <Predicate = true> <Delay = 0.00>
ST_1 : Operation 19 [1/1] (0.00ns)   --->   "%b_2 = alloca i32 1" [./hls_filter_median.hpp:168->hls_filter_median.cpp:76]   --->   Operation 19 'alloca' 'b_2' <Predicate = true> <Delay = 0.00>
ST_1 : Operation 20 [1/1] (0.00ns)   --->   "%specinterface_ln0 = specinterface void @_ssdm_op_SpecInterface, i24 %m_axis_video, void @empty, i32 0, i32 0, void @empty_0, i32 0, i32 0, void @empty_1, void @empty_1, void @empty_1, i32 0, i32 0, i32 0, i32 0, void @empty_1, void @empty_1, i32 4294967295, i32 0, i32 0, i32 0"   --->   Operation 20 'specinterface' 'specinterface_ln0' <Predicate = true> <Delay = 0.00>
ST_1 : Operation 21 [1/1] (0.00ns)   --->   "%specinterface_ln0 = specinterface void @_ssdm_op_SpecInterface, i24 %s_axis_video, void @empty, i32 0, i32 0, void @empty_0, i32 0, i32 0, void @empty_1, void @empty_1, void @empty_1, i32 0, i32 0, i32 0, i32 0, void @empty_1, void @empty_1, i32 4294967295, i32 0, i32 0, i32 0"   --->   Operation 21 'specinterface' 'specinterface_ln0' <Predicate = true> <Delay = 0.00>
ST_1 : Operation 22 [1/1] (0.00ns)   --->   "%add_ln117_read = read i14 @_ssdm_op_Read.ap_auto.i14, i14 %add_ln117"   --->   Operation 22 'read' 'add_ln117_read' <Predicate = true> <Delay = 0.00>
ST_1 : Operation 23 [1/1] (0.00ns)   --->   "%mul_ln31_read = read i26 @_ssdm_op_Read.ap_auto.i26, i26 %mul_ln31"   --->   Operation 23 'read' 'mul_ln31_read' <Predicate = true> <Delay = 0.00>
ST_1 : Operation 24 [1/1] (1.23ns)   --->   "%line_buffer_1 = alloca i64 1" [hls_filter_median.cpp:17]   --->   Operation 24 'alloca' 'line_buffer_1' <Predicate = true> <Delay = 1.23> <CoreInst = "RAM">   --->   Core 82 'RAM' <Latency = 1> <II = 1> <Delay = 1.23> <Storage> <Opcode : 'load' 'store'> <Ports = 2> <Width = 8> <Depth = 7680> <RAM>
ST_1 : Operation 25 [1/1] (1.23ns)   --->   "%line_buffer = alloca i64 1" [hls_filter_median.cpp:17]   --->   Operation 25 'alloca' 'line_buffer' <Predicate = true> <Delay = 1.23> <CoreInst = "RAM">   --->   Core 82 'RAM' <Latency = 1> <II = 1> <Delay = 1.23> <Storage> <Opcode : 'load' 'store'> <Ports = 2> <Width = 8> <Depth = 7680> <RAM>
ST_1 : Operation 26 [1/1] (0.42ns)   --->   "%store_ln26 = store i1 1, i1 %sof_flag" [hls_filter_median.cpp:26]   --->   Operation 26 'store' 'store_ln26' <Predicate = true> <Delay = 0.42>
ST_1 : Operation 27 [1/1] (0.42ns)   --->   "%store_ln31 = store i26 0, i26 %i" [hls_filter_median.cpp:31]   --->   Operation 27 'store' 'store_ln31' <Predicate = true> <Delay = 0.42>
ST_1 : Operation 28 [1/1] (0.42ns)   --->   "%store_ln25 = store i13 0, i13 %y" [hls_filter_median.cpp:25]   --->   Operation 28 'store' 'store_ln25' <Predicate = true> <Delay = 0.42>
ST_1 : Operation 29 [1/1] (0.42ns)   --->   "%store_ln24 = store i13 0, i13 %x" [hls_filter_median.cpp:24]   --->   Operation 29 'store' 'store_ln24' <Predicate = true> <Delay = 0.42>
ST_1 : Operation 30 [1/1] (0.42ns)   --->   "%store_ln0 = store i8 0, i8 %reuse_reg"   --->   Operation 30 'store' 'store_ln0' <Predicate = true> <Delay = 0.42>
ST_1 : Operation 31 [1/1] (0.42ns)   --->   "%store_ln0 = store i64 18446744073709551615, i64 %reuse_addr_reg"   --->   Operation 31 'store' 'store_ln0' <Predicate = true> <Delay = 0.42>
ST_1 : Operation 32 [1/1] (0.42ns)   --->   "%store_ln0 = store i8 0, i8 %reuse_reg4"   --->   Operation 32 'store' 'store_ln0' <Predicate = true> <Delay = 0.42>
ST_1 : Operation 33 [1/1] (0.42ns)   --->   "%store_ln0 = store i64 18446744073709551615, i64 %reuse_addr_reg5"   --->   Operation 33 'store' 'store_ln0' <Predicate = true> <Delay = 0.42>
ST_1 : Operation 34 [1/1] (0.00ns)   --->   "%br_ln31 = br void %for.body" [hls_filter_median.cpp:31]   --->   Operation 34 'br' 'br_ln31' <Predicate = true> <Delay = 0.00>

State 2 <SV = 1> <Delay = 1.56>
ST_2 : Operation 35 [1/1] (0.00ns)   --->   "%x_3 = load i13 %x" [hls_filter_median.cpp:121]   --->   Operation 35 'load' 'x_3' <Predicate = true> <Delay = 0.00>
ST_2 : Operation 36 [1/1] (0.00ns)   --->   "%y_3 = load i13 %y" [hls_filter_median.cpp:119]   --->   Operation 36 'load' 'y_3' <Predicate = true> <Delay = 0.00>
ST_2 : Operation 37 [1/1] (0.00ns)   --->   "%i_2 = load i26 %i" [hls_filter_median.cpp:31]   --->   Operation 37 'load' 'i_2' <Predicate = true> <Delay = 0.00>
ST_2 : Operation 38 [1/1] (0.95ns)   --->   "%icmp_ln31 = icmp_eq  i26 %i_2, i26 %mul_ln31_read" [hls_filter_median.cpp:31]   --->   Operation 38 'icmp' 'icmp_ln31' <Predicate = true> <Delay = 0.95> <CoreInst = "Cmp">   --->   Core 9 'Cmp' <Latency = 0> <II = 1> <Delay = 0.95> <FuncUnit> <Opcode : 'seteq' 'setne' 'setle' 'setge' 'setlt' 'setgt'> <InPorts = 2> <OutPorts = 1>
ST_2 : Operation 39 [1/1] (0.00ns)   --->   "%br_ln31 = br i1 %icmp_ln31, void %for.body.split, void %for.end119.exitStub" [hls_filter_median.cpp:31]   --->   Operation 39 'br' 'br_ln31' <Predicate = true> <Delay = 0.00>
ST_2 : Operation 40 [1/1] (0.95ns)   --->   "%i_1 = add i26 %i_2, i26 1" [hls_filter_median.cpp:31]   --->   Operation 40 'add' 'i_1' <Predicate = (!icmp_ln31)> <Delay = 0.95> <CoreInst = "Adder">   --->   Core 1 'Adder' <Latency = 0> <II = 1> <Delay = 0.95> <FuncUnit> <Opcode : 'add' 'sub'> <InPorts = 2> <OutPorts = 1>
ST_2 : Operation 41 [1/1] (0.00ns)   --->   "%zext_ln53 = zext i13 %x_3" [hls_filter_median.cpp:53]   --->   Operation 41 'zext' 'zext_ln53' <Predicate = (!icmp_ln31)> <Delay = 0.00>
ST_2 : Operation 42 [1/1] (0.00ns)   --->   "%line_buffer_addr = getelementptr i8 %line_buffer, i64 0, i64 %zext_ln53" [hls_filter_median.cpp:53]   --->   Operation 42 'getelementptr' 'line_buffer_addr' <Predicate = (!icmp_ln31)> <Delay = 0.00>
ST_2 : Operation 43 [1/1] (0.00ns)   --->   "%reuse_addr_reg5_load = load i64 %reuse_addr_reg5"   --->   Operation 43 'load' 'reuse_addr_reg5_load' <Predicate = (!icmp_ln31)> <Delay = 0.00>
ST_2 : Operation 44 [2/2] (1.23ns)   --->   "%line_buffer_load = load i13 %line_buffer_addr" [hls_filter_median.cpp:53]   --->   Operation 44 'load' 'line_buffer_load' <Predicate = (!icmp_ln31)> <Delay = 1.23> <CoreInst = "RAM">   --->   Core 82 'RAM' <Latency = 1> <II = 1> <Delay = 1.23> <Storage> <Opcode : 'load' 'store'> <Ports = 2> <Width = 8> <Depth = 7680> <RAM>
ST_2 : Operation 45 [1/1] (1.08ns)   --->   "%addr_cmp8 = icmp_eq  i64 %reuse_addr_reg5_load, i64 %zext_ln53" [hls_filter_median.cpp:53]   --->   Operation 45 'icmp' 'addr_cmp8' <Predicate = (!icmp_ln31)> <Delay = 1.08> <CoreInst = "Cmp">   --->   Core 9 'Cmp' <Latency = 0> <II = 1> <Delay = 1.08> <FuncUnit> <Opcode : 'seteq' 'setne' 'setle' 'setge' 'setlt' 'setgt'> <InPorts = 2> <OutPorts = 1>
ST_2 : Operation 46 [1/1] (0.00ns)   --->   "%line_buffer_1_addr = getelementptr i8 %line_buffer_1, i64 0, i64 %zext_ln53" [hls_filter_median.cpp:53]   --->   Operation 46 'getelementptr' 'line_buffer_1_addr' <Predicate = (!icmp_ln31)> <Delay = 0.00>
ST_2 : Operation 47 [1/1] (0.00ns)   --->   "%reuse_addr_reg_load = load i64 %reuse_addr_reg"   --->   Operation 47 'load' 'reuse_addr_reg_load' <Predicate = (!icmp_ln31)> <Delay = 0.00>
ST_2 : Operation 48 [2/2] (1.23ns)   --->   "%line_buffer_1_load = load i13 %line_buffer_1_addr" [hls_filter_median.cpp:53]   --->   Operation 48 'load' 'line_buffer_1_load' <Predicate = (!icmp_ln31)> <Delay = 1.23> <CoreInst = "RAM">   --->   Core 82 'RAM' <Latency = 1> <II = 1> <Delay = 1.23> <Storage> <Opcode : 'load' 'store'> <Ports = 2> <Width = 8> <Depth = 7680> <RAM>
ST_2 : Operation 49 [1/1] (1.08ns)   --->   "%addr_cmp = icmp_eq  i64 %reuse_addr_reg_load, i64 %zext_ln53" [hls_filter_median.cpp:53]   --->   Operation 49 'icmp' 'addr_cmp' <Predicate = (!icmp_ln31)> <Delay = 1.08> <CoreInst = "Cmp">   --->   Core 9 'Cmp' <Latency = 0> <II = 1> <Delay = 1.08> <FuncUnit> <Opcode : 'seteq' 'setne' 'setle' 'setge' 'setlt' 'setgt'> <InPorts = 2> <OutPorts = 1>
ST_2 : Operation 50 [1/1] (0.42ns)   --->   "%store_ln53 = store i64 %zext_ln53, i64 %reuse_addr_reg5" [hls_filter_median.cpp:53]   --->   Operation 50 'store' 'store_ln53' <Predicate = (!icmp_ln31)> <Delay = 0.42>
ST_2 : Operation 51 [1/1] (0.42ns)   --->   "%store_ln53 = store i64 %zext_ln53, i64 %reuse_addr_reg" [hls_filter_median.cpp:53]   --->   Operation 51 'store' 'store_ln53' <Predicate = (!icmp_ln31)> <Delay = 0.42>
ST_2 : Operation 52 [1/1] (0.00ns)   --->   "%tmp = partselect i12 @_ssdm_op_PartSelect.i12.i13.i32.i32, i13 %x_3, i32 1, i32 12" [hls_filter_median.cpp:99]   --->   Operation 52 'partselect' 'tmp' <Predicate = (!icmp_ln31)> <Delay = 0.00>
ST_2 : Operation 53 [1/1] (0.80ns)   --->   "%icmp_ln99 = icmp_ne  i12 %tmp, i12 0" [hls_filter_median.cpp:99]   --->   Operation 53 'icmp' 'icmp_ln99' <Predicate = (!icmp_ln31)> <Delay = 0.80> <CoreInst = "Cmp">   --->   Core 9 'Cmp' <Latency = 0> <II = 1> <Delay = 0.80> <FuncUnit> <Opcode : 'seteq' 'setne' 'setle' 'setge' 'setlt' 'setgt'> <InPorts = 2> <OutPorts = 1>
ST_2 : Operation 54 [1/1] (0.00ns)   --->   "%tmp_2 = partselect i12 @_ssdm_op_PartSelect.i12.i13.i32.i32, i13 %y_3, i32 1, i32 12" [hls_filter_median.cpp:99]   --->   Operation 54 'partselect' 'tmp_2' <Predicate = (!icmp_ln31)> <Delay = 0.00>
ST_2 : Operation 55 [1/1] (0.80ns)   --->   "%icmp_ln99_1 = icmp_ne  i12 %tmp_2, i12 0" [hls_filter_median.cpp:99]   --->   Operation 55 'icmp' 'icmp_ln99_1' <Predicate = (!icmp_ln31)> <Delay = 0.80> <CoreInst = "Cmp">   --->   Core 9 'Cmp' <Latency = 0> <II = 1> <Delay = 0.80> <FuncUnit> <Opcode : 'seteq' 'setne' 'setle' 'setge' 'setlt' 'setgt'> <InPorts = 2> <OutPorts = 1>
ST_2 : Operation 56 [1/1] (0.28ns)   --->   "%and_ln99 = and i1 %icmp_ln99, i1 %icmp_ln99_1" [hls_filter_median.cpp:99]   --->   Operation 56 'and' 'and_ln99' <Predicate = (!icmp_ln31)> <Delay = 0.28> <CoreInst = "LogicGate">   --->   Core 74 'LogicGate' <Latency = 0> <II = 1> <Delay = 0.28> <FuncUnit> <Opcode : 'and' 'or' 'xor'> <InPorts = 2> <OutPorts = 1>
ST_2 : Operation 57 [1/1] (0.00ns)   --->   "%zext_ln117 = zext i13 %x_3" [hls_filter_median.cpp:117]   --->   Operation 57 'zext' 'zext_ln117' <Predicate = (!icmp_ln31)> <Delay = 0.00>
ST_2 : Operation 58 [1/1] (0.83ns)   --->   "%icmp_ln117 = icmp_eq  i14 %add_ln117_read, i14 %zext_ln117" [hls_filter_median.cpp:117]   --->   Operation 58 'icmp' 'icmp_ln117' <Predicate = (!icmp_ln31)> <Delay = 0.83> <CoreInst = "Cmp">   --->   Core 9 'Cmp' <Latency = 0> <II = 1> <Delay = 0.83> <FuncUnit> <Opcode : 'seteq' 'setne' 'setle' 'setge' 'setlt' 'setgt'> <InPorts = 2> <OutPorts = 1>
ST_2 : Operation 59 [1/1] (0.00ns)   --->   "%br_ln99 = br i1 %and_ln99, void %if.end, void %if.then" [hls_filter_median.cpp:99]   --->   Operation 59 'br' 'br_ln99' <Predicate = (!icmp_ln31)> <Delay = 0.00>
ST_2 : Operation 60 [1/1] (0.82ns)   --->   "%y_4 = add i13 %y_3, i13 1" [hls_filter_median.cpp:119]   --->   Operation 60 'add' 'y_4' <Predicate = (!icmp_ln31)> <Delay = 0.82> <CoreInst = "Adder">   --->   Core 1 'Adder' <Latency = 0> <II = 1> <Delay = 0.82> <FuncUnit> <Opcode : 'add' 'sub'> <InPorts = 2> <OutPorts = 1>
ST_2 : Operation 61 [1/1] (0.82ns)   --->   "%x_4 = add i13 %x_3, i13 1" [hls_filter_median.cpp:121]   --->   Operation 61 'add' 'x_4' <Predicate = (!icmp_ln31)> <Delay = 0.82> <CoreInst = "Adder">   --->   Core 1 'Adder' <Latency = 0> <II = 1> <Delay = 0.82> <FuncUnit> <Opcode : 'add' 'sub'> <InPorts = 2> <OutPorts = 1>
ST_2 : Operation 62 [1/1] (0.30ns)   --->   "%x_5 = select i1 %icmp_ln117, i13 0, i13 %x_4" [hls_filter_median.cpp:117]   --->   Operation 62 'select' 'x_5' <Predicate = (!icmp_ln31)> <Delay = 0.30> <CoreInst = "Sel">   --->   Core 73 'Sel' <Latency = 0> <II = 1> <Delay = 0.30> <FuncUnit> <Opcode : 'select'> <InPorts = 3> <OutPorts = 1>
ST_2 : Operation 63 [1/1] (0.30ns)   --->   "%y_5 = select i1 %icmp_ln117, i13 %y_4, i13 %y_3" [hls_filter_median.cpp:117]   --->   Operation 63 'select' 'y_5' <Predicate = (!icmp_ln31)> <Delay = 0.30> <CoreInst = "Sel">   --->   Core 73 'Sel' <Latency = 0> <II = 1> <Delay = 0.30> <FuncUnit> <Opcode : 'select'> <InPorts = 3> <OutPorts = 1>
ST_2 : Operation 64 [1/1] (0.42ns)   --->   "%store_ln31 = store i26 %i_1, i26 %i" [hls_filter_median.cpp:31]   --->   Operation 64 'store' 'store_ln31' <Predicate = (!icmp_ln31)> <Delay = 0.42>
ST_2 : Operation 65 [1/1] (0.42ns)   --->   "%store_ln25 = store i13 %y_5, i13 %y" [hls_filter_median.cpp:25]   --->   Operation 65 'store' 'store_ln25' <Predicate = (!icmp_ln31)> <Delay = 0.42>
ST_2 : Operation 66 [1/1] (0.42ns)   --->   "%store_ln24 = store i13 %x_5, i13 %x" [hls_filter_median.cpp:24]   --->   Operation 66 'store' 'store_ln24' <Predicate = (!icmp_ln31)> <Delay = 0.42>

State 3 <SV = 2> <Delay = 6.26>
ST_3 : Operation 67 [1/1] (0.00ns)   --->   "%b_3 = load i8 %b" [./hls_filter_median.hpp:163->./hls_filter_median.hpp:170->hls_filter_median.cpp:76]   --->   Operation 67 'load' 'b_3' <Predicate = true> <Delay = 0.00>
ST_3 : Operation 68 [1/1] (0.00ns)   --->   "%b_4 = load i8 %b_1" [./hls_filter_median.hpp:163->./hls_filter_median.hpp:170->hls_filter_median.cpp:76]   --->   Operation 68 'load' 'b_4' <Predicate = true> <Delay = 0.00>
ST_3 : Operation 69 [1/1] (0.00ns)   --->   "%b_5 = load i8 %b_2" [./hls_filter_median.hpp:163->./hls_filter_median.hpp:170->hls_filter_median.cpp:76]   --->   Operation 69 'load' 'b_5' <Predicate = true> <Delay = 0.00>
ST_3 : Operation 70 [1/1] (0.00ns)   --->   "%a_load = load i8 %a" [./hls_filter_median.hpp:163->./hls_filter_median.hpp:170->hls_filter_median.cpp:76]   --->   Operation 70 'load' 'a_load' <Predicate = (!icmp_ln31)> <Delay = 0.00>
ST_3 : Operation 71 [1/1] (0.00ns)   --->   "%a_1_load = load i8 %a_1" [./hls_filter_median.hpp:163->./hls_filter_median.hpp:170->hls_filter_median.cpp:76]   --->   Operation 71 'load' 'a_1_load' <Predicate = (!icmp_ln31)> <Delay = 0.00>
ST_3 : Operation 72 [1/1] (0.00ns)   --->   "%a_2_load = load i8 %a_2" [./hls_filter_median.hpp:163->./hls_filter_median.hpp:170->hls_filter_median.cpp:76]   --->   Operation 72 'load' 'a_2_load' <Predicate = (!icmp_ln31)> <Delay = 0.00>
ST_3 : Operation 73 [1/1] ( I:0.07ns O:0.07ns )   --->   "%s_axis_video_read = read i24 @_ssdm_op_Read.axis.volatile.i24P128A, i24 %s_axis_video" [hls_filter_median.cpp:39]   --->   Operation 73 'read' 's_axis_video_read' <Predicate = (!icmp_ln31)> <Delay = 0.07> <CoreInst = "regslice">   --->   Core 147 'regslice' <Latency = 0> <II = 1> <Delay = 0.62> <Adapter> <Opcode : 'read' 'write'>
ST_3 : Operation 74 [1/1] (0.00ns)   --->   "%new_pixel = trunc i24 %s_axis_video_read" [hls_filter_median.cpp:39]   --->   Operation 74 'trunc' 'new_pixel' <Predicate = (!icmp_ln31)> <Delay = 0.00>
ST_3 : Operation 75 [1/1] (0.00ns)   --->   "%reuse_reg4_load = load i8 %reuse_reg4"   --->   Operation 75 'load' 'reuse_reg4_load' <Predicate = (!icmp_ln31 & addr_cmp8)> <Delay = 0.00>
ST_3 : Operation 76 [1/2] ( I:1.23ns O:1.23ns )   --->   "%line_buffer_load = load i13 %line_buffer_addr" [hls_filter_median.cpp:53]   --->   Operation 76 'load' 'line_buffer_load' <Predicate = (!icmp_ln31)> <Delay = 1.23> <CoreInst = "RAM">   --->   Core 82 'RAM' <Latency = 1> <II = 1> <Delay = 1.23> <Storage> <Opcode : 'load' 'store'> <Ports = 2> <Width = 8> <Depth = 7680> <RAM>
ST_3 : Operation 77 [1/1] (0.39ns)   --->   "%c = select i1 %addr_cmp8, i8 %reuse_reg4_load, i8 %line_buffer_load" [hls_filter_median.cpp:53]   --->   Operation 77 'select' 'c' <Predicate = (!icmp_ln31)> <Delay = 0.39> <CoreInst = "Sel">   --->   Core 73 'Sel' <Latency = 0> <II = 1> <Delay = 0.39> <FuncUnit> <Opcode : 'select'> <InPorts = 3> <OutPorts = 1>
ST_3 : Operation 78 [1/1] (0.00ns)   --->   "%reuse_reg_load = load i8 %reuse_reg"   --->   Operation 78 'load' 'reuse_reg_load' <Predicate = (!icmp_ln31 & addr_cmp)> <Delay = 0.00>
ST_3 : Operation 79 [1/2] ( I:1.23ns O:1.23ns )   --->   "%line_buffer_1_load = load i13 %line_buffer_1_addr" [hls_filter_median.cpp:53]   --->   Operation 79 'load' 'line_buffer_1_load' <Predicate = (!icmp_ln31)> <Delay = 1.23> <CoreInst = "RAM">   --->   Core 82 'RAM' <Latency = 1> <II = 1> <Delay = 1.23> <Storage> <Opcode : 'load' 'store'> <Ports = 2> <Width = 8> <Depth = 7680> <RAM>
ST_3 : Operation 80 [1/1] (0.39ns)   --->   "%c_1 = select i1 %addr_cmp, i8 %reuse_reg_load, i8 %line_buffer_1_load" [hls_filter_median.cpp:53]   --->   Operation 80 'select' 'c_1' <Predicate = (!icmp_ln31)> <Delay = 0.39> <CoreInst = "Sel">   --->   Core 73 'Sel' <Latency = 0> <II = 1> <Delay = 0.39> <FuncUnit> <Opcode : 'select'> <InPorts = 3> <OutPorts = 1>
ST_3 : Operation 81 [1/1] ( I:1.23ns O:1.23ns )   --->   "%store_ln61 = store i8 %c_1, i13 %line_buffer_addr" [hls_filter_median.cpp:61]   --->   Operation 81 'store' 'store_ln61' <Predicate = (!icmp_ln31)> <Delay = 1.23> <CoreInst = "RAM">   --->   Core 82 'RAM' <Latency = 1> <II = 1> <Delay = 1.23> <Storage> <Opcode : 'load' 'store'> <Ports = 2> <Width = 8> <Depth = 7680> <RAM>
ST_3 : Operation 82 [1/1] (0.42ns)   --->   "%store_ln53 = store i8 %c_1, i8 %reuse_reg4" [hls_filter_median.cpp:53]   --->   Operation 82 'store' 'store_ln53' <Predicate = (!icmp_ln31)> <Delay = 0.42>
ST_3 : Operation 83 [1/1] ( I:1.23ns O:1.23ns )   --->   "%store_ln64 = store i8 %new_pixel, i13 %line_buffer_1_addr" [hls_filter_median.cpp:64]   --->   Operation 83 'store' 'store_ln64' <Predicate = (!icmp_ln31)> <Delay = 1.23> <CoreInst = "RAM">   --->   Core 82 'RAM' <Latency = 1> <II = 1> <Delay = 1.23> <Storage> <Opcode : 'load' 'store'> <Ports = 2> <Width = 8> <Depth = 7680> <RAM>
ST_3 : Operation 84 [1/1] (0.42ns)   --->   "%store_ln39 = store i8 %new_pixel, i8 %reuse_reg" [hls_filter_median.cpp:39]   --->   Operation 84 'store' 'store_ln39' <Predicate = (!icmp_ln31)> <Delay = 0.42>
ST_3 : Operation 85 [1/1] (0.76ns)   --->   "%icmp_ln155 = icmp_ult  i8 %a_load, i8 %b_3" [./hls_filter_median.hpp:155->./hls_filter_median.hpp:169->hls_filter_median.cpp:76]   --->   Operation 85 'icmp' 'icmp_ln155' <Predicate = (!icmp_ln31)> <Delay = 0.76> <CoreInst = "Cmp">   --->   Core 9 'Cmp' <Latency = 0> <II = 1> <Delay = 0.76> <FuncUnit> <Opcode : 'seteq' 'setne' 'setle' 'setge' 'setlt' 'setgt'> <InPorts = 2> <OutPorts = 1>
ST_3 : Operation 86 [1/1] (0.39ns)   --->   "%tmp_min1 = select i1 %icmp_ln155, i8 %a_load, i8 %b_3" [./hls_filter_median.hpp:155->./hls_filter_median.hpp:169->hls_filter_median.cpp:76]   --->   Operation 86 'select' 'tmp_min1' <Predicate = (!icmp_ln31)> <Delay = 0.39> <CoreInst = "Sel">   --->   Core 73 'Sel' <Latency = 0> <II = 1> <Delay = 0.39> <FuncUnit> <Opcode : 'select'> <InPorts = 3> <OutPorts = 1>
ST_3 : Operation 87 [1/1] (0.76ns)   --->   "%icmp_ln163 = icmp_ugt  i8 %a_load, i8 %b_3" [./hls_filter_median.hpp:163->./hls_filter_median.hpp:170->hls_filter_median.cpp:76]   --->   Operation 87 'icmp' 'icmp_ln163' <Predicate = (!icmp_ln31)> <Delay = 0.76> <CoreInst = "Cmp">   --->   Core 9 'Cmp' <Latency = 0> <II = 1> <Delay = 0.76> <FuncUnit> <Opcode : 'seteq' 'setne' 'setle' 'setge' 'setlt' 'setgt'> <InPorts = 2> <OutPorts = 1>
ST_3 : Operation 88 [1/1] (0.39ns)   --->   "%tmp_max1 = select i1 %icmp_ln163, i8 %a_load, i8 %b_3" [./hls_filter_median.hpp:163->./hls_filter_median.hpp:170->hls_filter_median.cpp:76]   --->   Operation 88 'select' 'tmp_max1' <Predicate = (!icmp_ln31)> <Delay = 0.39> <CoreInst = "Sel">   --->   Core 73 'Sel' <Latency = 0> <II = 1> <Delay = 0.39> <FuncUnit> <Opcode : 'select'> <InPorts = 3> <OutPorts = 1>
ST_3 : Operation 89 [1/1] (0.76ns)   --->   "%icmp_ln155_1 = icmp_ult  i8 %tmp_min1, i8 %c" [./hls_filter_median.hpp:155->./hls_filter_median.hpp:172->hls_filter_median.cpp:76]   --->   Operation 89 'icmp' 'icmp_ln155_1' <Predicate = (!icmp_ln31)> <Delay = 0.76> <CoreInst = "Cmp">   --->   Core 9 'Cmp' <Latency = 0> <II = 1> <Delay = 0.76> <FuncUnit> <Opcode : 'seteq' 'setne' 'setle' 'setge' 'setlt' 'setgt'> <InPorts = 2> <OutPorts = 1>
ST_3 : Operation 90 [1/1] (0.39ns)   --->   "%min = select i1 %icmp_ln155_1, i8 %tmp_min1, i8 %c" [./hls_filter_median.hpp:155->./hls_filter_median.hpp:172->hls_filter_median.cpp:76]   --->   Operation 90 'select' 'min' <Predicate = (!icmp_ln31)> <Delay = 0.39> <CoreInst = "Sel">   --->   Core 73 'Sel' <Latency = 0> <II = 1> <Delay = 0.39> <FuncUnit> <Opcode : 'select'> <InPorts = 3> <OutPorts = 1>
ST_3 : Operation 91 [1/1] (0.76ns)   --->   "%icmp_ln163_1 = icmp_ugt  i8 %tmp_min1, i8 %c" [./hls_filter_median.hpp:163->./hls_filter_median.hpp:173->hls_filter_median.cpp:76]   --->   Operation 91 'icmp' 'icmp_ln163_1' <Predicate = (!icmp_ln31)> <Delay = 0.76> <CoreInst = "Cmp">   --->   Core 9 'Cmp' <Latency = 0> <II = 1> <Delay = 0.76> <FuncUnit> <Opcode : 'seteq' 'setne' 'setle' 'setge' 'setlt' 'setgt'> <InPorts = 2> <OutPorts = 1>
ST_3 : Operation 92 [1/1] (0.39ns)   --->   "%tmp_max2 = select i1 %icmp_ln163_1, i8 %tmp_min1, i8 %c" [./hls_filter_median.hpp:163->./hls_filter_median.hpp:173->hls_filter_median.cpp:76]   --->   Operation 92 'select' 'tmp_max2' <Predicate = (!icmp_ln31)> <Delay = 0.39> <CoreInst = "Sel">   --->   Core 73 'Sel' <Latency = 0> <II = 1> <Delay = 0.39> <FuncUnit> <Opcode : 'select'> <InPorts = 3> <OutPorts = 1>
ST_3 : Operation 93 [1/1] (0.76ns)   --->   "%icmp_ln155_2 = icmp_ult  i8 %tmp_max1, i8 %tmp_max2" [./hls_filter_median.hpp:155->./hls_filter_median.hpp:175->hls_filter_median.cpp:76]   --->   Operation 93 'icmp' 'icmp_ln155_2' <Predicate = (!icmp_ln31)> <Delay = 0.76> <CoreInst = "Cmp">   --->   Core 9 'Cmp' <Latency = 0> <II = 1> <Delay = 0.76> <FuncUnit> <Opcode : 'seteq' 'setne' 'setle' 'setge' 'setlt' 'setgt'> <InPorts = 2> <OutPorts = 1>
ST_3 : Operation 94 [1/1] (0.39ns)   --->   "%med = select i1 %icmp_ln155_2, i8 %tmp_max1, i8 %tmp_max2" [./hls_filter_median.hpp:155->./hls_filter_median.hpp:175->hls_filter_median.cpp:76]   --->   Operation 94 'select' 'med' <Predicate = (!icmp_ln31)> <Delay = 0.39> <CoreInst = "Sel">   --->   Core 73 'Sel' <Latency = 0> <II = 1> <Delay = 0.39> <FuncUnit> <Opcode : 'select'> <InPorts = 3> <OutPorts = 1>
ST_3 : Operation 95 [1/1] (0.76ns)   --->   "%icmp_ln163_2 = icmp_ugt  i8 %tmp_max1, i8 %tmp_max2" [./hls_filter_median.hpp:163->./hls_filter_median.hpp:176->hls_filter_median.cpp:76]   --->   Operation 95 'icmp' 'icmp_ln163_2' <Predicate = (!icmp_ln31)> <Delay = 0.76> <CoreInst = "Cmp">   --->   Core 9 'Cmp' <Latency = 0> <II = 1> <Delay = 0.76> <FuncUnit> <Opcode : 'seteq' 'setne' 'setle' 'setge' 'setlt' 'setgt'> <InPorts = 2> <OutPorts = 1>
ST_3 : Operation 96 [1/1] (0.39ns)   --->   "%max = select i1 %icmp_ln163_2, i8 %tmp_max1, i8 %tmp_max2" [./hls_filter_median.hpp:163->./hls_filter_median.hpp:176->hls_filter_median.cpp:76]   --->   Operation 96 'select' 'max' <Predicate = (!icmp_ln31)> <Delay = 0.39> <CoreInst = "Sel">   --->   Core 73 'Sel' <Latency = 0> <II = 1> <Delay = 0.39> <FuncUnit> <Opcode : 'select'> <InPorts = 3> <OutPorts = 1>
ST_3 : Operation 97 [1/1] (0.76ns)   --->   "%icmp_ln155_3 = icmp_ult  i8 %a_1_load, i8 %b_4" [./hls_filter_median.hpp:155->./hls_filter_median.hpp:169->hls_filter_median.cpp:76]   --->   Operation 97 'icmp' 'icmp_ln155_3' <Predicate = (!icmp_ln31)> <Delay = 0.76> <CoreInst = "Cmp">   --->   Core 9 'Cmp' <Latency = 0> <II = 1> <Delay = 0.76> <FuncUnit> <Opcode : 'seteq' 'setne' 'setle' 'setge' 'setlt' 'setgt'> <InPorts = 2> <OutPorts = 1>
ST_3 : Operation 98 [1/1] (0.39ns)   --->   "%tmp_min1_1 = select i1 %icmp_ln155_3, i8 %a_1_load, i8 %b_4" [./hls_filter_median.hpp:155->./hls_filter_median.hpp:169->hls_filter_median.cpp:76]   --->   Operation 98 'select' 'tmp_min1_1' <Predicate = (!icmp_ln31)> <Delay = 0.39> <CoreInst = "Sel">   --->   Core 73 'Sel' <Latency = 0> <II = 1> <Delay = 0.39> <FuncUnit> <Opcode : 'select'> <InPorts = 3> <OutPorts = 1>
ST_3 : Operation 99 [1/1] (0.76ns)   --->   "%icmp_ln163_3 = icmp_ugt  i8 %a_1_load, i8 %b_4" [./hls_filter_median.hpp:163->./hls_filter_median.hpp:170->hls_filter_median.cpp:76]   --->   Operation 99 'icmp' 'icmp_ln163_3' <Predicate = (!icmp_ln31)> <Delay = 0.76> <CoreInst = "Cmp">   --->   Core 9 'Cmp' <Latency = 0> <II = 1> <Delay = 0.76> <FuncUnit> <Opcode : 'seteq' 'setne' 'setle' 'setge' 'setlt' 'setgt'> <InPorts = 2> <OutPorts = 1>
ST_3 : Operation 100 [1/1] (0.39ns)   --->   "%tmp_max1_1 = select i1 %icmp_ln163_3, i8 %a_1_load, i8 %b_4" [./hls_filter_median.hpp:163->./hls_filter_median.hpp:170->hls_filter_median.cpp:76]   --->   Operation 100 'select' 'tmp_max1_1' <Predicate = (!icmp_ln31)> <Delay = 0.39> <CoreInst = "Sel">   --->   Core 73 'Sel' <Latency = 0> <II = 1> <Delay = 0.39> <FuncUnit> <Opcode : 'select'> <InPorts = 3> <OutPorts = 1>
ST_3 : Operation 101 [1/1] (0.76ns)   --->   "%icmp_ln155_4 = icmp_ult  i8 %tmp_min1_1, i8 %c_1" [./hls_filter_median.hpp:155->./hls_filter_median.hpp:172->hls_filter_median.cpp:76]   --->   Operation 101 'icmp' 'icmp_ln155_4' <Predicate = (!icmp_ln31)> <Delay = 0.76> <CoreInst = "Cmp">   --->   Core 9 'Cmp' <Latency = 0> <II = 1> <Delay = 0.76> <FuncUnit> <Opcode : 'seteq' 'setne' 'setle' 'setge' 'setlt' 'setgt'> <InPorts = 2> <OutPorts = 1>
ST_3 : Operation 102 [1/1] (0.39ns)   --->   "%min_3 = select i1 %icmp_ln155_4, i8 %tmp_min1_1, i8 %c_1" [./hls_filter_median.hpp:155->./hls_filter_median.hpp:172->hls_filter_median.cpp:76]   --->   Operation 102 'select' 'min_3' <Predicate = (!icmp_ln31)> <Delay = 0.39> <CoreInst = "Sel">   --->   Core 73 'Sel' <Latency = 0> <II = 1> <Delay = 0.39> <FuncUnit> <Opcode : 'select'> <InPorts = 3> <OutPorts = 1>
ST_3 : Operation 103 [1/1] (0.76ns)   --->   "%icmp_ln163_4 = icmp_ugt  i8 %tmp_min1_1, i8 %c_1" [./hls_filter_median.hpp:163->./hls_filter_median.hpp:173->hls_filter_median.cpp:76]   --->   Operation 103 'icmp' 'icmp_ln163_4' <Predicate = (!icmp_ln31)> <Delay = 0.76> <CoreInst = "Cmp">   --->   Core 9 'Cmp' <Latency = 0> <II = 1> <Delay = 0.76> <FuncUnit> <Opcode : 'seteq' 'setne' 'setle' 'setge' 'setlt' 'setgt'> <InPorts = 2> <OutPorts = 1>
ST_3 : Operation 104 [1/1] (0.39ns)   --->   "%tmp_max2_1 = select i1 %icmp_ln163_4, i8 %tmp_min1_1, i8 %c_1" [./hls_filter_median.hpp:163->./hls_filter_median.hpp:173->hls_filter_median.cpp:76]   --->   Operation 104 'select' 'tmp_max2_1' <Predicate = (!icmp_ln31)> <Delay = 0.39> <CoreInst = "Sel">   --->   Core 73 'Sel' <Latency = 0> <II = 1> <Delay = 0.39> <FuncUnit> <Opcode : 'select'> <InPorts = 3> <OutPorts = 1>
ST_3 : Operation 105 [1/1] (0.76ns)   --->   "%icmp_ln155_5 = icmp_ult  i8 %tmp_max1_1, i8 %tmp_max2_1" [./hls_filter_median.hpp:155->./hls_filter_median.hpp:175->hls_filter_median.cpp:76]   --->   Operation 105 'icmp' 'icmp_ln155_5' <Predicate = (!icmp_ln31)> <Delay = 0.76> <CoreInst = "Cmp">   --->   Core 9 'Cmp' <Latency = 0> <II = 1> <Delay = 0.76> <FuncUnit> <Opcode : 'seteq' 'setne' 'setle' 'setge' 'setlt' 'setgt'> <InPorts = 2> <OutPorts = 1>
ST_3 : Operation 106 [1/1] (0.39ns)   --->   "%med_3 = select i1 %icmp_ln155_5, i8 %tmp_max1_1, i8 %tmp_max2_1" [./hls_filter_median.hpp:155->./hls_filter_median.hpp:175->hls_filter_median.cpp:76]   --->   Operation 106 'select' 'med_3' <Predicate = (!icmp_ln31)> <Delay = 0.39> <CoreInst = "Sel">   --->   Core 73 'Sel' <Latency = 0> <II = 1> <Delay = 0.39> <FuncUnit> <Opcode : 'select'> <InPorts = 3> <OutPorts = 1>
ST_3 : Operation 107 [1/1] (0.76ns)   --->   "%icmp_ln163_5 = icmp_ugt  i8 %tmp_max1_1, i8 %tmp_max2_1" [./hls_filter_median.hpp:163->./hls_filter_median.hpp:176->hls_filter_median.cpp:76]   --->   Operation 107 'icmp' 'icmp_ln163_5' <Predicate = (!icmp_ln31)> <Delay = 0.76> <CoreInst = "Cmp">   --->   Core 9 'Cmp' <Latency = 0> <II = 1> <Delay = 0.76> <FuncUnit> <Opcode : 'seteq' 'setne' 'setle' 'setge' 'setlt' 'setgt'> <InPorts = 2> <OutPorts = 1>
ST_3 : Operation 108 [1/1] (0.39ns)   --->   "%max_3 = select i1 %icmp_ln163_5, i8 %tmp_max1_1, i8 %tmp_max2_1" [./hls_filter_median.hpp:163->./hls_filter_median.hpp:176->hls_filter_median.cpp:76]   --->   Operation 108 'select' 'max_3' <Predicate = (!icmp_ln31)> <Delay = 0.39> <CoreInst = "Sel">   --->   Core 73 'Sel' <Latency = 0> <II = 1> <Delay = 0.39> <FuncUnit> <Opcode : 'select'> <InPorts = 3> <OutPorts = 1>
ST_3 : Operation 109 [1/1] (0.76ns)   --->   "%icmp_ln155_6 = icmp_ult  i8 %a_2_load, i8 %b_5" [./hls_filter_median.hpp:155->./hls_filter_median.hpp:169->hls_filter_median.cpp:76]   --->   Operation 109 'icmp' 'icmp_ln155_6' <Predicate = (!icmp_ln31)> <Delay = 0.76> <CoreInst = "Cmp">   --->   Core 9 'Cmp' <Latency = 0> <II = 1> <Delay = 0.76> <FuncUnit> <Opcode : 'seteq' 'setne' 'setle' 'setge' 'setlt' 'setgt'> <InPorts = 2> <OutPorts = 1>
ST_3 : Operation 110 [1/1] (0.39ns)   --->   "%tmp_min1_2 = select i1 %icmp_ln155_6, i8 %a_2_load, i8 %b_5" [./hls_filter_median.hpp:155->./hls_filter_median.hpp:169->hls_filter_median.cpp:76]   --->   Operation 110 'select' 'tmp_min1_2' <Predicate = (!icmp_ln31)> <Delay = 0.39> <CoreInst = "Sel">   --->   Core 73 'Sel' <Latency = 0> <II = 1> <Delay = 0.39> <FuncUnit> <Opcode : 'select'> <InPorts = 3> <OutPorts = 1>
ST_3 : Operation 111 [1/1] (0.76ns)   --->   "%icmp_ln163_6 = icmp_ugt  i8 %a_2_load, i8 %b_5" [./hls_filter_median.hpp:163->./hls_filter_median.hpp:170->hls_filter_median.cpp:76]   --->   Operation 111 'icmp' 'icmp_ln163_6' <Predicate = (!icmp_ln31)> <Delay = 0.76> <CoreInst = "Cmp">   --->   Core 9 'Cmp' <Latency = 0> <II = 1> <Delay = 0.76> <FuncUnit> <Opcode : 'seteq' 'setne' 'setle' 'setge' 'setlt' 'setgt'> <InPorts = 2> <OutPorts = 1>
ST_3 : Operation 112 [1/1] (0.39ns)   --->   "%tmp_max1_2 = select i1 %icmp_ln163_6, i8 %a_2_load, i8 %b_5" [./hls_filter_median.hpp:163->./hls_filter_median.hpp:170->hls_filter_median.cpp:76]   --->   Operation 112 'select' 'tmp_max1_2' <Predicate = (!icmp_ln31)> <Delay = 0.39> <CoreInst = "Sel">   --->   Core 73 'Sel' <Latency = 0> <II = 1> <Delay = 0.39> <FuncUnit> <Opcode : 'select'> <InPorts = 3> <OutPorts = 1>
ST_3 : Operation 113 [1/1] (0.76ns)   --->   "%icmp_ln155_7 = icmp_ult  i8 %tmp_min1_2, i8 %new_pixel" [./hls_filter_median.hpp:155->./hls_filter_median.hpp:172->hls_filter_median.cpp:76]   --->   Operation 113 'icmp' 'icmp_ln155_7' <Predicate = (!icmp_ln31)> <Delay = 0.76> <CoreInst = "Cmp">   --->   Core 9 'Cmp' <Latency = 0> <II = 1> <Delay = 0.76> <FuncUnit> <Opcode : 'seteq' 'setne' 'setle' 'setge' 'setlt' 'setgt'> <InPorts = 2> <OutPorts = 1>
ST_3 : Operation 114 [1/1] (0.39ns)   --->   "%min_4 = select i1 %icmp_ln155_7, i8 %tmp_min1_2, i8 %new_pixel" [./hls_filter_median.hpp:155->./hls_filter_median.hpp:172->hls_filter_median.cpp:76]   --->   Operation 114 'select' 'min_4' <Predicate = (!icmp_ln31)> <Delay = 0.39> <CoreInst = "Sel">   --->   Core 73 'Sel' <Latency = 0> <II = 1> <Delay = 0.39> <FuncUnit> <Opcode : 'select'> <InPorts = 3> <OutPorts = 1>
ST_3 : Operation 115 [1/1] (0.76ns)   --->   "%icmp_ln163_7 = icmp_ugt  i8 %tmp_min1_2, i8 %new_pixel" [./hls_filter_median.hpp:163->./hls_filter_median.hpp:173->hls_filter_median.cpp:76]   --->   Operation 115 'icmp' 'icmp_ln163_7' <Predicate = (!icmp_ln31)> <Delay = 0.76> <CoreInst = "Cmp">   --->   Core 9 'Cmp' <Latency = 0> <II = 1> <Delay = 0.76> <FuncUnit> <Opcode : 'seteq' 'setne' 'setle' 'setge' 'setlt' 'setgt'> <InPorts = 2> <OutPorts = 1>
ST_3 : Operation 116 [1/1] (0.39ns)   --->   "%tmp_max2_2 = select i1 %icmp_ln163_7, i8 %tmp_min1_2, i8 %new_pixel" [./hls_filter_median.hpp:163->./hls_filter_median.hpp:173->hls_filter_median.cpp:76]   --->   Operation 116 'select' 'tmp_max2_2' <Predicate = (!icmp_ln31)> <Delay = 0.39> <CoreInst = "Sel">   --->   Core 73 'Sel' <Latency = 0> <II = 1> <Delay = 0.39> <FuncUnit> <Opcode : 'select'> <InPorts = 3> <OutPorts = 1>
ST_3 : Operation 117 [1/1] (0.76ns)   --->   "%icmp_ln155_8 = icmp_ult  i8 %tmp_max1_2, i8 %tmp_max2_2" [./hls_filter_median.hpp:155->./hls_filter_median.hpp:175->hls_filter_median.cpp:76]   --->   Operation 117 'icmp' 'icmp_ln155_8' <Predicate = (!icmp_ln31)> <Delay = 0.76> <CoreInst = "Cmp">   --->   Core 9 'Cmp' <Latency = 0> <II = 1> <Delay = 0.76> <FuncUnit> <Opcode : 'seteq' 'setne' 'setle' 'setge' 'setlt' 'setgt'> <InPorts = 2> <OutPorts = 1>
ST_3 : Operation 118 [1/1] (0.39ns)   --->   "%med_4 = select i1 %icmp_ln155_8, i8 %tmp_max1_2, i8 %tmp_max2_2" [./hls_filter_median.hpp:155->./hls_filter_median.hpp:175->hls_filter_median.cpp:76]   --->   Operation 118 'select' 'med_4' <Predicate = (!icmp_ln31)> <Delay = 0.39> <CoreInst = "Sel">   --->   Core 73 'Sel' <Latency = 0> <II = 1> <Delay = 0.39> <FuncUnit> <Opcode : 'select'> <InPorts = 3> <OutPorts = 1>
ST_3 : Operation 119 [1/1] (0.76ns)   --->   "%icmp_ln163_8 = icmp_ugt  i8 %tmp_max1_2, i8 %tmp_max2_2" [./hls_filter_median.hpp:163->./hls_filter_median.hpp:176->hls_filter_median.cpp:76]   --->   Operation 119 'icmp' 'icmp_ln163_8' <Predicate = (!icmp_ln31)> <Delay = 0.76> <CoreInst = "Cmp">   --->   Core 9 'Cmp' <Latency = 0> <II = 1> <Delay = 0.76> <FuncUnit> <Opcode : 'seteq' 'setne' 'setle' 'setge' 'setlt' 'setgt'> <InPorts = 2> <OutPorts = 1>
ST_3 : Operation 120 [1/1] (0.39ns)   --->   "%max_4 = select i1 %icmp_ln163_8, i8 %tmp_max1_2, i8 %tmp_max2_2" [./hls_filter_median.hpp:163->./hls_filter_median.hpp:176->hls_filter_median.cpp:76]   --->   Operation 120 'select' 'max_4' <Predicate = (!icmp_ln31)> <Delay = 0.39> <CoreInst = "Sel">   --->   Core 73 'Sel' <Latency = 0> <II = 1> <Delay = 0.39> <FuncUnit> <Opcode : 'select'> <InPorts = 3> <OutPorts = 1>
ST_3 : Operation 121 [1/1] (0.76ns)   --->   "%icmp_ln155_9 = icmp_ult  i8 %min, i8 %min_3" [./hls_filter_median.hpp:155->./hls_filter_median.hpp:169->hls_filter_median.cpp:81]   --->   Operation 121 'icmp' 'icmp_ln155_9' <Predicate = (!icmp_ln31)> <Delay = 0.76> <CoreInst = "Cmp">   --->   Core 9 'Cmp' <Latency = 0> <II = 1> <Delay = 0.76> <FuncUnit> <Opcode : 'seteq' 'setne' 'setle' 'setge' 'setlt' 'setgt'> <InPorts = 2> <OutPorts = 1>
ST_3 : Operation 122 [1/1] (0.39ns)   --->   "%tmp_min1_3 = select i1 %icmp_ln155_9, i8 %min, i8 %min_3" [./hls_filter_median.hpp:155->./hls_filter_median.hpp:169->hls_filter_median.cpp:81]   --->   Operation 122 'select' 'tmp_min1_3' <Predicate = (!icmp_ln31)> <Delay = 0.39> <CoreInst = "Sel">   --->   Core 73 'Sel' <Latency = 0> <II = 1> <Delay = 0.39> <FuncUnit> <Opcode : 'select'> <InPorts = 3> <OutPorts = 1>
ST_3 : Operation 123 [1/1] (0.76ns)   --->   "%icmp_ln163_9 = icmp_ugt  i8 %min, i8 %min_3" [./hls_filter_median.hpp:163->./hls_filter_median.hpp:170->hls_filter_median.cpp:81]   --->   Operation 123 'icmp' 'icmp_ln163_9' <Predicate = (!icmp_ln31)> <Delay = 0.76> <CoreInst = "Cmp">   --->   Core 9 'Cmp' <Latency = 0> <II = 1> <Delay = 0.76> <FuncUnit> <Opcode : 'seteq' 'setne' 'setle' 'setge' 'setlt' 'setgt'> <InPorts = 2> <OutPorts = 1>
ST_3 : Operation 124 [1/1] (0.39ns)   --->   "%tmp_max1_3 = select i1 %icmp_ln163_9, i8 %min, i8 %min_3" [./hls_filter_median.hpp:163->./hls_filter_median.hpp:170->hls_filter_median.cpp:81]   --->   Operation 124 'select' 'tmp_max1_3' <Predicate = (!icmp_ln31)> <Delay = 0.39> <CoreInst = "Sel">   --->   Core 73 'Sel' <Latency = 0> <II = 1> <Delay = 0.39> <FuncUnit> <Opcode : 'select'> <InPorts = 3> <OutPorts = 1>
ST_3 : Operation 125 [1/1] (0.76ns)   --->   "%icmp_ln163_10 = icmp_ugt  i8 %tmp_min1_3, i8 %min_4" [./hls_filter_median.hpp:163->./hls_filter_median.hpp:173->hls_filter_median.cpp:81]   --->   Operation 125 'icmp' 'icmp_ln163_10' <Predicate = (!icmp_ln31)> <Delay = 0.76> <CoreInst = "Cmp">   --->   Core 9 'Cmp' <Latency = 0> <II = 1> <Delay = 0.76> <FuncUnit> <Opcode : 'seteq' 'setne' 'setle' 'setge' 'setlt' 'setgt'> <InPorts = 2> <OutPorts = 1>
ST_3 : Operation 126 [1/1] (0.39ns)   --->   "%tmp_max2_3 = select i1 %icmp_ln163_10, i8 %tmp_min1_3, i8 %min_4" [./hls_filter_median.hpp:163->./hls_filter_median.hpp:173->hls_filter_median.cpp:81]   --->   Operation 126 'select' 'tmp_max2_3' <Predicate = (!icmp_ln31)> <Delay = 0.39> <CoreInst = "Sel">   --->   Core 73 'Sel' <Latency = 0> <II = 1> <Delay = 0.39> <FuncUnit> <Opcode : 'select'> <InPorts = 3> <OutPorts = 1>
ST_3 : Operation 127 [1/1] (0.76ns)   --->   "%icmp_ln163_11 = icmp_ugt  i8 %tmp_max1_3, i8 %tmp_max2_3" [./hls_filter_median.hpp:163->./hls_filter_median.hpp:176->hls_filter_median.cpp:81]   --->   Operation 127 'icmp' 'icmp_ln163_11' <Predicate = (!icmp_ln31)> <Delay = 0.76> <CoreInst = "Cmp">   --->   Core 9 'Cmp' <Latency = 0> <II = 1> <Delay = 0.76> <FuncUnit> <Opcode : 'seteq' 'setne' 'setle' 'setge' 'setlt' 'setgt'> <InPorts = 2> <OutPorts = 1>
ST_3 : Operation 128 [1/1] (0.39ns)   --->   "%a_6 = select i1 %icmp_ln163_11, i8 %tmp_max1_3, i8 %tmp_max2_3" [./hls_filter_median.hpp:163->./hls_filter_median.hpp:176->hls_filter_median.cpp:81]   --->   Operation 128 'select' 'a_6' <Predicate = (!icmp_ln31)> <Delay = 0.39> <CoreInst = "Sel">   --->   Core 73 'Sel' <Latency = 0> <II = 1> <Delay = 0.39> <FuncUnit> <Opcode : 'select'> <InPorts = 3> <OutPorts = 1>
ST_3 : Operation 129 [1/1] (0.76ns)   --->   "%icmp_ln155_10 = icmp_ult  i8 %med, i8 %med_3" [./hls_filter_median.hpp:155->./hls_filter_median.hpp:169->hls_filter_median.cpp:84]   --->   Operation 129 'icmp' 'icmp_ln155_10' <Predicate = (!icmp_ln31)> <Delay = 0.76> <CoreInst = "Cmp">   --->   Core 9 'Cmp' <Latency = 0> <II = 1> <Delay = 0.76> <FuncUnit> <Opcode : 'seteq' 'setne' 'setle' 'setge' 'setlt' 'setgt'> <InPorts = 2> <OutPorts = 1>
ST_3 : Operation 130 [1/1] (0.39ns)   --->   "%tmp_min1_4 = select i1 %icmp_ln155_10, i8 %med, i8 %med_3" [./hls_filter_median.hpp:155->./hls_filter_median.hpp:169->hls_filter_median.cpp:84]   --->   Operation 130 'select' 'tmp_min1_4' <Predicate = (!icmp_ln31)> <Delay = 0.39> <CoreInst = "Sel">   --->   Core 73 'Sel' <Latency = 0> <II = 1> <Delay = 0.39> <FuncUnit> <Opcode : 'select'> <InPorts = 3> <OutPorts = 1>
ST_3 : Operation 131 [1/1] (0.76ns)   --->   "%icmp_ln163_12 = icmp_ugt  i8 %med, i8 %med_3" [./hls_filter_median.hpp:163->./hls_filter_median.hpp:170->hls_filter_median.cpp:84]   --->   Operation 131 'icmp' 'icmp_ln163_12' <Predicate = (!icmp_ln31)> <Delay = 0.76> <CoreInst = "Cmp">   --->   Core 9 'Cmp' <Latency = 0> <II = 1> <Delay = 0.76> <FuncUnit> <Opcode : 'seteq' 'setne' 'setle' 'setge' 'setlt' 'setgt'> <InPorts = 2> <OutPorts = 1>
ST_3 : Operation 132 [1/1] (0.39ns)   --->   "%tmp_max1_4 = select i1 %icmp_ln163_12, i8 %med, i8 %med_3" [./hls_filter_median.hpp:163->./hls_filter_median.hpp:170->hls_filter_median.cpp:84]   --->   Operation 132 'select' 'tmp_max1_4' <Predicate = (!icmp_ln31)> <Delay = 0.39> <CoreInst = "Sel">   --->   Core 73 'Sel' <Latency = 0> <II = 1> <Delay = 0.39> <FuncUnit> <Opcode : 'select'> <InPorts = 3> <OutPorts = 1>
ST_3 : Operation 133 [1/1] (0.76ns)   --->   "%icmp_ln163_13 = icmp_ugt  i8 %tmp_min1_4, i8 %med_4" [./hls_filter_median.hpp:163->./hls_filter_median.hpp:173->hls_filter_median.cpp:84]   --->   Operation 133 'icmp' 'icmp_ln163_13' <Predicate = (!icmp_ln31)> <Delay = 0.76> <CoreInst = "Cmp">   --->   Core 9 'Cmp' <Latency = 0> <II = 1> <Delay = 0.76> <FuncUnit> <Opcode : 'seteq' 'setne' 'setle' 'setge' 'setlt' 'setgt'> <InPorts = 2> <OutPorts = 1>
ST_3 : Operation 134 [1/1] (0.39ns)   --->   "%tmp_max2_4 = select i1 %icmp_ln163_13, i8 %tmp_min1_4, i8 %med_4" [./hls_filter_median.hpp:163->./hls_filter_median.hpp:173->hls_filter_median.cpp:84]   --->   Operation 134 'select' 'tmp_max2_4' <Predicate = (!icmp_ln31)> <Delay = 0.39> <CoreInst = "Sel">   --->   Core 73 'Sel' <Latency = 0> <II = 1> <Delay = 0.39> <FuncUnit> <Opcode : 'select'> <InPorts = 3> <OutPorts = 1>
ST_3 : Operation 135 [1/1] (0.76ns)   --->   "%icmp_ln155_12 = icmp_ult  i8 %max, i8 %max_3" [./hls_filter_median.hpp:155->./hls_filter_median.hpp:169->hls_filter_median.cpp:87]   --->   Operation 135 'icmp' 'icmp_ln155_12' <Predicate = (!icmp_ln31)> <Delay = 0.76> <CoreInst = "Cmp">   --->   Core 9 'Cmp' <Latency = 0> <II = 1> <Delay = 0.76> <FuncUnit> <Opcode : 'seteq' 'setne' 'setle' 'setge' 'setlt' 'setgt'> <InPorts = 2> <OutPorts = 1>
ST_3 : Operation 136 [1/1] (0.39ns)   --->   "%tmp_min1_5 = select i1 %icmp_ln155_12, i8 %max, i8 %max_3" [./hls_filter_median.hpp:155->./hls_filter_median.hpp:169->hls_filter_median.cpp:87]   --->   Operation 136 'select' 'tmp_min1_5' <Predicate = (!icmp_ln31)> <Delay = 0.39> <CoreInst = "Sel">   --->   Core 73 'Sel' <Latency = 0> <II = 1> <Delay = 0.39> <FuncUnit> <Opcode : 'select'> <InPorts = 3> <OutPorts = 1>
ST_3 : Operation 137 [1/1] (0.76ns)   --->   "%icmp_ln155_13 = icmp_ult  i8 %tmp_min1_5, i8 %max_4" [./hls_filter_median.hpp:155->./hls_filter_median.hpp:172->hls_filter_median.cpp:87]   --->   Operation 137 'icmp' 'icmp_ln155_13' <Predicate = (!icmp_ln31)> <Delay = 0.76> <CoreInst = "Cmp">   --->   Core 9 'Cmp' <Latency = 0> <II = 1> <Delay = 0.76> <FuncUnit> <Opcode : 'seteq' 'setne' 'setle' 'setge' 'setlt' 'setgt'> <InPorts = 2> <OutPorts = 1>
ST_3 : Operation 138 [1/1] (0.39ns)   --->   "%c_6 = select i1 %icmp_ln155_13, i8 %tmp_min1_5, i8 %max_4" [./hls_filter_median.hpp:155->./hls_filter_median.hpp:172->hls_filter_median.cpp:87]   --->   Operation 138 'select' 'c_6' <Predicate = (!icmp_ln31)> <Delay = 0.39> <CoreInst = "Sel">   --->   Core 73 'Sel' <Latency = 0> <II = 1> <Delay = 0.39> <FuncUnit> <Opcode : 'select'> <InPorts = 3> <OutPorts = 1>
ST_3 : Operation 139 [1/1] (0.00ns)   --->   "%store_ln168 = store i8 %new_pixel, i8 %b_2" [./hls_filter_median.hpp:168->hls_filter_median.cpp:76]   --->   Operation 139 'store' 'store_ln168' <Predicate = (!icmp_ln31)> <Delay = 0.00>
ST_3 : Operation 140 [1/1] (0.00ns)   --->   "%store_ln168 = store i8 %c_1, i8 %b_1" [./hls_filter_median.hpp:168->hls_filter_median.cpp:76]   --->   Operation 140 'store' 'store_ln168' <Predicate = (!icmp_ln31)> <Delay = 0.00>
ST_3 : Operation 141 [1/1] (0.00ns)   --->   "%store_ln168 = store i8 %c, i8 %b" [./hls_filter_median.hpp:168->hls_filter_median.cpp:76]   --->   Operation 141 'store' 'store_ln168' <Predicate = (!icmp_ln31)> <Delay = 0.00>
ST_3 : Operation 142 [1/1] (0.00ns)   --->   "%store_ln168 = store i8 %b_5, i8 %a_2" [./hls_filter_median.hpp:168->hls_filter_median.cpp:76]   --->   Operation 142 'store' 'store_ln168' <Predicate = (!icmp_ln31)> <Delay = 0.00>
ST_3 : Operation 143 [1/1] (0.00ns)   --->   "%store_ln168 = store i8 %b_4, i8 %a_1" [./hls_filter_median.hpp:168->hls_filter_median.cpp:76]   --->   Operation 143 'store' 'store_ln168' <Predicate = (!icmp_ln31)> <Delay = 0.00>
ST_3 : Operation 144 [1/1] (0.00ns)   --->   "%store_ln168 = store i8 %b_3, i8 %a" [./hls_filter_median.hpp:168->hls_filter_median.cpp:76]   --->   Operation 144 'store' 'store_ln168' <Predicate = (!icmp_ln31)> <Delay = 0.00>
ST_3 : Operation 145 [1/1] (0.00ns)   --->   "%br_ln31 = br void %for.body" [hls_filter_median.cpp:31]   --->   Operation 145 'br' 'br_ln31' <Predicate = (!icmp_ln31)> <Delay = 0.00>
ST_3 : Operation 165 [1/1] (0.42ns)   --->   "%ret_ln0 = ret"   --->   Operation 165 'ret' 'ret_ln0' <Predicate = (icmp_ln31)> <Delay = 0.42>

State 4 <SV = 3> <Delay = 5.10>
ST_4 : Operation 146 [1/1] (0.00ns)   --->   "%specpipeline_ln32 = specpipeline void @_ssdm_op_SpecPipeline, i32 1, i32 0, i32 0, i32 0, i32 4294967295, void @empty_1" [hls_filter_median.cpp:32]   --->   Operation 146 'specpipeline' 'specpipeline_ln32' <Predicate = true> <Delay = 0.00>
ST_4 : Operation 147 [1/1] (0.00ns)   --->   "%speclooptripcount_ln24 = speclooptripcount void @_ssdm_op_SpecLoopTripCount, i64 0, i64 67092481, i64 33546240" [hls_filter_median.cpp:24]   --->   Operation 147 'speclooptripcount' 'speclooptripcount_ln24' <Predicate = true> <Delay = 0.00>
ST_4 : Operation 148 [1/1] (0.00ns)   --->   "%specloopname_ln31 = specloopname void @_ssdm_op_SpecLoopName, void @empty_8" [hls_filter_median.cpp:31]   --->   Operation 148 'specloopname' 'specloopname_ln31' <Predicate = true> <Delay = 0.00>
ST_4 : Operation 149 [1/1] (0.76ns)   --->   "%icmp_ln155_11 = icmp_ult  i8 %tmp_max1_4, i8 %tmp_max2_4" [./hls_filter_median.hpp:155->./hls_filter_median.hpp:175->hls_filter_median.cpp:84]   --->   Operation 149 'icmp' 'icmp_ln155_11' <Predicate = true> <Delay = 0.76> <CoreInst = "Cmp">   --->   Core 9 'Cmp' <Latency = 0> <II = 1> <Delay = 0.76> <FuncUnit> <Opcode : 'seteq' 'setne' 'setle' 'setge' 'setlt' 'setgt'> <InPorts = 2> <OutPorts = 1>
ST_4 : Operation 150 [1/1] (0.39ns)   --->   "%b_10 = select i1 %icmp_ln155_11, i8 %tmp_max1_4, i8 %tmp_max2_4" [./hls_filter_median.hpp:155->./hls_filter_median.hpp:175->hls_filter_median.cpp:84]   --->   Operation 150 'select' 'b_10' <Predicate = true> <Delay = 0.39> <CoreInst = "Sel">   --->   Core 73 'Sel' <Latency = 0> <II = 1> <Delay = 0.39> <FuncUnit> <Opcode : 'select'> <InPorts = 3> <OutPorts = 1>
ST_4 : Operation 151 [1/1] (0.76ns)   --->   "%icmp_ln155_14 = icmp_ult  i8 %a_6, i8 %b_10" [./hls_filter_median.hpp:155->./hls_filter_median.hpp:169->hls_filter_median.cpp:91]   --->   Operation 151 'icmp' 'icmp_ln155_14' <Predicate = true> <Delay = 0.76> <CoreInst = "Cmp">   --->   Core 9 'Cmp' <Latency = 0> <II = 1> <Delay = 0.76> <FuncUnit> <Opcode : 'seteq' 'setne' 'setle' 'setge' 'setlt' 'setgt'> <InPorts = 2> <OutPorts = 1>
ST_4 : Operation 152 [1/1] (0.39ns)   --->   "%tmp_min1_6 = select i1 %icmp_ln155_14, i8 %a_6, i8 %b_10" [./hls_filter_median.hpp:155->./hls_filter_median.hpp:169->hls_filter_median.cpp:91]   --->   Operation 152 'select' 'tmp_min1_6' <Predicate = true> <Delay = 0.39> <CoreInst = "Sel">   --->   Core 73 'Sel' <Latency = 0> <II = 1> <Delay = 0.39> <FuncUnit> <Opcode : 'select'> <InPorts = 3> <OutPorts = 1>
ST_4 : Operation 153 [1/1] (0.76ns)   --->   "%icmp_ln163_14 = icmp_ugt  i8 %a_6, i8 %b_10" [./hls_filter_median.hpp:163->./hls_filter_median.hpp:170->hls_filter_median.cpp:91]   --->   Operation 153 'icmp' 'icmp_ln163_14' <Predicate = true> <Delay = 0.76> <CoreInst = "Cmp">   --->   Core 9 'Cmp' <Latency = 0> <II = 1> <Delay = 0.76> <FuncUnit> <Opcode : 'seteq' 'setne' 'setle' 'setge' 'setlt' 'setgt'> <InPorts = 2> <OutPorts = 1>
ST_4 : Operation 154 [1/1] (0.39ns)   --->   "%tmp_max1_5 = select i1 %icmp_ln163_14, i8 %a_6, i8 %b_10" [./hls_filter_median.hpp:163->./hls_filter_median.hpp:170->hls_filter_median.cpp:91]   --->   Operation 154 'select' 'tmp_max1_5' <Predicate = true> <Delay = 0.39> <CoreInst = "Sel">   --->   Core 73 'Sel' <Latency = 0> <II = 1> <Delay = 0.39> <FuncUnit> <Opcode : 'select'> <InPorts = 3> <OutPorts = 1>
ST_4 : Operation 155 [1/1] (0.76ns)   --->   "%icmp_ln163_15 = icmp_ugt  i8 %tmp_min1_6, i8 %c_6" [./hls_filter_median.hpp:163->./hls_filter_median.hpp:173->hls_filter_median.cpp:91]   --->   Operation 155 'icmp' 'icmp_ln163_15' <Predicate = true> <Delay = 0.76> <CoreInst = "Cmp">   --->   Core 9 'Cmp' <Latency = 0> <II = 1> <Delay = 0.76> <FuncUnit> <Opcode : 'seteq' 'setne' 'setle' 'setge' 'setlt' 'setgt'> <InPorts = 2> <OutPorts = 1>
ST_4 : Operation 156 [1/1] (0.39ns)   --->   "%tmp_max2_5 = select i1 %icmp_ln163_15, i8 %tmp_min1_6, i8 %c_6" [./hls_filter_median.hpp:163->./hls_filter_median.hpp:173->hls_filter_median.cpp:91]   --->   Operation 156 'select' 'tmp_max2_5' <Predicate = true> <Delay = 0.39> <CoreInst = "Sel">   --->   Core 73 'Sel' <Latency = 0> <II = 1> <Delay = 0.39> <FuncUnit> <Opcode : 'select'> <InPorts = 3> <OutPorts = 1>
ST_4 : Operation 157 [1/1] (0.76ns)   --->   "%icmp_ln155_15 = icmp_ult  i8 %tmp_max1_5, i8 %tmp_max2_5" [./hls_filter_median.hpp:155->./hls_filter_median.hpp:175->hls_filter_median.cpp:91]   --->   Operation 157 'icmp' 'icmp_ln155_15' <Predicate = true> <Delay = 0.76> <CoreInst = "Cmp">   --->   Core 9 'Cmp' <Latency = 0> <II = 1> <Delay = 0.76> <FuncUnit> <Opcode : 'seteq' 'setne' 'setle' 'setge' 'setlt' 'setgt'> <InPorts = 2> <OutPorts = 1>
ST_4 : Operation 158 [1/1] (0.39ns)   --->   "%final_med = select i1 %icmp_ln155_15, i8 %tmp_max1_5, i8 %tmp_max2_5" [./hls_filter_median.hpp:155->./hls_filter_median.hpp:175->hls_filter_median.cpp:91]   --->   Operation 158 'select' 'final_med' <Predicate = true> <Delay = 0.39> <CoreInst = "Sel">   --->   Core 73 'Sel' <Latency = 0> <II = 1> <Delay = 0.39> <FuncUnit> <Opcode : 'select'> <InPorts = 3> <OutPorts = 1>
ST_4 : Operation 159 [1/1] (0.00ns)   --->   "%sof_flag_load = load i1 %sof_flag" [hls_filter_median.cpp:108]   --->   Operation 159 'load' 'sof_flag_load' <Predicate = (and_ln99)> <Delay = 0.00>
ST_4 : Operation 160 [1/1] (0.00ns)   --->   "%tmp_1 = bitconcatenate i17 @_ssdm_op_BitConcatenate.i17.i1.i7.i1.i8, i1 %icmp_ln117, i7 0, i1 %sof_flag_load, i8 %final_med" [hls_filter_median.cpp:108]   --->   Operation 160 'bitconcatenate' 'tmp_1' <Predicate = (and_ln99)> <Delay = 0.00>
ST_4 : Operation 161 [1/1] (0.00ns)   --->   "%zext_ln108 = zext i17 %tmp_1" [hls_filter_median.cpp:108]   --->   Operation 161 'zext' 'zext_ln108' <Predicate = (and_ln99)> <Delay = 0.00>
ST_4 : Operation 162 [1/1] ( I:0.47ns O:0.47ns )   --->   "%write_ln108 = write void @_ssdm_op_Write.axis.volatile.i24P128A, i24 %m_axis_video, i24 %zext_ln108" [hls_filter_median.cpp:108]   --->   Operation 162 'write' 'write_ln108' <Predicate = (and_ln99)> <Delay = 0.47> <CoreInst = "regslice">   --->   Core 147 'regslice' <Latency = 0> <II = 1> <Delay = 0.62> <Adapter> <Opcode : 'read' 'write'>
ST_4 : Operation 163 [1/1] (0.42ns)   --->   "%store_ln26 = store i1 0, i1 %sof_flag" [hls_filter_median.cpp:26]   --->   Operation 163 'store' 'store_ln26' <Predicate = (and_ln99)> <Delay = 0.42>
ST_4 : Operation 164 [1/1] (0.00ns)   --->   "%br_ln111 = br void %if.end" [hls_filter_median.cpp:111]   --->   Operation 164 'br' 'br_ln111' <Predicate = (and_ln99)> <Delay = 0.00>


============================================================
+ Verbose Summary: Binding
============================================================
STG Binding: 
---------------- STG Properties BEGIN ----------------
- Is combinational: 0
- Is one-state seq: 0
- Is datapath-only: 0
- Is pipelined: 0
- Is top level: 0
Port [ Return ] is wired: 1; IO mode=ap_ctrl_hs:ce=0
Port [ mul_ln31]:  wired=1; compound=0; hidden=0; nouse=0; global=0; static=0; extern=0; dir=0; type=0; pingpong=0; private_global=0; IO mode=ap_none:ce=0
Port [ s_axis_video]:  wired=1; compound=1; hidden=0; nouse=0; global=0; static=0; extern=0; dir=0; type=0; pingpong=0; private_global=0; IO mode=axis:ce=0
Port [ add_ln117]:  wired=1; compound=0; hidden=0; nouse=0; global=0; static=0; extern=0; dir=0; type=0; pingpong=0; private_global=0; IO mode=ap_none:ce=0
Port [ m_axis_video]:  wired=1; compound=1; hidden=0; nouse=0; global=0; static=0; extern=0; dir=1; type=0; pingpong=0; private_global=0; IO mode=axis:ce=0
---------------- STG Properties END ------------------

---------------- Datapath Model BEGIN ----------------

<LifeTime>
<method=bitvector/>
reuse_addr_reg5        (alloca           ) [ 01100]
reuse_reg4             (alloca           ) [ 01110]
reuse_addr_reg         (alloca           ) [ 01100]
reuse_reg              (alloca           ) [ 01110]
x                      (alloca           ) [ 01100]
y                      (alloca           ) [ 01100]
i                      (alloca           ) [ 01100]
a                      (alloca           ) [ 01110]
a_1                    (alloca           ) [ 01110]
a_2                    (alloca           ) [ 01110]
sof_flag               (alloca           ) [ 01111]
b                      (alloca           ) [ 01110]
b_1                    (alloca           ) [ 01110]
b_2                    (alloca           ) [ 01110]
specinterface_ln0      (specinterface    ) [ 00000]
specinterface_ln0      (specinterface    ) [ 00000]
add_ln117_read         (read             ) [ 01100]
mul_ln31_read          (read             ) [ 01100]
line_buffer_1          (alloca           ) [ 01100]
line_buffer            (alloca           ) [ 01100]
store_ln26             (store            ) [ 00000]
store_ln31             (store            ) [ 00000]
store_ln25             (store            ) [ 00000]
store_ln24             (store            ) [ 00000]
store_ln0              (store            ) [ 00000]
store_ln0              (store            ) [ 00000]
store_ln0              (store            ) [ 00000]
store_ln0              (store            ) [ 00000]
br_ln31                (br               ) [ 00000]
x_3                    (load             ) [ 00000]
y_3                    (load             ) [ 00000]
i_2                    (load             ) [ 00000]
icmp_ln31              (icmp             ) [ 01110]
br_ln31                (br               ) [ 00000]
i_1                    (add              ) [ 00000]
zext_ln53              (zext             ) [ 00000]
line_buffer_addr       (getelementptr    ) [ 01010]
reuse_addr_reg5_load   (load             ) [ 00000]
addr_cmp8              (icmp             ) [ 01010]
line_buffer_1_addr     (getelementptr    ) [ 01010]
reuse_addr_reg_load    (load             ) [ 00000]
addr_cmp               (icmp             ) [ 01010]
store_ln53             (store            ) [ 00000]
store_ln53             (store            ) [ 00000]
tmp                    (partselect       ) [ 00000]
icmp_ln99              (icmp             ) [ 00000]
tmp_2                  (partselect       ) [ 00000]
icmp_ln99_1            (icmp             ) [ 00000]
and_ln99               (and              ) [ 01011]
zext_ln117             (zext             ) [ 00000]
icmp_ln117             (icmp             ) [ 01011]
br_ln99                (br               ) [ 00000]
y_4                    (add              ) [ 00000]
x_4                    (add              ) [ 00000]
x_5                    (select           ) [ 00000]
y_5                    (select           ) [ 00000]
store_ln31             (store            ) [ 00000]
store_ln25             (store            ) [ 00000]
store_ln24             (store            ) [ 00000]
b_3                    (load             ) [ 00000]
b_4                    (load             ) [ 00000]
b_5                    (load             ) [ 00000]
a_load                 (load             ) [ 00000]
a_1_load               (load             ) [ 00000]
a_2_load               (load             ) [ 00000]
s_axis_video_read      (read             ) [ 00000]
new_pixel              (trunc            ) [ 00000]
reuse_reg4_load        (load             ) [ 00000]
line_buffer_load       (load             ) [ 00000]
c                      (select           ) [ 00000]
reuse_reg_load         (load             ) [ 00000]
line_buffer_1_load     (load             ) [ 00000]
c_1                    (select           ) [ 00000]
store_ln61             (store            ) [ 00000]
store_ln53             (store            ) [ 00000]
store_ln64             (store            ) [ 00000]
store_ln39             (store            ) [ 00000]
icmp_ln155             (icmp             ) [ 00000]
tmp_min1               (select           ) [ 00000]
icmp_ln163             (icmp             ) [ 00000]
tmp_max1               (select           ) [ 00000]
icmp_ln155_1           (icmp             ) [ 00000]
min                    (select           ) [ 00000]
icmp_ln163_1           (icmp             ) [ 00000]
tmp_max2               (select           ) [ 00000]
icmp_ln155_2           (icmp             ) [ 00000]
med                    (select           ) [ 00000]
icmp_ln163_2           (icmp             ) [ 00000]
max                    (select           ) [ 00000]
icmp_ln155_3           (icmp             ) [ 00000]
tmp_min1_1             (select           ) [ 00000]
icmp_ln163_3           (icmp             ) [ 00000]
tmp_max1_1             (select           ) [ 00000]
icmp_ln155_4           (icmp             ) [ 00000]
min_3                  (select           ) [ 00000]
icmp_ln163_4           (icmp             ) [ 00000]
tmp_max2_1             (select           ) [ 00000]
icmp_ln155_5           (icmp             ) [ 00000]
med_3                  (select           ) [ 00000]
icmp_ln163_5           (icmp             ) [ 00000]
max_3                  (select           ) [ 00000]
icmp_ln155_6           (icmp             ) [ 00000]
tmp_min1_2             (select           ) [ 00000]
icmp_ln163_6           (icmp             ) [ 00000]
tmp_max1_2             (select           ) [ 00000]
icmp_ln155_7           (icmp             ) [ 00000]
min_4                  (select           ) [ 00000]
icmp_ln163_7           (icmp             ) [ 00000]
tmp_max2_2             (select           ) [ 00000]
icmp_ln155_8           (icmp             ) [ 00000]
med_4                  (select           ) [ 00000]
icmp_ln163_8           (icmp             ) [ 00000]
max_4                  (select           ) [ 00000]
icmp_ln155_9           (icmp             ) [ 00000]
tmp_min1_3             (select           ) [ 00000]
icmp_ln163_9           (icmp             ) [ 00000]
tmp_max1_3             (select           ) [ 00000]
icmp_ln163_10          (icmp             ) [ 00000]
tmp_max2_3             (select           ) [ 00000]
icmp_ln163_11          (icmp             ) [ 00000]
a_6                    (select           ) [ 01001]
icmp_ln155_10          (icmp             ) [ 00000]
tmp_min1_4             (select           ) [ 00000]
icmp_ln163_12          (icmp             ) [ 00000]
tmp_max1_4             (select           ) [ 01001]
icmp_ln163_13          (icmp             ) [ 00000]
tmp_max2_4             (select           ) [ 01001]
icmp_ln155_12          (icmp             ) [ 00000]
tmp_min1_5             (select           ) [ 00000]
icmp_ln155_13          (icmp             ) [ 00000]
c_6                    (select           ) [ 01001]
store_ln168            (store            ) [ 00000]
store_ln168            (store            ) [ 00000]
store_ln168            (store            ) [ 00000]
store_ln168            (store            ) [ 00000]
store_ln168            (store            ) [ 00000]
store_ln168            (store            ) [ 00000]
br_ln31                (br               ) [ 00000]
specpipeline_ln32      (specpipeline     ) [ 00000]
speclooptripcount_ln24 (speclooptripcount) [ 00000]
specloopname_ln31      (specloopname     ) [ 00000]
icmp_ln155_11          (icmp             ) [ 00000]
b_10                   (select           ) [ 00000]
icmp_ln155_14          (icmp             ) [ 00000]
tmp_min1_6             (select           ) [ 00000]
icmp_ln163_14          (icmp             ) [ 00000]
tmp_max1_5             (select           ) [ 00000]
icmp_ln163_15          (icmp             ) [ 00000]
tmp_max2_5             (select           ) [ 00000]
icmp_ln155_15          (icmp             ) [ 00000]
final_med              (select           ) [ 00000]
sof_flag_load          (load             ) [ 00000]
tmp_1                  (bitconcatenate   ) [ 00000]
zext_ln108             (zext             ) [ 00000]
write_ln108            (write            ) [ 00000]
store_ln26             (store            ) [ 00000]
br_ln111               (br               ) [ 00000]
ret_ln0                (ret              ) [ 00000]
</LifeTime>

<model>

<comp_list>
<comp id="0" class="1000" name="mul_ln31">
<pin_list>
<pin id="1" dir="1" index="0" bw="1" slack="0"/>
</pin_list>
<bind>
<StgValue><ssdm name="mul_ln31"/></StgValue>
</bind>
</comp>

<comp id="2" class="1000" name="s_axis_video">
<pin_list>
<pin id="3" dir="1" index="0" bw="1" slack="0"/>
</pin_list>
<bind>
<StgValue><ssdm name="s_axis_video"/></StgValue>
</bind>
</comp>

<comp id="4" class="1000" name="add_ln117">
<pin_list>
<pin id="5" dir="1" index="0" bw="1" slack="0"/>
</pin_list>
<bind>
<StgValue><ssdm name="add_ln117"/></StgValue>
</bind>
</comp>

<comp id="6" class="1000" name="m_axis_video">
<pin_list>
<pin id="7" dir="1" index="0" bw="1" slack="0"/>
</pin_list>
<bind>
<StgValue><ssdm name="m_axis_video"/></StgValue>
</bind>
</comp>

<comp id="8" class="1001" name="const_8">
<pin_list>
<pin id="9" dir="1" index="0" bw="1" slack="0"/>
</pin_list>
<bind>
<StgValue><ssdm name=""/></StgValue>
</bind>
</comp>

<comp id="10" class="1001" name="const_10">
<pin_list>
<pin id="11" dir="1" index="0" bw="1" slack="2147483647"/>
</pin_list>
<bind>
<StgValue><ssdm name="_ssdm_op_SpecInterface"/></StgValue>
</bind>
</comp>

<comp id="12" class="1001" name="const_12">
<pin_list>
<pin id="13" dir="1" index="0" bw="1" slack="2147483647"/>
</pin_list>
<bind>
<StgValue><ssdm name="empty"/></StgValue>
</bind>
</comp>

<comp id="14" class="1001" name="const_14">
<pin_list>
<pin id="15" dir="1" index="0" bw="1" slack="2147483647"/>
</pin_list>
<bind>
<StgValue><ssdm name=""/></StgValue>
</bind>
</comp>

<comp id="16" class="1001" name="const_16">
<pin_list>
<pin id="17" dir="1" index="0" bw="1" slack="2147483647"/>
</pin_list>
<bind>
<StgValue><ssdm name="empty_0"/></StgValue>
</bind>
</comp>

<comp id="18" class="1001" name="const_18">
<pin_list>
<pin id="19" dir="1" index="0" bw="1" slack="2147483647"/>
</pin_list>
<bind>
<StgValue><ssdm name="empty_1"/></StgValue>
</bind>
</comp>

<comp id="20" class="1001" name="const_20">
<pin_list>
<pin id="21" dir="1" index="0" bw="1" slack="2147483647"/>
</pin_list>
<bind>
<StgValue><ssdm name=""/></StgValue>
</bind>
</comp>

<comp id="22" class="1001" name="const_22">
<pin_list>
<pin id="23" dir="1" index="0" bw="1" slack="0"/>
</pin_list>
<bind>
<StgValue><ssdm name="_ssdm_op_Read.ap_auto.i14"/></StgValue>
</bind>
</comp>

<comp id="24" class="1001" name="const_24">
<pin_list>
<pin id="25" dir="1" index="0" bw="1" slack="0"/>
</pin_list>
<bind>
<StgValue><ssdm name="_ssdm_op_Read.ap_auto.i26"/></StgValue>
</bind>
</comp>

<comp id="26" class="1001" name="const_26">
<pin_list>
<pin id="27" dir="1" index="0" bw="1" slack="0"/>
</pin_list>
<bind>
<StgValue><ssdm name=""/></StgValue>
</bind>
</comp>

<comp id="28" class="1001" name="const_28">
<pin_list>
<pin id="29" dir="1" index="0" bw="1" slack="0"/>
</pin_list>
<bind>
<StgValue><ssdm name=""/></StgValue>
</bind>
</comp>

<comp id="30" class="1001" name="const_30">
<pin_list>
<pin id="31" dir="1" index="0" bw="1" slack="0"/>
</pin_list>
<bind>
<StgValue><ssdm name=""/></StgValue>
</bind>
</comp>

<comp id="32" class="1001" name="const_32">
<pin_list>
<pin id="33" dir="1" index="0" bw="1" slack="0"/>
</pin_list>
<bind>
<StgValue><ssdm name=""/></StgValue>
</bind>
</comp>

<comp id="34" class="1001" name="const_34">
<pin_list>
<pin id="35" dir="1" index="0" bw="1" slack="0"/>
</pin_list>
<bind>
<StgValue><ssdm name=""/></StgValue>
</bind>
</comp>

<comp id="36" class="1001" name="const_36">
<pin_list>
<pin id="37" dir="1" index="0" bw="1" slack="0"/>
</pin_list>
<bind>
<StgValue><ssdm name=""/></StgValue>
</bind>
</comp>

<comp id="38" class="1001" name="const_38">
<pin_list>
<pin id="39" dir="1" index="0" bw="1" slack="0"/>
</pin_list>
<bind>
<StgValue><ssdm name=""/></StgValue>
</bind>
</comp>

<comp id="40" class="1001" name="const_40">
<pin_list>
<pin id="41" dir="1" index="0" bw="1" slack="0"/>
</pin_list>
<bind>
<StgValue><ssdm name=""/></StgValue>
</bind>
</comp>

<comp id="42" class="1001" name="const_42">
<pin_list>
<pin id="43" dir="1" index="0" bw="1" slack="0"/>
</pin_list>
<bind>
<StgValue><ssdm name="_ssdm_op_PartSelect.i12.i13.i32.i32"/></StgValue>
</bind>
</comp>

<comp id="44" class="1001" name="const_44">
<pin_list>
<pin id="45" dir="1" index="0" bw="1" slack="0"/>
</pin_list>
<bind>
<StgValue><ssdm name=""/></StgValue>
</bind>
</comp>

<comp id="46" class="1001" name="const_46">
<pin_list>
<pin id="47" dir="1" index="0" bw="1" slack="0"/>
</pin_list>
<bind>
<StgValue><ssdm name=""/></StgValue>
</bind>
</comp>

<comp id="48" class="1001" name="const_48">
<pin_list>
<pin id="49" dir="1" index="0" bw="1" slack="0"/>
</pin_list>
<bind>
<StgValue><ssdm name=""/></StgValue>
</bind>
</comp>

<comp id="50" class="1001" name="const_50">
<pin_list>
<pin id="51" dir="1" index="0" bw="1" slack="0"/>
</pin_list>
<bind>
<StgValue><ssdm name="_ssdm_op_Read.axis.volatile.i24P128A"/></StgValue>
</bind>
</comp>

<comp id="52" class="1001" name="const_52">
<pin_list>
<pin id="53" dir="1" index="0" bw="1" slack="2147483647"/>
</pin_list>
<bind>
<StgValue><ssdm name="_ssdm_op_SpecPipeline"/></StgValue>
</bind>
</comp>

<comp id="54" class="1001" name="const_54">
<pin_list>
<pin id="55" dir="1" index="0" bw="1" slack="2147483647"/>
</pin_list>
<bind>
<StgValue><ssdm name="_ssdm_op_SpecLoopTripCount"/></StgValue>
</bind>
</comp>

<comp id="56" class="1001" name="const_56">
<pin_list>
<pin id="57" dir="1" index="0" bw="1" slack="2147483647"/>
</pin_list>
<bind>
<StgValue><ssdm name=""/></StgValue>
</bind>
</comp>

<comp id="58" class="1001" name="const_58">
<pin_list>
<pin id="59" dir="1" index="0" bw="1" slack="2147483647"/>
</pin_list>
<bind>
<StgValue><ssdm name=""/></StgValue>
</bind>
</comp>

<comp id="60" class="1001" name="const_60">
<pin_list>
<pin id="61" dir="1" index="0" bw="1" slack="2147483647"/>
</pin_list>
<bind>
<StgValue><ssdm name="_ssdm_op_SpecLoopName"/></StgValue>
</bind>
</comp>

<comp id="62" class="1001" name="const_62">
<pin_list>
<pin id="63" dir="1" index="0" bw="1" slack="2147483647"/>
</pin_list>
<bind>
<StgValue><ssdm name="empty_8"/></StgValue>
</bind>
</comp>

<comp id="64" class="1001" name="const_64">
<pin_list>
<pin id="65" dir="1" index="0" bw="1" slack="0"/>
</pin_list>
<bind>
<StgValue><ssdm name="_ssdm_op_BitConcatenate.i17.i1.i7.i1.i8"/></StgValue>
</bind>
</comp>

<comp id="66" class="1001" name="const_66">
<pin_list>
<pin id="67" dir="1" index="0" bw="1" slack="0"/>
</pin_list>
<bind>
<StgValue><ssdm name=""/></StgValue>
</bind>
</comp>

<comp id="68" class="1001" name="const_68">
<pin_list>
<pin id="69" dir="1" index="0" bw="1" slack="0"/>
</pin_list>
<bind>
<StgValue><ssdm name="_ssdm_op_Write.axis.volatile.i24P128A"/></StgValue>
</bind>
</comp>

<comp id="70" class="1001" name="const_70">
<pin_list>
<pin id="71" dir="1" index="0" bw="1" slack="0"/>
</pin_list>
<bind>
<StgValue><ssdm name=""/></StgValue>
</bind>
</comp>

<comp id="72" class="1004" name="reuse_addr_reg5_fu_72">
<pin_list>
<pin id="73" dir="0" index="0" bw="1" slack="0"/>
<pin id="74" dir="1" index="1" bw="64" slack="0"/>
</pin_list>
<bind>
<opcode="alloca(26) " fcode="alloca"/>
<opset="reuse_addr_reg5/1 "/>
</bind>
</comp>

<comp id="76" class="1004" name="reuse_reg4_fu_76">
<pin_list>
<pin id="77" dir="0" index="0" bw="1" slack="0"/>
<pin id="78" dir="1" index="1" bw="8" slack="0"/>
</pin_list>
<bind>
<opcode="alloca(26) " fcode="alloca"/>
<opset="reuse_reg4/1 "/>
</bind>
</comp>

<comp id="80" class="1004" name="reuse_addr_reg_fu_80">
<pin_list>
<pin id="81" dir="0" index="0" bw="1" slack="0"/>
<pin id="82" dir="1" index="1" bw="64" slack="0"/>
</pin_list>
<bind>
<opcode="alloca(26) " fcode="alloca"/>
<opset="reuse_addr_reg/1 "/>
</bind>
</comp>

<comp id="84" class="1004" name="reuse_reg_fu_84">
<pin_list>
<pin id="85" dir="0" index="0" bw="1" slack="0"/>
<pin id="86" dir="1" index="1" bw="8" slack="0"/>
</pin_list>
<bind>
<opcode="alloca(26) " fcode="alloca"/>
<opset="reuse_reg/1 "/>
</bind>
</comp>

<comp id="88" class="1004" name="x_fu_88">
<pin_list>
<pin id="89" dir="0" index="0" bw="1" slack="0"/>
<pin id="90" dir="1" index="1" bw="13" slack="0"/>
</pin_list>
<bind>
<opcode="alloca(26) " fcode="alloca"/>
<opset="x/1 "/>
</bind>
</comp>

<comp id="92" class="1004" name="y_fu_92">
<pin_list>
<pin id="93" dir="0" index="0" bw="1" slack="0"/>
<pin id="94" dir="1" index="1" bw="13" slack="0"/>
</pin_list>
<bind>
<opcode="alloca(26) " fcode="alloca"/>
<opset="y/1 "/>
</bind>
</comp>

<comp id="96" class="1004" name="i_fu_96">
<pin_list>
<pin id="97" dir="0" index="0" bw="1" slack="0"/>
<pin id="98" dir="1" index="1" bw="26" slack="0"/>
</pin_list>
<bind>
<opcode="alloca(26) " fcode="alloca"/>
<opset="i/1 "/>
</bind>
</comp>

<comp id="100" class="1004" name="a_fu_100">
<pin_list>
<pin id="101" dir="0" index="0" bw="1" slack="0"/>
<pin id="102" dir="1" index="1" bw="8" slack="2"/>
</pin_list>
<bind>
<opcode="alloca(26) " fcode="alloca"/>
<opset="a/1 "/>
</bind>
</comp>

<comp id="104" class="1004" name="a_1_fu_104">
<pin_list>
<pin id="105" dir="0" index="0" bw="1" slack="0"/>
<pin id="106" dir="1" index="1" bw="8" slack="2"/>
</pin_list>
<bind>
<opcode="alloca(26) " fcode="alloca"/>
<opset="a_1/1 "/>
</bind>
</comp>

<comp id="108" class="1004" name="a_2_fu_108">
<pin_list>
<pin id="109" dir="0" index="0" bw="1" slack="0"/>
<pin id="110" dir="1" index="1" bw="8" slack="2"/>
</pin_list>
<bind>
<opcode="alloca(26) " fcode="alloca"/>
<opset="a_2/1 "/>
</bind>
</comp>

<comp id="112" class="1004" name="sof_flag_fu_112">
<pin_list>
<pin id="113" dir="0" index="0" bw="1" slack="0"/>
<pin id="114" dir="1" index="1" bw="1" slack="0"/>
</pin_list>
<bind>
<opcode="alloca(26) " fcode="alloca"/>
<opset="sof_flag/1 "/>
</bind>
</comp>

<comp id="116" class="1004" name="b_fu_116">
<pin_list>
<pin id="117" dir="0" index="0" bw="1" slack="0"/>
<pin id="118" dir="1" index="1" bw="8" slack="2"/>
</pin_list>
<bind>
<opcode="alloca(26) " fcode="alloca"/>
<opset="b/1 "/>
</bind>
</comp>

<comp id="120" class="1004" name="b_1_fu_120">
<pin_list>
<pin id="121" dir="0" index="0" bw="1" slack="0"/>
<pin id="122" dir="1" index="1" bw="8" slack="2"/>
</pin_list>
<bind>
<opcode="alloca(26) " fcode="alloca"/>
<opset="b_1/1 "/>
</bind>
</comp>

<comp id="124" class="1004" name="b_2_fu_124">
<pin_list>
<pin id="125" dir="0" index="0" bw="1" slack="0"/>
<pin id="126" dir="1" index="1" bw="8" slack="2"/>
</pin_list>
<bind>
<opcode="alloca(26) " fcode="alloca"/>
<opset="b_2/1 "/>
</bind>
</comp>

<comp id="128" class="1004" name="line_buffer_1_alloca_fu_128">
<pin_list>
<pin id="129" dir="0" index="0" bw="1" slack="0"/>
<pin id="130" dir="1" index="1" bw="8" slack="2147483647"/>
</pin_list>
<bind>
<opcode="alloca(26) " fcode="alloca"/>
<opset="line_buffer_1/1 "/>
</bind>
</comp>

<comp id="132" class="1004" name="line_buffer_alloca_fu_132">
<pin_list>
<pin id="133" dir="0" index="0" bw="1" slack="0"/>
<pin id="134" dir="1" index="1" bw="8" slack="2147483647"/>
</pin_list>
<bind>
<opcode="alloca(26) " fcode="alloca"/>
<opset="line_buffer/1 "/>
</bind>
</comp>

<comp id="136" class="1004" name="add_ln117_read_read_fu_136">
<pin_list>
<pin id="137" dir="0" index="0" bw="14" slack="0"/>
<pin id="138" dir="0" index="1" bw="14" slack="0"/>
<pin id="139" dir="1" index="2" bw="14" slack="1"/>
</pin_list>
<bind>
<opcode="read(1150) " fcode="read"/>
<opset="add_ln117_read/1 "/>
</bind>
</comp>

<comp id="142" class="1004" name="mul_ln31_read_read_fu_142">
<pin_list>
<pin id="143" dir="0" index="0" bw="26" slack="0"/>
<pin id="144" dir="0" index="1" bw="26" slack="0"/>
<pin id="145" dir="1" index="2" bw="26" slack="1"/>
</pin_list>
<bind>
<opcode="read(1150) " fcode="read"/>
<opset="mul_ln31_read/1 "/>
</bind>
</comp>

<comp id="148" class="1004" name="s_axis_video_read_read_fu_148">
<pin_list>
<pin id="149" dir="0" index="0" bw="24" slack="0"/>
<pin id="150" dir="0" index="1" bw="24" slack="0"/>
<pin id="151" dir="1" index="2" bw="24" slack="0"/>
</pin_list>
<bind>
<opcode="read(1150) " fcode="read"/>
<opset="s_axis_video_read/3 "/>
</bind>
</comp>

<comp id="154" class="1004" name="write_ln108_write_fu_154">
<pin_list>
<pin id="155" dir="0" index="0" bw="0" slack="0"/>
<pin id="156" dir="0" index="1" bw="24" slack="0"/>
<pin id="157" dir="0" index="2" bw="17" slack="0"/>
<pin id="158" dir="1" index="3" bw="0" slack="2147483647"/>
</pin_list>
<bind>
<opcode="write(1151) " fcode="write"/>
<opset="write_ln108/4 "/>
</bind>
</comp>

<comp id="161" class="1004" name="line_buffer_addr_gep_fu_161">
<pin_list>
<pin id="162" dir="0" index="0" bw="8" slack="2147483647"/>
<pin id="163" dir="0" index="1" bw="1" slack="0"/>
<pin id="164" dir="0" index="2" bw="13" slack="0"/>
<pin id="165" dir="1" index="3" bw="13" slack="0"/>
</pin_list>
<bind>
<opcode="getelementptr(29) " fcode="getelementptr"/>
<opset="line_buffer_addr/2 "/>
</bind>
</comp>

<comp id="167" class="1004" name="grp_access_fu_167">
<pin_list>
<pin id="168" dir="0" index="0" bw="13" slack="1"/>
<pin id="169" dir="0" index="1" bw="8" slack="0"/>
<pin id="170" dir="0" index="2" bw="0" slack="0"/>
<pin id="172" dir="0" index="4" bw="13" slack="2147483647"/>
<pin id="173" dir="0" index="5" bw="8" slack="2147483647"/>
<pin id="174" dir="0" index="6" bw="0" slack="2147483647"/>
<pin id="171" dir="1" index="3" bw="8" slack="2147483647"/>
<pin id="175" dir="1" index="7" bw="8" slack="0"/>
</pin_list>
<bind>
<opcode="load(27) store(28) " fcode="store"/>
<opset="line_buffer_load/2 store_ln61/3 "/>
</bind>
</comp>

<comp id="177" class="1004" name="line_buffer_1_addr_gep_fu_177">
<pin_list>
<pin id="178" dir="0" index="0" bw="8" slack="2147483647"/>
<pin id="179" dir="0" index="1" bw="1" slack="0"/>
<pin id="180" dir="0" index="2" bw="13" slack="0"/>
<pin id="181" dir="1" index="3" bw="13" slack="0"/>
</pin_list>
<bind>
<opcode="getelementptr(29) " fcode="getelementptr"/>
<opset="line_buffer_1_addr/2 "/>
</bind>
</comp>

<comp id="183" class="1004" name="grp_access_fu_183">
<pin_list>
<pin id="184" dir="0" index="0" bw="13" slack="1"/>
<pin id="185" dir="0" index="1" bw="8" slack="0"/>
<pin id="186" dir="0" index="2" bw="0" slack="0"/>
<pin id="188" dir="0" index="4" bw="13" slack="2147483647"/>
<pin id="189" dir="0" index="5" bw="8" slack="2147483647"/>
<pin id="190" dir="0" index="6" bw="0" slack="2147483647"/>
<pin id="187" dir="1" index="3" bw="8" slack="2147483647"/>
<pin id="191" dir="1" index="7" bw="8" slack="0"/>
</pin_list>
<bind>
<opcode="load(27) store(28) " fcode="store"/>
<opset="line_buffer_1_load/2 store_ln64/3 "/>
</bind>
</comp>

<comp id="193" class="1004" name="store_ln26_store_fu_193">
<pin_list>
<pin id="194" dir="0" index="0" bw="1" slack="0"/>
<pin id="195" dir="0" index="1" bw="1" slack="0"/>
<pin id="196" dir="1" index="2" bw="0" slack="2147483647"/>
</pin_list>
<bind>
<opcode="store(28) " fcode="store"/>
<opset="store_ln26/1 "/>
</bind>
</comp>

<comp id="198" class="1004" name="store_ln31_store_fu_198">
<pin_list>
<pin id="199" dir="0" index="0" bw="1" slack="0"/>
<pin id="200" dir="0" index="1" bw="26" slack="0"/>
<pin id="201" dir="1" index="2" bw="0" slack="2147483647"/>
</pin_list>
<bind>
<opcode="store(28) " fcode="store"/>
<opset="store_ln31/1 "/>
</bind>
</comp>

<comp id="203" class="1004" name="store_ln25_store_fu_203">
<pin_list>
<pin id="204" dir="0" index="0" bw="1" slack="0"/>
<pin id="205" dir="0" index="1" bw="13" slack="0"/>
<pin id="206" dir="1" index="2" bw="0" slack="2147483647"/>
</pin_list>
<bind>
<opcode="store(28) " fcode="store"/>
<opset="store_ln25/1 "/>
</bind>
</comp>

<comp id="208" class="1004" name="store_ln24_store_fu_208">
<pin_list>
<pin id="209" dir="0" index="0" bw="1" slack="0"/>
<pin id="210" dir="0" index="1" bw="13" slack="0"/>
<pin id="211" dir="1" index="2" bw="0" slack="2147483647"/>
</pin_list>
<bind>
<opcode="store(28) " fcode="store"/>
<opset="store_ln24/1 "/>
</bind>
</comp>

<comp id="213" class="1004" name="store_ln0_store_fu_213">
<pin_list>
<pin id="214" dir="0" index="0" bw="1" slack="0"/>
<pin id="215" dir="0" index="1" bw="8" slack="0"/>
<pin id="216" dir="1" index="2" bw="0" slack="2147483647"/>
</pin_list>
<bind>
<opcode="store(28) " fcode="store"/>
<opset="store_ln0/1 "/>
</bind>
</comp>

<comp id="218" class="1004" name="store_ln0_store_fu_218">
<pin_list>
<pin id="219" dir="0" index="0" bw="1" slack="0"/>
<pin id="220" dir="0" index="1" bw="64" slack="0"/>
<pin id="221" dir="1" index="2" bw="0" slack="2147483647"/>
</pin_list>
<bind>
<opcode="store(28) " fcode="store"/>
<opset="store_ln0/1 "/>
</bind>
</comp>

<comp id="223" class="1004" name="store_ln0_store_fu_223">
<pin_list>
<pin id="224" dir="0" index="0" bw="1" slack="0"/>
<pin id="225" dir="0" index="1" bw="8" slack="0"/>
<pin id="226" dir="1" index="2" bw="0" slack="2147483647"/>
</pin_list>
<bind>
<opcode="store(28) " fcode="store"/>
<opset="store_ln0/1 "/>
</bind>
</comp>

<comp id="228" class="1004" name="store_ln0_store_fu_228">
<pin_list>
<pin id="229" dir="0" index="0" bw="1" slack="0"/>
<pin id="230" dir="0" index="1" bw="64" slack="0"/>
<pin id="231" dir="1" index="2" bw="0" slack="2147483647"/>
</pin_list>
<bind>
<opcode="store(28) " fcode="store"/>
<opset="store_ln0/1 "/>
</bind>
</comp>

<comp id="233" class="1004" name="x_3_load_fu_233">
<pin_list>
<pin id="234" dir="0" index="0" bw="13" slack="1"/>
<pin id="235" dir="1" index="1" bw="13" slack="0"/>
</pin_list>
<bind>
<opcode="load(27) " fcode="load"/>
<opset="x_3/2 "/>
</bind>
</comp>

<comp id="236" class="1004" name="y_3_load_fu_236">
<pin_list>
<pin id="237" dir="0" index="0" bw="13" slack="1"/>
<pin id="238" dir="1" index="1" bw="13" slack="0"/>
</pin_list>
<bind>
<opcode="load(27) " fcode="load"/>
<opset="y_3/2 "/>
</bind>
</comp>

<comp id="239" class="1004" name="i_2_load_fu_239">
<pin_list>
<pin id="240" dir="0" index="0" bw="26" slack="1"/>
<pin id="241" dir="1" index="1" bw="26" slack="0"/>
</pin_list>
<bind>
<opcode="load(27) " fcode="load"/>
<opset="i_2/2 "/>
</bind>
</comp>

<comp id="242" class="1004" name="icmp_ln31_fu_242">
<pin_list>
<pin id="243" dir="0" index="0" bw="26" slack="0"/>
<pin id="244" dir="0" index="1" bw="26" slack="1"/>
<pin id="245" dir="1" index="2" bw="1" slack="1"/>
</pin_list>
<bind>
<opcode="icmp(45) " fcode="icmp"/>
<opset="icmp_ln31/2 "/>
</bind>
</comp>

<comp id="247" class="1004" name="i_1_fu_247">
<pin_list>
<pin id="248" dir="0" index="0" bw="26" slack="0"/>
<pin id="249" dir="0" index="1" bw="1" slack="0"/>
<pin id="250" dir="1" index="2" bw="26" slack="0"/>
</pin_list>
<bind>
<opcode="add(8) " fcode="add"/>
<opset="i_1/2 "/>
</bind>
</comp>

<comp id="253" class="1004" name="zext_ln53_fu_253">
<pin_list>
<pin id="254" dir="0" index="0" bw="13" slack="0"/>
<pin id="255" dir="1" index="1" bw="64" slack="0"/>
</pin_list>
<bind>
<opcode="zext(34) " fcode="zext"/>
<opset="zext_ln53/2 "/>
</bind>
</comp>

<comp id="259" class="1004" name="reuse_addr_reg5_load_load_fu_259">
<pin_list>
<pin id="260" dir="0" index="0" bw="64" slack="1"/>
<pin id="261" dir="1" index="1" bw="64" slack="0"/>
</pin_list>
<bind>
<opcode="load(27) " fcode="load"/>
<opset="reuse_addr_reg5_load/2 "/>
</bind>
</comp>

<comp id="262" class="1004" name="addr_cmp8_fu_262">
<pin_list>
<pin id="263" dir="0" index="0" bw="64" slack="0"/>
<pin id="264" dir="0" index="1" bw="13" slack="0"/>
<pin id="265" dir="1" index="2" bw="1" slack="1"/>
</pin_list>
<bind>
<opcode="icmp(45) " fcode="icmp"/>
<opset="addr_cmp8/2 "/>
</bind>
</comp>

<comp id="268" class="1004" name="reuse_addr_reg_load_load_fu_268">
<pin_list>
<pin id="269" dir="0" index="0" bw="64" slack="1"/>
<pin id="270" dir="1" index="1" bw="64" slack="0"/>
</pin_list>
<bind>
<opcode="load(27) " fcode="load"/>
<opset="reuse_addr_reg_load/2 "/>
</bind>
</comp>

<comp id="271" class="1004" name="addr_cmp_fu_271">
<pin_list>
<pin id="272" dir="0" index="0" bw="64" slack="0"/>
<pin id="273" dir="0" index="1" bw="13" slack="0"/>
<pin id="274" dir="1" index="2" bw="1" slack="1"/>
</pin_list>
<bind>
<opcode="icmp(45) " fcode="icmp"/>
<opset="addr_cmp/2 "/>
</bind>
</comp>

<comp id="277" class="1004" name="store_ln53_store_fu_277">
<pin_list>
<pin id="278" dir="0" index="0" bw="13" slack="0"/>
<pin id="279" dir="0" index="1" bw="64" slack="1"/>
<pin id="280" dir="1" index="2" bw="0" slack="2147483647"/>
</pin_list>
<bind>
<opcode="store(28) " fcode="store"/>
<opset="store_ln53/2 "/>
</bind>
</comp>

<comp id="282" class="1004" name="store_ln53_store_fu_282">
<pin_list>
<pin id="283" dir="0" index="0" bw="13" slack="0"/>
<pin id="284" dir="0" index="1" bw="64" slack="1"/>
<pin id="285" dir="1" index="2" bw="0" slack="2147483647"/>
</pin_list>
<bind>
<opcode="store(28) " fcode="store"/>
<opset="store_ln53/2 "/>
</bind>
</comp>

<comp id="287" class="1004" name="tmp_fu_287">
<pin_list>
<pin id="288" dir="0" index="0" bw="12" slack="0"/>
<pin id="289" dir="0" index="1" bw="13" slack="0"/>
<pin id="290" dir="0" index="2" bw="1" slack="0"/>
<pin id="291" dir="0" index="3" bw="5" slack="0"/>
<pin id="292" dir="1" index="4" bw="12" slack="0"/>
</pin_list>
<bind>
<opcode="partselect(1002) " fcode="partselect"/>
<opset="tmp/2 "/>
</bind>
</comp>

<comp id="297" class="1004" name="icmp_ln99_fu_297">
<pin_list>
<pin id="298" dir="0" index="0" bw="12" slack="0"/>
<pin id="299" dir="0" index="1" bw="1" slack="0"/>
<pin id="300" dir="1" index="2" bw="1" slack="0"/>
</pin_list>
<bind>
<opcode="icmp(45) " fcode="icmp"/>
<opset="icmp_ln99/2 "/>
</bind>
</comp>

<comp id="303" class="1004" name="tmp_2_fu_303">
<pin_list>
<pin id="304" dir="0" index="0" bw="12" slack="0"/>
<pin id="305" dir="0" index="1" bw="13" slack="0"/>
<pin id="306" dir="0" index="2" bw="1" slack="0"/>
<pin id="307" dir="0" index="3" bw="5" slack="0"/>
<pin id="308" dir="1" index="4" bw="12" slack="0"/>
</pin_list>
<bind>
<opcode="partselect(1002) " fcode="partselect"/>
<opset="tmp_2/2 "/>
</bind>
</comp>

<comp id="313" class="1004" name="icmp_ln99_1_fu_313">
<pin_list>
<pin id="314" dir="0" index="0" bw="12" slack="0"/>
<pin id="315" dir="0" index="1" bw="1" slack="0"/>
<pin id="316" dir="1" index="2" bw="1" slack="0"/>
</pin_list>
<bind>
<opcode="icmp(45) " fcode="icmp"/>
<opset="icmp_ln99_1/2 "/>
</bind>
</comp>

<comp id="319" class="1004" name="and_ln99_fu_319">
<pin_list>
<pin id="320" dir="0" index="0" bw="1" slack="0"/>
<pin id="321" dir="0" index="1" bw="1" slack="0"/>
<pin id="322" dir="1" index="2" bw="1" slack="2"/>
</pin_list>
<bind>
<opcode="and(23) " fcode="and"/>
<opset="and_ln99/2 "/>
</bind>
</comp>

<comp id="325" class="1004" name="zext_ln117_fu_325">
<pin_list>
<pin id="326" dir="0" index="0" bw="13" slack="0"/>
<pin id="327" dir="1" index="1" bw="14" slack="0"/>
</pin_list>
<bind>
<opcode="zext(34) " fcode="zext"/>
<opset="zext_ln117/2 "/>
</bind>
</comp>

<comp id="329" class="1004" name="icmp_ln117_fu_329">
<pin_list>
<pin id="330" dir="0" index="0" bw="14" slack="1"/>
<pin id="331" dir="0" index="1" bw="13" slack="0"/>
<pin id="332" dir="1" index="2" bw="1" slack="0"/>
</pin_list>
<bind>
<opcode="icmp(45) " fcode="icmp"/>
<opset="icmp_ln117/2 "/>
</bind>
</comp>

<comp id="334" class="1004" name="y_4_fu_334">
<pin_list>
<pin id="335" dir="0" index="0" bw="13" slack="0"/>
<pin id="336" dir="0" index="1" bw="1" slack="0"/>
<pin id="337" dir="1" index="2" bw="13" slack="0"/>
</pin_list>
<bind>
<opcode="add(8) " fcode="add"/>
<opset="y_4/2 "/>
</bind>
</comp>

<comp id="340" class="1004" name="x_4_fu_340">
<pin_list>
<pin id="341" dir="0" index="0" bw="13" slack="0"/>
<pin id="342" dir="0" index="1" bw="1" slack="0"/>
<pin id="343" dir="1" index="2" bw="13" slack="0"/>
</pin_list>
<bind>
<opcode="add(8) " fcode="add"/>
<opset="x_4/2 "/>
</bind>
</comp>

<comp id="346" class="1004" name="x_5_fu_346">
<pin_list>
<pin id="347" dir="0" index="0" bw="1" slack="0"/>
<pin id="348" dir="0" index="1" bw="1" slack="0"/>
<pin id="349" dir="0" index="2" bw="13" slack="0"/>
<pin id="350" dir="1" index="3" bw="13" slack="0"/>
</pin_list>
<bind>
<opcode="select(49) " fcode="select"/>
<opset="x_5/2 "/>
</bind>
</comp>

<comp id="354" class="1004" name="y_5_fu_354">
<pin_list>
<pin id="355" dir="0" index="0" bw="1" slack="0"/>
<pin id="356" dir="0" index="1" bw="13" slack="0"/>
<pin id="357" dir="0" index="2" bw="13" slack="0"/>
<pin id="358" dir="1" index="3" bw="13" slack="0"/>
</pin_list>
<bind>
<opcode="select(49) " fcode="select"/>
<opset="y_5/2 "/>
</bind>
</comp>

<comp id="362" class="1004" name="store_ln31_store_fu_362">
<pin_list>
<pin id="363" dir="0" index="0" bw="26" slack="0"/>
<pin id="364" dir="0" index="1" bw="26" slack="1"/>
<pin id="365" dir="1" index="2" bw="0" slack="2147483647"/>
</pin_list>
<bind>
<opcode="store(28) " fcode="store"/>
<opset="store_ln31/2 "/>
</bind>
</comp>

<comp id="367" class="1004" name="store_ln25_store_fu_367">
<pin_list>
<pin id="368" dir="0" index="0" bw="13" slack="0"/>
<pin id="369" dir="0" index="1" bw="13" slack="1"/>
<pin id="370" dir="1" index="2" bw="0" slack="2147483647"/>
</pin_list>
<bind>
<opcode="store(28) " fcode="store"/>
<opset="store_ln25/2 "/>
</bind>
</comp>

<comp id="372" class="1004" name="store_ln24_store_fu_372">
<pin_list>
<pin id="373" dir="0" index="0" bw="13" slack="0"/>
<pin id="374" dir="0" index="1" bw="13" slack="1"/>
<pin id="375" dir="1" index="2" bw="0" slack="2147483647"/>
</pin_list>
<bind>
<opcode="store(28) " fcode="store"/>
<opset="store_ln24/2 "/>
</bind>
</comp>

<comp id="377" class="1004" name="b_3_load_fu_377">
<pin_list>
<pin id="378" dir="0" index="0" bw="8" slack="2"/>
<pin id="379" dir="1" index="1" bw="8" slack="0"/>
</pin_list>
<bind>
<opcode="load(27) " fcode="load"/>
<opset="b_3/3 "/>
</bind>
</comp>

<comp id="380" class="1004" name="b_4_load_fu_380">
<pin_list>
<pin id="381" dir="0" index="0" bw="8" slack="2"/>
<pin id="382" dir="1" index="1" bw="8" slack="0"/>
</pin_list>
<bind>
<opcode="load(27) " fcode="load"/>
<opset="b_4/3 "/>
</bind>
</comp>

<comp id="383" class="1004" name="b_5_load_fu_383">
<pin_list>
<pin id="384" dir="0" index="0" bw="8" slack="2"/>
<pin id="385" dir="1" index="1" bw="8" slack="0"/>
</pin_list>
<bind>
<opcode="load(27) " fcode="load"/>
<opset="b_5/3 "/>
</bind>
</comp>

<comp id="386" class="1004" name="a_load_load_fu_386">
<pin_list>
<pin id="387" dir="0" index="0" bw="8" slack="2"/>
<pin id="388" dir="1" index="1" bw="8" slack="0"/>
</pin_list>
<bind>
<opcode="load(27) " fcode="load"/>
<opset="a_load/3 "/>
</bind>
</comp>

<comp id="389" class="1004" name="a_1_load_load_fu_389">
<pin_list>
<pin id="390" dir="0" index="0" bw="8" slack="2"/>
<pin id="391" dir="1" index="1" bw="8" slack="0"/>
</pin_list>
<bind>
<opcode="load(27) " fcode="load"/>
<opset="a_1_load/3 "/>
</bind>
</comp>

<comp id="392" class="1004" name="a_2_load_load_fu_392">
<pin_list>
<pin id="393" dir="0" index="0" bw="8" slack="2"/>
<pin id="394" dir="1" index="1" bw="8" slack="0"/>
</pin_list>
<bind>
<opcode="load(27) " fcode="load"/>
<opset="a_2_load/3 "/>
</bind>
</comp>

<comp id="395" class="1004" name="new_pixel_fu_395">
<pin_list>
<pin id="396" dir="0" index="0" bw="24" slack="0"/>
<pin id="397" dir="1" index="1" bw="8" slack="0"/>
</pin_list>
<bind>
<opcode="trunc(33) " fcode="trunc"/>
<opset="new_pixel/3 "/>
</bind>
</comp>

<comp id="400" class="1004" name="reuse_reg4_load_load_fu_400">
<pin_list>
<pin id="401" dir="0" index="0" bw="8" slack="2"/>
<pin id="402" dir="1" index="1" bw="8" slack="0"/>
</pin_list>
<bind>
<opcode="load(27) " fcode="load"/>
<opset="reuse_reg4_load/3 "/>
</bind>
</comp>

<comp id="403" class="1004" name="c_fu_403">
<pin_list>
<pin id="404" dir="0" index="0" bw="1" slack="1"/>
<pin id="405" dir="0" index="1" bw="8" slack="0"/>
<pin id="406" dir="0" index="2" bw="8" slack="0"/>
<pin id="407" dir="1" index="3" bw="8" slack="0"/>
</pin_list>
<bind>
<opcode="select(49) " fcode="select"/>
<opset="c/3 "/>
</bind>
</comp>

<comp id="410" class="1004" name="reuse_reg_load_load_fu_410">
<pin_list>
<pin id="411" dir="0" index="0" bw="8" slack="2"/>
<pin id="412" dir="1" index="1" bw="8" slack="0"/>
</pin_list>
<bind>
<opcode="load(27) " fcode="load"/>
<opset="reuse_reg_load/3 "/>
</bind>
</comp>

<comp id="413" class="1004" name="c_1_fu_413">
<pin_list>
<pin id="414" dir="0" index="0" bw="1" slack="1"/>
<pin id="415" dir="0" index="1" bw="8" slack="0"/>
<pin id="416" dir="0" index="2" bw="8" slack="0"/>
<pin id="417" dir="1" index="3" bw="8" slack="0"/>
</pin_list>
<bind>
<opcode="select(49) " fcode="select"/>
<opset="c_1/3 "/>
</bind>
</comp>

<comp id="421" class="1004" name="store_ln53_store_fu_421">
<pin_list>
<pin id="422" dir="0" index="0" bw="8" slack="0"/>
<pin id="423" dir="0" index="1" bw="8" slack="2"/>
<pin id="424" dir="1" index="2" bw="0" slack="2147483647"/>
</pin_list>
<bind>
<opcode="store(28) " fcode="store"/>
<opset="store_ln53/3 "/>
</bind>
</comp>

<comp id="426" class="1004" name="store_ln39_store_fu_426">
<pin_list>
<pin id="427" dir="0" index="0" bw="8" slack="0"/>
<pin id="428" dir="0" index="1" bw="8" slack="2"/>
<pin id="429" dir="1" index="2" bw="0" slack="2147483647"/>
</pin_list>
<bind>
<opcode="store(28) " fcode="store"/>
<opset="store_ln39/3 "/>
</bind>
</comp>

<comp id="431" class="1004" name="icmp_ln155_fu_431">
<pin_list>
<pin id="432" dir="0" index="0" bw="8" slack="0"/>
<pin id="433" dir="0" index="1" bw="8" slack="0"/>
<pin id="434" dir="1" index="2" bw="1" slack="0"/>
</pin_list>
<bind>
<opcode="icmp(45) " fcode="icmp"/>
<opset="icmp_ln155/3 "/>
</bind>
</comp>

<comp id="437" class="1004" name="tmp_min1_fu_437">
<pin_list>
<pin id="438" dir="0" index="0" bw="1" slack="0"/>
<pin id="439" dir="0" index="1" bw="8" slack="0"/>
<pin id="440" dir="0" index="2" bw="8" slack="0"/>
<pin id="441" dir="1" index="3" bw="8" slack="0"/>
</pin_list>
<bind>
<opcode="select(49) " fcode="select"/>
<opset="tmp_min1/3 "/>
</bind>
</comp>

<comp id="445" class="1004" name="icmp_ln163_fu_445">
<pin_list>
<pin id="446" dir="0" index="0" bw="8" slack="0"/>
<pin id="447" dir="0" index="1" bw="8" slack="0"/>
<pin id="448" dir="1" index="2" bw="1" slack="0"/>
</pin_list>
<bind>
<opcode="icmp(45) " fcode="icmp"/>
<opset="icmp_ln163/3 "/>
</bind>
</comp>

<comp id="451" class="1004" name="tmp_max1_fu_451">
<pin_list>
<pin id="452" dir="0" index="0" bw="1" slack="0"/>
<pin id="453" dir="0" index="1" bw="8" slack="0"/>
<pin id="454" dir="0" index="2" bw="8" slack="0"/>
<pin id="455" dir="1" index="3" bw="8" slack="0"/>
</pin_list>
<bind>
<opcode="select(49) " fcode="select"/>
<opset="tmp_max1/3 "/>
</bind>
</comp>

<comp id="459" class="1004" name="icmp_ln155_1_fu_459">
<pin_list>
<pin id="460" dir="0" index="0" bw="8" slack="0"/>
<pin id="461" dir="0" index="1" bw="8" slack="0"/>
<pin id="462" dir="1" index="2" bw="1" slack="0"/>
</pin_list>
<bind>
<opcode="icmp(45) " fcode="icmp"/>
<opset="icmp_ln155_1/3 "/>
</bind>
</comp>

<comp id="465" class="1004" name="min_fu_465">
<pin_list>
<pin id="466" dir="0" index="0" bw="1" slack="0"/>
<pin id="467" dir="0" index="1" bw="8" slack="0"/>
<pin id="468" dir="0" index="2" bw="8" slack="0"/>
<pin id="469" dir="1" index="3" bw="8" slack="0"/>
</pin_list>
<bind>
<opcode="select(49) " fcode="select"/>
<opset="min/3 "/>
</bind>
</comp>

<comp id="473" class="1004" name="icmp_ln163_1_fu_473">
<pin_list>
<pin id="474" dir="0" index="0" bw="8" slack="0"/>
<pin id="475" dir="0" index="1" bw="8" slack="0"/>
<pin id="476" dir="1" index="2" bw="1" slack="0"/>
</pin_list>
<bind>
<opcode="icmp(45) " fcode="icmp"/>
<opset="icmp_ln163_1/3 "/>
</bind>
</comp>

<comp id="479" class="1004" name="tmp_max2_fu_479">
<pin_list>
<pin id="480" dir="0" index="0" bw="1" slack="0"/>
<pin id="481" dir="0" index="1" bw="8" slack="0"/>
<pin id="482" dir="0" index="2" bw="8" slack="0"/>
<pin id="483" dir="1" index="3" bw="8" slack="0"/>
</pin_list>
<bind>
<opcode="select(49) " fcode="select"/>
<opset="tmp_max2/3 "/>
</bind>
</comp>

<comp id="487" class="1004" name="icmp_ln155_2_fu_487">
<pin_list>
<pin id="488" dir="0" index="0" bw="8" slack="0"/>
<pin id="489" dir="0" index="1" bw="8" slack="0"/>
<pin id="490" dir="1" index="2" bw="1" slack="0"/>
</pin_list>
<bind>
<opcode="icmp(45) " fcode="icmp"/>
<opset="icmp_ln155_2/3 "/>
</bind>
</comp>

<comp id="493" class="1004" name="med_fu_493">
<pin_list>
<pin id="494" dir="0" index="0" bw="1" slack="0"/>
<pin id="495" dir="0" index="1" bw="8" slack="0"/>
<pin id="496" dir="0" index="2" bw="8" slack="0"/>
<pin id="497" dir="1" index="3" bw="8" slack="0"/>
</pin_list>
<bind>
<opcode="select(49) " fcode="select"/>
<opset="med/3 "/>
</bind>
</comp>

<comp id="501" class="1004" name="icmp_ln163_2_fu_501">
<pin_list>
<pin id="502" dir="0" index="0" bw="8" slack="0"/>
<pin id="503" dir="0" index="1" bw="8" slack="0"/>
<pin id="504" dir="1" index="2" bw="1" slack="0"/>
</pin_list>
<bind>
<opcode="icmp(45) " fcode="icmp"/>
<opset="icmp_ln163_2/3 "/>
</bind>
</comp>

<comp id="507" class="1004" name="max_fu_507">
<pin_list>
<pin id="508" dir="0" index="0" bw="1" slack="0"/>
<pin id="509" dir="0" index="1" bw="8" slack="0"/>
<pin id="510" dir="0" index="2" bw="8" slack="0"/>
<pin id="511" dir="1" index="3" bw="8" slack="0"/>
</pin_list>
<bind>
<opcode="select(49) " fcode="select"/>
<opset="max/3 "/>
</bind>
</comp>

<comp id="515" class="1004" name="icmp_ln155_3_fu_515">
<pin_list>
<pin id="516" dir="0" index="0" bw="8" slack="0"/>
<pin id="517" dir="0" index="1" bw="8" slack="0"/>
<pin id="518" dir="1" index="2" bw="1" slack="0"/>
</pin_list>
<bind>
<opcode="icmp(45) " fcode="icmp"/>
<opset="icmp_ln155_3/3 "/>
</bind>
</comp>

<comp id="521" class="1004" name="tmp_min1_1_fu_521">
<pin_list>
<pin id="522" dir="0" index="0" bw="1" slack="0"/>
<pin id="523" dir="0" index="1" bw="8" slack="0"/>
<pin id="524" dir="0" index="2" bw="8" slack="0"/>
<pin id="525" dir="1" index="3" bw="8" slack="0"/>
</pin_list>
<bind>
<opcode="select(49) " fcode="select"/>
<opset="tmp_min1_1/3 "/>
</bind>
</comp>

<comp id="529" class="1004" name="icmp_ln163_3_fu_529">
<pin_list>
<pin id="530" dir="0" index="0" bw="8" slack="0"/>
<pin id="531" dir="0" index="1" bw="8" slack="0"/>
<pin id="532" dir="1" index="2" bw="1" slack="0"/>
</pin_list>
<bind>
<opcode="icmp(45) " fcode="icmp"/>
<opset="icmp_ln163_3/3 "/>
</bind>
</comp>

<comp id="535" class="1004" name="tmp_max1_1_fu_535">
<pin_list>
<pin id="536" dir="0" index="0" bw="1" slack="0"/>
<pin id="537" dir="0" index="1" bw="8" slack="0"/>
<pin id="538" dir="0" index="2" bw="8" slack="0"/>
<pin id="539" dir="1" index="3" bw="8" slack="0"/>
</pin_list>
<bind>
<opcode="select(49) " fcode="select"/>
<opset="tmp_max1_1/3 "/>
</bind>
</comp>

<comp id="543" class="1004" name="icmp_ln155_4_fu_543">
<pin_list>
<pin id="544" dir="0" index="0" bw="8" slack="0"/>
<pin id="545" dir="0" index="1" bw="8" slack="0"/>
<pin id="546" dir="1" index="2" bw="1" slack="0"/>
</pin_list>
<bind>
<opcode="icmp(45) " fcode="icmp"/>
<opset="icmp_ln155_4/3 "/>
</bind>
</comp>

<comp id="549" class="1004" name="min_3_fu_549">
<pin_list>
<pin id="550" dir="0" index="0" bw="1" slack="0"/>
<pin id="551" dir="0" index="1" bw="8" slack="0"/>
<pin id="552" dir="0" index="2" bw="8" slack="0"/>
<pin id="553" dir="1" index="3" bw="8" slack="0"/>
</pin_list>
<bind>
<opcode="select(49) " fcode="select"/>
<opset="min_3/3 "/>
</bind>
</comp>

<comp id="557" class="1004" name="icmp_ln163_4_fu_557">
<pin_list>
<pin id="558" dir="0" index="0" bw="8" slack="0"/>
<pin id="559" dir="0" index="1" bw="8" slack="0"/>
<pin id="560" dir="1" index="2" bw="1" slack="0"/>
</pin_list>
<bind>
<opcode="icmp(45) " fcode="icmp"/>
<opset="icmp_ln163_4/3 "/>
</bind>
</comp>

<comp id="563" class="1004" name="tmp_max2_1_fu_563">
<pin_list>
<pin id="564" dir="0" index="0" bw="1" slack="0"/>
<pin id="565" dir="0" index="1" bw="8" slack="0"/>
<pin id="566" dir="0" index="2" bw="8" slack="0"/>
<pin id="567" dir="1" index="3" bw="8" slack="0"/>
</pin_list>
<bind>
<opcode="select(49) " fcode="select"/>
<opset="tmp_max2_1/3 "/>
</bind>
</comp>

<comp id="571" class="1004" name="icmp_ln155_5_fu_571">
<pin_list>
<pin id="572" dir="0" index="0" bw="8" slack="0"/>
<pin id="573" dir="0" index="1" bw="8" slack="0"/>
<pin id="574" dir="1" index="2" bw="1" slack="0"/>
</pin_list>
<bind>
<opcode="icmp(45) " fcode="icmp"/>
<opset="icmp_ln155_5/3 "/>
</bind>
</comp>

<comp id="577" class="1004" name="med_3_fu_577">
<pin_list>
<pin id="578" dir="0" index="0" bw="1" slack="0"/>
<pin id="579" dir="0" index="1" bw="8" slack="0"/>
<pin id="580" dir="0" index="2" bw="8" slack="0"/>
<pin id="581" dir="1" index="3" bw="8" slack="0"/>
</pin_list>
<bind>
<opcode="select(49) " fcode="select"/>
<opset="med_3/3 "/>
</bind>
</comp>

<comp id="585" class="1004" name="icmp_ln163_5_fu_585">
<pin_list>
<pin id="586" dir="0" index="0" bw="8" slack="0"/>
<pin id="587" dir="0" index="1" bw="8" slack="0"/>
<pin id="588" dir="1" index="2" bw="1" slack="0"/>
</pin_list>
<bind>
<opcode="icmp(45) " fcode="icmp"/>
<opset="icmp_ln163_5/3 "/>
</bind>
</comp>

<comp id="591" class="1004" name="max_3_fu_591">
<pin_list>
<pin id="592" dir="0" index="0" bw="1" slack="0"/>
<pin id="593" dir="0" index="1" bw="8" slack="0"/>
<pin id="594" dir="0" index="2" bw="8" slack="0"/>
<pin id="595" dir="1" index="3" bw="8" slack="0"/>
</pin_list>
<bind>
<opcode="select(49) " fcode="select"/>
<opset="max_3/3 "/>
</bind>
</comp>

<comp id="599" class="1004" name="icmp_ln155_6_fu_599">
<pin_list>
<pin id="600" dir="0" index="0" bw="8" slack="0"/>
<pin id="601" dir="0" index="1" bw="8" slack="0"/>
<pin id="602" dir="1" index="2" bw="1" slack="0"/>
</pin_list>
<bind>
<opcode="icmp(45) " fcode="icmp"/>
<opset="icmp_ln155_6/3 "/>
</bind>
</comp>

<comp id="605" class="1004" name="tmp_min1_2_fu_605">
<pin_list>
<pin id="606" dir="0" index="0" bw="1" slack="0"/>
<pin id="607" dir="0" index="1" bw="8" slack="0"/>
<pin id="608" dir="0" index="2" bw="8" slack="0"/>
<pin id="609" dir="1" index="3" bw="8" slack="0"/>
</pin_list>
<bind>
<opcode="select(49) " fcode="select"/>
<opset="tmp_min1_2/3 "/>
</bind>
</comp>

<comp id="613" class="1004" name="icmp_ln163_6_fu_613">
<pin_list>
<pin id="614" dir="0" index="0" bw="8" slack="0"/>
<pin id="615" dir="0" index="1" bw="8" slack="0"/>
<pin id="616" dir="1" index="2" bw="1" slack="0"/>
</pin_list>
<bind>
<opcode="icmp(45) " fcode="icmp"/>
<opset="icmp_ln163_6/3 "/>
</bind>
</comp>

<comp id="619" class="1004" name="tmp_max1_2_fu_619">
<pin_list>
<pin id="620" dir="0" index="0" bw="1" slack="0"/>
<pin id="621" dir="0" index="1" bw="8" slack="0"/>
<pin id="622" dir="0" index="2" bw="8" slack="0"/>
<pin id="623" dir="1" index="3" bw="8" slack="0"/>
</pin_list>
<bind>
<opcode="select(49) " fcode="select"/>
<opset="tmp_max1_2/3 "/>
</bind>
</comp>

<comp id="627" class="1004" name="icmp_ln155_7_fu_627">
<pin_list>
<pin id="628" dir="0" index="0" bw="8" slack="0"/>
<pin id="629" dir="0" index="1" bw="8" slack="0"/>
<pin id="630" dir="1" index="2" bw="1" slack="0"/>
</pin_list>
<bind>
<opcode="icmp(45) " fcode="icmp"/>
<opset="icmp_ln155_7/3 "/>
</bind>
</comp>

<comp id="633" class="1004" name="min_4_fu_633">
<pin_list>
<pin id="634" dir="0" index="0" bw="1" slack="0"/>
<pin id="635" dir="0" index="1" bw="8" slack="0"/>
<pin id="636" dir="0" index="2" bw="8" slack="0"/>
<pin id="637" dir="1" index="3" bw="8" slack="0"/>
</pin_list>
<bind>
<opcode="select(49) " fcode="select"/>
<opset="min_4/3 "/>
</bind>
</comp>

<comp id="641" class="1004" name="icmp_ln163_7_fu_641">
<pin_list>
<pin id="642" dir="0" index="0" bw="8" slack="0"/>
<pin id="643" dir="0" index="1" bw="8" slack="0"/>
<pin id="644" dir="1" index="2" bw="1" slack="0"/>
</pin_list>
<bind>
<opcode="icmp(45) " fcode="icmp"/>
<opset="icmp_ln163_7/3 "/>
</bind>
</comp>

<comp id="647" class="1004" name="tmp_max2_2_fu_647">
<pin_list>
<pin id="648" dir="0" index="0" bw="1" slack="0"/>
<pin id="649" dir="0" index="1" bw="8" slack="0"/>
<pin id="650" dir="0" index="2" bw="8" slack="0"/>
<pin id="651" dir="1" index="3" bw="8" slack="0"/>
</pin_list>
<bind>
<opcode="select(49) " fcode="select"/>
<opset="tmp_max2_2/3 "/>
</bind>
</comp>

<comp id="655" class="1004" name="icmp_ln155_8_fu_655">
<pin_list>
<pin id="656" dir="0" index="0" bw="8" slack="0"/>
<pin id="657" dir="0" index="1" bw="8" slack="0"/>
<pin id="658" dir="1" index="2" bw="1" slack="0"/>
</pin_list>
<bind>
<opcode="icmp(45) " fcode="icmp"/>
<opset="icmp_ln155_8/3 "/>
</bind>
</comp>

<comp id="661" class="1004" name="med_4_fu_661">
<pin_list>
<pin id="662" dir="0" index="0" bw="1" slack="0"/>
<pin id="663" dir="0" index="1" bw="8" slack="0"/>
<pin id="664" dir="0" index="2" bw="8" slack="0"/>
<pin id="665" dir="1" index="3" bw="8" slack="0"/>
</pin_list>
<bind>
<opcode="select(49) " fcode="select"/>
<opset="med_4/3 "/>
</bind>
</comp>

<comp id="669" class="1004" name="icmp_ln163_8_fu_669">
<pin_list>
<pin id="670" dir="0" index="0" bw="8" slack="0"/>
<pin id="671" dir="0" index="1" bw="8" slack="0"/>
<pin id="672" dir="1" index="2" bw="1" slack="0"/>
</pin_list>
<bind>
<opcode="icmp(45) " fcode="icmp"/>
<opset="icmp_ln163_8/3 "/>
</bind>
</comp>

<comp id="675" class="1004" name="max_4_fu_675">
<pin_list>
<pin id="676" dir="0" index="0" bw="1" slack="0"/>
<pin id="677" dir="0" index="1" bw="8" slack="0"/>
<pin id="678" dir="0" index="2" bw="8" slack="0"/>
<pin id="679" dir="1" index="3" bw="8" slack="0"/>
</pin_list>
<bind>
<opcode="select(49) " fcode="select"/>
<opset="max_4/3 "/>
</bind>
</comp>

<comp id="683" class="1004" name="icmp_ln155_9_fu_683">
<pin_list>
<pin id="684" dir="0" index="0" bw="8" slack="0"/>
<pin id="685" dir="0" index="1" bw="8" slack="0"/>
<pin id="686" dir="1" index="2" bw="1" slack="0"/>
</pin_list>
<bind>
<opcode="icmp(45) " fcode="icmp"/>
<opset="icmp_ln155_9/3 "/>
</bind>
</comp>

<comp id="689" class="1004" name="tmp_min1_3_fu_689">
<pin_list>
<pin id="690" dir="0" index="0" bw="1" slack="0"/>
<pin id="691" dir="0" index="1" bw="8" slack="0"/>
<pin id="692" dir="0" index="2" bw="8" slack="0"/>
<pin id="693" dir="1" index="3" bw="8" slack="0"/>
</pin_list>
<bind>
<opcode="select(49) " fcode="select"/>
<opset="tmp_min1_3/3 "/>
</bind>
</comp>

<comp id="697" class="1004" name="icmp_ln163_9_fu_697">
<pin_list>
<pin id="698" dir="0" index="0" bw="8" slack="0"/>
<pin id="699" dir="0" index="1" bw="8" slack="0"/>
<pin id="700" dir="1" index="2" bw="1" slack="0"/>
</pin_list>
<bind>
<opcode="icmp(45) " fcode="icmp"/>
<opset="icmp_ln163_9/3 "/>
</bind>
</comp>

<comp id="703" class="1004" name="tmp_max1_3_fu_703">
<pin_list>
<pin id="704" dir="0" index="0" bw="1" slack="0"/>
<pin id="705" dir="0" index="1" bw="8" slack="0"/>
<pin id="706" dir="0" index="2" bw="8" slack="0"/>
<pin id="707" dir="1" index="3" bw="8" slack="0"/>
</pin_list>
<bind>
<opcode="select(49) " fcode="select"/>
<opset="tmp_max1_3/3 "/>
</bind>
</comp>

<comp id="711" class="1004" name="icmp_ln163_10_fu_711">
<pin_list>
<pin id="712" dir="0" index="0" bw="8" slack="0"/>
<pin id="713" dir="0" index="1" bw="8" slack="0"/>
<pin id="714" dir="1" index="2" bw="1" slack="0"/>
</pin_list>
<bind>
<opcode="icmp(45) " fcode="icmp"/>
<opset="icmp_ln163_10/3 "/>
</bind>
</comp>

<comp id="717" class="1004" name="tmp_max2_3_fu_717">
<pin_list>
<pin id="718" dir="0" index="0" bw="1" slack="0"/>
<pin id="719" dir="0" index="1" bw="8" slack="0"/>
<pin id="720" dir="0" index="2" bw="8" slack="0"/>
<pin id="721" dir="1" index="3" bw="8" slack="0"/>
</pin_list>
<bind>
<opcode="select(49) " fcode="select"/>
<opset="tmp_max2_3/3 "/>
</bind>
</comp>

<comp id="725" class="1004" name="icmp_ln163_11_fu_725">
<pin_list>
<pin id="726" dir="0" index="0" bw="8" slack="0"/>
<pin id="727" dir="0" index="1" bw="8" slack="0"/>
<pin id="728" dir="1" index="2" bw="1" slack="0"/>
</pin_list>
<bind>
<opcode="icmp(45) " fcode="icmp"/>
<opset="icmp_ln163_11/3 "/>
</bind>
</comp>

<comp id="731" class="1004" name="a_6_fu_731">
<pin_list>
<pin id="732" dir="0" index="0" bw="1" slack="0"/>
<pin id="733" dir="0" index="1" bw="8" slack="0"/>
<pin id="734" dir="0" index="2" bw="8" slack="0"/>
<pin id="735" dir="1" index="3" bw="8" slack="1"/>
</pin_list>
<bind>
<opcode="select(49) " fcode="select"/>
<opset="a_6/3 "/>
</bind>
</comp>

<comp id="739" class="1004" name="icmp_ln155_10_fu_739">
<pin_list>
<pin id="740" dir="0" index="0" bw="8" slack="0"/>
<pin id="741" dir="0" index="1" bw="8" slack="0"/>
<pin id="742" dir="1" index="2" bw="1" slack="0"/>
</pin_list>
<bind>
<opcode="icmp(45) " fcode="icmp"/>
<opset="icmp_ln155_10/3 "/>
</bind>
</comp>

<comp id="745" class="1004" name="tmp_min1_4_fu_745">
<pin_list>
<pin id="746" dir="0" index="0" bw="1" slack="0"/>
<pin id="747" dir="0" index="1" bw="8" slack="0"/>
<pin id="748" dir="0" index="2" bw="8" slack="0"/>
<pin id="749" dir="1" index="3" bw="8" slack="0"/>
</pin_list>
<bind>
<opcode="select(49) " fcode="select"/>
<opset="tmp_min1_4/3 "/>
</bind>
</comp>

<comp id="753" class="1004" name="icmp_ln163_12_fu_753">
<pin_list>
<pin id="754" dir="0" index="0" bw="8" slack="0"/>
<pin id="755" dir="0" index="1" bw="8" slack="0"/>
<pin id="756" dir="1" index="2" bw="1" slack="0"/>
</pin_list>
<bind>
<opcode="icmp(45) " fcode="icmp"/>
<opset="icmp_ln163_12/3 "/>
</bind>
</comp>

<comp id="759" class="1004" name="tmp_max1_4_fu_759">
<pin_list>
<pin id="760" dir="0" index="0" bw="1" slack="0"/>
<pin id="761" dir="0" index="1" bw="8" slack="0"/>
<pin id="762" dir="0" index="2" bw="8" slack="0"/>
<pin id="763" dir="1" index="3" bw="8" slack="1"/>
</pin_list>
<bind>
<opcode="select(49) " fcode="select"/>
<opset="tmp_max1_4/3 "/>
</bind>
</comp>

<comp id="767" class="1004" name="icmp_ln163_13_fu_767">
<pin_list>
<pin id="768" dir="0" index="0" bw="8" slack="0"/>
<pin id="769" dir="0" index="1" bw="8" slack="0"/>
<pin id="770" dir="1" index="2" bw="1" slack="0"/>
</pin_list>
<bind>
<opcode="icmp(45) " fcode="icmp"/>
<opset="icmp_ln163_13/3 "/>
</bind>
</comp>

<comp id="773" class="1004" name="tmp_max2_4_fu_773">
<pin_list>
<pin id="774" dir="0" index="0" bw="1" slack="0"/>
<pin id="775" dir="0" index="1" bw="8" slack="0"/>
<pin id="776" dir="0" index="2" bw="8" slack="0"/>
<pin id="777" dir="1" index="3" bw="8" slack="1"/>
</pin_list>
<bind>
<opcode="select(49) " fcode="select"/>
<opset="tmp_max2_4/3 "/>
</bind>
</comp>

<comp id="781" class="1004" name="icmp_ln155_12_fu_781">
<pin_list>
<pin id="782" dir="0" index="0" bw="8" slack="0"/>
<pin id="783" dir="0" index="1" bw="8" slack="0"/>
<pin id="784" dir="1" index="2" bw="1" slack="0"/>
</pin_list>
<bind>
<opcode="icmp(45) " fcode="icmp"/>
<opset="icmp_ln155_12/3 "/>
</bind>
</comp>

<comp id="787" class="1004" name="tmp_min1_5_fu_787">
<pin_list>
<pin id="788" dir="0" index="0" bw="1" slack="0"/>
<pin id="789" dir="0" index="1" bw="8" slack="0"/>
<pin id="790" dir="0" index="2" bw="8" slack="0"/>
<pin id="791" dir="1" index="3" bw="8" slack="0"/>
</pin_list>
<bind>
<opcode="select(49) " fcode="select"/>
<opset="tmp_min1_5/3 "/>
</bind>
</comp>

<comp id="795" class="1004" name="icmp_ln155_13_fu_795">
<pin_list>
<pin id="796" dir="0" index="0" bw="8" slack="0"/>
<pin id="797" dir="0" index="1" bw="8" slack="0"/>
<pin id="798" dir="1" index="2" bw="1" slack="0"/>
</pin_list>
<bind>
<opcode="icmp(45) " fcode="icmp"/>
<opset="icmp_ln155_13/3 "/>
</bind>
</comp>

<comp id="801" class="1004" name="c_6_fu_801">
<pin_list>
<pin id="802" dir="0" index="0" bw="1" slack="0"/>
<pin id="803" dir="0" index="1" bw="8" slack="0"/>
<pin id="804" dir="0" index="2" bw="8" slack="0"/>
<pin id="805" dir="1" index="3" bw="8" slack="1"/>
</pin_list>
<bind>
<opcode="select(49) " fcode="select"/>
<opset="c_6/3 "/>
</bind>
</comp>

<comp id="809" class="1004" name="store_ln168_store_fu_809">
<pin_list>
<pin id="810" dir="0" index="0" bw="8" slack="0"/>
<pin id="811" dir="0" index="1" bw="8" slack="2"/>
<pin id="812" dir="1" index="2" bw="0" slack="2147483647"/>
</pin_list>
<bind>
<opcode="store(28) " fcode="store"/>
<opset="store_ln168/3 "/>
</bind>
</comp>

<comp id="814" class="1004" name="store_ln168_store_fu_814">
<pin_list>
<pin id="815" dir="0" index="0" bw="8" slack="0"/>
<pin id="816" dir="0" index="1" bw="8" slack="2"/>
<pin id="817" dir="1" index="2" bw="0" slack="2147483647"/>
</pin_list>
<bind>
<opcode="store(28) " fcode="store"/>
<opset="store_ln168/3 "/>
</bind>
</comp>

<comp id="819" class="1004" name="store_ln168_store_fu_819">
<pin_list>
<pin id="820" dir="0" index="0" bw="8" slack="0"/>
<pin id="821" dir="0" index="1" bw="8" slack="2"/>
<pin id="822" dir="1" index="2" bw="0" slack="2147483647"/>
</pin_list>
<bind>
<opcode="store(28) " fcode="store"/>
<opset="store_ln168/3 "/>
</bind>
</comp>

<comp id="824" class="1004" name="store_ln168_store_fu_824">
<pin_list>
<pin id="825" dir="0" index="0" bw="8" slack="0"/>
<pin id="826" dir="0" index="1" bw="8" slack="2"/>
<pin id="827" dir="1" index="2" bw="0" slack="2147483647"/>
</pin_list>
<bind>
<opcode="store(28) " fcode="store"/>
<opset="store_ln168/3 "/>
</bind>
</comp>

<comp id="829" class="1004" name="store_ln168_store_fu_829">
<pin_list>
<pin id="830" dir="0" index="0" bw="8" slack="0"/>
<pin id="831" dir="0" index="1" bw="8" slack="2"/>
<pin id="832" dir="1" index="2" bw="0" slack="2147483647"/>
</pin_list>
<bind>
<opcode="store(28) " fcode="store"/>
<opset="store_ln168/3 "/>
</bind>
</comp>

<comp id="834" class="1004" name="store_ln168_store_fu_834">
<pin_list>
<pin id="835" dir="0" index="0" bw="8" slack="0"/>
<pin id="836" dir="0" index="1" bw="8" slack="2"/>
<pin id="837" dir="1" index="2" bw="0" slack="2147483647"/>
</pin_list>
<bind>
<opcode="store(28) " fcode="store"/>
<opset="store_ln168/3 "/>
</bind>
</comp>

<comp id="839" class="1004" name="icmp_ln155_11_fu_839">
<pin_list>
<pin id="840" dir="0" index="0" bw="8" slack="1"/>
<pin id="841" dir="0" index="1" bw="8" slack="1"/>
<pin id="842" dir="1" index="2" bw="1" slack="0"/>
</pin_list>
<bind>
<opcode="icmp(45) " fcode="icmp"/>
<opset="icmp_ln155_11/4 "/>
</bind>
</comp>

<comp id="843" class="1004" name="b_10_fu_843">
<pin_list>
<pin id="844" dir="0" index="0" bw="1" slack="0"/>
<pin id="845" dir="0" index="1" bw="8" slack="1"/>
<pin id="846" dir="0" index="2" bw="8" slack="1"/>
<pin id="847" dir="1" index="3" bw="8" slack="0"/>
</pin_list>
<bind>
<opcode="select(49) " fcode="select"/>
<opset="b_10/4 "/>
</bind>
</comp>

<comp id="849" class="1004" name="icmp_ln155_14_fu_849">
<pin_list>
<pin id="850" dir="0" index="0" bw="8" slack="1"/>
<pin id="851" dir="0" index="1" bw="8" slack="0"/>
<pin id="852" dir="1" index="2" bw="1" slack="0"/>
</pin_list>
<bind>
<opcode="icmp(45) " fcode="icmp"/>
<opset="icmp_ln155_14/4 "/>
</bind>
</comp>

<comp id="854" class="1004" name="tmp_min1_6_fu_854">
<pin_list>
<pin id="855" dir="0" index="0" bw="1" slack="0"/>
<pin id="856" dir="0" index="1" bw="8" slack="1"/>
<pin id="857" dir="0" index="2" bw="8" slack="0"/>
<pin id="858" dir="1" index="3" bw="8" slack="0"/>
</pin_list>
<bind>
<opcode="select(49) " fcode="select"/>
<opset="tmp_min1_6/4 "/>
</bind>
</comp>

<comp id="861" class="1004" name="icmp_ln163_14_fu_861">
<pin_list>
<pin id="862" dir="0" index="0" bw="8" slack="1"/>
<pin id="863" dir="0" index="1" bw="8" slack="0"/>
<pin id="864" dir="1" index="2" bw="1" slack="0"/>
</pin_list>
<bind>
<opcode="icmp(45) " fcode="icmp"/>
<opset="icmp_ln163_14/4 "/>
</bind>
</comp>

<comp id="866" class="1004" name="tmp_max1_5_fu_866">
<pin_list>
<pin id="867" dir="0" index="0" bw="1" slack="0"/>
<pin id="868" dir="0" index="1" bw="8" slack="1"/>
<pin id="869" dir="0" index="2" bw="8" slack="0"/>
<pin id="870" dir="1" index="3" bw="8" slack="0"/>
</pin_list>
<bind>
<opcode="select(49) " fcode="select"/>
<opset="tmp_max1_5/4 "/>
</bind>
</comp>

<comp id="873" class="1004" name="icmp_ln163_15_fu_873">
<pin_list>
<pin id="874" dir="0" index="0" bw="8" slack="0"/>
<pin id="875" dir="0" index="1" bw="8" slack="1"/>
<pin id="876" dir="1" index="2" bw="1" slack="0"/>
</pin_list>
<bind>
<opcode="icmp(45) " fcode="icmp"/>
<opset="icmp_ln163_15/4 "/>
</bind>
</comp>

<comp id="878" class="1004" name="tmp_max2_5_fu_878">
<pin_list>
<pin id="879" dir="0" index="0" bw="1" slack="0"/>
<pin id="880" dir="0" index="1" bw="8" slack="0"/>
<pin id="881" dir="0" index="2" bw="8" slack="1"/>
<pin id="882" dir="1" index="3" bw="8" slack="0"/>
</pin_list>
<bind>
<opcode="select(49) " fcode="select"/>
<opset="tmp_max2_5/4 "/>
</bind>
</comp>

<comp id="885" class="1004" name="icmp_ln155_15_fu_885">
<pin_list>
<pin id="886" dir="0" index="0" bw="8" slack="0"/>
<pin id="887" dir="0" index="1" bw="8" slack="0"/>
<pin id="888" dir="1" index="2" bw="1" slack="0"/>
</pin_list>
<bind>
<opcode="icmp(45) " fcode="icmp"/>
<opset="icmp_ln155_15/4 "/>
</bind>
</comp>

<comp id="891" class="1004" name="final_med_fu_891">
<pin_list>
<pin id="892" dir="0" index="0" bw="1" slack="0"/>
<pin id="893" dir="0" index="1" bw="8" slack="0"/>
<pin id="894" dir="0" index="2" bw="8" slack="0"/>
<pin id="895" dir="1" index="3" bw="8" slack="0"/>
</pin_list>
<bind>
<opcode="select(49) " fcode="select"/>
<opset="final_med/4 "/>
</bind>
</comp>

<comp id="899" class="1004" name="sof_flag_load_load_fu_899">
<pin_list>
<pin id="900" dir="0" index="0" bw="1" slack="3"/>
<pin id="901" dir="1" index="1" bw="1" slack="0"/>
</pin_list>
<bind>
<opcode="load(27) " fcode="load"/>
<opset="sof_flag_load/4 "/>
</bind>
</comp>

<comp id="902" class="1004" name="tmp_1_fu_902">
<pin_list>
<pin id="903" dir="0" index="0" bw="17" slack="0"/>
<pin id="904" dir="0" index="1" bw="1" slack="2"/>
<pin id="905" dir="0" index="2" bw="1" slack="0"/>
<pin id="906" dir="0" index="3" bw="1" slack="0"/>
<pin id="907" dir="0" index="4" bw="8" slack="0"/>
<pin id="908" dir="1" index="5" bw="17" slack="0"/>
</pin_list>
<bind>
<opcode="bitconcatenate(1004) " fcode="bitconcatenate"/>
<opset="tmp_1/4 "/>
</bind>
</comp>

<comp id="913" class="1004" name="zext_ln108_fu_913">
<pin_list>
<pin id="914" dir="0" index="0" bw="17" slack="0"/>
<pin id="915" dir="1" index="1" bw="24" slack="0"/>
</pin_list>
<bind>
<opcode="zext(34) " fcode="zext"/>
<opset="zext_ln108/4 "/>
</bind>
</comp>

<comp id="918" class="1004" name="store_ln26_store_fu_918">
<pin_list>
<pin id="919" dir="0" index="0" bw="1" slack="0"/>
<pin id="920" dir="0" index="1" bw="1" slack="3"/>
<pin id="921" dir="1" index="2" bw="0" slack="2147483647"/>
</pin_list>
<bind>
<opcode="store(28) " fcode="store"/>
<opset="store_ln26/4 "/>
</bind>
</comp>

<comp id="923" class="1005" name="reuse_addr_reg5_reg_923">
<pin_list>
<pin id="924" dir="0" index="0" bw="64" slack="0"/>
<pin id="925" dir="1" index="1" bw="64" slack="0"/>
</pin_list>
<bind>
<opset="reuse_addr_reg5 "/>
</bind>
</comp>

<comp id="930" class="1005" name="reuse_reg4_reg_930">
<pin_list>
<pin id="931" dir="0" index="0" bw="8" slack="0"/>
<pin id="932" dir="1" index="1" bw="8" slack="0"/>
</pin_list>
<bind>
<opset="reuse_reg4 "/>
</bind>
</comp>

<comp id="937" class="1005" name="reuse_addr_reg_reg_937">
<pin_list>
<pin id="938" dir="0" index="0" bw="64" slack="0"/>
<pin id="939" dir="1" index="1" bw="64" slack="0"/>
</pin_list>
<bind>
<opset="reuse_addr_reg "/>
</bind>
</comp>

<comp id="944" class="1005" name="reuse_reg_reg_944">
<pin_list>
<pin id="945" dir="0" index="0" bw="8" slack="0"/>
<pin id="946" dir="1" index="1" bw="8" slack="0"/>
</pin_list>
<bind>
<opset="reuse_reg "/>
</bind>
</comp>

<comp id="951" class="1005" name="x_reg_951">
<pin_list>
<pin id="952" dir="0" index="0" bw="13" slack="0"/>
<pin id="953" dir="1" index="1" bw="13" slack="0"/>
</pin_list>
<bind>
<opset="x "/>
</bind>
</comp>

<comp id="958" class="1005" name="y_reg_958">
<pin_list>
<pin id="959" dir="0" index="0" bw="13" slack="0"/>
<pin id="960" dir="1" index="1" bw="13" slack="0"/>
</pin_list>
<bind>
<opset="y "/>
</bind>
</comp>

<comp id="965" class="1005" name="i_reg_965">
<pin_list>
<pin id="966" dir="0" index="0" bw="26" slack="0"/>
<pin id="967" dir="1" index="1" bw="26" slack="0"/>
</pin_list>
<bind>
<opset="i "/>
</bind>
</comp>

<comp id="972" class="1005" name="a_reg_972">
<pin_list>
<pin id="973" dir="0" index="0" bw="8" slack="2"/>
<pin id="974" dir="1" index="1" bw="8" slack="2"/>
</pin_list>
<bind>
<opset="a "/>
</bind>
</comp>

<comp id="978" class="1005" name="a_1_reg_978">
<pin_list>
<pin id="979" dir="0" index="0" bw="8" slack="2"/>
<pin id="980" dir="1" index="1" bw="8" slack="2"/>
</pin_list>
<bind>
<opset="a_1 "/>
</bind>
</comp>

<comp id="984" class="1005" name="a_2_reg_984">
<pin_list>
<pin id="985" dir="0" index="0" bw="8" slack="2"/>
<pin id="986" dir="1" index="1" bw="8" slack="2"/>
</pin_list>
<bind>
<opset="a_2 "/>
</bind>
</comp>

<comp id="990" class="1005" name="sof_flag_reg_990">
<pin_list>
<pin id="991" dir="0" index="0" bw="1" slack="0"/>
<pin id="992" dir="1" index="1" bw="1" slack="0"/>
</pin_list>
<bind>
<opset="sof_flag "/>
</bind>
</comp>

<comp id="997" class="1005" name="b_reg_997">
<pin_list>
<pin id="998" dir="0" index="0" bw="8" slack="2"/>
<pin id="999" dir="1" index="1" bw="8" slack="2"/>
</pin_list>
<bind>
<opset="b "/>
</bind>
</comp>

<comp id="1003" class="1005" name="b_1_reg_1003">
<pin_list>
<pin id="1004" dir="0" index="0" bw="8" slack="2"/>
<pin id="1005" dir="1" index="1" bw="8" slack="2"/>
</pin_list>
<bind>
<opset="b_1 "/>
</bind>
</comp>

<comp id="1009" class="1005" name="b_2_reg_1009">
<pin_list>
<pin id="1010" dir="0" index="0" bw="8" slack="2"/>
<pin id="1011" dir="1" index="1" bw="8" slack="2"/>
</pin_list>
<bind>
<opset="b_2 "/>
</bind>
</comp>

<comp id="1015" class="1005" name="add_ln117_read_reg_1015">
<pin_list>
<pin id="1016" dir="0" index="0" bw="14" slack="1"/>
<pin id="1017" dir="1" index="1" bw="14" slack="1"/>
</pin_list>
<bind>
<opset="add_ln117_read "/>
</bind>
</comp>

<comp id="1020" class="1005" name="mul_ln31_read_reg_1020">
<pin_list>
<pin id="1021" dir="0" index="0" bw="26" slack="1"/>
<pin id="1022" dir="1" index="1" bw="26" slack="1"/>
</pin_list>
<bind>
<opset="mul_ln31_read "/>
</bind>
</comp>

<comp id="1025" class="1005" name="icmp_ln31_reg_1025">
<pin_list>
<pin id="1026" dir="0" index="0" bw="1" slack="1"/>
<pin id="1027" dir="1" index="1" bw="1" slack="2147483647"/>
</pin_list>
<bind>
<opset="icmp_ln31 "/>
</bind>
</comp>

<comp id="1029" class="1005" name="line_buffer_addr_reg_1029">
<pin_list>
<pin id="1030" dir="0" index="0" bw="13" slack="1"/>
<pin id="1031" dir="1" index="1" bw="13" slack="1"/>
</pin_list>
<bind>
<opset="line_buffer_addr "/>
</bind>
</comp>

<comp id="1035" class="1005" name="addr_cmp8_reg_1035">
<pin_list>
<pin id="1036" dir="0" index="0" bw="1" slack="1"/>
<pin id="1037" dir="1" index="1" bw="1" slack="1"/>
</pin_list>
<bind>
<opset="addr_cmp8 "/>
</bind>
</comp>

<comp id="1040" class="1005" name="line_buffer_1_addr_reg_1040">
<pin_list>
<pin id="1041" dir="0" index="0" bw="13" slack="1"/>
<pin id="1042" dir="1" index="1" bw="13" slack="1"/>
</pin_list>
<bind>
<opset="line_buffer_1_addr "/>
</bind>
</comp>

<comp id="1046" class="1005" name="addr_cmp_reg_1046">
<pin_list>
<pin id="1047" dir="0" index="0" bw="1" slack="1"/>
<pin id="1048" dir="1" index="1" bw="1" slack="1"/>
</pin_list>
<bind>
<opset="addr_cmp "/>
</bind>
</comp>

<comp id="1051" class="1005" name="and_ln99_reg_1051">
<pin_list>
<pin id="1052" dir="0" index="0" bw="1" slack="2"/>
<pin id="1053" dir="1" index="1" bw="1" slack="2147483647"/>
</pin_list>
<bind>
<opset="and_ln99 "/>
</bind>
</comp>

<comp id="1055" class="1005" name="icmp_ln117_reg_1055">
<pin_list>
<pin id="1056" dir="0" index="0" bw="1" slack="2"/>
<pin id="1057" dir="1" index="1" bw="1" slack="2"/>
</pin_list>
<bind>
<opset="icmp_ln117 "/>
</bind>
</comp>

<comp id="1060" class="1005" name="a_6_reg_1060">
<pin_list>
<pin id="1061" dir="0" index="0" bw="8" slack="1"/>
<pin id="1062" dir="1" index="1" bw="8" slack="1"/>
</pin_list>
<bind>
<opset="a_6 "/>
</bind>
</comp>

<comp id="1068" class="1005" name="tmp_max1_4_reg_1068">
<pin_list>
<pin id="1069" dir="0" index="0" bw="8" slack="1"/>
<pin id="1070" dir="1" index="1" bw="8" slack="1"/>
</pin_list>
<bind>
<opset="tmp_max1_4 "/>
</bind>
</comp>

<comp id="1074" class="1005" name="tmp_max2_4_reg_1074">
<pin_list>
<pin id="1075" dir="0" index="0" bw="8" slack="1"/>
<pin id="1076" dir="1" index="1" bw="8" slack="1"/>
</pin_list>
<bind>
<opset="tmp_max2_4 "/>
</bind>
</comp>

<comp id="1080" class="1005" name="c_6_reg_1080">
<pin_list>
<pin id="1081" dir="0" index="0" bw="8" slack="1"/>
<pin id="1082" dir="1" index="1" bw="8" slack="1"/>
</pin_list>
<bind>
<opset="c_6 "/>
</bind>
</comp>

</comp_list>

<net_list>
<net id="75"><net_src comp="8" pin="0"/><net_sink comp="72" pin=0"/></net>

<net id="79"><net_src comp="8" pin="0"/><net_sink comp="76" pin=0"/></net>

<net id="83"><net_src comp="8" pin="0"/><net_sink comp="80" pin=0"/></net>

<net id="87"><net_src comp="8" pin="0"/><net_sink comp="84" pin=0"/></net>

<net id="91"><net_src comp="8" pin="0"/><net_sink comp="88" pin=0"/></net>

<net id="95"><net_src comp="8" pin="0"/><net_sink comp="92" pin=0"/></net>

<net id="99"><net_src comp="8" pin="0"/><net_sink comp="96" pin=0"/></net>

<net id="103"><net_src comp="8" pin="0"/><net_sink comp="100" pin=0"/></net>

<net id="107"><net_src comp="8" pin="0"/><net_sink comp="104" pin=0"/></net>

<net id="111"><net_src comp="8" pin="0"/><net_sink comp="108" pin=0"/></net>

<net id="115"><net_src comp="8" pin="0"/><net_sink comp="112" pin=0"/></net>

<net id="119"><net_src comp="8" pin="0"/><net_sink comp="116" pin=0"/></net>

<net id="123"><net_src comp="8" pin="0"/><net_sink comp="120" pin=0"/></net>

<net id="127"><net_src comp="8" pin="0"/><net_sink comp="124" pin=0"/></net>

<net id="131"><net_src comp="26" pin="0"/><net_sink comp="128" pin=0"/></net>

<net id="135"><net_src comp="26" pin="0"/><net_sink comp="132" pin=0"/></net>

<net id="140"><net_src comp="22" pin="0"/><net_sink comp="136" pin=0"/></net>

<net id="141"><net_src comp="4" pin="0"/><net_sink comp="136" pin=1"/></net>

<net id="146"><net_src comp="24" pin="0"/><net_sink comp="142" pin=0"/></net>

<net id="147"><net_src comp="0" pin="0"/><net_sink comp="142" pin=1"/></net>

<net id="152"><net_src comp="50" pin="0"/><net_sink comp="148" pin=0"/></net>

<net id="153"><net_src comp="2" pin="0"/><net_sink comp="148" pin=1"/></net>

<net id="159"><net_src comp="68" pin="0"/><net_sink comp="154" pin=0"/></net>

<net id="160"><net_src comp="6" pin="0"/><net_sink comp="154" pin=1"/></net>

<net id="166"><net_src comp="40" pin="0"/><net_sink comp="161" pin=1"/></net>

<net id="176"><net_src comp="161" pin="3"/><net_sink comp="167" pin=2"/></net>

<net id="182"><net_src comp="40" pin="0"/><net_sink comp="177" pin=1"/></net>

<net id="192"><net_src comp="177" pin="3"/><net_sink comp="183" pin=2"/></net>

<net id="197"><net_src comp="28" pin="0"/><net_sink comp="193" pin=0"/></net>

<net id="202"><net_src comp="30" pin="0"/><net_sink comp="198" pin=0"/></net>

<net id="207"><net_src comp="32" pin="0"/><net_sink comp="203" pin=0"/></net>

<net id="212"><net_src comp="32" pin="0"/><net_sink comp="208" pin=0"/></net>

<net id="217"><net_src comp="34" pin="0"/><net_sink comp="213" pin=0"/></net>

<net id="222"><net_src comp="36" pin="0"/><net_sink comp="218" pin=0"/></net>

<net id="227"><net_src comp="34" pin="0"/><net_sink comp="223" pin=0"/></net>

<net id="232"><net_src comp="36" pin="0"/><net_sink comp="228" pin=0"/></net>

<net id="246"><net_src comp="239" pin="1"/><net_sink comp="242" pin=0"/></net>

<net id="251"><net_src comp="239" pin="1"/><net_sink comp="247" pin=0"/></net>

<net id="252"><net_src comp="38" pin="0"/><net_sink comp="247" pin=1"/></net>

<net id="256"><net_src comp="233" pin="1"/><net_sink comp="253" pin=0"/></net>

<net id="257"><net_src comp="253" pin="1"/><net_sink comp="161" pin=2"/></net>

<net id="258"><net_src comp="253" pin="1"/><net_sink comp="177" pin=2"/></net>

<net id="266"><net_src comp="259" pin="1"/><net_sink comp="262" pin=0"/></net>

<net id="267"><net_src comp="253" pin="1"/><net_sink comp="262" pin=1"/></net>

<net id="275"><net_src comp="268" pin="1"/><net_sink comp="271" pin=0"/></net>

<net id="276"><net_src comp="253" pin="1"/><net_sink comp="271" pin=1"/></net>

<net id="281"><net_src comp="253" pin="1"/><net_sink comp="277" pin=0"/></net>

<net id="286"><net_src comp="253" pin="1"/><net_sink comp="282" pin=0"/></net>

<net id="293"><net_src comp="42" pin="0"/><net_sink comp="287" pin=0"/></net>

<net id="294"><net_src comp="233" pin="1"/><net_sink comp="287" pin=1"/></net>

<net id="295"><net_src comp="8" pin="0"/><net_sink comp="287" pin=2"/></net>

<net id="296"><net_src comp="44" pin="0"/><net_sink comp="287" pin=3"/></net>

<net id="301"><net_src comp="287" pin="4"/><net_sink comp="297" pin=0"/></net>

<net id="302"><net_src comp="46" pin="0"/><net_sink comp="297" pin=1"/></net>

<net id="309"><net_src comp="42" pin="0"/><net_sink comp="303" pin=0"/></net>

<net id="310"><net_src comp="236" pin="1"/><net_sink comp="303" pin=1"/></net>

<net id="311"><net_src comp="8" pin="0"/><net_sink comp="303" pin=2"/></net>

<net id="312"><net_src comp="44" pin="0"/><net_sink comp="303" pin=3"/></net>

<net id="317"><net_src comp="303" pin="4"/><net_sink comp="313" pin=0"/></net>

<net id="318"><net_src comp="46" pin="0"/><net_sink comp="313" pin=1"/></net>

<net id="323"><net_src comp="297" pin="2"/><net_sink comp="319" pin=0"/></net>

<net id="324"><net_src comp="313" pin="2"/><net_sink comp="319" pin=1"/></net>

<net id="328"><net_src comp="233" pin="1"/><net_sink comp="325" pin=0"/></net>

<net id="333"><net_src comp="325" pin="1"/><net_sink comp="329" pin=1"/></net>

<net id="338"><net_src comp="236" pin="1"/><net_sink comp="334" pin=0"/></net>

<net id="339"><net_src comp="48" pin="0"/><net_sink comp="334" pin=1"/></net>

<net id="344"><net_src comp="233" pin="1"/><net_sink comp="340" pin=0"/></net>

<net id="345"><net_src comp="48" pin="0"/><net_sink comp="340" pin=1"/></net>

<net id="351"><net_src comp="329" pin="2"/><net_sink comp="346" pin=0"/></net>

<net id="352"><net_src comp="32" pin="0"/><net_sink comp="346" pin=1"/></net>

<net id="353"><net_src comp="340" pin="2"/><net_sink comp="346" pin=2"/></net>

<net id="359"><net_src comp="329" pin="2"/><net_sink comp="354" pin=0"/></net>

<net id="360"><net_src comp="334" pin="2"/><net_sink comp="354" pin=1"/></net>

<net id="361"><net_src comp="236" pin="1"/><net_sink comp="354" pin=2"/></net>

<net id="366"><net_src comp="247" pin="2"/><net_sink comp="362" pin=0"/></net>

<net id="371"><net_src comp="354" pin="3"/><net_sink comp="367" pin=0"/></net>

<net id="376"><net_src comp="346" pin="3"/><net_sink comp="372" pin=0"/></net>

<net id="398"><net_src comp="148" pin="2"/><net_sink comp="395" pin=0"/></net>

<net id="399"><net_src comp="395" pin="1"/><net_sink comp="183" pin=1"/></net>

<net id="408"><net_src comp="400" pin="1"/><net_sink comp="403" pin=1"/></net>

<net id="409"><net_src comp="167" pin="7"/><net_sink comp="403" pin=2"/></net>

<net id="418"><net_src comp="410" pin="1"/><net_sink comp="413" pin=1"/></net>

<net id="419"><net_src comp="183" pin="7"/><net_sink comp="413" pin=2"/></net>

<net id="420"><net_src comp="413" pin="3"/><net_sink comp="167" pin=1"/></net>

<net id="425"><net_src comp="413" pin="3"/><net_sink comp="421" pin=0"/></net>

<net id="430"><net_src comp="395" pin="1"/><net_sink comp="426" pin=0"/></net>

<net id="435"><net_src comp="386" pin="1"/><net_sink comp="431" pin=0"/></net>

<net id="436"><net_src comp="377" pin="1"/><net_sink comp="431" pin=1"/></net>

<net id="442"><net_src comp="431" pin="2"/><net_sink comp="437" pin=0"/></net>

<net id="443"><net_src comp="386" pin="1"/><net_sink comp="437" pin=1"/></net>

<net id="444"><net_src comp="377" pin="1"/><net_sink comp="437" pin=2"/></net>

<net id="449"><net_src comp="386" pin="1"/><net_sink comp="445" pin=0"/></net>

<net id="450"><net_src comp="377" pin="1"/><net_sink comp="445" pin=1"/></net>

<net id="456"><net_src comp="445" pin="2"/><net_sink comp="451" pin=0"/></net>

<net id="457"><net_src comp="386" pin="1"/><net_sink comp="451" pin=1"/></net>

<net id="458"><net_src comp="377" pin="1"/><net_sink comp="451" pin=2"/></net>

<net id="463"><net_src comp="437" pin="3"/><net_sink comp="459" pin=0"/></net>

<net id="464"><net_src comp="403" pin="3"/><net_sink comp="459" pin=1"/></net>

<net id="470"><net_src comp="459" pin="2"/><net_sink comp="465" pin=0"/></net>

<net id="471"><net_src comp="437" pin="3"/><net_sink comp="465" pin=1"/></net>

<net id="472"><net_src comp="403" pin="3"/><net_sink comp="465" pin=2"/></net>

<net id="477"><net_src comp="437" pin="3"/><net_sink comp="473" pin=0"/></net>

<net id="478"><net_src comp="403" pin="3"/><net_sink comp="473" pin=1"/></net>

<net id="484"><net_src comp="473" pin="2"/><net_sink comp="479" pin=0"/></net>

<net id="485"><net_src comp="437" pin="3"/><net_sink comp="479" pin=1"/></net>

<net id="486"><net_src comp="403" pin="3"/><net_sink comp="479" pin=2"/></net>

<net id="491"><net_src comp="451" pin="3"/><net_sink comp="487" pin=0"/></net>

<net id="492"><net_src comp="479" pin="3"/><net_sink comp="487" pin=1"/></net>

<net id="498"><net_src comp="487" pin="2"/><net_sink comp="493" pin=0"/></net>

<net id="499"><net_src comp="451" pin="3"/><net_sink comp="493" pin=1"/></net>

<net id="500"><net_src comp="479" pin="3"/><net_sink comp="493" pin=2"/></net>

<net id="505"><net_src comp="451" pin="3"/><net_sink comp="501" pin=0"/></net>

<net id="506"><net_src comp="479" pin="3"/><net_sink comp="501" pin=1"/></net>

<net id="512"><net_src comp="501" pin="2"/><net_sink comp="507" pin=0"/></net>

<net id="513"><net_src comp="451" pin="3"/><net_sink comp="507" pin=1"/></net>

<net id="514"><net_src comp="479" pin="3"/><net_sink comp="507" pin=2"/></net>

<net id="519"><net_src comp="389" pin="1"/><net_sink comp="515" pin=0"/></net>

<net id="520"><net_src comp="380" pin="1"/><net_sink comp="515" pin=1"/></net>

<net id="526"><net_src comp="515" pin="2"/><net_sink comp="521" pin=0"/></net>

<net id="527"><net_src comp="389" pin="1"/><net_sink comp="521" pin=1"/></net>

<net id="528"><net_src comp="380" pin="1"/><net_sink comp="521" pin=2"/></net>

<net id="533"><net_src comp="389" pin="1"/><net_sink comp="529" pin=0"/></net>

<net id="534"><net_src comp="380" pin="1"/><net_sink comp="529" pin=1"/></net>

<net id="540"><net_src comp="529" pin="2"/><net_sink comp="535" pin=0"/></net>

<net id="541"><net_src comp="389" pin="1"/><net_sink comp="535" pin=1"/></net>

<net id="542"><net_src comp="380" pin="1"/><net_sink comp="535" pin=2"/></net>

<net id="547"><net_src comp="521" pin="3"/><net_sink comp="543" pin=0"/></net>

<net id="548"><net_src comp="413" pin="3"/><net_sink comp="543" pin=1"/></net>

<net id="554"><net_src comp="543" pin="2"/><net_sink comp="549" pin=0"/></net>

<net id="555"><net_src comp="521" pin="3"/><net_sink comp="549" pin=1"/></net>

<net id="556"><net_src comp="413" pin="3"/><net_sink comp="549" pin=2"/></net>

<net id="561"><net_src comp="521" pin="3"/><net_sink comp="557" pin=0"/></net>

<net id="562"><net_src comp="413" pin="3"/><net_sink comp="557" pin=1"/></net>

<net id="568"><net_src comp="557" pin="2"/><net_sink comp="563" pin=0"/></net>

<net id="569"><net_src comp="521" pin="3"/><net_sink comp="563" pin=1"/></net>

<net id="570"><net_src comp="413" pin="3"/><net_sink comp="563" pin=2"/></net>

<net id="575"><net_src comp="535" pin="3"/><net_sink comp="571" pin=0"/></net>

<net id="576"><net_src comp="563" pin="3"/><net_sink comp="571" pin=1"/></net>

<net id="582"><net_src comp="571" pin="2"/><net_sink comp="577" pin=0"/></net>

<net id="583"><net_src comp="535" pin="3"/><net_sink comp="577" pin=1"/></net>

<net id="584"><net_src comp="563" pin="3"/><net_sink comp="577" pin=2"/></net>

<net id="589"><net_src comp="535" pin="3"/><net_sink comp="585" pin=0"/></net>

<net id="590"><net_src comp="563" pin="3"/><net_sink comp="585" pin=1"/></net>

<net id="596"><net_src comp="585" pin="2"/><net_sink comp="591" pin=0"/></net>

<net id="597"><net_src comp="535" pin="3"/><net_sink comp="591" pin=1"/></net>

<net id="598"><net_src comp="563" pin="3"/><net_sink comp="591" pin=2"/></net>

<net id="603"><net_src comp="392" pin="1"/><net_sink comp="599" pin=0"/></net>

<net id="604"><net_src comp="383" pin="1"/><net_sink comp="599" pin=1"/></net>

<net id="610"><net_src comp="599" pin="2"/><net_sink comp="605" pin=0"/></net>

<net id="611"><net_src comp="392" pin="1"/><net_sink comp="605" pin=1"/></net>

<net id="612"><net_src comp="383" pin="1"/><net_sink comp="605" pin=2"/></net>

<net id="617"><net_src comp="392" pin="1"/><net_sink comp="613" pin=0"/></net>

<net id="618"><net_src comp="383" pin="1"/><net_sink comp="613" pin=1"/></net>

<net id="624"><net_src comp="613" pin="2"/><net_sink comp="619" pin=0"/></net>

<net id="625"><net_src comp="392" pin="1"/><net_sink comp="619" pin=1"/></net>

<net id="626"><net_src comp="383" pin="1"/><net_sink comp="619" pin=2"/></net>

<net id="631"><net_src comp="605" pin="3"/><net_sink comp="627" pin=0"/></net>

<net id="632"><net_src comp="395" pin="1"/><net_sink comp="627" pin=1"/></net>

<net id="638"><net_src comp="627" pin="2"/><net_sink comp="633" pin=0"/></net>

<net id="639"><net_src comp="605" pin="3"/><net_sink comp="633" pin=1"/></net>

<net id="640"><net_src comp="395" pin="1"/><net_sink comp="633" pin=2"/></net>

<net id="645"><net_src comp="605" pin="3"/><net_sink comp="641" pin=0"/></net>

<net id="646"><net_src comp="395" pin="1"/><net_sink comp="641" pin=1"/></net>

<net id="652"><net_src comp="641" pin="2"/><net_sink comp="647" pin=0"/></net>

<net id="653"><net_src comp="605" pin="3"/><net_sink comp="647" pin=1"/></net>

<net id="654"><net_src comp="395" pin="1"/><net_sink comp="647" pin=2"/></net>

<net id="659"><net_src comp="619" pin="3"/><net_sink comp="655" pin=0"/></net>

<net id="660"><net_src comp="647" pin="3"/><net_sink comp="655" pin=1"/></net>

<net id="666"><net_src comp="655" pin="2"/><net_sink comp="661" pin=0"/></net>

<net id="667"><net_src comp="619" pin="3"/><net_sink comp="661" pin=1"/></net>

<net id="668"><net_src comp="647" pin="3"/><net_sink comp="661" pin=2"/></net>

<net id="673"><net_src comp="619" pin="3"/><net_sink comp="669" pin=0"/></net>

<net id="674"><net_src comp="647" pin="3"/><net_sink comp="669" pin=1"/></net>

<net id="680"><net_src comp="669" pin="2"/><net_sink comp="675" pin=0"/></net>

<net id="681"><net_src comp="619" pin="3"/><net_sink comp="675" pin=1"/></net>

<net id="682"><net_src comp="647" pin="3"/><net_sink comp="675" pin=2"/></net>

<net id="687"><net_src comp="465" pin="3"/><net_sink comp="683" pin=0"/></net>

<net id="688"><net_src comp="549" pin="3"/><net_sink comp="683" pin=1"/></net>

<net id="694"><net_src comp="683" pin="2"/><net_sink comp="689" pin=0"/></net>

<net id="695"><net_src comp="465" pin="3"/><net_sink comp="689" pin=1"/></net>

<net id="696"><net_src comp="549" pin="3"/><net_sink comp="689" pin=2"/></net>

<net id="701"><net_src comp="465" pin="3"/><net_sink comp="697" pin=0"/></net>

<net id="702"><net_src comp="549" pin="3"/><net_sink comp="697" pin=1"/></net>

<net id="708"><net_src comp="697" pin="2"/><net_sink comp="703" pin=0"/></net>

<net id="709"><net_src comp="465" pin="3"/><net_sink comp="703" pin=1"/></net>

<net id="710"><net_src comp="549" pin="3"/><net_sink comp="703" pin=2"/></net>

<net id="715"><net_src comp="689" pin="3"/><net_sink comp="711" pin=0"/></net>

<net id="716"><net_src comp="633" pin="3"/><net_sink comp="711" pin=1"/></net>

<net id="722"><net_src comp="711" pin="2"/><net_sink comp="717" pin=0"/></net>

<net id="723"><net_src comp="689" pin="3"/><net_sink comp="717" pin=1"/></net>

<net id="724"><net_src comp="633" pin="3"/><net_sink comp="717" pin=2"/></net>

<net id="729"><net_src comp="703" pin="3"/><net_sink comp="725" pin=0"/></net>

<net id="730"><net_src comp="717" pin="3"/><net_sink comp="725" pin=1"/></net>

<net id="736"><net_src comp="725" pin="2"/><net_sink comp="731" pin=0"/></net>

<net id="737"><net_src comp="703" pin="3"/><net_sink comp="731" pin=1"/></net>

<net id="738"><net_src comp="717" pin="3"/><net_sink comp="731" pin=2"/></net>

<net id="743"><net_src comp="493" pin="3"/><net_sink comp="739" pin=0"/></net>

<net id="744"><net_src comp="577" pin="3"/><net_sink comp="739" pin=1"/></net>

<net id="750"><net_src comp="739" pin="2"/><net_sink comp="745" pin=0"/></net>

<net id="751"><net_src comp="493" pin="3"/><net_sink comp="745" pin=1"/></net>

<net id="752"><net_src comp="577" pin="3"/><net_sink comp="745" pin=2"/></net>

<net id="757"><net_src comp="493" pin="3"/><net_sink comp="753" pin=0"/></net>

<net id="758"><net_src comp="577" pin="3"/><net_sink comp="753" pin=1"/></net>

<net id="764"><net_src comp="753" pin="2"/><net_sink comp="759" pin=0"/></net>

<net id="765"><net_src comp="493" pin="3"/><net_sink comp="759" pin=1"/></net>

<net id="766"><net_src comp="577" pin="3"/><net_sink comp="759" pin=2"/></net>

<net id="771"><net_src comp="745" pin="3"/><net_sink comp="767" pin=0"/></net>

<net id="772"><net_src comp="661" pin="3"/><net_sink comp="767" pin=1"/></net>

<net id="778"><net_src comp="767" pin="2"/><net_sink comp="773" pin=0"/></net>

<net id="779"><net_src comp="745" pin="3"/><net_sink comp="773" pin=1"/></net>

<net id="780"><net_src comp="661" pin="3"/><net_sink comp="773" pin=2"/></net>

<net id="785"><net_src comp="507" pin="3"/><net_sink comp="781" pin=0"/></net>

<net id="786"><net_src comp="591" pin="3"/><net_sink comp="781" pin=1"/></net>

<net id="792"><net_src comp="781" pin="2"/><net_sink comp="787" pin=0"/></net>

<net id="793"><net_src comp="507" pin="3"/><net_sink comp="787" pin=1"/></net>

<net id="794"><net_src comp="591" pin="3"/><net_sink comp="787" pin=2"/></net>

<net id="799"><net_src comp="787" pin="3"/><net_sink comp="795" pin=0"/></net>

<net id="800"><net_src comp="675" pin="3"/><net_sink comp="795" pin=1"/></net>

<net id="806"><net_src comp="795" pin="2"/><net_sink comp="801" pin=0"/></net>

<net id="807"><net_src comp="787" pin="3"/><net_sink comp="801" pin=1"/></net>

<net id="808"><net_src comp="675" pin="3"/><net_sink comp="801" pin=2"/></net>

<net id="813"><net_src comp="395" pin="1"/><net_sink comp="809" pin=0"/></net>

<net id="818"><net_src comp="413" pin="3"/><net_sink comp="814" pin=0"/></net>

<net id="823"><net_src comp="403" pin="3"/><net_sink comp="819" pin=0"/></net>

<net id="828"><net_src comp="383" pin="1"/><net_sink comp="824" pin=0"/></net>

<net id="833"><net_src comp="380" pin="1"/><net_sink comp="829" pin=0"/></net>

<net id="838"><net_src comp="377" pin="1"/><net_sink comp="834" pin=0"/></net>

<net id="848"><net_src comp="839" pin="2"/><net_sink comp="843" pin=0"/></net>

<net id="853"><net_src comp="843" pin="3"/><net_sink comp="849" pin=1"/></net>

<net id="859"><net_src comp="849" pin="2"/><net_sink comp="854" pin=0"/></net>

<net id="860"><net_src comp="843" pin="3"/><net_sink comp="854" pin=2"/></net>

<net id="865"><net_src comp="843" pin="3"/><net_sink comp="861" pin=1"/></net>

<net id="871"><net_src comp="861" pin="2"/><net_sink comp="866" pin=0"/></net>

<net id="872"><net_src comp="843" pin="3"/><net_sink comp="866" pin=2"/></net>

<net id="877"><net_src comp="854" pin="3"/><net_sink comp="873" pin=0"/></net>

<net id="883"><net_src comp="873" pin="2"/><net_sink comp="878" pin=0"/></net>

<net id="884"><net_src comp="854" pin="3"/><net_sink comp="878" pin=1"/></net>

<net id="889"><net_src comp="866" pin="3"/><net_sink comp="885" pin=0"/></net>

<net id="890"><net_src comp="878" pin="3"/><net_sink comp="885" pin=1"/></net>

<net id="896"><net_src comp="885" pin="2"/><net_sink comp="891" pin=0"/></net>

<net id="897"><net_src comp="866" pin="3"/><net_sink comp="891" pin=1"/></net>

<net id="898"><net_src comp="878" pin="3"/><net_sink comp="891" pin=2"/></net>

<net id="909"><net_src comp="64" pin="0"/><net_sink comp="902" pin=0"/></net>

<net id="910"><net_src comp="66" pin="0"/><net_sink comp="902" pin=2"/></net>

<net id="911"><net_src comp="899" pin="1"/><net_sink comp="902" pin=3"/></net>

<net id="912"><net_src comp="891" pin="3"/><net_sink comp="902" pin=4"/></net>

<net id="916"><net_src comp="902" pin="5"/><net_sink comp="913" pin=0"/></net>

<net id="917"><net_src comp="913" pin="1"/><net_sink comp="154" pin=2"/></net>

<net id="922"><net_src comp="70" pin="0"/><net_sink comp="918" pin=0"/></net>

<net id="926"><net_src comp="72" pin="1"/><net_sink comp="923" pin=0"/></net>

<net id="927"><net_src comp="923" pin="1"/><net_sink comp="228" pin=1"/></net>

<net id="928"><net_src comp="923" pin="1"/><net_sink comp="259" pin=0"/></net>

<net id="929"><net_src comp="923" pin="1"/><net_sink comp="277" pin=1"/></net>

<net id="933"><net_src comp="76" pin="1"/><net_sink comp="930" pin=0"/></net>

<net id="934"><net_src comp="930" pin="1"/><net_sink comp="223" pin=1"/></net>

<net id="935"><net_src comp="930" pin="1"/><net_sink comp="400" pin=0"/></net>

<net id="936"><net_src comp="930" pin="1"/><net_sink comp="421" pin=1"/></net>

<net id="940"><net_src comp="80" pin="1"/><net_sink comp="937" pin=0"/></net>

<net id="941"><net_src comp="937" pin="1"/><net_sink comp="218" pin=1"/></net>

<net id="942"><net_src comp="937" pin="1"/><net_sink comp="268" pin=0"/></net>

<net id="943"><net_src comp="937" pin="1"/><net_sink comp="282" pin=1"/></net>

<net id="947"><net_src comp="84" pin="1"/><net_sink comp="944" pin=0"/></net>

<net id="948"><net_src comp="944" pin="1"/><net_sink comp="213" pin=1"/></net>

<net id="949"><net_src comp="944" pin="1"/><net_sink comp="410" pin=0"/></net>

<net id="950"><net_src comp="944" pin="1"/><net_sink comp="426" pin=1"/></net>

<net id="954"><net_src comp="88" pin="1"/><net_sink comp="951" pin=0"/></net>

<net id="955"><net_src comp="951" pin="1"/><net_sink comp="208" pin=1"/></net>

<net id="956"><net_src comp="951" pin="1"/><net_sink comp="233" pin=0"/></net>

<net id="957"><net_src comp="951" pin="1"/><net_sink comp="372" pin=1"/></net>

<net id="961"><net_src comp="92" pin="1"/><net_sink comp="958" pin=0"/></net>

<net id="962"><net_src comp="958" pin="1"/><net_sink comp="203" pin=1"/></net>

<net id="963"><net_src comp="958" pin="1"/><net_sink comp="236" pin=0"/></net>

<net id="964"><net_src comp="958" pin="1"/><net_sink comp="367" pin=1"/></net>

<net id="968"><net_src comp="96" pin="1"/><net_sink comp="965" pin=0"/></net>

<net id="969"><net_src comp="965" pin="1"/><net_sink comp="198" pin=1"/></net>

<net id="970"><net_src comp="965" pin="1"/><net_sink comp="239" pin=0"/></net>

<net id="971"><net_src comp="965" pin="1"/><net_sink comp="362" pin=1"/></net>

<net id="975"><net_src comp="100" pin="1"/><net_sink comp="972" pin=0"/></net>

<net id="976"><net_src comp="972" pin="1"/><net_sink comp="386" pin=0"/></net>

<net id="977"><net_src comp="972" pin="1"/><net_sink comp="834" pin=1"/></net>

<net id="981"><net_src comp="104" pin="1"/><net_sink comp="978" pin=0"/></net>

<net id="982"><net_src comp="978" pin="1"/><net_sink comp="389" pin=0"/></net>

<net id="983"><net_src comp="978" pin="1"/><net_sink comp="829" pin=1"/></net>

<net id="987"><net_src comp="108" pin="1"/><net_sink comp="984" pin=0"/></net>

<net id="988"><net_src comp="984" pin="1"/><net_sink comp="392" pin=0"/></net>

<net id="989"><net_src comp="984" pin="1"/><net_sink comp="824" pin=1"/></net>

<net id="993"><net_src comp="112" pin="1"/><net_sink comp="990" pin=0"/></net>

<net id="994"><net_src comp="990" pin="1"/><net_sink comp="193" pin=1"/></net>

<net id="995"><net_src comp="990" pin="1"/><net_sink comp="899" pin=0"/></net>

<net id="996"><net_src comp="990" pin="1"/><net_sink comp="918" pin=1"/></net>

<net id="1000"><net_src comp="116" pin="1"/><net_sink comp="997" pin=0"/></net>

<net id="1001"><net_src comp="997" pin="1"/><net_sink comp="377" pin=0"/></net>

<net id="1002"><net_src comp="997" pin="1"/><net_sink comp="819" pin=1"/></net>

<net id="1006"><net_src comp="120" pin="1"/><net_sink comp="1003" pin=0"/></net>

<net id="1007"><net_src comp="1003" pin="1"/><net_sink comp="380" pin=0"/></net>

<net id="1008"><net_src comp="1003" pin="1"/><net_sink comp="814" pin=1"/></net>

<net id="1012"><net_src comp="124" pin="1"/><net_sink comp="1009" pin=0"/></net>

<net id="1013"><net_src comp="1009" pin="1"/><net_sink comp="383" pin=0"/></net>

<net id="1014"><net_src comp="1009" pin="1"/><net_sink comp="809" pin=1"/></net>

<net id="1018"><net_src comp="136" pin="2"/><net_sink comp="1015" pin=0"/></net>

<net id="1019"><net_src comp="1015" pin="1"/><net_sink comp="329" pin=0"/></net>

<net id="1023"><net_src comp="142" pin="2"/><net_sink comp="1020" pin=0"/></net>

<net id="1024"><net_src comp="1020" pin="1"/><net_sink comp="242" pin=1"/></net>

<net id="1028"><net_src comp="242" pin="2"/><net_sink comp="1025" pin=0"/></net>

<net id="1032"><net_src comp="161" pin="3"/><net_sink comp="1029" pin=0"/></net>

<net id="1033"><net_src comp="1029" pin="1"/><net_sink comp="167" pin=2"/></net>

<net id="1034"><net_src comp="1029" pin="1"/><net_sink comp="167" pin=0"/></net>

<net id="1038"><net_src comp="262" pin="2"/><net_sink comp="1035" pin=0"/></net>

<net id="1039"><net_src comp="1035" pin="1"/><net_sink comp="403" pin=0"/></net>

<net id="1043"><net_src comp="177" pin="3"/><net_sink comp="1040" pin=0"/></net>

<net id="1044"><net_src comp="1040" pin="1"/><net_sink comp="183" pin=2"/></net>

<net id="1045"><net_src comp="1040" pin="1"/><net_sink comp="183" pin=0"/></net>

<net id="1049"><net_src comp="271" pin="2"/><net_sink comp="1046" pin=0"/></net>

<net id="1050"><net_src comp="1046" pin="1"/><net_sink comp="413" pin=0"/></net>

<net id="1054"><net_src comp="319" pin="2"/><net_sink comp="1051" pin=0"/></net>

<net id="1058"><net_src comp="329" pin="2"/><net_sink comp="1055" pin=0"/></net>

<net id="1059"><net_src comp="1055" pin="1"/><net_sink comp="902" pin=1"/></net>

<net id="1063"><net_src comp="731" pin="3"/><net_sink comp="1060" pin=0"/></net>

<net id="1064"><net_src comp="1060" pin="1"/><net_sink comp="849" pin=0"/></net>

<net id="1065"><net_src comp="1060" pin="1"/><net_sink comp="854" pin=1"/></net>

<net id="1066"><net_src comp="1060" pin="1"/><net_sink comp="861" pin=0"/></net>

<net id="1067"><net_src comp="1060" pin="1"/><net_sink comp="866" pin=1"/></net>

<net id="1071"><net_src comp="759" pin="3"/><net_sink comp="1068" pin=0"/></net>

<net id="1072"><net_src comp="1068" pin="1"/><net_sink comp="839" pin=0"/></net>

<net id="1073"><net_src comp="1068" pin="1"/><net_sink comp="843" pin=1"/></net>

<net id="1077"><net_src comp="773" pin="3"/><net_sink comp="1074" pin=0"/></net>

<net id="1078"><net_src comp="1074" pin="1"/><net_sink comp="839" pin=1"/></net>

<net id="1079"><net_src comp="1074" pin="1"/><net_sink comp="843" pin=2"/></net>

<net id="1083"><net_src comp="801" pin="3"/><net_sink comp="1080" pin=0"/></net>

<net id="1084"><net_src comp="1080" pin="1"/><net_sink comp="873" pin=1"/></net>

<net id="1085"><net_src comp="1080" pin="1"/><net_sink comp="878" pin=2"/></net>

</net_list>

</model> 
---------------- Datapath Model END ------------------

* FSMD analyzer results:
  - Output states:
	Port: m_axis_video | {4 }
 - Input state : 
	Port: hls_filter_median_3x3_Pipeline_VITIS_LOOP_31_1 : mul_ln31 | {1 }
	Port: hls_filter_median_3x3_Pipeline_VITIS_LOOP_31_1 : s_axis_video | {3 }
	Port: hls_filter_median_3x3_Pipeline_VITIS_LOOP_31_1 : add_ln117 | {1 }
  - Chain level:
	State 1
		store_ln26 : 1
		store_ln31 : 1
		store_ln25 : 1
		store_ln24 : 1
		store_ln0 : 1
		store_ln0 : 1
		store_ln0 : 1
		store_ln0 : 1
	State 2
		icmp_ln31 : 1
		br_ln31 : 2
		i_1 : 1
		zext_ln53 : 1
		line_buffer_addr : 2
		line_buffer_load : 3
		addr_cmp8 : 2
		line_buffer_1_addr : 2
		line_buffer_1_load : 3
		addr_cmp : 2
		store_ln53 : 2
		store_ln53 : 2
		tmp : 1
		icmp_ln99 : 2
		tmp_2 : 1
		icmp_ln99_1 : 2
		and_ln99 : 3
		zext_ln117 : 1
		icmp_ln117 : 2
		br_ln99 : 3
		y_4 : 1
		x_4 : 1
		x_5 : 3
		y_5 : 3
		store_ln31 : 2
		store_ln25 : 4
		store_ln24 : 4
	State 3
		c : 1
		c_1 : 1
		store_ln61 : 2
		store_ln53 : 2
		store_ln64 : 1
		store_ln39 : 1
		icmp_ln155 : 1
		tmp_min1 : 2
		icmp_ln163 : 1
		tmp_max1 : 2
		icmp_ln155_1 : 3
		min : 4
		icmp_ln163_1 : 3
		tmp_max2 : 4
		icmp_ln155_2 : 5
		med : 6
		icmp_ln163_2 : 5
		max : 6
		icmp_ln155_3 : 1
		tmp_min1_1 : 2
		icmp_ln163_3 : 1
		tmp_max1_1 : 2
		icmp_ln155_4 : 3
		min_3 : 4
		icmp_ln163_4 : 3
		tmp_max2_1 : 4
		icmp_ln155_5 : 5
		med_3 : 6
		icmp_ln163_5 : 5
		max_3 : 6
		icmp_ln155_6 : 1
		tmp_min1_2 : 2
		icmp_ln163_6 : 1
		tmp_max1_2 : 2
		icmp_ln155_7 : 3
		min_4 : 4
		icmp_ln163_7 : 3
		tmp_max2_2 : 4
		icmp_ln155_8 : 5
		med_4 : 6
		icmp_ln163_8 : 5
		max_4 : 6
		icmp_ln155_9 : 5
		tmp_min1_3 : 6
		icmp_ln163_9 : 5
		tmp_max1_3 : 6
		icmp_ln163_10 : 7
		tmp_max2_3 : 8
		icmp_ln163_11 : 9
		a_6 : 10
		icmp_ln155_10 : 7
		tmp_min1_4 : 8
		icmp_ln163_12 : 7
		tmp_max1_4 : 8
		icmp_ln163_13 : 9
		tmp_max2_4 : 10
		icmp_ln155_12 : 7
		tmp_min1_5 : 8
		icmp_ln155_13 : 9
		c_6 : 10
		store_ln168 : 1
		store_ln168 : 2
		store_ln168 : 2
		store_ln168 : 1
		store_ln168 : 1
		store_ln168 : 1
	State 4
		b_10 : 1
		icmp_ln155_14 : 2
		tmp_min1_6 : 3
		icmp_ln163_14 : 2
		tmp_max1_5 : 3
		icmp_ln163_15 : 4
		tmp_max2_5 : 5
		icmp_ln155_15 : 6
		final_med : 7
		tmp_1 : 8
		zext_ln108 : 9
		write_ln108 : 10


============================================================
+ Verbose Summary: Datapath Resource usage 
============================================================

* Functional unit list:
|----------|-------------------------------|---------|---------|
| Operation|        Functional Unit        |    FF   |   LUT   |
|----------|-------------------------------|---------|---------|
|          |        icmp_ln31_fu_242       |    0    |    33   |
|          |        addr_cmp8_fu_262       |    0    |    71   |
|          |        addr_cmp_fu_271        |    0    |    71   |
|          |        icmp_ln99_fu_297       |    0    |    19   |
|          |       icmp_ln99_1_fu_313      |    0    |    19   |
|          |       icmp_ln117_fu_329       |    0    |    21   |
|          |       icmp_ln155_fu_431       |    0    |    15   |
|          |       icmp_ln163_fu_445       |    0    |    15   |
|          |      icmp_ln155_1_fu_459      |    0    |    15   |
|          |      icmp_ln163_1_fu_473      |    0    |    15   |
|          |      icmp_ln155_2_fu_487      |    0    |    15   |
|          |      icmp_ln163_2_fu_501      |    0    |    15   |
|          |      icmp_ln155_3_fu_515      |    0    |    15   |
|          |      icmp_ln163_3_fu_529      |    0    |    15   |
|          |      icmp_ln155_4_fu_543      |    0    |    15   |
|          |      icmp_ln163_4_fu_557      |    0    |    15   |
|          |      icmp_ln155_5_fu_571      |    0    |    15   |
|          |      icmp_ln163_5_fu_585      |    0    |    15   |
|   icmp   |      icmp_ln155_6_fu_599      |    0    |    15   |
|          |      icmp_ln163_6_fu_613      |    0    |    15   |
|          |      icmp_ln155_7_fu_627      |    0    |    15   |
|          |      icmp_ln163_7_fu_641      |    0    |    15   |
|          |      icmp_ln155_8_fu_655      |    0    |    15   |
|          |      icmp_ln163_8_fu_669      |    0    |    15   |
|          |      icmp_ln155_9_fu_683      |    0    |    15   |
|          |      icmp_ln163_9_fu_697      |    0    |    15   |
|          |      icmp_ln163_10_fu_711     |    0    |    15   |
|          |      icmp_ln163_11_fu_725     |    0    |    15   |
|          |      icmp_ln155_10_fu_739     |    0    |    15   |
|          |      icmp_ln163_12_fu_753     |    0    |    15   |
|          |      icmp_ln163_13_fu_767     |    0    |    15   |
|          |      icmp_ln155_12_fu_781     |    0    |    15   |
|          |      icmp_ln155_13_fu_795     |    0    |    15   |
|          |      icmp_ln155_11_fu_839     |    0    |    15   |
|          |      icmp_ln155_14_fu_849     |    0    |    15   |
|          |      icmp_ln163_14_fu_861     |    0    |    15   |
|          |      icmp_ln163_15_fu_873     |    0    |    15   |
|          |      icmp_ln155_15_fu_885     |    0    |    15   |
|----------|-------------------------------|---------|---------|
|          |           x_5_fu_346          |    0    |    12   |
|          |           y_5_fu_354          |    0    |    12   |
|          |            c_fu_403           |    0    |    8    |
|          |           c_1_fu_413          |    0    |    8    |
|          |        tmp_min1_fu_437        |    0    |    8    |
|          |        tmp_max1_fu_451        |    0    |    8    |
|          |           min_fu_465          |    0    |    8    |
|          |        tmp_max2_fu_479        |    0    |    8    |
|          |           med_fu_493          |    0    |    8    |
|          |           max_fu_507          |    0    |    8    |
|          |       tmp_min1_1_fu_521       |    0    |    8    |
|          |       tmp_max1_1_fu_535       |    0    |    8    |
|          |          min_3_fu_549         |    0    |    8    |
|          |       tmp_max2_1_fu_563       |    0    |    8    |
|          |          med_3_fu_577         |    0    |    8    |
|          |          max_3_fu_591         |    0    |    8    |
|          |       tmp_min1_2_fu_605       |    0    |    8    |
|  select  |       tmp_max1_2_fu_619       |    0    |    8    |
|          |          min_4_fu_633         |    0    |    8    |
|          |       tmp_max2_2_fu_647       |    0    |    8    |
|          |          med_4_fu_661         |    0    |    8    |
|          |          max_4_fu_675         |    0    |    8    |
|          |       tmp_min1_3_fu_689       |    0    |    8    |
|          |       tmp_max1_3_fu_703       |    0    |    8    |
|          |       tmp_max2_3_fu_717       |    0    |    8    |
|          |           a_6_fu_731          |    0    |    8    |
|          |       tmp_min1_4_fu_745       |    0    |    8    |
|          |       tmp_max1_4_fu_759       |    0    |    8    |
|          |       tmp_max2_4_fu_773       |    0    |    8    |
|          |       tmp_min1_5_fu_787       |    0    |    8    |
|          |           c_6_fu_801          |    0    |    8    |
|          |          b_10_fu_843          |    0    |    8    |
|          |       tmp_min1_6_fu_854       |    0    |    8    |
|          |       tmp_max1_5_fu_866       |    0    |    8    |
|          |       tmp_max2_5_fu_878       |    0    |    8    |
|          |        final_med_fu_891       |    0    |    8    |
|----------|-------------------------------|---------|---------|
|          |           i_1_fu_247          |    0    |    33   |
|    add   |           y_4_fu_334          |    0    |    20   |
|          |           x_4_fu_340          |    0    |    20   |
|----------|-------------------------------|---------|---------|
|    and   |        and_ln99_fu_319        |    0    |    2    |
|----------|-------------------------------|---------|---------|
|          |   add_ln117_read_read_fu_136  |    0    |    0    |
|   read   |   mul_ln31_read_read_fu_142   |    0    |    0    |
|          | s_axis_video_read_read_fu_148 |    0    |    0    |
|----------|-------------------------------|---------|---------|
|   write  |    write_ln108_write_fu_154   |    0    |    0    |
|----------|-------------------------------|---------|---------|
|          |        zext_ln53_fu_253       |    0    |    0    |
|   zext   |       zext_ln117_fu_325       |    0    |    0    |
|          |       zext_ln108_fu_913       |    0    |    0    |
|----------|-------------------------------|---------|---------|
|partselect|           tmp_fu_287          |    0    |    0    |
|          |          tmp_2_fu_303         |    0    |    0    |
|----------|-------------------------------|---------|---------|
|   trunc  |        new_pixel_fu_395       |    0    |    0    |
|----------|-------------------------------|---------|---------|
|bitconcatenate|          tmp_1_fu_902         |    0    |    0    |
|----------|-------------------------------|---------|---------|
|   Total  |                               |    0    |   1085  |
|----------|-------------------------------|---------|---------|

Memories:
+-------------+--------+--------+--------+--------+
|             |  BRAM  |   FF   |   LUT  |  URAM  |
+-------------+--------+--------+--------+--------+
| line_buffer |    4   |    0   |    0   |    0   |
|line_buffer_1|    4   |    0   |    0   |    0   |
+-------------+--------+--------+--------+--------+
|    Total    |    8   |    0   |    0   |    0   |
+-------------+--------+--------+--------+--------+

* Register list:
+---------------------------+--------+
|                           |   FF   |
+---------------------------+--------+
|        a_1_reg_978        |    8   |
|        a_2_reg_984        |    8   |
|        a_6_reg_1060       |    8   |
|         a_reg_972         |    8   |
|  add_ln117_read_reg_1015  |   14   |
|     addr_cmp8_reg_1035    |    1   |
|     addr_cmp_reg_1046     |    1   |
|     and_ln99_reg_1051     |    1   |
|        b_1_reg_1003       |    8   |
|        b_2_reg_1009       |    8   |
|         b_reg_997         |    8   |
|        c_6_reg_1080       |    8   |
|         i_reg_965         |   26   |
|    icmp_ln117_reg_1055    |    1   |
|     icmp_ln31_reg_1025    |    1   |
|line_buffer_1_addr_reg_1040|   13   |
| line_buffer_addr_reg_1029 |   13   |
|   mul_ln31_read_reg_1020  |   26   |
|  reuse_addr_reg5_reg_923  |   64   |
|   reuse_addr_reg_reg_937  |   64   |
|     reuse_reg4_reg_930    |    8   |
|     reuse_reg_reg_944     |    8   |
|      sof_flag_reg_990     |    1   |
|    tmp_max1_4_reg_1068    |    8   |
|    tmp_max2_4_reg_1074    |    8   |
|         x_reg_951         |   13   |
|         y_reg_958         |   13   |
+---------------------------+--------+
|           Total           |   348  |
+---------------------------+--------+

* Multiplexer (MUX) list: 
|-------------------|------|------|------|--------||---------||---------||---------|
|        Comp       |  Pin | Size |  BW  | S x BW ||  Delay  ||    FF   ||   LUT   |
|-------------------|------|------|------|--------||---------||---------||---------|
| grp_access_fu_167 |  p2  |   2  |   0  |    0   ||    0    ||    9    |
| grp_access_fu_183 |  p2  |   2  |   0  |    0   ||    0    ||    9    |
|-------------------|------|------|------|--------||---------||---------||---------|
|       Total       |      |      |      |    0   ||  0.854  ||    0    ||    18   |
|-------------------|------|------|------|--------||---------||---------||---------|



* Summary:
+-----------+--------+--------+--------+--------+--------+
|           |  BRAM  |  Delay |   FF   |   LUT  |  URAM  |
+-----------+--------+--------+--------+--------+--------+
|  Function |    -   |    -   |    0   |  1085  |    -   |
|   Memory  |    8   |    -   |    0   |    0   |    0   |
|Multiplexer|    -   |    0   |    0   |   18   |    -   |
|  Register |    -   |    -   |   348  |    -   |    -   |
+-----------+--------+--------+--------+--------+--------+
|   Total   |    8   |    0   |   348  |  1103  |    0   |
+-----------+--------+--------+--------+--------+--------+
