

================================================================
== Vitis HLS Report for 'hls_filter_median_3x3_Pipeline_VITIS_LOOP_34_1'
================================================================
* Date:           Thu Jun 18 19:19:22 2026

* Version:        2025.2 (Build 6295257 on Nov 14 2025)
* Project:        filter_2d_median
* Solution:       hls (Vivado IP Flow Target)
* Product family: zynquplus
* Target device:  xck26-sfvc784-2LV-c


================================================================
== Performance Estimates
================================================================
+ Timing: 
    * Summary: 
    +--------+----------+----------+------------+
    |  Clock |  Target  | Estimated| Uncertainty|
    +--------+----------+----------+------------+
    |ap_clk  |  10.00 ns|  6.262 ns|     2.70 ns|
    +--------+----------+----------+------------+

+ Latency: 
    * Summary: 
    +---------+----------+-----------+-----------+-----+-----+-------------------+
    |  Latency (cycles)  |   Latency (absolute)  |  Interval |      Pipeline     |
    |   min   |    max   |    min    |    max    | min | max |        Type       |
    +---------+----------+-----------+-----------+-----+-----+-------------------+
    |        3|  67092484|  30.000 ns|  0.671 sec|    0|    0|  loop pipeline stp|
    +---------+----------+-----------+-----------+-----+-----+-------------------+

    + Detail: 
        * Instance: 
        N/A

        * Loop: 
        +-------------------+---------+----------+----------+-----------+-----------+--------------+----------+
        |                   |  Latency (cycles)  | Iteration|  Initiation Interval  |     Trip     |          |
        |     Loop Name     |   min   |    max   |  Latency |  achieved |   target  |     Count    | Pipelined|
        +-------------------+---------+----------+----------+-----------+-----------+--------------+----------+
        |- VITIS_LOOP_34_1  |        1|  67092482|         3|          1|          1|  0 ~ 67092481|       yes|
        +-------------------+---------+----------+----------+-----------+-----------+--------------+----------+



================================================================
== Utilization Estimates
================================================================
* Summary: 
+-----------------+---------+------+--------+--------+-----+
|       Name      | BRAM_18K|  DSP |   FF   |   LUT  | URAM|
+-----------------+---------+------+--------+--------+-----+
|DSP              |        -|     -|       -|       -|    -|
|Expression       |        -|     -|       0|    1215|    -|
|FIFO             |        -|     -|       -|       -|    -|
|Instance         |        -|     -|       -|       -|    -|
|Memory           |        8|     -|       0|       0|    0|
|Multiplexer      |        -|     -|       0|     126|    -|
|Register         |        -|     -|     344|       -|    -|
+-----------------+---------+------+--------+--------+-----+
|Total            |        8|     0|     344|    1341|    0|
+-----------------+---------+------+--------+--------+-----+
|Available        |      288|  1248|  234240|  117120|   64|
+-----------------+---------+------+--------+--------+-----+
|Utilization (%)  |        2|     0|      ~0|       1|    0|
+-----------------+---------+------+--------+--------+-----+

+ Detail: 
    * Instance: 
    N/A

    * DSP: 
    N/A

    * Memory: 
    +-----------------+----------------------------------------------------------------------------+---------+---+----+-----+------+-----+------+-------------+
    |      Memory     |                                   Module                                   | BRAM_18K| FF| LUT| URAM| Words| Bits| Banks| W*Bits*Banks|
    +-----------------+----------------------------------------------------------------------------+---------+---+----+-----+------+-----+------+-------------+
    |line_buffer_1_U  |hls_filter_median_3x3_Pipeline_VITIS_LOOP_34_1_line_buffer_1_RAM_AUTO_1R1W  |        4|  0|   0|    0|  7680|    8|     1|        61440|
    |line_buffer_U    |hls_filter_median_3x3_Pipeline_VITIS_LOOP_34_1_line_buffer_1_RAM_AUTO_1R1W  |        4|  0|   0|    0|  7680|    8|     1|        61440|
    +-----------------+----------------------------------------------------------------------------+---------+---+----+-----+------+-----+------+-------------+
    |Total            |                                                                            |        8|  0|   0|    0| 15360|   16|     2|       122880|
    +-----------------+----------------------------------------------------------------------------+---------+---+----+-----+------+-----+------+-------------+

    * FIFO: 
    N/A

    * Expression: 
    +---------------------------------------+----------+----+---+----+------------+------------+
    |             Variable Name             | Operation| DSP| FF| LUT| Bitwidth P0| Bitwidth P1|
    +---------------------------------------+----------+----+---+----+------------+------------+
    |i_1_fu_260_p2                          |         +|   0|  0|  33|          26|           1|
    |out_x_1_fu_371_p2                      |         +|   0|  0|  20|          13|           1|
    |out_y_1_fu_365_p2                      |         +|   0|  0|  20|          13|           1|
    |x_4_fu_418_p2                          |         +|   0|  0|  20|          13|           1|
    |y_4_fu_412_p2                          |         +|   0|  0|  20|          13|           1|
    |and_ln104_fu_332_p2                    |       and|   0|  0|   2|           1|           1|
    |ap_block_pp0_stage0_01001_grp1         |       and|   0|  0|   2|           1|           1|
    |ap_block_state3_pp0_stage0_iter2       |       and|   0|  0|   2|           1|           1|
    |ap_block_state4_pp0_stage0_iter3_grp1  |       and|   0|  0|   2|           1|           1|
    |ap_condition_756                       |       and|   0|  0|   2|           1|           1|
    |addr_cmp9_fu_275_p2                    |      icmp|   0|  0|  71|          64|          64|
    |addr_cmp_fu_284_p2                     |      icmp|   0|  0|  71|          64|          64|
    |icmp_ln104_1_fu_326_p2                 |      icmp|   0|  0|  19|          12|           1|
    |icmp_ln104_fu_310_p2                   |      icmp|   0|  0|  19|          12|           1|
    |icmp_ln113_fu_350_p2                   |      icmp|   0|  0|  20|          13|           1|
    |icmp_ln116_fu_360_p2                   |      icmp|   0|  0|  21|          14|          14|
    |icmp_ln134_fu_407_p2                   |      icmp|   0|  0|  21|          14|          14|
    |icmp_ln159_10_fu_817_p2                |      icmp|   0|  0|  15|           8|           8|
    |icmp_ln159_11_fu_917_p2                |      icmp|   0|  0|  15|           8|           8|
    |icmp_ln159_12_fu_859_p2                |      icmp|   0|  0|  15|           8|           8|
    |icmp_ln159_13_fu_873_p2                |      icmp|   0|  0|  15|           8|           8|
    |icmp_ln159_14_fu_927_p2                |      icmp|   0|  0|  15|           8|           8|
    |icmp_ln159_15_fu_963_p2                |      icmp|   0|  0|  15|           8|           8|
    |icmp_ln159_1_fu_537_p2                 |      icmp|   0|  0|  15|           8|           8|
    |icmp_ln159_2_fu_565_p2                 |      icmp|   0|  0|  15|           8|           8|
    |icmp_ln159_3_fu_593_p2                 |      icmp|   0|  0|  15|           8|           8|
    |icmp_ln159_4_fu_621_p2                 |      icmp|   0|  0|  15|           8|           8|
    |icmp_ln159_5_fu_649_p2                 |      icmp|   0|  0|  15|           8|           8|
    |icmp_ln159_6_fu_677_p2                 |      icmp|   0|  0|  15|           8|           8|
    |icmp_ln159_7_fu_705_p2                 |      icmp|   0|  0|  15|           8|           8|
    |icmp_ln159_8_fu_733_p2                 |      icmp|   0|  0|  15|           8|           8|
    |icmp_ln159_9_fu_761_p2                 |      icmp|   0|  0|  15|           8|           8|
    |icmp_ln159_fu_509_p2                   |      icmp|   0|  0|  15|           8|           8|
    |icmp_ln167_10_fu_789_p2                |      icmp|   0|  0|  15|           8|           8|
    |icmp_ln167_11_fu_803_p2                |      icmp|   0|  0|  15|           8|           8|
    |icmp_ln167_12_fu_831_p2                |      icmp|   0|  0|  15|           8|           8|
    |icmp_ln167_13_fu_845_p2                |      icmp|   0|  0|  15|           8|           8|
    |icmp_ln167_14_fu_939_p2                |      icmp|   0|  0|  15|           8|           8|
    |icmp_ln167_15_fu_951_p2                |      icmp|   0|  0|  15|           8|           8|
    |icmp_ln167_1_fu_551_p2                 |      icmp|   0|  0|  15|           8|           8|
    |icmp_ln167_2_fu_579_p2                 |      icmp|   0|  0|  15|           8|           8|
    |icmp_ln167_3_fu_607_p2                 |      icmp|   0|  0|  15|           8|           8|
    |icmp_ln167_4_fu_635_p2                 |      icmp|   0|  0|  15|           8|           8|
    |icmp_ln167_5_fu_663_p2                 |      icmp|   0|  0|  15|           8|           8|
    |icmp_ln167_6_fu_691_p2                 |      icmp|   0|  0|  15|           8|           8|
    |icmp_ln167_7_fu_719_p2                 |      icmp|   0|  0|  15|           8|           8|
    |icmp_ln167_8_fu_747_p2                 |      icmp|   0|  0|  15|           8|           8|
    |icmp_ln167_9_fu_775_p2                 |      icmp|   0|  0|  15|           8|           8|
    |icmp_ln167_fu_523_p2                   |      icmp|   0|  0|  15|           8|           8|
    |icmp_ln34_fu_255_p2                    |      icmp|   0|  0|  33|          26|          26|
    |ap_block_pp0_stage0_11001              |        or|   0|  0|   2|           1|           1|
    |or_ln113_fu_344_p2                     |        or|   0|  0|  13|          13|          13|
    |a_6_fu_809_p3                          |    select|   0|  0|   8|           1|           8|
    |b_10_fu_921_p3                         |    select|   0|  0|   8|           1|           8|
    |c_1_fu_491_p3                          |    select|   0|  0|   8|           1|           8|
    |c_6_fu_879_p3                          |    select|   0|  0|   8|           1|           8|
    |c_fu_481_p3                            |    select|   0|  0|   8|           1|           8|
    |final_med_fu_969_p3                    |    select|   0|  0|   8|           1|           8|
    |max_3_fu_669_p3                        |    select|   0|  0|   8|           1|           8|
    |max_4_fu_753_p3                        |    select|   0|  0|   8|           1|           8|
    |max_fu_585_p3                          |    select|   0|  0|   8|           1|           8|
    |med_3_fu_655_p3                        |    select|   0|  0|   8|           1|           8|
    |med_4_fu_739_p3                        |    select|   0|  0|   8|           1|           8|
    |med_fu_571_p3                          |    select|   0|  0|   8|           1|           8|
    |min_3_fu_627_p3                        |    select|   0|  0|   8|           1|           8|
    |min_4_fu_711_p3                        |    select|   0|  0|   8|           1|           8|
    |min_fu_543_p3                          |    select|   0|  0|   8|           1|           8|
    |out_x_2_fu_377_p3                      |    select|   0|  0|  12|           1|           1|
    |out_y_2_fu_385_p3                      |    select|   0|  0|  12|           1|          13|
    |tmp_max1_1_fu_613_p3                   |    select|   0|  0|   8|           1|           8|
    |tmp_max1_2_fu_697_p3                   |    select|   0|  0|   8|           1|           8|
    |tmp_max1_3_fu_781_p3                   |    select|   0|  0|   8|           1|           8|
    |tmp_max1_4_fu_837_p3                   |    select|   0|  0|   8|           1|           8|
    |tmp_max1_5_fu_944_p3                   |    select|   0|  0|   8|           1|           8|
    |tmp_max1_fu_529_p3                     |    select|   0|  0|   8|           1|           8|
    |tmp_max2_1_fu_641_p3                   |    select|   0|  0|   8|           1|           8|
    |tmp_max2_2_fu_725_p3                   |    select|   0|  0|   8|           1|           8|
    |tmp_max2_3_fu_795_p3                   |    select|   0|  0|   8|           1|           8|
    |tmp_max2_4_fu_851_p3                   |    select|   0|  0|   8|           1|           8|
    |tmp_max2_5_fu_956_p3                   |    select|   0|  0|   8|           1|           8|
    |tmp_max2_fu_557_p3                     |    select|   0|  0|   8|           1|           8|
    |tmp_min1_1_fu_599_p3                   |    select|   0|  0|   8|           1|           8|
    |tmp_min1_2_fu_683_p3                   |    select|   0|  0|   8|           1|           8|
    |tmp_min1_3_fu_767_p3                   |    select|   0|  0|   8|           1|           8|
    |tmp_min1_4_fu_823_p3                   |    select|   0|  0|   8|           1|           8|
    |tmp_min1_5_fu_865_p3                   |    select|   0|  0|   8|           1|           8|
    |tmp_min1_6_fu_932_p3                   |    select|   0|  0|   8|           1|           8|
    |tmp_min1_fu_515_p3                     |    select|   0|  0|   8|           1|           8|
    |x_5_fu_424_p3                          |    select|   0|  0|  12|           1|           1|
    |y_5_fu_432_p3                          |    select|   0|  0|  12|           1|          13|
    |ap_enable_pp0                          |       xor|   0|  0|   2|           1|           2|
    +---------------------------------------+----------+----+---+----+------------+------------+
    |Total                                  |          |   0|  0|1215|         611|         767|
    +---------------------------------------+----------+----+---+----+------------+------------+

    * Multiplexer: 
    +--------------------------+----+-----------+-----+-----------+
    |           Name           | LUT| Input Size| Bits| Total Bits|
    +--------------------------+----+-----------+-----+-----------+
    |ap_done_int               |   9|          2|    1|          2|
    |ap_enable_reg_pp0_iter1   |   9|          2|    1|          2|
    |ap_enable_reg_pp0_iter3   |   9|          2|    1|          2|
    |i_fu_94                   |   9|          2|   26|         52|
    |m_axis_video_TDATA_blk_n  |   9|          2|    1|          2|
    |out_x_fu_110              |   9|          2|   13|         26|
    |out_y_fu_114              |   9|          2|   13|         26|
    |reuse_addr_reg6_fu_70     |   9|          2|   64|        128|
    |reuse_addr_reg_fu_78      |   9|          2|   64|        128|
    |reuse_reg5_fu_74          |   9|          2|    8|         16|
    |reuse_reg_fu_82           |   9|          2|    8|         16|
    |s_axis_video_TDATA_blk_n  |   9|          2|    1|          2|
    |x_fu_86                   |   9|          2|   13|         26|
    |y_fu_90                   |   9|          2|   13|         26|
    +--------------------------+----+-----------+-----+-----------+
    |Total                     | 126|         28|  227|        454|
    +--------------------------+----+-----------+-----+-----------+

    * Register: 
    +-------------------------------------------+----+----+-----+-----------+
    |                    Name                   | FF | LUT| Bits| Const Bits|
    +-------------------------------------------+----+----+-----+-----------+
    |a_1_fu_102                                 |   8|   0|    8|          0|
    |a_2_fu_106                                 |   8|   0|    8|          0|
    |a_6_reg_1146                               |   8|   0|    8|          0|
    |a_fu_98                                    |   8|   0|    8|          0|
    |addr_cmp9_reg_1116                         |   1|   0|    1|          0|
    |addr_cmp_reg_1127                          |   1|   0|    1|          0|
    |and_ln104_reg_1132                         |   1|   0|    1|          0|
    |and_ln104_reg_1132_pp0_iter2_reg           |   1|   0|    1|          0|
    |ap_CS_fsm                                  |   1|   0|    1|          0|
    |ap_block_pp0_stage0_subdone_grp1_done_reg  |   1|   0|    1|          0|
    |ap_done_reg                                |   1|   0|    1|          0|
    |ap_enable_reg_pp0_iter1                    |   1|   0|    1|          0|
    |ap_enable_reg_pp0_iter2                    |   1|   0|    1|          0|
    |ap_enable_reg_pp0_iter3                    |   1|   0|    1|          0|
    |ap_loop_exit_ready_pp0_iter2_reg           |   1|   0|    1|          0|
    |b_1_fu_122                                 |   8|   0|    8|          0|
    |b_2_fu_126                                 |   8|   0|    8|          0|
    |b_fu_118                                   |   8|   0|    8|          0|
    |c_6_reg_1166                               |   8|   0|    8|          0|
    |i_fu_94                                    |  26|   0|   26|          0|
    |icmp_ln113_reg_1136                        |   1|   0|    1|          0|
    |icmp_ln113_reg_1136_pp0_iter2_reg          |   1|   0|    1|          0|
    |icmp_ln116_reg_1141                        |   1|   0|    1|          0|
    |icmp_ln116_reg_1141_pp0_iter2_reg          |   1|   0|    1|          0|
    |icmp_ln34_reg_1106                         |   1|   0|    1|          0|
    |line_buffer_1_addr_reg_1121                |  13|   0|   13|          0|
    |line_buffer_addr_reg_1110                  |  13|   0|   13|          0|
    |out_x_fu_110                               |  13|   0|   13|          0|
    |out_y_fu_114                               |  13|   0|   13|          0|
    |reuse_addr_reg6_fu_70                      |  64|   0|   64|          0|
    |reuse_addr_reg_fu_78                       |  64|   0|   64|          0|
    |reuse_reg5_fu_74                           |   8|   0|    8|          0|
    |reuse_reg_fu_82                            |   8|   0|    8|          0|
    |tmp_max1_4_reg_1154                        |   8|   0|    8|          0|
    |tmp_max2_4_reg_1160                        |   8|   0|    8|          0|
    |x_fu_86                                    |  13|   0|   13|          0|
    |y_fu_90                                    |  13|   0|   13|          0|
    +-------------------------------------------+----+----+-----+-----------+
    |Total                                      | 344|   0|  344|          0|
    +-------------------------------------------+----+----+-----+-----------+



================================================================
== Interface
================================================================
* Summary: 
+---------------------+-----+-----+------------+------------------------------------------------+--------------+
|      RTL Ports      | Dir | Bits|  Protocol  |                  Source Object                 |    C Type    |
+---------------------+-----+-----+------------+------------------------------------------------+--------------+
|ap_clk               |   in|    1|  ap_ctrl_hs|  hls_filter_median_3x3_Pipeline_VITIS_LOOP_34_1|  return value|
|ap_rst               |   in|    1|  ap_ctrl_hs|  hls_filter_median_3x3_Pipeline_VITIS_LOOP_34_1|  return value|
|ap_start             |   in|    1|  ap_ctrl_hs|  hls_filter_median_3x3_Pipeline_VITIS_LOOP_34_1|  return value|
|ap_done              |  out|    1|  ap_ctrl_hs|  hls_filter_median_3x3_Pipeline_VITIS_LOOP_34_1|  return value|
|ap_idle              |  out|    1|  ap_ctrl_hs|  hls_filter_median_3x3_Pipeline_VITIS_LOOP_34_1|  return value|
|ap_ready             |  out|    1|  ap_ctrl_hs|  hls_filter_median_3x3_Pipeline_VITIS_LOOP_34_1|  return value|
|s_axis_video_TVALID  |   in|    1|        axis|                                    s_axis_video|       pointer|
|s_axis_video_TDATA   |   in|   24|        axis|                                    s_axis_video|       pointer|
|s_axis_video_TREADY  |  out|    1|        axis|                                    s_axis_video|       pointer|
|m_axis_video_TREADY  |   in|    1|        axis|                                    m_axis_video|       pointer|
|m_axis_video_TDATA   |  out|   24|        axis|                                    m_axis_video|       pointer|
|m_axis_video_TVALID  |  out|    1|        axis|                                    m_axis_video|       pointer|
|mul_ln34             |   in|   26|     ap_none|                                        mul_ln34|        scalar|
|add_ln134            |   in|   14|     ap_none|                                       add_ln134|        scalar|
|add_ln116            |   in|   14|     ap_none|                                       add_ln116|        scalar|
+---------------------+-----+-----+------------+------------------------------------------------+--------------+

============================================================
+ Verbose Summary: Synthesis Manager
============================================================
InlineROM: 1
ExposeGlobal: 0
============================================================
+ Verbose Summary: CDFG Model
============================================================
IsTopModel: 0
ResetActiveHigh: 1
IsCombinational: 2
IsDatapathOnly: 2
HasWiredReturn: 1
HasMFsm: 2
HasVarLatency: 1
IsPipeline: 0
IsRtlPipelined: 0
IsInstanceOverlapped: 0
IsDontTouch: 0
HasImplIP: 0
IsGatedGlobalClock: 0

+ Individual pipeline summary: 
  * Pipeline-0: initiation interval (II) = 1, depth = 4


============================================================
+ Verbose Summary: Schedule
============================================================
* Number of FSM states : 4
* Pipeline : 1
  Pipeline-0 : II = 1, D = 4, States = { 1 2 3 4 }
* Dataflow Pipeline: 0

* FSM state transitions: 
1 --> 2 
2 --> 3 
3 --> 4 
4 --> 

* FSM state operations: 

State 1 <SV = 0> <Delay = 1.23>
ST_1 : Operation 6 [1/1] (0.00ns)   --->   "%reuse_addr_reg6 = alloca i32 1"   --->   Operation 6 'alloca' 'reuse_addr_reg6' <Predicate = true> <Delay = 0.00>
ST_1 : Operation 7 [1/1] (0.00ns)   --->   "%reuse_reg5 = alloca i32 1"   --->   Operation 7 'alloca' 'reuse_reg5' <Predicate = true> <Delay = 0.00>
ST_1 : Operation 8 [1/1] (0.00ns)   --->   "%reuse_addr_reg = alloca i32 1"   --->   Operation 8 'alloca' 'reuse_addr_reg' <Predicate = true> <Delay = 0.00>
ST_1 : Operation 9 [1/1] (0.00ns)   --->   "%reuse_reg = alloca i32 1"   --->   Operation 9 'alloca' 'reuse_reg' <Predicate = true> <Delay = 0.00>
ST_1 : Operation 10 [1/1] (0.00ns)   --->   "%x = alloca i32 1" [hls_filter_median.cpp:26]   --->   Operation 10 'alloca' 'x' <Predicate = true> <Delay = 0.00>
ST_1 : Operation 11 [1/1] (0.00ns)   --->   "%y = alloca i32 1" [hls_filter_median.cpp:27]   --->   Operation 11 'alloca' 'y' <Predicate = true> <Delay = 0.00>
ST_1 : Operation 12 [1/1] (0.00ns)   --->   "%i = alloca i32 1" [hls_filter_median.cpp:34]   --->   Operation 12 'alloca' 'i' <Predicate = true> <Delay = 0.00>
ST_1 : Operation 13 [1/1] (0.00ns)   --->   "%a = alloca i32 1" [./hls_filter_median.hpp:172->hls_filter_median.cpp:79]   --->   Operation 13 'alloca' 'a' <Predicate = true> <Delay = 0.00>
ST_1 : Operation 14 [1/1] (0.00ns)   --->   "%a_1 = alloca i32 1" [./hls_filter_median.hpp:172->hls_filter_median.cpp:79]   --->   Operation 14 'alloca' 'a_1' <Predicate = true> <Delay = 0.00>
ST_1 : Operation 15 [1/1] (0.00ns)   --->   "%a_2 = alloca i32 1" [./hls_filter_median.hpp:172->hls_filter_median.cpp:79]   --->   Operation 15 'alloca' 'a_2' <Predicate = true> <Delay = 0.00>
ST_1 : Operation 16 [1/1] (0.00ns)   --->   "%out_x = alloca i32 1" [hls_filter_median.cpp:28]   --->   Operation 16 'alloca' 'out_x' <Predicate = true> <Delay = 0.00>
ST_1 : Operation 17 [1/1] (0.00ns)   --->   "%out_y = alloca i32 1" [hls_filter_median.cpp:29]   --->   Operation 17 'alloca' 'out_y' <Predicate = true> <Delay = 0.00>
ST_1 : Operation 18 [1/1] (0.00ns)   --->   "%b = alloca i32 1" [./hls_filter_median.hpp:172->hls_filter_median.cpp:79]   --->   Operation 18 'alloca' 'b' <Predicate = true> <Delay = 0.00>
ST_1 : Operation 19 [1/1] (0.00ns)   --->   "%b_1 = alloca i32 1" [./hls_filter_median.hpp:172->hls_filter_median.cpp:79]   --->   Operation 19 'alloca' 'b_1' <Predicate = true> <Delay = 0.00>
ST_1 : Operation 20 [1/1] (0.00ns)   --->   "%b_2 = alloca i32 1" [./hls_filter_median.hpp:172->hls_filter_median.cpp:79]   --->   Operation 20 'alloca' 'b_2' <Predicate = true> <Delay = 0.00>
ST_1 : Operation 21 [1/1] (0.00ns)   --->   "%specinterface_ln0 = specinterface void @_ssdm_op_SpecInterface, i24 %m_axis_video, void @empty, i32 0, i32 0, void @empty_0, i32 0, i32 0, void @empty_1, void @empty_1, void @empty_1, i32 0, i32 0, i32 0, i32 0, void @empty_1, void @empty_1, i32 4294967295, i32 0, i32 0, i32 0"   --->   Operation 21 'specinterface' 'specinterface_ln0' <Predicate = true> <Delay = 0.00>
ST_1 : Operation 22 [1/1] (0.00ns)   --->   "%specinterface_ln0 = specinterface void @_ssdm_op_SpecInterface, i24 %s_axis_video, void @empty, i32 0, i32 0, void @empty_0, i32 0, i32 0, void @empty_1, void @empty_1, void @empty_1, i32 0, i32 0, i32 0, i32 0, void @empty_1, void @empty_1, i32 4294967295, i32 0, i32 0, i32 0"   --->   Operation 22 'specinterface' 'specinterface_ln0' <Predicate = true> <Delay = 0.00>
ST_1 : Operation 23 [1/1] (0.00ns)   --->   "%add_ln116_read = read i14 @_ssdm_op_Read.ap_auto.i14, i14 %add_ln116"   --->   Operation 23 'read' 'add_ln116_read' <Predicate = true> <Delay = 0.00>
ST_1 : Operation 24 [1/1] (0.00ns)   --->   "%add_ln134_read = read i14 @_ssdm_op_Read.ap_auto.i14, i14 %add_ln134"   --->   Operation 24 'read' 'add_ln134_read' <Predicate = true> <Delay = 0.00>
ST_1 : Operation 25 [1/1] (0.00ns)   --->   "%mul_ln34_read = read i26 @_ssdm_op_Read.ap_auto.i26, i26 %mul_ln34"   --->   Operation 25 'read' 'mul_ln34_read' <Predicate = true> <Delay = 0.00>
ST_1 : Operation 26 [1/1] (1.23ns)   --->   "%line_buffer_1 = alloca i64 1" [hls_filter_median.cpp:18]   --->   Operation 26 'alloca' 'line_buffer_1' <Predicate = true> <Delay = 1.23> <CoreInst = "RAM">   --->   Core 82 'RAM' <Latency = 1> <II = 1> <Delay = 1.23> <Storage> <Opcode : 'load' 'store'> <Ports = 2> <Width = 8> <Depth = 7680> <RAM>
ST_1 : Operation 27 [1/1] (1.23ns)   --->   "%line_buffer = alloca i64 1" [hls_filter_median.cpp:18]   --->   Operation 27 'alloca' 'line_buffer' <Predicate = true> <Delay = 1.23> <CoreInst = "RAM">   --->   Core 82 'RAM' <Latency = 1> <II = 1> <Delay = 1.23> <Storage> <Opcode : 'load' 'store'> <Ports = 2> <Width = 8> <Depth = 7680> <RAM>
ST_1 : Operation 28 [1/1] (0.42ns)   --->   "%store_ln29 = store i13 0, i13 %out_y" [hls_filter_median.cpp:29]   --->   Operation 28 'store' 'store_ln29' <Predicate = true> <Delay = 0.42>
ST_1 : Operation 29 [1/1] (0.42ns)   --->   "%store_ln28 = store i13 0, i13 %out_x" [hls_filter_median.cpp:28]   --->   Operation 29 'store' 'store_ln28' <Predicate = true> <Delay = 0.42>
ST_1 : Operation 30 [1/1] (0.42ns)   --->   "%store_ln34 = store i26 0, i26 %i" [hls_filter_median.cpp:34]   --->   Operation 30 'store' 'store_ln34' <Predicate = true> <Delay = 0.42>
ST_1 : Operation 31 [1/1] (0.42ns)   --->   "%store_ln27 = store i13 0, i13 %y" [hls_filter_median.cpp:27]   --->   Operation 31 'store' 'store_ln27' <Predicate = true> <Delay = 0.42>
ST_1 : Operation 32 [1/1] (0.42ns)   --->   "%store_ln26 = store i13 0, i13 %x" [hls_filter_median.cpp:26]   --->   Operation 32 'store' 'store_ln26' <Predicate = true> <Delay = 0.42>
ST_1 : Operation 33 [1/1] (0.42ns)   --->   "%store_ln0 = store i8 0, i8 %reuse_reg"   --->   Operation 33 'store' 'store_ln0' <Predicate = true> <Delay = 0.42>
ST_1 : Operation 34 [1/1] (0.42ns)   --->   "%store_ln0 = store i64 18446744073709551615, i64 %reuse_addr_reg"   --->   Operation 34 'store' 'store_ln0' <Predicate = true> <Delay = 0.42>
ST_1 : Operation 35 [1/1] (0.42ns)   --->   "%store_ln0 = store i8 0, i8 %reuse_reg5"   --->   Operation 35 'store' 'store_ln0' <Predicate = true> <Delay = 0.42>
ST_1 : Operation 36 [1/1] (0.42ns)   --->   "%store_ln0 = store i64 18446744073709551615, i64 %reuse_addr_reg6"   --->   Operation 36 'store' 'store_ln0' <Predicate = true> <Delay = 0.42>
ST_1 : Operation 37 [1/1] (0.00ns)   --->   "%br_ln34 = br void %for.body" [hls_filter_median.cpp:34]   --->   Operation 37 'br' 'br_ln34' <Predicate = true> <Delay = 0.00>

State 2 <SV = 1> <Delay = 1.56>
ST_2 : Operation 38 [1/1] (0.00ns)   --->   "%x_3 = load i13 %x" [hls_filter_median.cpp:138]   --->   Operation 38 'load' 'x_3' <Predicate = true> <Delay = 0.00>
ST_2 : Operation 39 [1/1] (0.00ns)   --->   "%y_3 = load i13 %y" [hls_filter_median.cpp:136]   --->   Operation 39 'load' 'y_3' <Predicate = true> <Delay = 0.00>
ST_2 : Operation 40 [1/1] (0.00ns)   --->   "%i_2 = load i26 %i" [hls_filter_median.cpp:34]   --->   Operation 40 'load' 'i_2' <Predicate = true> <Delay = 0.00>
ST_2 : Operation 41 [1/1] (0.95ns)   --->   "%icmp_ln34 = icmp_eq  i26 %i_2, i26 %mul_ln34_read" [hls_filter_median.cpp:34]   --->   Operation 41 'icmp' 'icmp_ln34' <Predicate = true> <Delay = 0.95> <CoreInst = "Cmp">   --->   Core 9 'Cmp' <Latency = 0> <II = 1> <Delay = 0.95> <FuncUnit> <Opcode : 'seteq' 'setne' 'setle' 'setge' 'setlt' 'setgt'> <InPorts = 2> <OutPorts = 1>
ST_2 : Operation 42 [1/1] (0.00ns)   --->   "%br_ln34 = br i1 %icmp_ln34, void %for.body.split, void %for.end131.exitStub" [hls_filter_median.cpp:34]   --->   Operation 42 'br' 'br_ln34' <Predicate = true> <Delay = 0.00>
ST_2 : Operation 43 [1/1] (0.95ns)   --->   "%i_1 = add i26 %i_2, i26 1" [hls_filter_median.cpp:34]   --->   Operation 43 'add' 'i_1' <Predicate = (!icmp_ln34)> <Delay = 0.95> <CoreInst = "Adder">   --->   Core 1 'Adder' <Latency = 0> <II = 1> <Delay = 0.95> <FuncUnit> <Opcode : 'add' 'sub'> <InPorts = 2> <OutPorts = 1>
ST_2 : Operation 44 [1/1] (0.00ns)   --->   "%zext_ln56 = zext i13 %x_3" [hls_filter_median.cpp:56]   --->   Operation 44 'zext' 'zext_ln56' <Predicate = (!icmp_ln34)> <Delay = 0.00>
ST_2 : Operation 45 [1/1] (0.00ns)   --->   "%line_buffer_addr = getelementptr i8 %line_buffer, i64 0, i64 %zext_ln56" [hls_filter_median.cpp:56]   --->   Operation 45 'getelementptr' 'line_buffer_addr' <Predicate = (!icmp_ln34)> <Delay = 0.00>
ST_2 : Operation 46 [1/1] (0.00ns)   --->   "%reuse_addr_reg6_load = load i64 %reuse_addr_reg6"   --->   Operation 46 'load' 'reuse_addr_reg6_load' <Predicate = (!icmp_ln34)> <Delay = 0.00>
ST_2 : Operation 47 [2/2] (1.23ns)   --->   "%line_buffer_load = load i13 %line_buffer_addr" [hls_filter_median.cpp:56]   --->   Operation 47 'load' 'line_buffer_load' <Predicate = (!icmp_ln34)> <Delay = 1.23> <CoreInst = "RAM">   --->   Core 82 'RAM' <Latency = 1> <II = 1> <Delay = 1.23> <Storage> <Opcode : 'load' 'store'> <Ports = 2> <Width = 8> <Depth = 7680> <RAM>
ST_2 : Operation 48 [1/1] (1.08ns)   --->   "%addr_cmp9 = icmp_eq  i64 %reuse_addr_reg6_load, i64 %zext_ln56" [hls_filter_median.cpp:56]   --->   Operation 48 'icmp' 'addr_cmp9' <Predicate = (!icmp_ln34)> <Delay = 1.08> <CoreInst = "Cmp">   --->   Core 9 'Cmp' <Latency = 0> <II = 1> <Delay = 1.08> <FuncUnit> <Opcode : 'seteq' 'setne' 'setle' 'setge' 'setlt' 'setgt'> <InPorts = 2> <OutPorts = 1>
ST_2 : Operation 49 [1/1] (0.00ns)   --->   "%line_buffer_1_addr = getelementptr i8 %line_buffer_1, i64 0, i64 %zext_ln56" [hls_filter_median.cpp:56]   --->   Operation 49 'getelementptr' 'line_buffer_1_addr' <Predicate = (!icmp_ln34)> <Delay = 0.00>
ST_2 : Operation 50 [1/1] (0.00ns)   --->   "%reuse_addr_reg_load = load i64 %reuse_addr_reg"   --->   Operation 50 'load' 'reuse_addr_reg_load' <Predicate = (!icmp_ln34)> <Delay = 0.00>
ST_2 : Operation 51 [2/2] (1.23ns)   --->   "%line_buffer_1_load = load i13 %line_buffer_1_addr" [hls_filter_median.cpp:56]   --->   Operation 51 'load' 'line_buffer_1_load' <Predicate = (!icmp_ln34)> <Delay = 1.23> <CoreInst = "RAM">   --->   Core 82 'RAM' <Latency = 1> <II = 1> <Delay = 1.23> <Storage> <Opcode : 'load' 'store'> <Ports = 2> <Width = 8> <Depth = 7680> <RAM>
ST_2 : Operation 52 [1/1] (1.08ns)   --->   "%addr_cmp = icmp_eq  i64 %reuse_addr_reg_load, i64 %zext_ln56" [hls_filter_median.cpp:56]   --->   Operation 52 'icmp' 'addr_cmp' <Predicate = (!icmp_ln34)> <Delay = 1.08> <CoreInst = "Cmp">   --->   Core 9 'Cmp' <Latency = 0> <II = 1> <Delay = 1.08> <FuncUnit> <Opcode : 'seteq' 'setne' 'setle' 'setge' 'setlt' 'setgt'> <InPorts = 2> <OutPorts = 1>
ST_2 : Operation 53 [1/1] (0.42ns)   --->   "%store_ln56 = store i64 %zext_ln56, i64 %reuse_addr_reg6" [hls_filter_median.cpp:56]   --->   Operation 53 'store' 'store_ln56' <Predicate = (!icmp_ln34)> <Delay = 0.42>
ST_2 : Operation 54 [1/1] (0.42ns)   --->   "%store_ln56 = store i64 %zext_ln56, i64 %reuse_addr_reg" [hls_filter_median.cpp:56]   --->   Operation 54 'store' 'store_ln56' <Predicate = (!icmp_ln34)> <Delay = 0.42>
ST_2 : Operation 55 [1/1] (0.00ns)   --->   "%tmp = partselect i12 @_ssdm_op_PartSelect.i12.i13.i32.i32, i13 %x_3, i32 1, i32 12" [hls_filter_median.cpp:104]   --->   Operation 55 'partselect' 'tmp' <Predicate = (!icmp_ln34)> <Delay = 0.00>
ST_2 : Operation 56 [1/1] (0.80ns)   --->   "%icmp_ln104 = icmp_ne  i12 %tmp, i12 0" [hls_filter_median.cpp:104]   --->   Operation 56 'icmp' 'icmp_ln104' <Predicate = (!icmp_ln34)> <Delay = 0.80> <CoreInst = "Cmp">   --->   Core 9 'Cmp' <Latency = 0> <II = 1> <Delay = 0.80> <FuncUnit> <Opcode : 'seteq' 'setne' 'setle' 'setge' 'setlt' 'setgt'> <InPorts = 2> <OutPorts = 1>
ST_2 : Operation 57 [1/1] (0.00ns)   --->   "%tmp_2 = partselect i12 @_ssdm_op_PartSelect.i12.i13.i32.i32, i13 %y_3, i32 1, i32 12" [hls_filter_median.cpp:104]   --->   Operation 57 'partselect' 'tmp_2' <Predicate = (!icmp_ln34)> <Delay = 0.00>
ST_2 : Operation 58 [1/1] (0.80ns)   --->   "%icmp_ln104_1 = icmp_ne  i12 %tmp_2, i12 0" [hls_filter_median.cpp:104]   --->   Operation 58 'icmp' 'icmp_ln104_1' <Predicate = (!icmp_ln34)> <Delay = 0.80> <CoreInst = "Cmp">   --->   Core 9 'Cmp' <Latency = 0> <II = 1> <Delay = 0.80> <FuncUnit> <Opcode : 'seteq' 'setne' 'setle' 'setge' 'setlt' 'setgt'> <InPorts = 2> <OutPorts = 1>
ST_2 : Operation 59 [1/1] (0.28ns)   --->   "%and_ln104 = and i1 %icmp_ln104, i1 %icmp_ln104_1" [hls_filter_median.cpp:104]   --->   Operation 59 'and' 'and_ln104' <Predicate = (!icmp_ln34)> <Delay = 0.28> <CoreInst = "LogicGate">   --->   Core 74 'LogicGate' <Latency = 0> <II = 1> <Delay = 0.28> <FuncUnit> <Opcode : 'and' 'or' 'xor'> <InPorts = 2> <OutPorts = 1>
ST_2 : Operation 60 [1/1] (0.00ns)   --->   "%br_ln104 = br i1 %and_ln104, void %if.end120, void %if.then" [hls_filter_median.cpp:104]   --->   Operation 60 'br' 'br_ln104' <Predicate = (!icmp_ln34)> <Delay = 0.00>
ST_2 : Operation 61 [1/1] (0.00ns)   --->   "%out_x_load = load i13 %out_x" [hls_filter_median.cpp:126]   --->   Operation 61 'load' 'out_x_load' <Predicate = (!icmp_ln34 & and_ln104)> <Delay = 0.00>
ST_2 : Operation 62 [1/1] (0.00ns)   --->   "%out_y_load = load i13 %out_y" [hls_filter_median.cpp:124]   --->   Operation 62 'load' 'out_y_load' <Predicate = (!icmp_ln34 & and_ln104)> <Delay = 0.00>
ST_2 : Operation 63 [1/1] (0.00ns) (grouped into LUT with out node icmp_ln113)   --->   "%or_ln113 = or i13 %out_x_load, i13 %out_y_load" [hls_filter_median.cpp:113]   --->   Operation 63 'or' 'or_ln113' <Predicate = (!icmp_ln34 & and_ln104)> <Delay = 0.00> <CoreInst = "LogicGate">   --->   Core 74 'LogicGate' <Latency = 0> <II = 1> <Delay = 0.33> <FuncUnit> <Opcode : 'and' 'or' 'xor'> <InPorts = 2> <OutPorts = 1>
ST_2 : Operation 64 [1/1] (0.82ns) (out node of the LUT)   --->   "%icmp_ln113 = icmp_eq  i13 %or_ln113, i13 0" [hls_filter_median.cpp:113]   --->   Operation 64 'icmp' 'icmp_ln113' <Predicate = (!icmp_ln34 & and_ln104)> <Delay = 0.82> <CoreInst = "Cmp">   --->   Core 9 'Cmp' <Latency = 0> <II = 1> <Delay = 0.82> <FuncUnit> <Opcode : 'seteq' 'setne' 'setle' 'setge' 'setlt' 'setgt'> <InPorts = 2> <OutPorts = 1>
ST_2 : Operation 65 [1/1] (0.00ns)   --->   "%zext_ln116 = zext i13 %out_x_load" [hls_filter_median.cpp:116]   --->   Operation 65 'zext' 'zext_ln116' <Predicate = (!icmp_ln34 & and_ln104)> <Delay = 0.00>
ST_2 : Operation 66 [1/1] (0.83ns)   --->   "%icmp_ln116 = icmp_eq  i14 %add_ln116_read, i14 %zext_ln116" [hls_filter_median.cpp:116]   --->   Operation 66 'icmp' 'icmp_ln116' <Predicate = (!icmp_ln34 & and_ln104)> <Delay = 0.83> <CoreInst = "Cmp">   --->   Core 9 'Cmp' <Latency = 0> <II = 1> <Delay = 0.83> <FuncUnit> <Opcode : 'seteq' 'setne' 'setle' 'setge' 'setlt' 'setgt'> <InPorts = 2> <OutPorts = 1>
ST_2 : Operation 67 [1/1] (0.82ns)   --->   "%out_y_1 = add i13 %out_y_load, i13 1" [hls_filter_median.cpp:124]   --->   Operation 67 'add' 'out_y_1' <Predicate = (!icmp_ln34 & and_ln104)> <Delay = 0.82> <CoreInst = "Adder">   --->   Core 1 'Adder' <Latency = 0> <II = 1> <Delay = 0.82> <FuncUnit> <Opcode : 'add' 'sub'> <InPorts = 2> <OutPorts = 1>
ST_2 : Operation 68 [1/1] (0.82ns)   --->   "%out_x_1 = add i13 %out_x_load, i13 1" [hls_filter_median.cpp:126]   --->   Operation 68 'add' 'out_x_1' <Predicate = (!icmp_ln34 & and_ln104)> <Delay = 0.82> <CoreInst = "Adder">   --->   Core 1 'Adder' <Latency = 0> <II = 1> <Delay = 0.82> <FuncUnit> <Opcode : 'add' 'sub'> <InPorts = 2> <OutPorts = 1>
ST_2 : Operation 69 [1/1] (0.30ns)   --->   "%out_x_2 = select i1 %icmp_ln116, i13 0, i13 %out_x_1" [hls_filter_median.cpp:122]   --->   Operation 69 'select' 'out_x_2' <Predicate = (!icmp_ln34 & and_ln104)> <Delay = 0.30> <CoreInst = "Sel">   --->   Core 73 'Sel' <Latency = 0> <II = 1> <Delay = 0.30> <FuncUnit> <Opcode : 'select'> <InPorts = 3> <OutPorts = 1>
ST_2 : Operation 70 [1/1] (0.30ns)   --->   "%out_y_2 = select i1 %icmp_ln116, i13 %out_y_1, i13 %out_y_load" [hls_filter_median.cpp:122]   --->   Operation 70 'select' 'out_y_2' <Predicate = (!icmp_ln34 & and_ln104)> <Delay = 0.30> <CoreInst = "Sel">   --->   Core 73 'Sel' <Latency = 0> <II = 1> <Delay = 0.30> <FuncUnit> <Opcode : 'select'> <InPorts = 3> <OutPorts = 1>
ST_2 : Operation 71 [1/1] (0.42ns)   --->   "%store_ln29 = store i13 %out_y_2, i13 %out_y" [hls_filter_median.cpp:29]   --->   Operation 71 'store' 'store_ln29' <Predicate = (!icmp_ln34 & and_ln104)> <Delay = 0.42>
ST_2 : Operation 72 [1/1] (0.42ns)   --->   "%store_ln28 = store i13 %out_x_2, i13 %out_x" [hls_filter_median.cpp:28]   --->   Operation 72 'store' 'store_ln28' <Predicate = (!icmp_ln34 & and_ln104)> <Delay = 0.42>
ST_2 : Operation 73 [1/1] (0.00ns)   --->   "%zext_ln134 = zext i13 %x_3" [hls_filter_median.cpp:134]   --->   Operation 73 'zext' 'zext_ln134' <Predicate = (!icmp_ln34)> <Delay = 0.00>
ST_2 : Operation 74 [1/1] (0.83ns)   --->   "%icmp_ln134 = icmp_eq  i14 %add_ln134_read, i14 %zext_ln134" [hls_filter_median.cpp:134]   --->   Operation 74 'icmp' 'icmp_ln134' <Predicate = (!icmp_ln34)> <Delay = 0.83> <CoreInst = "Cmp">   --->   Core 9 'Cmp' <Latency = 0> <II = 1> <Delay = 0.83> <FuncUnit> <Opcode : 'seteq' 'setne' 'setle' 'setge' 'setlt' 'setgt'> <InPorts = 2> <OutPorts = 1>
ST_2 : Operation 75 [1/1] (0.82ns)   --->   "%y_4 = add i13 %y_3, i13 1" [hls_filter_median.cpp:136]   --->   Operation 75 'add' 'y_4' <Predicate = (!icmp_ln34)> <Delay = 0.82> <CoreInst = "Adder">   --->   Core 1 'Adder' <Latency = 0> <II = 1> <Delay = 0.82> <FuncUnit> <Opcode : 'add' 'sub'> <InPorts = 2> <OutPorts = 1>
ST_2 : Operation 76 [1/1] (0.82ns)   --->   "%x_4 = add i13 %x_3, i13 1" [hls_filter_median.cpp:138]   --->   Operation 76 'add' 'x_4' <Predicate = (!icmp_ln34)> <Delay = 0.82> <CoreInst = "Adder">   --->   Core 1 'Adder' <Latency = 0> <II = 1> <Delay = 0.82> <FuncUnit> <Opcode : 'add' 'sub'> <InPorts = 2> <OutPorts = 1>
ST_2 : Operation 77 [1/1] (0.30ns)   --->   "%x_5 = select i1 %icmp_ln134, i13 0, i13 %x_4" [hls_filter_median.cpp:134]   --->   Operation 77 'select' 'x_5' <Predicate = (!icmp_ln34)> <Delay = 0.30> <CoreInst = "Sel">   --->   Core 73 'Sel' <Latency = 0> <II = 1> <Delay = 0.30> <FuncUnit> <Opcode : 'select'> <InPorts = 3> <OutPorts = 1>
ST_2 : Operation 78 [1/1] (0.30ns)   --->   "%y_5 = select i1 %icmp_ln134, i13 %y_4, i13 %y_3" [hls_filter_median.cpp:134]   --->   Operation 78 'select' 'y_5' <Predicate = (!icmp_ln34)> <Delay = 0.30> <CoreInst = "Sel">   --->   Core 73 'Sel' <Latency = 0> <II = 1> <Delay = 0.30> <FuncUnit> <Opcode : 'select'> <InPorts = 3> <OutPorts = 1>
ST_2 : Operation 79 [1/1] (0.42ns)   --->   "%store_ln34 = store i26 %i_1, i26 %i" [hls_filter_median.cpp:34]   --->   Operation 79 'store' 'store_ln34' <Predicate = (!icmp_ln34)> <Delay = 0.42>
ST_2 : Operation 80 [1/1] (0.42ns)   --->   "%store_ln27 = store i13 %y_5, i13 %y" [hls_filter_median.cpp:27]   --->   Operation 80 'store' 'store_ln27' <Predicate = (!icmp_ln34)> <Delay = 0.42>
ST_2 : Operation 81 [1/1] (0.42ns)   --->   "%store_ln26 = store i13 %x_5, i13 %x" [hls_filter_median.cpp:26]   --->   Operation 81 'store' 'store_ln26' <Predicate = (!icmp_ln34)> <Delay = 0.42>

State 3 <SV = 2> <Delay = 6.26>
ST_3 : Operation 82 [1/1] (0.00ns)   --->   "%b_3 = load i8 %b" [./hls_filter_median.hpp:167->./hls_filter_median.hpp:174->hls_filter_median.cpp:79]   --->   Operation 82 'load' 'b_3' <Predicate = true> <Delay = 0.00>
ST_3 : Operation 83 [1/1] (0.00ns)   --->   "%b_4 = load i8 %b_1" [./hls_filter_median.hpp:167->./hls_filter_median.hpp:174->hls_filter_median.cpp:79]   --->   Operation 83 'load' 'b_4' <Predicate = true> <Delay = 0.00>
ST_3 : Operation 84 [1/1] (0.00ns)   --->   "%b_5 = load i8 %b_2" [./hls_filter_median.hpp:167->./hls_filter_median.hpp:174->hls_filter_median.cpp:79]   --->   Operation 84 'load' 'b_5' <Predicate = true> <Delay = 0.00>
ST_3 : Operation 85 [1/1] (0.00ns)   --->   "%a_load = load i8 %a" [./hls_filter_median.hpp:167->./hls_filter_median.hpp:174->hls_filter_median.cpp:79]   --->   Operation 85 'load' 'a_load' <Predicate = (!icmp_ln34)> <Delay = 0.00>
ST_3 : Operation 86 [1/1] (0.00ns)   --->   "%a_1_load = load i8 %a_1" [./hls_filter_median.hpp:167->./hls_filter_median.hpp:174->hls_filter_median.cpp:79]   --->   Operation 86 'load' 'a_1_load' <Predicate = (!icmp_ln34)> <Delay = 0.00>
ST_3 : Operation 87 [1/1] (0.00ns)   --->   "%a_2_load = load i8 %a_2" [./hls_filter_median.hpp:167->./hls_filter_median.hpp:174->hls_filter_median.cpp:79]   --->   Operation 87 'load' 'a_2_load' <Predicate = (!icmp_ln34)> <Delay = 0.00>
ST_3 : Operation 88 [1/1] ( I:0.07ns O:0.07ns )   --->   "%s_axis_video_read = read i24 @_ssdm_op_Read.axis.volatile.i24P128A, i24 %s_axis_video" [hls_filter_median.cpp:42]   --->   Operation 88 'read' 's_axis_video_read' <Predicate = (!icmp_ln34)> <Delay = 0.07> <CoreInst = "regslice">   --->   Core 147 'regslice' <Latency = 0> <II = 1> <Delay = 0.62> <Adapter> <Opcode : 'read' 'write'>
ST_3 : Operation 89 [1/1] (0.00ns)   --->   "%new_pixel = trunc i24 %s_axis_video_read" [hls_filter_median.cpp:42]   --->   Operation 89 'trunc' 'new_pixel' <Predicate = (!icmp_ln34)> <Delay = 0.00>
ST_3 : Operation 90 [1/1] (0.00ns)   --->   "%reuse_reg5_load = load i8 %reuse_reg5"   --->   Operation 90 'load' 'reuse_reg5_load' <Predicate = (!icmp_ln34 & addr_cmp9)> <Delay = 0.00>
ST_3 : Operation 91 [1/2] ( I:1.23ns O:1.23ns )   --->   "%line_buffer_load = load i13 %line_buffer_addr" [hls_filter_median.cpp:56]   --->   Operation 91 'load' 'line_buffer_load' <Predicate = (!icmp_ln34)> <Delay = 1.23> <CoreInst = "RAM">   --->   Core 82 'RAM' <Latency = 1> <II = 1> <Delay = 1.23> <Storage> <Opcode : 'load' 'store'> <Ports = 2> <Width = 8> <Depth = 7680> <RAM>
ST_3 : Operation 92 [1/1] (0.39ns)   --->   "%c = select i1 %addr_cmp9, i8 %reuse_reg5_load, i8 %line_buffer_load" [hls_filter_median.cpp:56]   --->   Operation 92 'select' 'c' <Predicate = (!icmp_ln34)> <Delay = 0.39> <CoreInst = "Sel">   --->   Core 73 'Sel' <Latency = 0> <II = 1> <Delay = 0.39> <FuncUnit> <Opcode : 'select'> <InPorts = 3> <OutPorts = 1>
ST_3 : Operation 93 [1/1] (0.00ns)   --->   "%reuse_reg_load = load i8 %reuse_reg"   --->   Operation 93 'load' 'reuse_reg_load' <Predicate = (!icmp_ln34 & addr_cmp)> <Delay = 0.00>
ST_3 : Operation 94 [1/2] ( I:1.23ns O:1.23ns )   --->   "%line_buffer_1_load = load i13 %line_buffer_1_addr" [hls_filter_median.cpp:56]   --->   Operation 94 'load' 'line_buffer_1_load' <Predicate = (!icmp_ln34)> <Delay = 1.23> <CoreInst = "RAM">   --->   Core 82 'RAM' <Latency = 1> <II = 1> <Delay = 1.23> <Storage> <Opcode : 'load' 'store'> <Ports = 2> <Width = 8> <Depth = 7680> <RAM>
ST_3 : Operation 95 [1/1] (0.39ns)   --->   "%c_1 = select i1 %addr_cmp, i8 %reuse_reg_load, i8 %line_buffer_1_load" [hls_filter_median.cpp:56]   --->   Operation 95 'select' 'c_1' <Predicate = (!icmp_ln34)> <Delay = 0.39> <CoreInst = "Sel">   --->   Core 73 'Sel' <Latency = 0> <II = 1> <Delay = 0.39> <FuncUnit> <Opcode : 'select'> <InPorts = 3> <OutPorts = 1>
ST_3 : Operation 96 [1/1] ( I:1.23ns O:1.23ns )   --->   "%store_ln64 = store i8 %c_1, i13 %line_buffer_addr" [hls_filter_median.cpp:64]   --->   Operation 96 'store' 'store_ln64' <Predicate = (!icmp_ln34)> <Delay = 1.23> <CoreInst = "RAM">   --->   Core 82 'RAM' <Latency = 1> <II = 1> <Delay = 1.23> <Storage> <Opcode : 'load' 'store'> <Ports = 2> <Width = 8> <Depth = 7680> <RAM>
ST_3 : Operation 97 [1/1] (0.42ns)   --->   "%store_ln56 = store i8 %c_1, i8 %reuse_reg5" [hls_filter_median.cpp:56]   --->   Operation 97 'store' 'store_ln56' <Predicate = (!icmp_ln34)> <Delay = 0.42>
ST_3 : Operation 98 [1/1] ( I:1.23ns O:1.23ns )   --->   "%store_ln67 = store i8 %new_pixel, i13 %line_buffer_1_addr" [hls_filter_median.cpp:67]   --->   Operation 98 'store' 'store_ln67' <Predicate = (!icmp_ln34)> <Delay = 1.23> <CoreInst = "RAM">   --->   Core 82 'RAM' <Latency = 1> <II = 1> <Delay = 1.23> <Storage> <Opcode : 'load' 'store'> <Ports = 2> <Width = 8> <Depth = 7680> <RAM>
ST_3 : Operation 99 [1/1] (0.42ns)   --->   "%store_ln42 = store i8 %new_pixel, i8 %reuse_reg" [hls_filter_median.cpp:42]   --->   Operation 99 'store' 'store_ln42' <Predicate = (!icmp_ln34)> <Delay = 0.42>
ST_3 : Operation 100 [1/1] (0.76ns)   --->   "%icmp_ln159 = icmp_ult  i8 %a_load, i8 %b_3" [./hls_filter_median.hpp:159->./hls_filter_median.hpp:173->hls_filter_median.cpp:79]   --->   Operation 100 'icmp' 'icmp_ln159' <Predicate = (!icmp_ln34)> <Delay = 0.76> <CoreInst = "Cmp">   --->   Core 9 'Cmp' <Latency = 0> <II = 1> <Delay = 0.76> <FuncUnit> <Opcode : 'seteq' 'setne' 'setle' 'setge' 'setlt' 'setgt'> <InPorts = 2> <OutPorts = 1>
ST_3 : Operation 101 [1/1] (0.39ns)   --->   "%tmp_min1 = select i1 %icmp_ln159, i8 %a_load, i8 %b_3" [./hls_filter_median.hpp:159->./hls_filter_median.hpp:173->hls_filter_median.cpp:79]   --->   Operation 101 'select' 'tmp_min1' <Predicate = (!icmp_ln34)> <Delay = 0.39> <CoreInst = "Sel">   --->   Core 73 'Sel' <Latency = 0> <II = 1> <Delay = 0.39> <FuncUnit> <Opcode : 'select'> <InPorts = 3> <OutPorts = 1>
ST_3 : Operation 102 [1/1] (0.76ns)   --->   "%icmp_ln167 = icmp_ugt  i8 %a_load, i8 %b_3" [./hls_filter_median.hpp:167->./hls_filter_median.hpp:174->hls_filter_median.cpp:79]   --->   Operation 102 'icmp' 'icmp_ln167' <Predicate = (!icmp_ln34)> <Delay = 0.76> <CoreInst = "Cmp">   --->   Core 9 'Cmp' <Latency = 0> <II = 1> <Delay = 0.76> <FuncUnit> <Opcode : 'seteq' 'setne' 'setle' 'setge' 'setlt' 'setgt'> <InPorts = 2> <OutPorts = 1>
ST_3 : Operation 103 [1/1] (0.39ns)   --->   "%tmp_max1 = select i1 %icmp_ln167, i8 %a_load, i8 %b_3" [./hls_filter_median.hpp:167->./hls_filter_median.hpp:174->hls_filter_median.cpp:79]   --->   Operation 103 'select' 'tmp_max1' <Predicate = (!icmp_ln34)> <Delay = 0.39> <CoreInst = "Sel">   --->   Core 73 'Sel' <Latency = 0> <II = 1> <Delay = 0.39> <FuncUnit> <Opcode : 'select'> <InPorts = 3> <OutPorts = 1>
ST_3 : Operation 104 [1/1] (0.76ns)   --->   "%icmp_ln159_1 = icmp_ult  i8 %tmp_min1, i8 %c" [./hls_filter_median.hpp:159->./hls_filter_median.hpp:176->hls_filter_median.cpp:79]   --->   Operation 104 'icmp' 'icmp_ln159_1' <Predicate = (!icmp_ln34)> <Delay = 0.76> <CoreInst = "Cmp">   --->   Core 9 'Cmp' <Latency = 0> <II = 1> <Delay = 0.76> <FuncUnit> <Opcode : 'seteq' 'setne' 'setle' 'setge' 'setlt' 'setgt'> <InPorts = 2> <OutPorts = 1>
ST_3 : Operation 105 [1/1] (0.39ns)   --->   "%min = select i1 %icmp_ln159_1, i8 %tmp_min1, i8 %c" [./hls_filter_median.hpp:159->./hls_filter_median.hpp:176->hls_filter_median.cpp:79]   --->   Operation 105 'select' 'min' <Predicate = (!icmp_ln34)> <Delay = 0.39> <CoreInst = "Sel">   --->   Core 73 'Sel' <Latency = 0> <II = 1> <Delay = 0.39> <FuncUnit> <Opcode : 'select'> <InPorts = 3> <OutPorts = 1>
ST_3 : Operation 106 [1/1] (0.76ns)   --->   "%icmp_ln167_1 = icmp_ugt  i8 %tmp_min1, i8 %c" [./hls_filter_median.hpp:167->./hls_filter_median.hpp:177->hls_filter_median.cpp:79]   --->   Operation 106 'icmp' 'icmp_ln167_1' <Predicate = (!icmp_ln34)> <Delay = 0.76> <CoreInst = "Cmp">   --->   Core 9 'Cmp' <Latency = 0> <II = 1> <Delay = 0.76> <FuncUnit> <Opcode : 'seteq' 'setne' 'setle' 'setge' 'setlt' 'setgt'> <InPorts = 2> <OutPorts = 1>
ST_3 : Operation 107 [1/1] (0.39ns)   --->   "%tmp_max2 = select i1 %icmp_ln167_1, i8 %tmp_min1, i8 %c" [./hls_filter_median.hpp:167->./hls_filter_median.hpp:177->hls_filter_median.cpp:79]   --->   Operation 107 'select' 'tmp_max2' <Predicate = (!icmp_ln34)> <Delay = 0.39> <CoreInst = "Sel">   --->   Core 73 'Sel' <Latency = 0> <II = 1> <Delay = 0.39> <FuncUnit> <Opcode : 'select'> <InPorts = 3> <OutPorts = 1>
ST_3 : Operation 108 [1/1] (0.76ns)   --->   "%icmp_ln159_2 = icmp_ult  i8 %tmp_max1, i8 %tmp_max2" [./hls_filter_median.hpp:159->./hls_filter_median.hpp:179->hls_filter_median.cpp:79]   --->   Operation 108 'icmp' 'icmp_ln159_2' <Predicate = (!icmp_ln34)> <Delay = 0.76> <CoreInst = "Cmp">   --->   Core 9 'Cmp' <Latency = 0> <II = 1> <Delay = 0.76> <FuncUnit> <Opcode : 'seteq' 'setne' 'setle' 'setge' 'setlt' 'setgt'> <InPorts = 2> <OutPorts = 1>
ST_3 : Operation 109 [1/1] (0.39ns)   --->   "%med = select i1 %icmp_ln159_2, i8 %tmp_max1, i8 %tmp_max2" [./hls_filter_median.hpp:159->./hls_filter_median.hpp:179->hls_filter_median.cpp:79]   --->   Operation 109 'select' 'med' <Predicate = (!icmp_ln34)> <Delay = 0.39> <CoreInst = "Sel">   --->   Core 73 'Sel' <Latency = 0> <II = 1> <Delay = 0.39> <FuncUnit> <Opcode : 'select'> <InPorts = 3> <OutPorts = 1>
ST_3 : Operation 110 [1/1] (0.76ns)   --->   "%icmp_ln167_2 = icmp_ugt  i8 %tmp_max1, i8 %tmp_max2" [./hls_filter_median.hpp:167->./hls_filter_median.hpp:180->hls_filter_median.cpp:79]   --->   Operation 110 'icmp' 'icmp_ln167_2' <Predicate = (!icmp_ln34)> <Delay = 0.76> <CoreInst = "Cmp">   --->   Core 9 'Cmp' <Latency = 0> <II = 1> <Delay = 0.76> <FuncUnit> <Opcode : 'seteq' 'setne' 'setle' 'setge' 'setlt' 'setgt'> <InPorts = 2> <OutPorts = 1>
ST_3 : Operation 111 [1/1] (0.39ns)   --->   "%max = select i1 %icmp_ln167_2, i8 %tmp_max1, i8 %tmp_max2" [./hls_filter_median.hpp:167->./hls_filter_median.hpp:180->hls_filter_median.cpp:79]   --->   Operation 111 'select' 'max' <Predicate = (!icmp_ln34)> <Delay = 0.39> <CoreInst = "Sel">   --->   Core 73 'Sel' <Latency = 0> <II = 1> <Delay = 0.39> <FuncUnit> <Opcode : 'select'> <InPorts = 3> <OutPorts = 1>
ST_3 : Operation 112 [1/1] (0.76ns)   --->   "%icmp_ln159_3 = icmp_ult  i8 %a_1_load, i8 %b_4" [./hls_filter_median.hpp:159->./hls_filter_median.hpp:173->hls_filter_median.cpp:79]   --->   Operation 112 'icmp' 'icmp_ln159_3' <Predicate = (!icmp_ln34)> <Delay = 0.76> <CoreInst = "Cmp">   --->   Core 9 'Cmp' <Latency = 0> <II = 1> <Delay = 0.76> <FuncUnit> <Opcode : 'seteq' 'setne' 'setle' 'setge' 'setlt' 'setgt'> <InPorts = 2> <OutPorts = 1>
ST_3 : Operation 113 [1/1] (0.39ns)   --->   "%tmp_min1_1 = select i1 %icmp_ln159_3, i8 %a_1_load, i8 %b_4" [./hls_filter_median.hpp:159->./hls_filter_median.hpp:173->hls_filter_median.cpp:79]   --->   Operation 113 'select' 'tmp_min1_1' <Predicate = (!icmp_ln34)> <Delay = 0.39> <CoreInst = "Sel">   --->   Core 73 'Sel' <Latency = 0> <II = 1> <Delay = 0.39> <FuncUnit> <Opcode : 'select'> <InPorts = 3> <OutPorts = 1>
ST_3 : Operation 114 [1/1] (0.76ns)   --->   "%icmp_ln167_3 = icmp_ugt  i8 %a_1_load, i8 %b_4" [./hls_filter_median.hpp:167->./hls_filter_median.hpp:174->hls_filter_median.cpp:79]   --->   Operation 114 'icmp' 'icmp_ln167_3' <Predicate = (!icmp_ln34)> <Delay = 0.76> <CoreInst = "Cmp">   --->   Core 9 'Cmp' <Latency = 0> <II = 1> <Delay = 0.76> <FuncUnit> <Opcode : 'seteq' 'setne' 'setle' 'setge' 'setlt' 'setgt'> <InPorts = 2> <OutPorts = 1>
ST_3 : Operation 115 [1/1] (0.39ns)   --->   "%tmp_max1_1 = select i1 %icmp_ln167_3, i8 %a_1_load, i8 %b_4" [./hls_filter_median.hpp:167->./hls_filter_median.hpp:174->hls_filter_median.cpp:79]   --->   Operation 115 'select' 'tmp_max1_1' <Predicate = (!icmp_ln34)> <Delay = 0.39> <CoreInst = "Sel">   --->   Core 73 'Sel' <Latency = 0> <II = 1> <Delay = 0.39> <FuncUnit> <Opcode : 'select'> <InPorts = 3> <OutPorts = 1>
ST_3 : Operation 116 [1/1] (0.76ns)   --->   "%icmp_ln159_4 = icmp_ult  i8 %tmp_min1_1, i8 %c_1" [./hls_filter_median.hpp:159->./hls_filter_median.hpp:176->hls_filter_median.cpp:79]   --->   Operation 116 'icmp' 'icmp_ln159_4' <Predicate = (!icmp_ln34)> <Delay = 0.76> <CoreInst = "Cmp">   --->   Core 9 'Cmp' <Latency = 0> <II = 1> <Delay = 0.76> <FuncUnit> <Opcode : 'seteq' 'setne' 'setle' 'setge' 'setlt' 'setgt'> <InPorts = 2> <OutPorts = 1>
ST_3 : Operation 117 [1/1] (0.39ns)   --->   "%min_3 = select i1 %icmp_ln159_4, i8 %tmp_min1_1, i8 %c_1" [./hls_filter_median.hpp:159->./hls_filter_median.hpp:176->hls_filter_median.cpp:79]   --->   Operation 117 'select' 'min_3' <Predicate = (!icmp_ln34)> <Delay = 0.39> <CoreInst = "Sel">   --->   Core 73 'Sel' <Latency = 0> <II = 1> <Delay = 0.39> <FuncUnit> <Opcode : 'select'> <InPorts = 3> <OutPorts = 1>
ST_3 : Operation 118 [1/1] (0.76ns)   --->   "%icmp_ln167_4 = icmp_ugt  i8 %tmp_min1_1, i8 %c_1" [./hls_filter_median.hpp:167->./hls_filter_median.hpp:177->hls_filter_median.cpp:79]   --->   Operation 118 'icmp' 'icmp_ln167_4' <Predicate = (!icmp_ln34)> <Delay = 0.76> <CoreInst = "Cmp">   --->   Core 9 'Cmp' <Latency = 0> <II = 1> <Delay = 0.76> <FuncUnit> <Opcode : 'seteq' 'setne' 'setle' 'setge' 'setlt' 'setgt'> <InPorts = 2> <OutPorts = 1>
ST_3 : Operation 119 [1/1] (0.39ns)   --->   "%tmp_max2_1 = select i1 %icmp_ln167_4, i8 %tmp_min1_1, i8 %c_1" [./hls_filter_median.hpp:167->./hls_filter_median.hpp:177->hls_filter_median.cpp:79]   --->   Operation 119 'select' 'tmp_max2_1' <Predicate = (!icmp_ln34)> <Delay = 0.39> <CoreInst = "Sel">   --->   Core 73 'Sel' <Latency = 0> <II = 1> <Delay = 0.39> <FuncUnit> <Opcode : 'select'> <InPorts = 3> <OutPorts = 1>
ST_3 : Operation 120 [1/1] (0.76ns)   --->   "%icmp_ln159_5 = icmp_ult  i8 %tmp_max1_1, i8 %tmp_max2_1" [./hls_filter_median.hpp:159->./hls_filter_median.hpp:179->hls_filter_median.cpp:79]   --->   Operation 120 'icmp' 'icmp_ln159_5' <Predicate = (!icmp_ln34)> <Delay = 0.76> <CoreInst = "Cmp">   --->   Core 9 'Cmp' <Latency = 0> <II = 1> <Delay = 0.76> <FuncUnit> <Opcode : 'seteq' 'setne' 'setle' 'setge' 'setlt' 'setgt'> <InPorts = 2> <OutPorts = 1>
ST_3 : Operation 121 [1/1] (0.39ns)   --->   "%med_3 = select i1 %icmp_ln159_5, i8 %tmp_max1_1, i8 %tmp_max2_1" [./hls_filter_median.hpp:159->./hls_filter_median.hpp:179->hls_filter_median.cpp:79]   --->   Operation 121 'select' 'med_3' <Predicate = (!icmp_ln34)> <Delay = 0.39> <CoreInst = "Sel">   --->   Core 73 'Sel' <Latency = 0> <II = 1> <Delay = 0.39> <FuncUnit> <Opcode : 'select'> <InPorts = 3> <OutPorts = 1>
ST_3 : Operation 122 [1/1] (0.76ns)   --->   "%icmp_ln167_5 = icmp_ugt  i8 %tmp_max1_1, i8 %tmp_max2_1" [./hls_filter_median.hpp:167->./hls_filter_median.hpp:180->hls_filter_median.cpp:79]   --->   Operation 122 'icmp' 'icmp_ln167_5' <Predicate = (!icmp_ln34)> <Delay = 0.76> <CoreInst = "Cmp">   --->   Core 9 'Cmp' <Latency = 0> <II = 1> <Delay = 0.76> <FuncUnit> <Opcode : 'seteq' 'setne' 'setle' 'setge' 'setlt' 'setgt'> <InPorts = 2> <OutPorts = 1>
ST_3 : Operation 123 [1/1] (0.39ns)   --->   "%max_3 = select i1 %icmp_ln167_5, i8 %tmp_max1_1, i8 %tmp_max2_1" [./hls_filter_median.hpp:167->./hls_filter_median.hpp:180->hls_filter_median.cpp:79]   --->   Operation 123 'select' 'max_3' <Predicate = (!icmp_ln34)> <Delay = 0.39> <CoreInst = "Sel">   --->   Core 73 'Sel' <Latency = 0> <II = 1> <Delay = 0.39> <FuncUnit> <Opcode : 'select'> <InPorts = 3> <OutPorts = 1>
ST_3 : Operation 124 [1/1] (0.76ns)   --->   "%icmp_ln159_6 = icmp_ult  i8 %a_2_load, i8 %b_5" [./hls_filter_median.hpp:159->./hls_filter_median.hpp:173->hls_filter_median.cpp:79]   --->   Operation 124 'icmp' 'icmp_ln159_6' <Predicate = (!icmp_ln34)> <Delay = 0.76> <CoreInst = "Cmp">   --->   Core 9 'Cmp' <Latency = 0> <II = 1> <Delay = 0.76> <FuncUnit> <Opcode : 'seteq' 'setne' 'setle' 'setge' 'setlt' 'setgt'> <InPorts = 2> <OutPorts = 1>
ST_3 : Operation 125 [1/1] (0.39ns)   --->   "%tmp_min1_2 = select i1 %icmp_ln159_6, i8 %a_2_load, i8 %b_5" [./hls_filter_median.hpp:159->./hls_filter_median.hpp:173->hls_filter_median.cpp:79]   --->   Operation 125 'select' 'tmp_min1_2' <Predicate = (!icmp_ln34)> <Delay = 0.39> <CoreInst = "Sel">   --->   Core 73 'Sel' <Latency = 0> <II = 1> <Delay = 0.39> <FuncUnit> <Opcode : 'select'> <InPorts = 3> <OutPorts = 1>
ST_3 : Operation 126 [1/1] (0.76ns)   --->   "%icmp_ln167_6 = icmp_ugt  i8 %a_2_load, i8 %b_5" [./hls_filter_median.hpp:167->./hls_filter_median.hpp:174->hls_filter_median.cpp:79]   --->   Operation 126 'icmp' 'icmp_ln167_6' <Predicate = (!icmp_ln34)> <Delay = 0.76> <CoreInst = "Cmp">   --->   Core 9 'Cmp' <Latency = 0> <II = 1> <Delay = 0.76> <FuncUnit> <Opcode : 'seteq' 'setne' 'setle' 'setge' 'setlt' 'setgt'> <InPorts = 2> <OutPorts = 1>
ST_3 : Operation 127 [1/1] (0.39ns)   --->   "%tmp_max1_2 = select i1 %icmp_ln167_6, i8 %a_2_load, i8 %b_5" [./hls_filter_median.hpp:167->./hls_filter_median.hpp:174->hls_filter_median.cpp:79]   --->   Operation 127 'select' 'tmp_max1_2' <Predicate = (!icmp_ln34)> <Delay = 0.39> <CoreInst = "Sel">   --->   Core 73 'Sel' <Latency = 0> <II = 1> <Delay = 0.39> <FuncUnit> <Opcode : 'select'> <InPorts = 3> <OutPorts = 1>
ST_3 : Operation 128 [1/1] (0.76ns)   --->   "%icmp_ln159_7 = icmp_ult  i8 %tmp_min1_2, i8 %new_pixel" [./hls_filter_median.hpp:159->./hls_filter_median.hpp:176->hls_filter_median.cpp:79]   --->   Operation 128 'icmp' 'icmp_ln159_7' <Predicate = (!icmp_ln34)> <Delay = 0.76> <CoreInst = "Cmp">   --->   Core 9 'Cmp' <Latency = 0> <II = 1> <Delay = 0.76> <FuncUnit> <Opcode : 'seteq' 'setne' 'setle' 'setge' 'setlt' 'setgt'> <InPorts = 2> <OutPorts = 1>
ST_3 : Operation 129 [1/1] (0.39ns)   --->   "%min_4 = select i1 %icmp_ln159_7, i8 %tmp_min1_2, i8 %new_pixel" [./hls_filter_median.hpp:159->./hls_filter_median.hpp:176->hls_filter_median.cpp:79]   --->   Operation 129 'select' 'min_4' <Predicate = (!icmp_ln34)> <Delay = 0.39> <CoreInst = "Sel">   --->   Core 73 'Sel' <Latency = 0> <II = 1> <Delay = 0.39> <FuncUnit> <Opcode : 'select'> <InPorts = 3> <OutPorts = 1>
ST_3 : Operation 130 [1/1] (0.76ns)   --->   "%icmp_ln167_7 = icmp_ugt  i8 %tmp_min1_2, i8 %new_pixel" [./hls_filter_median.hpp:167->./hls_filter_median.hpp:177->hls_filter_median.cpp:79]   --->   Operation 130 'icmp' 'icmp_ln167_7' <Predicate = (!icmp_ln34)> <Delay = 0.76> <CoreInst = "Cmp">   --->   Core 9 'Cmp' <Latency = 0> <II = 1> <Delay = 0.76> <FuncUnit> <Opcode : 'seteq' 'setne' 'setle' 'setge' 'setlt' 'setgt'> <InPorts = 2> <OutPorts = 1>
ST_3 : Operation 131 [1/1] (0.39ns)   --->   "%tmp_max2_2 = select i1 %icmp_ln167_7, i8 %tmp_min1_2, i8 %new_pixel" [./hls_filter_median.hpp:167->./hls_filter_median.hpp:177->hls_filter_median.cpp:79]   --->   Operation 131 'select' 'tmp_max2_2' <Predicate = (!icmp_ln34)> <Delay = 0.39> <CoreInst = "Sel">   --->   Core 73 'Sel' <Latency = 0> <II = 1> <Delay = 0.39> <FuncUnit> <Opcode : 'select'> <InPorts = 3> <OutPorts = 1>
ST_3 : Operation 132 [1/1] (0.76ns)   --->   "%icmp_ln159_8 = icmp_ult  i8 %tmp_max1_2, i8 %tmp_max2_2" [./hls_filter_median.hpp:159->./hls_filter_median.hpp:179->hls_filter_median.cpp:79]   --->   Operation 132 'icmp' 'icmp_ln159_8' <Predicate = (!icmp_ln34)> <Delay = 0.76> <CoreInst = "Cmp">   --->   Core 9 'Cmp' <Latency = 0> <II = 1> <Delay = 0.76> <FuncUnit> <Opcode : 'seteq' 'setne' 'setle' 'setge' 'setlt' 'setgt'> <InPorts = 2> <OutPorts = 1>
ST_3 : Operation 133 [1/1] (0.39ns)   --->   "%med_4 = select i1 %icmp_ln159_8, i8 %tmp_max1_2, i8 %tmp_max2_2" [./hls_filter_median.hpp:159->./hls_filter_median.hpp:179->hls_filter_median.cpp:79]   --->   Operation 133 'select' 'med_4' <Predicate = (!icmp_ln34)> <Delay = 0.39> <CoreInst = "Sel">   --->   Core 73 'Sel' <Latency = 0> <II = 1> <Delay = 0.39> <FuncUnit> <Opcode : 'select'> <InPorts = 3> <OutPorts = 1>
ST_3 : Operation 134 [1/1] (0.76ns)   --->   "%icmp_ln167_8 = icmp_ugt  i8 %tmp_max1_2, i8 %tmp_max2_2" [./hls_filter_median.hpp:167->./hls_filter_median.hpp:180->hls_filter_median.cpp:79]   --->   Operation 134 'icmp' 'icmp_ln167_8' <Predicate = (!icmp_ln34)> <Delay = 0.76> <CoreInst = "Cmp">   --->   Core 9 'Cmp' <Latency = 0> <II = 1> <Delay = 0.76> <FuncUnit> <Opcode : 'seteq' 'setne' 'setle' 'setge' 'setlt' 'setgt'> <InPorts = 2> <OutPorts = 1>
ST_3 : Operation 135 [1/1] (0.39ns)   --->   "%max_4 = select i1 %icmp_ln167_8, i8 %tmp_max1_2, i8 %tmp_max2_2" [./hls_filter_median.hpp:167->./hls_filter_median.hpp:180->hls_filter_median.cpp:79]   --->   Operation 135 'select' 'max_4' <Predicate = (!icmp_ln34)> <Delay = 0.39> <CoreInst = "Sel">   --->   Core 73 'Sel' <Latency = 0> <II = 1> <Delay = 0.39> <FuncUnit> <Opcode : 'select'> <InPorts = 3> <OutPorts = 1>
ST_3 : Operation 136 [1/1] (0.76ns)   --->   "%icmp_ln159_9 = icmp_ult  i8 %min, i8 %min_3" [./hls_filter_median.hpp:159->./hls_filter_median.hpp:173->hls_filter_median.cpp:84]   --->   Operation 136 'icmp' 'icmp_ln159_9' <Predicate = (!icmp_ln34)> <Delay = 0.76> <CoreInst = "Cmp">   --->   Core 9 'Cmp' <Latency = 0> <II = 1> <Delay = 0.76> <FuncUnit> <Opcode : 'seteq' 'setne' 'setle' 'setge' 'setlt' 'setgt'> <InPorts = 2> <OutPorts = 1>
ST_3 : Operation 137 [1/1] (0.39ns)   --->   "%tmp_min1_3 = select i1 %icmp_ln159_9, i8 %min, i8 %min_3" [./hls_filter_median.hpp:159->./hls_filter_median.hpp:173->hls_filter_median.cpp:84]   --->   Operation 137 'select' 'tmp_min1_3' <Predicate = (!icmp_ln34)> <Delay = 0.39> <CoreInst = "Sel">   --->   Core 73 'Sel' <Latency = 0> <II = 1> <Delay = 0.39> <FuncUnit> <Opcode : 'select'> <InPorts = 3> <OutPorts = 1>
ST_3 : Operation 138 [1/1] (0.76ns)   --->   "%icmp_ln167_9 = icmp_ugt  i8 %min, i8 %min_3" [./hls_filter_median.hpp:167->./hls_filter_median.hpp:174->hls_filter_median.cpp:84]   --->   Operation 138 'icmp' 'icmp_ln167_9' <Predicate = (!icmp_ln34)> <Delay = 0.76> <CoreInst = "Cmp">   --->   Core 9 'Cmp' <Latency = 0> <II = 1> <Delay = 0.76> <FuncUnit> <Opcode : 'seteq' 'setne' 'setle' 'setge' 'setlt' 'setgt'> <InPorts = 2> <OutPorts = 1>
ST_3 : Operation 139 [1/1] (0.39ns)   --->   "%tmp_max1_3 = select i1 %icmp_ln167_9, i8 %min, i8 %min_3" [./hls_filter_median.hpp:167->./hls_filter_median.hpp:174->hls_filter_median.cpp:84]   --->   Operation 139 'select' 'tmp_max1_3' <Predicate = (!icmp_ln34)> <Delay = 0.39> <CoreInst = "Sel">   --->   Core 73 'Sel' <Latency = 0> <II = 1> <Delay = 0.39> <FuncUnit> <Opcode : 'select'> <InPorts = 3> <OutPorts = 1>
ST_3 : Operation 140 [1/1] (0.76ns)   --->   "%icmp_ln167_10 = icmp_ugt  i8 %tmp_min1_3, i8 %min_4" [./hls_filter_median.hpp:167->./hls_filter_median.hpp:177->hls_filter_median.cpp:84]   --->   Operation 140 'icmp' 'icmp_ln167_10' <Predicate = (!icmp_ln34)> <Delay = 0.76> <CoreInst = "Cmp">   --->   Core 9 'Cmp' <Latency = 0> <II = 1> <Delay = 0.76> <FuncUnit> <Opcode : 'seteq' 'setne' 'setle' 'setge' 'setlt' 'setgt'> <InPorts = 2> <OutPorts = 1>
ST_3 : Operation 141 [1/1] (0.39ns)   --->   "%tmp_max2_3 = select i1 %icmp_ln167_10, i8 %tmp_min1_3, i8 %min_4" [./hls_filter_median.hpp:167->./hls_filter_median.hpp:177->hls_filter_median.cpp:84]   --->   Operation 141 'select' 'tmp_max2_3' <Predicate = (!icmp_ln34)> <Delay = 0.39> <CoreInst = "Sel">   --->   Core 73 'Sel' <Latency = 0> <II = 1> <Delay = 0.39> <FuncUnit> <Opcode : 'select'> <InPorts = 3> <OutPorts = 1>
ST_3 : Operation 142 [1/1] (0.76ns)   --->   "%icmp_ln167_11 = icmp_ugt  i8 %tmp_max1_3, i8 %tmp_max2_3" [./hls_filter_median.hpp:167->./hls_filter_median.hpp:180->hls_filter_median.cpp:84]   --->   Operation 142 'icmp' 'icmp_ln167_11' <Predicate = (!icmp_ln34)> <Delay = 0.76> <CoreInst = "Cmp">   --->   Core 9 'Cmp' <Latency = 0> <II = 1> <Delay = 0.76> <FuncUnit> <Opcode : 'seteq' 'setne' 'setle' 'setge' 'setlt' 'setgt'> <InPorts = 2> <OutPorts = 1>
ST_3 : Operation 143 [1/1] (0.39ns)   --->   "%a_6 = select i1 %icmp_ln167_11, i8 %tmp_max1_3, i8 %tmp_max2_3" [./hls_filter_median.hpp:167->./hls_filter_median.hpp:180->hls_filter_median.cpp:84]   --->   Operation 143 'select' 'a_6' <Predicate = (!icmp_ln34)> <Delay = 0.39> <CoreInst = "Sel">   --->   Core 73 'Sel' <Latency = 0> <II = 1> <Delay = 0.39> <FuncUnit> <Opcode : 'select'> <InPorts = 3> <OutPorts = 1>
ST_3 : Operation 144 [1/1] (0.76ns)   --->   "%icmp_ln159_10 = icmp_ult  i8 %med, i8 %med_3" [./hls_filter_median.hpp:159->./hls_filter_median.hpp:173->hls_filter_median.cpp:87]   --->   Operation 144 'icmp' 'icmp_ln159_10' <Predicate = (!icmp_ln34)> <Delay = 0.76> <CoreInst = "Cmp">   --->   Core 9 'Cmp' <Latency = 0> <II = 1> <Delay = 0.76> <FuncUnit> <Opcode : 'seteq' 'setne' 'setle' 'setge' 'setlt' 'setgt'> <InPorts = 2> <OutPorts = 1>
ST_3 : Operation 145 [1/1] (0.39ns)   --->   "%tmp_min1_4 = select i1 %icmp_ln159_10, i8 %med, i8 %med_3" [./hls_filter_median.hpp:159->./hls_filter_median.hpp:173->hls_filter_median.cpp:87]   --->   Operation 145 'select' 'tmp_min1_4' <Predicate = (!icmp_ln34)> <Delay = 0.39> <CoreInst = "Sel">   --->   Core 73 'Sel' <Latency = 0> <II = 1> <Delay = 0.39> <FuncUnit> <Opcode : 'select'> <InPorts = 3> <OutPorts = 1>
ST_3 : Operation 146 [1/1] (0.76ns)   --->   "%icmp_ln167_12 = icmp_ugt  i8 %med, i8 %med_3" [./hls_filter_median.hpp:167->./hls_filter_median.hpp:174->hls_filter_median.cpp:87]   --->   Operation 146 'icmp' 'icmp_ln167_12' <Predicate = (!icmp_ln34)> <Delay = 0.76> <CoreInst = "Cmp">   --->   Core 9 'Cmp' <Latency = 0> <II = 1> <Delay = 0.76> <FuncUnit> <Opcode : 'seteq' 'setne' 'setle' 'setge' 'setlt' 'setgt'> <InPorts = 2> <OutPorts = 1>
ST_3 : Operation 147 [1/1] (0.39ns)   --->   "%tmp_max1_4 = select i1 %icmp_ln167_12, i8 %med, i8 %med_3" [./hls_filter_median.hpp:167->./hls_filter_median.hpp:174->hls_filter_median.cpp:87]   --->   Operation 147 'select' 'tmp_max1_4' <Predicate = (!icmp_ln34)> <Delay = 0.39> <CoreInst = "Sel">   --->   Core 73 'Sel' <Latency = 0> <II = 1> <Delay = 0.39> <FuncUnit> <Opcode : 'select'> <InPorts = 3> <OutPorts = 1>
ST_3 : Operation 148 [1/1] (0.76ns)   --->   "%icmp_ln167_13 = icmp_ugt  i8 %tmp_min1_4, i8 %med_4" [./hls_filter_median.hpp:167->./hls_filter_median.hpp:177->hls_filter_median.cpp:87]   --->   Operation 148 'icmp' 'icmp_ln167_13' <Predicate = (!icmp_ln34)> <Delay = 0.76> <CoreInst = "Cmp">   --->   Core 9 'Cmp' <Latency = 0> <II = 1> <Delay = 0.76> <FuncUnit> <Opcode : 'seteq' 'setne' 'setle' 'setge' 'setlt' 'setgt'> <InPorts = 2> <OutPorts = 1>
ST_3 : Operation 149 [1/1] (0.39ns)   --->   "%tmp_max2_4 = select i1 %icmp_ln167_13, i8 %tmp_min1_4, i8 %med_4" [./hls_filter_median.hpp:167->./hls_filter_median.hpp:177->hls_filter_median.cpp:87]   --->   Operation 149 'select' 'tmp_max2_4' <Predicate = (!icmp_ln34)> <Delay = 0.39> <CoreInst = "Sel">   --->   Core 73 'Sel' <Latency = 0> <II = 1> <Delay = 0.39> <FuncUnit> <Opcode : 'select'> <InPorts = 3> <OutPorts = 1>
ST_3 : Operation 150 [1/1] (0.76ns)   --->   "%icmp_ln159_12 = icmp_ult  i8 %max, i8 %max_3" [./hls_filter_median.hpp:159->./hls_filter_median.hpp:173->hls_filter_median.cpp:90]   --->   Operation 150 'icmp' 'icmp_ln159_12' <Predicate = (!icmp_ln34)> <Delay = 0.76> <CoreInst = "Cmp">   --->   Core 9 'Cmp' <Latency = 0> <II = 1> <Delay = 0.76> <FuncUnit> <Opcode : 'seteq' 'setne' 'setle' 'setge' 'setlt' 'setgt'> <InPorts = 2> <OutPorts = 1>
ST_3 : Operation 151 [1/1] (0.39ns)   --->   "%tmp_min1_5 = select i1 %icmp_ln159_12, i8 %max, i8 %max_3" [./hls_filter_median.hpp:159->./hls_filter_median.hpp:173->hls_filter_median.cpp:90]   --->   Operation 151 'select' 'tmp_min1_5' <Predicate = (!icmp_ln34)> <Delay = 0.39> <CoreInst = "Sel">   --->   Core 73 'Sel' <Latency = 0> <II = 1> <Delay = 0.39> <FuncUnit> <Opcode : 'select'> <InPorts = 3> <OutPorts = 1>
ST_3 : Operation 152 [1/1] (0.76ns)   --->   "%icmp_ln159_13 = icmp_ult  i8 %tmp_min1_5, i8 %max_4" [./hls_filter_median.hpp:159->./hls_filter_median.hpp:176->hls_filter_median.cpp:90]   --->   Operation 152 'icmp' 'icmp_ln159_13' <Predicate = (!icmp_ln34)> <Delay = 0.76> <CoreInst = "Cmp">   --->   Core 9 'Cmp' <Latency = 0> <II = 1> <Delay = 0.76> <FuncUnit> <Opcode : 'seteq' 'setne' 'setle' 'setge' 'setlt' 'setgt'> <InPorts = 2> <OutPorts = 1>
ST_3 : Operation 153 [1/1] (0.39ns)   --->   "%c_6 = select i1 %icmp_ln159_13, i8 %tmp_min1_5, i8 %max_4" [./hls_filter_median.hpp:159->./hls_filter_median.hpp:176->hls_filter_median.cpp:90]   --->   Operation 153 'select' 'c_6' <Predicate = (!icmp_ln34)> <Delay = 0.39> <CoreInst = "Sel">   --->   Core 73 'Sel' <Latency = 0> <II = 1> <Delay = 0.39> <FuncUnit> <Opcode : 'select'> <InPorts = 3> <OutPorts = 1>
ST_3 : Operation 154 [1/1] (0.00ns)   --->   "%store_ln172 = store i8 %new_pixel, i8 %b_2" [./hls_filter_median.hpp:172->hls_filter_median.cpp:79]   --->   Operation 154 'store' 'store_ln172' <Predicate = (!icmp_ln34)> <Delay = 0.00>
ST_3 : Operation 155 [1/1] (0.00ns)   --->   "%store_ln172 = store i8 %c_1, i8 %b_1" [./hls_filter_median.hpp:172->hls_filter_median.cpp:79]   --->   Operation 155 'store' 'store_ln172' <Predicate = (!icmp_ln34)> <Delay = 0.00>
ST_3 : Operation 156 [1/1] (0.00ns)   --->   "%store_ln172 = store i8 %c, i8 %b" [./hls_filter_median.hpp:172->hls_filter_median.cpp:79]   --->   Operation 156 'store' 'store_ln172' <Predicate = (!icmp_ln34)> <Delay = 0.00>
ST_3 : Operation 157 [1/1] (0.00ns)   --->   "%store_ln172 = store i8 %b_5, i8 %a_2" [./hls_filter_median.hpp:172->hls_filter_median.cpp:79]   --->   Operation 157 'store' 'store_ln172' <Predicate = (!icmp_ln34)> <Delay = 0.00>
ST_3 : Operation 158 [1/1] (0.00ns)   --->   "%store_ln172 = store i8 %b_4, i8 %a_1" [./hls_filter_median.hpp:172->hls_filter_median.cpp:79]   --->   Operation 158 'store' 'store_ln172' <Predicate = (!icmp_ln34)> <Delay = 0.00>
ST_3 : Operation 159 [1/1] (0.00ns)   --->   "%store_ln172 = store i8 %b_3, i8 %a" [./hls_filter_median.hpp:172->hls_filter_median.cpp:79]   --->   Operation 159 'store' 'store_ln172' <Predicate = (!icmp_ln34)> <Delay = 0.00>
ST_3 : Operation 160 [1/1] (0.00ns)   --->   "%br_ln34 = br void %for.body" [hls_filter_median.cpp:34]   --->   Operation 160 'br' 'br_ln34' <Predicate = (!icmp_ln34)> <Delay = 0.00>
ST_3 : Operation 178 [1/1] (0.42ns)   --->   "%ret_ln0 = ret"   --->   Operation 178 'ret' 'ret_ln0' <Predicate = (icmp_ln34)> <Delay = 0.42>

State 4 <SV = 3> <Delay = 5.10>
ST_4 : Operation 161 [1/1] (0.00ns)   --->   "%specpipeline_ln35 = specpipeline void @_ssdm_op_SpecPipeline, i32 1, i32 0, i32 0, i32 0, i32 4294967295, void @empty_1" [hls_filter_median.cpp:35]   --->   Operation 161 'specpipeline' 'specpipeline_ln35' <Predicate = true> <Delay = 0.00>
ST_4 : Operation 162 [1/1] (0.00ns)   --->   "%speclooptripcount_ln26 = speclooptripcount void @_ssdm_op_SpecLoopTripCount, i64 0, i64 67092481, i64 33546240" [hls_filter_median.cpp:26]   --->   Operation 162 'speclooptripcount' 'speclooptripcount_ln26' <Predicate = true> <Delay = 0.00>
ST_4 : Operation 163 [1/1] (0.00ns)   --->   "%specloopname_ln34 = specloopname void @_ssdm_op_SpecLoopName, void @empty_8" [hls_filter_median.cpp:34]   --->   Operation 163 'specloopname' 'specloopname_ln34' <Predicate = true> <Delay = 0.00>
ST_4 : Operation 164 [1/1] (0.76ns)   --->   "%icmp_ln159_11 = icmp_ult  i8 %tmp_max1_4, i8 %tmp_max2_4" [./hls_filter_median.hpp:159->./hls_filter_median.hpp:179->hls_filter_median.cpp:87]   --->   Operation 164 'icmp' 'icmp_ln159_11' <Predicate = true> <Delay = 0.76> <CoreInst = "Cmp">   --->   Core 9 'Cmp' <Latency = 0> <II = 1> <Delay = 0.76> <FuncUnit> <Opcode : 'seteq' 'setne' 'setle' 'setge' 'setlt' 'setgt'> <InPorts = 2> <OutPorts = 1>
ST_4 : Operation 165 [1/1] (0.39ns)   --->   "%b_10 = select i1 %icmp_ln159_11, i8 %tmp_max1_4, i8 %tmp_max2_4" [./hls_filter_median.hpp:159->./hls_filter_median.hpp:179->hls_filter_median.cpp:87]   --->   Operation 165 'select' 'b_10' <Predicate = true> <Delay = 0.39> <CoreInst = "Sel">   --->   Core 73 'Sel' <Latency = 0> <II = 1> <Delay = 0.39> <FuncUnit> <Opcode : 'select'> <InPorts = 3> <OutPorts = 1>
ST_4 : Operation 166 [1/1] (0.76ns)   --->   "%icmp_ln159_14 = icmp_ult  i8 %a_6, i8 %b_10" [./hls_filter_median.hpp:159->./hls_filter_median.hpp:173->hls_filter_median.cpp:94]   --->   Operation 166 'icmp' 'icmp_ln159_14' <Predicate = true> <Delay = 0.76> <CoreInst = "Cmp">   --->   Core 9 'Cmp' <Latency = 0> <II = 1> <Delay = 0.76> <FuncUnit> <Opcode : 'seteq' 'setne' 'setle' 'setge' 'setlt' 'setgt'> <InPorts = 2> <OutPorts = 1>
ST_4 : Operation 167 [1/1] (0.39ns)   --->   "%tmp_min1_6 = select i1 %icmp_ln159_14, i8 %a_6, i8 %b_10" [./hls_filter_median.hpp:159->./hls_filter_median.hpp:173->hls_filter_median.cpp:94]   --->   Operation 167 'select' 'tmp_min1_6' <Predicate = true> <Delay = 0.39> <CoreInst = "Sel">   --->   Core 73 'Sel' <Latency = 0> <II = 1> <Delay = 0.39> <FuncUnit> <Opcode : 'select'> <InPorts = 3> <OutPorts = 1>
ST_4 : Operation 168 [1/1] (0.76ns)   --->   "%icmp_ln167_14 = icmp_ugt  i8 %a_6, i8 %b_10" [./hls_filter_median.hpp:167->./hls_filter_median.hpp:174->hls_filter_median.cpp:94]   --->   Operation 168 'icmp' 'icmp_ln167_14' <Predicate = true> <Delay = 0.76> <CoreInst = "Cmp">   --->   Core 9 'Cmp' <Latency = 0> <II = 1> <Delay = 0.76> <FuncUnit> <Opcode : 'seteq' 'setne' 'setle' 'setge' 'setlt' 'setgt'> <InPorts = 2> <OutPorts = 1>
ST_4 : Operation 169 [1/1] (0.39ns)   --->   "%tmp_max1_5 = select i1 %icmp_ln167_14, i8 %a_6, i8 %b_10" [./hls_filter_median.hpp:167->./hls_filter_median.hpp:174->hls_filter_median.cpp:94]   --->   Operation 169 'select' 'tmp_max1_5' <Predicate = true> <Delay = 0.39> <CoreInst = "Sel">   --->   Core 73 'Sel' <Latency = 0> <II = 1> <Delay = 0.39> <FuncUnit> <Opcode : 'select'> <InPorts = 3> <OutPorts = 1>
ST_4 : Operation 170 [1/1] (0.76ns)   --->   "%icmp_ln167_15 = icmp_ugt  i8 %tmp_min1_6, i8 %c_6" [./hls_filter_median.hpp:167->./hls_filter_median.hpp:177->hls_filter_median.cpp:94]   --->   Operation 170 'icmp' 'icmp_ln167_15' <Predicate = true> <Delay = 0.76> <CoreInst = "Cmp">   --->   Core 9 'Cmp' <Latency = 0> <II = 1> <Delay = 0.76> <FuncUnit> <Opcode : 'seteq' 'setne' 'setle' 'setge' 'setlt' 'setgt'> <InPorts = 2> <OutPorts = 1>
ST_4 : Operation 171 [1/1] (0.39ns)   --->   "%tmp_max2_5 = select i1 %icmp_ln167_15, i8 %tmp_min1_6, i8 %c_6" [./hls_filter_median.hpp:167->./hls_filter_median.hpp:177->hls_filter_median.cpp:94]   --->   Operation 171 'select' 'tmp_max2_5' <Predicate = true> <Delay = 0.39> <CoreInst = "Sel">   --->   Core 73 'Sel' <Latency = 0> <II = 1> <Delay = 0.39> <FuncUnit> <Opcode : 'select'> <InPorts = 3> <OutPorts = 1>
ST_4 : Operation 172 [1/1] (0.76ns)   --->   "%icmp_ln159_15 = icmp_ult  i8 %tmp_max1_5, i8 %tmp_max2_5" [./hls_filter_median.hpp:159->./hls_filter_median.hpp:179->hls_filter_median.cpp:94]   --->   Operation 172 'icmp' 'icmp_ln159_15' <Predicate = true> <Delay = 0.76> <CoreInst = "Cmp">   --->   Core 9 'Cmp' <Latency = 0> <II = 1> <Delay = 0.76> <FuncUnit> <Opcode : 'seteq' 'setne' 'setle' 'setge' 'setlt' 'setgt'> <InPorts = 2> <OutPorts = 1>
ST_4 : Operation 173 [1/1] (0.39ns)   --->   "%final_med = select i1 %icmp_ln159_15, i8 %tmp_max1_5, i8 %tmp_max2_5" [./hls_filter_median.hpp:159->./hls_filter_median.hpp:179->hls_filter_median.cpp:94]   --->   Operation 173 'select' 'final_med' <Predicate = true> <Delay = 0.39> <CoreInst = "Sel">   --->   Core 73 'Sel' <Latency = 0> <II = 1> <Delay = 0.39> <FuncUnit> <Opcode : 'select'> <InPorts = 3> <OutPorts = 1>
ST_4 : Operation 174 [1/1] (0.00ns)   --->   "%tmp_1 = bitconcatenate i17 @_ssdm_op_BitConcatenate.i17.i1.i7.i1.i8, i1 %icmp_ln116, i7 0, i1 %icmp_ln113, i8 %final_med" [hls_filter_median.cpp:119]   --->   Operation 174 'bitconcatenate' 'tmp_1' <Predicate = (and_ln104)> <Delay = 0.00>
ST_4 : Operation 175 [1/1] (0.00ns)   --->   "%zext_ln119 = zext i17 %tmp_1" [hls_filter_median.cpp:119]   --->   Operation 175 'zext' 'zext_ln119' <Predicate = (and_ln104)> <Delay = 0.00>
ST_4 : Operation 176 [1/1] ( I:0.47ns O:0.47ns )   --->   "%write_ln119 = write void @_ssdm_op_Write.axis.volatile.i24P128A, i24 %m_axis_video, i24 %zext_ln119" [hls_filter_median.cpp:119]   --->   Operation 176 'write' 'write_ln119' <Predicate = (and_ln104)> <Delay = 0.47> <CoreInst = "regslice">   --->   Core 147 'regslice' <Latency = 0> <II = 1> <Delay = 0.62> <Adapter> <Opcode : 'read' 'write'>
ST_4 : Operation 177 [1/1] (0.00ns)   --->   "%br_ln128 = br void %if.end120" [hls_filter_median.cpp:128]   --->   Operation 177 'br' 'br_ln128' <Predicate = (and_ln104)> <Delay = 0.00>


============================================================
+ Verbose Summary: Binding
============================================================
STG Binding: 
---------------- STG Properties BEGIN ----------------
- Is combinational: 0
- Is one-state seq: 0
- Is datapath-only: 0
- Is pipelined: 0
- Is top level: 0
Port [ Return ] is wired: 1; IO mode=ap_ctrl_hs:ce=0
Port [ mul_ln34]:  wired=1; compound=0; hidden=0; nouse=0; global=0; static=0; extern=0; dir=0; type=0; pingpong=0; private_global=0; IO mode=ap_none:ce=0
Port [ add_ln134]:  wired=1; compound=0; hidden=0; nouse=0; global=0; static=0; extern=0; dir=0; type=0; pingpong=0; private_global=0; IO mode=ap_none:ce=0
Port [ s_axis_video]:  wired=1; compound=1; hidden=0; nouse=0; global=0; static=0; extern=0; dir=0; type=0; pingpong=0; private_global=0; IO mode=axis:ce=0
Port [ add_ln116]:  wired=1; compound=0; hidden=0; nouse=0; global=0; static=0; extern=0; dir=0; type=0; pingpong=0; private_global=0; IO mode=ap_none:ce=0
Port [ m_axis_video]:  wired=1; compound=1; hidden=0; nouse=0; global=0; static=0; extern=0; dir=1; type=0; pingpong=0; private_global=0; IO mode=axis:ce=0
---------------- STG Properties END ------------------

---------------- Datapath Model BEGIN ----------------

<LifeTime>
<method=bitvector/>
reuse_addr_reg6        (alloca           ) [ 01100]
reuse_reg5             (alloca           ) [ 01110]
reuse_addr_reg         (alloca           ) [ 01100]
reuse_reg              (alloca           ) [ 01110]
x                      (alloca           ) [ 01100]
y                      (alloca           ) [ 01100]
i                      (alloca           ) [ 01100]
a                      (alloca           ) [ 01110]
a_1                    (alloca           ) [ 01110]
a_2                    (alloca           ) [ 01110]
out_x                  (alloca           ) [ 01100]
out_y                  (alloca           ) [ 01100]
b                      (alloca           ) [ 01110]
b_1                    (alloca           ) [ 01110]
b_2                    (alloca           ) [ 01110]
specinterface_ln0      (specinterface    ) [ 00000]
specinterface_ln0      (specinterface    ) [ 00000]
add_ln116_read         (read             ) [ 01100]
add_ln134_read         (read             ) [ 01100]
mul_ln34_read          (read             ) [ 01100]
line_buffer_1          (alloca           ) [ 01100]
line_buffer            (alloca           ) [ 01100]
store_ln29             (store            ) [ 00000]
store_ln28             (store            ) [ 00000]
store_ln34             (store            ) [ 00000]
store_ln27             (store            ) [ 00000]
store_ln26             (store            ) [ 00000]
store_ln0              (store            ) [ 00000]
store_ln0              (store            ) [ 00000]
store_ln0              (store            ) [ 00000]
store_ln0              (store            ) [ 00000]
br_ln34                (br               ) [ 00000]
x_3                    (load             ) [ 00000]
y_3                    (load             ) [ 00000]
i_2                    (load             ) [ 00000]
icmp_ln34              (icmp             ) [ 01110]
br_ln34                (br               ) [ 00000]
i_1                    (add              ) [ 00000]
zext_ln56              (zext             ) [ 00000]
line_buffer_addr       (getelementptr    ) [ 01010]
reuse_addr_reg6_load   (load             ) [ 00000]
addr_cmp9              (icmp             ) [ 01010]
line_buffer_1_addr     (getelementptr    ) [ 01010]
reuse_addr_reg_load    (load             ) [ 00000]
addr_cmp               (icmp             ) [ 01010]
store_ln56             (store            ) [ 00000]
store_ln56             (store            ) [ 00000]
tmp                    (partselect       ) [ 00000]
icmp_ln104             (icmp             ) [ 00000]
tmp_2                  (partselect       ) [ 00000]
icmp_ln104_1           (icmp             ) [ 00000]
and_ln104              (and              ) [ 01111]
br_ln104               (br               ) [ 00000]
out_x_load             (load             ) [ 00000]
out_y_load             (load             ) [ 00000]
or_ln113               (or               ) [ 00000]
icmp_ln113             (icmp             ) [ 01011]
zext_ln116             (zext             ) [ 00000]
icmp_ln116             (icmp             ) [ 01011]
out_y_1                (add              ) [ 00000]
out_x_1                (add              ) [ 00000]
out_x_2                (select           ) [ 00000]
out_y_2                (select           ) [ 00000]
store_ln29             (store            ) [ 00000]
store_ln28             (store            ) [ 00000]
zext_ln134             (zext             ) [ 00000]
icmp_ln134             (icmp             ) [ 00000]
y_4                    (add              ) [ 00000]
x_4                    (add              ) [ 00000]
x_5                    (select           ) [ 00000]
y_5                    (select           ) [ 00000]
store_ln34             (store            ) [ 00000]
store_ln27             (store            ) [ 00000]
store_ln26             (store            ) [ 00000]
b_3                    (load             ) [ 00000]
b_4                    (load             ) [ 00000]
b_5                    (load             ) [ 00000]
a_load                 (load             ) [ 00000]
a_1_load               (load             ) [ 00000]
a_2_load               (load             ) [ 00000]
s_axis_video_read      (read             ) [ 00000]
new_pixel              (trunc            ) [ 00000]
reuse_reg5_load        (load             ) [ 00000]
line_buffer_load       (load             ) [ 00000]
c                      (select           ) [ 00000]
reuse_reg_load         (load             ) [ 00000]
line_buffer_1_load     (load             ) [ 00000]
c_1                    (select           ) [ 00000]
store_ln64             (store            ) [ 00000]
store_ln56             (store            ) [ 00000]
store_ln67             (store            ) [ 00000]
store_ln42             (store            ) [ 00000]
icmp_ln159             (icmp             ) [ 00000]
tmp_min1               (select           ) [ 00000]
icmp_ln167             (icmp             ) [ 00000]
tmp_max1               (select           ) [ 00000]
icmp_ln159_1           (icmp             ) [ 00000]
min                    (select           ) [ 00000]
icmp_ln167_1           (icmp             ) [ 00000]
tmp_max2               (select           ) [ 00000]
icmp_ln159_2           (icmp             ) [ 00000]
med                    (select           ) [ 00000]
icmp_ln167_2           (icmp             ) [ 00000]
max                    (select           ) [ 00000]
icmp_ln159_3           (icmp             ) [ 00000]
tmp_min1_1             (select           ) [ 00000]
icmp_ln167_3           (icmp             ) [ 00000]
tmp_max1_1             (select           ) [ 00000]
icmp_ln159_4           (icmp             ) [ 00000]
min_3                  (select           ) [ 00000]
icmp_ln167_4           (icmp             ) [ 00000]
tmp_max2_1             (select           ) [ 00000]
icmp_ln159_5           (icmp             ) [ 00000]
med_3                  (select           ) [ 00000]
icmp_ln167_5           (icmp             ) [ 00000]
max_3                  (select           ) [ 00000]
icmp_ln159_6           (icmp             ) [ 00000]
tmp_min1_2             (select           ) [ 00000]
icmp_ln167_6           (icmp             ) [ 00000]
tmp_max1_2             (select           ) [ 00000]
icmp_ln159_7           (icmp             ) [ 00000]
min_4                  (select           ) [ 00000]
icmp_ln167_7           (icmp             ) [ 00000]
tmp_max2_2             (select           ) [ 00000]
icmp_ln159_8           (icmp             ) [ 00000]
med_4                  (select           ) [ 00000]
icmp_ln167_8           (icmp             ) [ 00000]
max_4                  (select           ) [ 00000]
icmp_ln159_9           (icmp             ) [ 00000]
tmp_min1_3             (select           ) [ 00000]
icmp_ln167_9           (icmp             ) [ 00000]
tmp_max1_3             (select           ) [ 00000]
icmp_ln167_10          (icmp             ) [ 00000]
tmp_max2_3             (select           ) [ 00000]
icmp_ln167_11          (icmp             ) [ 00000]
a_6                    (select           ) [ 01001]
icmp_ln159_10          (icmp             ) [ 00000]
tmp_min1_4             (select           ) [ 00000]
icmp_ln167_12          (icmp             ) [ 00000]
tmp_max1_4             (select           ) [ 01001]
icmp_ln167_13          (icmp             ) [ 00000]
tmp_max2_4             (select           ) [ 01001]
icmp_ln159_12          (icmp             ) [ 00000]
tmp_min1_5             (select           ) [ 00000]
icmp_ln159_13          (icmp             ) [ 00000]
c_6                    (select           ) [ 01001]
store_ln172            (store            ) [ 00000]
store_ln172            (store            ) [ 00000]
store_ln172            (store            ) [ 00000]
store_ln172            (store            ) [ 00000]
store_ln172            (store            ) [ 00000]
store_ln172            (store            ) [ 00000]
br_ln34                (br               ) [ 00000]
specpipeline_ln35      (specpipeline     ) [ 00000]
speclooptripcount_ln26 (speclooptripcount) [ 00000]
specloopname_ln34      (specloopname     ) [ 00000]
icmp_ln159_11          (icmp             ) [ 00000]
b_10                   (select           ) [ 00000]
icmp_ln159_14          (icmp             ) [ 00000]
tmp_min1_6             (select           ) [ 00000]
icmp_ln167_14          (icmp             ) [ 00000]
tmp_max1_5             (select           ) [ 00000]
icmp_ln167_15          (icmp             ) [ 00000]
tmp_max2_5             (select           ) [ 00000]
icmp_ln159_15          (icmp             ) [ 00000]
final_med              (select           ) [ 00000]
tmp_1                  (bitconcatenate   ) [ 00000]
zext_ln119             (zext             ) [ 00000]
write_ln119            (write            ) [ 00000]
br_ln128               (br               ) [ 00000]
ret_ln0                (ret              ) [ 00000]
</LifeTime>

<model>

<comp_list>
<comp id="0" class="1000" name="mul_ln34">
<pin_list>
<pin id="1" dir="1" index="0" bw="1" slack="0"/>
</pin_list>
<bind>
<StgValue><ssdm name="mul_ln34"/></StgValue>
</bind>
</comp>

<comp id="2" class="1000" name="add_ln134">
<pin_list>
<pin id="3" dir="1" index="0" bw="1" slack="0"/>
</pin_list>
<bind>
<StgValue><ssdm name="add_ln134"/></StgValue>
</bind>
</comp>

<comp id="4" class="1000" name="s_axis_video">
<pin_list>
<pin id="5" dir="1" index="0" bw="1" slack="0"/>
</pin_list>
<bind>
<StgValue><ssdm name="s_axis_video"/></StgValue>
</bind>
</comp>

<comp id="6" class="1000" name="add_ln116">
<pin_list>
<pin id="7" dir="1" index="0" bw="1" slack="0"/>
</pin_list>
<bind>
<StgValue><ssdm name="add_ln116"/></StgValue>
</bind>
</comp>

<comp id="8" class="1000" name="m_axis_video">
<pin_list>
<pin id="9" dir="1" index="0" bw="1" slack="0"/>
</pin_list>
<bind>
<StgValue><ssdm name="m_axis_video"/></StgValue>
</bind>
</comp>

<comp id="10" class="1001" name="const_10">
<pin_list>
<pin id="11" dir="1" index="0" bw="1" slack="0"/>
</pin_list>
<bind>
<StgValue><ssdm name=""/></StgValue>
</bind>
</comp>

<comp id="12" class="1001" name="const_12">
<pin_list>
<pin id="13" dir="1" index="0" bw="1" slack="2147483647"/>
</pin_list>
<bind>
<StgValue><ssdm name="_ssdm_op_SpecInterface"/></StgValue>
</bind>
</comp>

<comp id="14" class="1001" name="const_14">
<pin_list>
<pin id="15" dir="1" index="0" bw="1" slack="2147483647"/>
</pin_list>
<bind>
<StgValue><ssdm name="empty"/></StgValue>
</bind>
</comp>

<comp id="16" class="1001" name="const_16">
<pin_list>
<pin id="17" dir="1" index="0" bw="1" slack="2147483647"/>
</pin_list>
<bind>
<StgValue><ssdm name=""/></StgValue>
</bind>
</comp>

<comp id="18" class="1001" name="const_18">
<pin_list>
<pin id="19" dir="1" index="0" bw="1" slack="2147483647"/>
</pin_list>
<bind>
<StgValue><ssdm name="empty_0"/></StgValue>
</bind>
</comp>

<comp id="20" class="1001" name="const_20">
<pin_list>
<pin id="21" dir="1" index="0" bw="1" slack="2147483647"/>
</pin_list>
<bind>
<StgValue><ssdm name="empty_1"/></StgValue>
</bind>
</comp>

<comp id="22" class="1001" name="const_22">
<pin_list>
<pin id="23" dir="1" index="0" bw="1" slack="2147483647"/>
</pin_list>
<bind>
<StgValue><ssdm name=""/></StgValue>
</bind>
</comp>

<comp id="24" class="1001" name="const_24">
<pin_list>
<pin id="25" dir="1" index="0" bw="1" slack="0"/>
</pin_list>
<bind>
<StgValue><ssdm name="_ssdm_op_Read.ap_auto.i14"/></StgValue>
</bind>
</comp>

<comp id="26" class="1001" name="const_26">
<pin_list>
<pin id="27" dir="1" index="0" bw="1" slack="0"/>
</pin_list>
<bind>
<StgValue><ssdm name="_ssdm_op_Read.ap_auto.i26"/></StgValue>
</bind>
</comp>

<comp id="28" class="1001" name="const_28">
<pin_list>
<pin id="29" dir="1" index="0" bw="1" slack="0"/>
</pin_list>
<bind>
<StgValue><ssdm name=""/></StgValue>
</bind>
</comp>

<comp id="30" class="1001" name="const_30">
<pin_list>
<pin id="31" dir="1" index="0" bw="1" slack="0"/>
</pin_list>
<bind>
<StgValue><ssdm name=""/></StgValue>
</bind>
</comp>

<comp id="32" class="1001" name="const_32">
<pin_list>
<pin id="33" dir="1" index="0" bw="1" slack="0"/>
</pin_list>
<bind>
<StgValue><ssdm name=""/></StgValue>
</bind>
</comp>

<comp id="34" class="1001" name="const_34">
<pin_list>
<pin id="35" dir="1" index="0" bw="1" slack="0"/>
</pin_list>
<bind>
<StgValue><ssdm name=""/></StgValue>
</bind>
</comp>

<comp id="36" class="1001" name="const_36">
<pin_list>
<pin id="37" dir="1" index="0" bw="1" slack="0"/>
</pin_list>
<bind>
<StgValue><ssdm name=""/></StgValue>
</bind>
</comp>

<comp id="38" class="1001" name="const_38">
<pin_list>
<pin id="39" dir="1" index="0" bw="1" slack="0"/>
</pin_list>
<bind>
<StgValue><ssdm name=""/></StgValue>
</bind>
</comp>

<comp id="40" class="1001" name="const_40">
<pin_list>
<pin id="41" dir="1" index="0" bw="1" slack="0"/>
</pin_list>
<bind>
<StgValue><ssdm name=""/></StgValue>
</bind>
</comp>

<comp id="42" class="1001" name="const_42">
<pin_list>
<pin id="43" dir="1" index="0" bw="1" slack="0"/>
</pin_list>
<bind>
<StgValue><ssdm name="_ssdm_op_PartSelect.i12.i13.i32.i32"/></StgValue>
</bind>
</comp>

<comp id="44" class="1001" name="const_44">
<pin_list>
<pin id="45" dir="1" index="0" bw="1" slack="0"/>
</pin_list>
<bind>
<StgValue><ssdm name=""/></StgValue>
</bind>
</comp>

<comp id="46" class="1001" name="const_46">
<pin_list>
<pin id="47" dir="1" index="0" bw="1" slack="0"/>
</pin_list>
<bind>
<StgValue><ssdm name=""/></StgValue>
</bind>
</comp>

<comp id="48" class="1001" name="const_48">
<pin_list>
<pin id="49" dir="1" index="0" bw="1" slack="0"/>
</pin_list>
<bind>
<StgValue><ssdm name=""/></StgValue>
</bind>
</comp>

<comp id="50" class="1001" name="const_50">
<pin_list>
<pin id="51" dir="1" index="0" bw="1" slack="0"/>
</pin_list>
<bind>
<StgValue><ssdm name="_ssdm_op_Read.axis.volatile.i24P128A"/></StgValue>
</bind>
</comp>

<comp id="52" class="1001" name="const_52">
<pin_list>
<pin id="53" dir="1" index="0" bw="1" slack="2147483647"/>
</pin_list>
<bind>
<StgValue><ssdm name="_ssdm_op_SpecPipeline"/></StgValue>
</bind>
</comp>

<comp id="54" class="1001" name="const_54">
<pin_list>
<pin id="55" dir="1" index="0" bw="1" slack="2147483647"/>
</pin_list>
<bind>
<StgValue><ssdm name="_ssdm_op_SpecLoopTripCount"/></StgValue>
</bind>
</comp>

<comp id="56" class="1001" name="const_56">
<pin_list>
<pin id="57" dir="1" index="0" bw="1" slack="2147483647"/>
</pin_list>
<bind>
<StgValue><ssdm name=""/></StgValue>
</bind>
</comp>

<comp id="58" class="1001" name="const_58">
<pin_list>
<pin id="59" dir="1" index="0" bw="1" slack="2147483647"/>
</pin_list>
<bind>
<StgValue><ssdm name=""/></StgValue>
</bind>
</comp>

<comp id="60" class="1001" name="const_60">
<pin_list>
<pin id="61" dir="1" index="0" bw="1" slack="2147483647"/>
</pin_list>
<bind>
<StgValue><ssdm name="_ssdm_op_SpecLoopName"/></StgValue>
</bind>
</comp>

<comp id="62" class="1001" name="const_62">
<pin_list>
<pin id="63" dir="1" index="0" bw="1" slack="2147483647"/>
</pin_list>
<bind>
<StgValue><ssdm name="empty_8"/></StgValue>
</bind>
</comp>

<comp id="64" class="1001" name="const_64">
<pin_list>
<pin id="65" dir="1" index="0" bw="1" slack="0"/>
</pin_list>
<bind>
<StgValue><ssdm name="_ssdm_op_BitConcatenate.i17.i1.i7.i1.i8"/></StgValue>
</bind>
</comp>

<comp id="66" class="1001" name="const_66">
<pin_list>
<pin id="67" dir="1" index="0" bw="1" slack="0"/>
</pin_list>
<bind>
<StgValue><ssdm name=""/></StgValue>
</bind>
</comp>

<comp id="68" class="1001" name="const_68">
<pin_list>
<pin id="69" dir="1" index="0" bw="1" slack="0"/>
</pin_list>
<bind>
<StgValue><ssdm name="_ssdm_op_Write.axis.volatile.i24P128A"/></StgValue>
</bind>
</comp>

<comp id="70" class="1004" name="reuse_addr_reg6_fu_70">
<pin_list>
<pin id="71" dir="0" index="0" bw="1" slack="0"/>
<pin id="72" dir="1" index="1" bw="64" slack="0"/>
</pin_list>
<bind>
<opcode="alloca(26) " fcode="alloca"/>
<opset="reuse_addr_reg6/1 "/>
</bind>
</comp>

<comp id="74" class="1004" name="reuse_reg5_fu_74">
<pin_list>
<pin id="75" dir="0" index="0" bw="1" slack="0"/>
<pin id="76" dir="1" index="1" bw="8" slack="0"/>
</pin_list>
<bind>
<opcode="alloca(26) " fcode="alloca"/>
<opset="reuse_reg5/1 "/>
</bind>
</comp>

<comp id="78" class="1004" name="reuse_addr_reg_fu_78">
<pin_list>
<pin id="79" dir="0" index="0" bw="1" slack="0"/>
<pin id="80" dir="1" index="1" bw="64" slack="0"/>
</pin_list>
<bind>
<opcode="alloca(26) " fcode="alloca"/>
<opset="reuse_addr_reg/1 "/>
</bind>
</comp>

<comp id="82" class="1004" name="reuse_reg_fu_82">
<pin_list>
<pin id="83" dir="0" index="0" bw="1" slack="0"/>
<pin id="84" dir="1" index="1" bw="8" slack="0"/>
</pin_list>
<bind>
<opcode="alloca(26) " fcode="alloca"/>
<opset="reuse_reg/1 "/>
</bind>
</comp>

<comp id="86" class="1004" name="x_fu_86">
<pin_list>
<pin id="87" dir="0" index="0" bw="1" slack="0"/>
<pin id="88" dir="1" index="1" bw="13" slack="0"/>
</pin_list>
<bind>
<opcode="alloca(26) " fcode="alloca"/>
<opset="x/1 "/>
</bind>
</comp>

<comp id="90" class="1004" name="y_fu_90">
<pin_list>
<pin id="91" dir="0" index="0" bw="1" slack="0"/>
<pin id="92" dir="1" index="1" bw="13" slack="0"/>
</pin_list>
<bind>
<opcode="alloca(26) " fcode="alloca"/>
<opset="y/1 "/>
</bind>
</comp>

<comp id="94" class="1004" name="i_fu_94">
<pin_list>
<pin id="95" dir="0" index="0" bw="1" slack="0"/>
<pin id="96" dir="1" index="1" bw="26" slack="0"/>
</pin_list>
<bind>
<opcode="alloca(26) " fcode="alloca"/>
<opset="i/1 "/>
</bind>
</comp>

<comp id="98" class="1004" name="a_fu_98">
<pin_list>
<pin id="99" dir="0" index="0" bw="1" slack="0"/>
<pin id="100" dir="1" index="1" bw="8" slack="2"/>
</pin_list>
<bind>
<opcode="alloca(26) " fcode="alloca"/>
<opset="a/1 "/>
</bind>
</comp>

<comp id="102" class="1004" name="a_1_fu_102">
<pin_list>
<pin id="103" dir="0" index="0" bw="1" slack="0"/>
<pin id="104" dir="1" index="1" bw="8" slack="2"/>
</pin_list>
<bind>
<opcode="alloca(26) " fcode="alloca"/>
<opset="a_1/1 "/>
</bind>
</comp>

<comp id="106" class="1004" name="a_2_fu_106">
<pin_list>
<pin id="107" dir="0" index="0" bw="1" slack="0"/>
<pin id="108" dir="1" index="1" bw="8" slack="2"/>
</pin_list>
<bind>
<opcode="alloca(26) " fcode="alloca"/>
<opset="a_2/1 "/>
</bind>
</comp>

<comp id="110" class="1004" name="out_x_fu_110">
<pin_list>
<pin id="111" dir="0" index="0" bw="1" slack="0"/>
<pin id="112" dir="1" index="1" bw="13" slack="0"/>
</pin_list>
<bind>
<opcode="alloca(26) " fcode="alloca"/>
<opset="out_x/1 "/>
</bind>
</comp>

<comp id="114" class="1004" name="out_y_fu_114">
<pin_list>
<pin id="115" dir="0" index="0" bw="1" slack="0"/>
<pin id="116" dir="1" index="1" bw="13" slack="0"/>
</pin_list>
<bind>
<opcode="alloca(26) " fcode="alloca"/>
<opset="out_y/1 "/>
</bind>
</comp>

<comp id="118" class="1004" name="b_fu_118">
<pin_list>
<pin id="119" dir="0" index="0" bw="1" slack="0"/>
<pin id="120" dir="1" index="1" bw="8" slack="2"/>
</pin_list>
<bind>
<opcode="alloca(26) " fcode="alloca"/>
<opset="b/1 "/>
</bind>
</comp>

<comp id="122" class="1004" name="b_1_fu_122">
<pin_list>
<pin id="123" dir="0" index="0" bw="1" slack="0"/>
<pin id="124" dir="1" index="1" bw="8" slack="2"/>
</pin_list>
<bind>
<opcode="alloca(26) " fcode="alloca"/>
<opset="b_1/1 "/>
</bind>
</comp>

<comp id="126" class="1004" name="b_2_fu_126">
<pin_list>
<pin id="127" dir="0" index="0" bw="1" slack="0"/>
<pin id="128" dir="1" index="1" bw="8" slack="2"/>
</pin_list>
<bind>
<opcode="alloca(26) " fcode="alloca"/>
<opset="b_2/1 "/>
</bind>
</comp>

<comp id="130" class="1004" name="line_buffer_1_alloca_fu_130">
<pin_list>
<pin id="131" dir="0" index="0" bw="1" slack="0"/>
<pin id="132" dir="1" index="1" bw="8" slack="2147483647"/>
</pin_list>
<bind>
<opcode="alloca(26) " fcode="alloca"/>
<opset="line_buffer_1/1 "/>
</bind>
</comp>

<comp id="134" class="1004" name="line_buffer_alloca_fu_134">
<pin_list>
<pin id="135" dir="0" index="0" bw="1" slack="0"/>
<pin id="136" dir="1" index="1" bw="8" slack="2147483647"/>
</pin_list>
<bind>
<opcode="alloca(26) " fcode="alloca"/>
<opset="line_buffer/1 "/>
</bind>
</comp>

<comp id="138" class="1004" name="add_ln116_read_read_fu_138">
<pin_list>
<pin id="139" dir="0" index="0" bw="14" slack="0"/>
<pin id="140" dir="0" index="1" bw="14" slack="0"/>
<pin id="141" dir="1" index="2" bw="14" slack="1"/>
</pin_list>
<bind>
<opcode="read(1150) " fcode="read"/>
<opset="add_ln116_read/1 "/>
</bind>
</comp>

<comp id="144" class="1004" name="add_ln134_read_read_fu_144">
<pin_list>
<pin id="145" dir="0" index="0" bw="14" slack="0"/>
<pin id="146" dir="0" index="1" bw="14" slack="0"/>
<pin id="147" dir="1" index="2" bw="14" slack="1"/>
</pin_list>
<bind>
<opcode="read(1150) " fcode="read"/>
<opset="add_ln134_read/1 "/>
</bind>
</comp>

<comp id="150" class="1004" name="mul_ln34_read_read_fu_150">
<pin_list>
<pin id="151" dir="0" index="0" bw="26" slack="0"/>
<pin id="152" dir="0" index="1" bw="26" slack="0"/>
<pin id="153" dir="1" index="2" bw="26" slack="1"/>
</pin_list>
<bind>
<opcode="read(1150) " fcode="read"/>
<opset="mul_ln34_read/1 "/>
</bind>
</comp>

<comp id="156" class="1004" name="s_axis_video_read_read_fu_156">
<pin_list>
<pin id="157" dir="0" index="0" bw="24" slack="0"/>
<pin id="158" dir="0" index="1" bw="24" slack="0"/>
<pin id="159" dir="1" index="2" bw="24" slack="0"/>
</pin_list>
<bind>
<opcode="read(1150) " fcode="read"/>
<opset="s_axis_video_read/3 "/>
</bind>
</comp>

<comp id="162" class="1004" name="write_ln119_write_fu_162">
<pin_list>
<pin id="163" dir="0" index="0" bw="0" slack="0"/>
<pin id="164" dir="0" index="1" bw="24" slack="0"/>
<pin id="165" dir="0" index="2" bw="17" slack="0"/>
<pin id="166" dir="1" index="3" bw="0" slack="2147483647"/>
</pin_list>
<bind>
<opcode="write(1151) " fcode="write"/>
<opset="write_ln119/4 "/>
</bind>
</comp>

<comp id="169" class="1004" name="line_buffer_addr_gep_fu_169">
<pin_list>
<pin id="170" dir="0" index="0" bw="8" slack="2147483647"/>
<pin id="171" dir="0" index="1" bw="1" slack="0"/>
<pin id="172" dir="0" index="2" bw="13" slack="0"/>
<pin id="173" dir="1" index="3" bw="13" slack="0"/>
</pin_list>
<bind>
<opcode="getelementptr(29) " fcode="getelementptr"/>
<opset="line_buffer_addr/2 "/>
</bind>
</comp>

<comp id="175" class="1004" name="grp_access_fu_175">
<pin_list>
<pin id="176" dir="0" index="0" bw="13" slack="1"/>
<pin id="177" dir="0" index="1" bw="8" slack="0"/>
<pin id="178" dir="0" index="2" bw="0" slack="0"/>
<pin id="180" dir="0" index="4" bw="13" slack="2147483647"/>
<pin id="181" dir="0" index="5" bw="8" slack="2147483647"/>
<pin id="182" dir="0" index="6" bw="0" slack="2147483647"/>
<pin id="179" dir="1" index="3" bw="8" slack="2147483647"/>
<pin id="183" dir="1" index="7" bw="8" slack="0"/>
</pin_list>
<bind>
<opcode="load(27) store(28) " fcode="store"/>
<opset="line_buffer_load/2 store_ln64/3 "/>
</bind>
</comp>

<comp id="185" class="1004" name="line_buffer_1_addr_gep_fu_185">
<pin_list>
<pin id="186" dir="0" index="0" bw="8" slack="2147483647"/>
<pin id="187" dir="0" index="1" bw="1" slack="0"/>
<pin id="188" dir="0" index="2" bw="13" slack="0"/>
<pin id="189" dir="1" index="3" bw="13" slack="0"/>
</pin_list>
<bind>
<opcode="getelementptr(29) " fcode="getelementptr"/>
<opset="line_buffer_1_addr/2 "/>
</bind>
</comp>

<comp id="191" class="1004" name="grp_access_fu_191">
<pin_list>
<pin id="192" dir="0" index="0" bw="13" slack="1"/>
<pin id="193" dir="0" index="1" bw="8" slack="0"/>
<pin id="194" dir="0" index="2" bw="0" slack="0"/>
<pin id="196" dir="0" index="4" bw="13" slack="2147483647"/>
<pin id="197" dir="0" index="5" bw="8" slack="2147483647"/>
<pin id="198" dir="0" index="6" bw="0" slack="2147483647"/>
<pin id="195" dir="1" index="3" bw="8" slack="2147483647"/>
<pin id="199" dir="1" index="7" bw="8" slack="0"/>
</pin_list>
<bind>
<opcode="load(27) store(28) " fcode="store"/>
<opset="line_buffer_1_load/2 store_ln67/3 "/>
</bind>
</comp>

<comp id="201" class="1004" name="store_ln29_store_fu_201">
<pin_list>
<pin id="202" dir="0" index="0" bw="1" slack="0"/>
<pin id="203" dir="0" index="1" bw="13" slack="0"/>
<pin id="204" dir="1" index="2" bw="0" slack="2147483647"/>
</pin_list>
<bind>
<opcode="store(28) " fcode="store"/>
<opset="store_ln29/1 "/>
</bind>
</comp>

<comp id="206" class="1004" name="store_ln28_store_fu_206">
<pin_list>
<pin id="207" dir="0" index="0" bw="1" slack="0"/>
<pin id="208" dir="0" index="1" bw="13" slack="0"/>
<pin id="209" dir="1" index="2" bw="0" slack="2147483647"/>
</pin_list>
<bind>
<opcode="store(28) " fcode="store"/>
<opset="store_ln28/1 "/>
</bind>
</comp>

<comp id="211" class="1004" name="store_ln34_store_fu_211">
<pin_list>
<pin id="212" dir="0" index="0" bw="1" slack="0"/>
<pin id="213" dir="0" index="1" bw="26" slack="0"/>
<pin id="214" dir="1" index="2" bw="0" slack="2147483647"/>
</pin_list>
<bind>
<opcode="store(28) " fcode="store"/>
<opset="store_ln34/1 "/>
</bind>
</comp>

<comp id="216" class="1004" name="store_ln27_store_fu_216">
<pin_list>
<pin id="217" dir="0" index="0" bw="1" slack="0"/>
<pin id="218" dir="0" index="1" bw="13" slack="0"/>
<pin id="219" dir="1" index="2" bw="0" slack="2147483647"/>
</pin_list>
<bind>
<opcode="store(28) " fcode="store"/>
<opset="store_ln27/1 "/>
</bind>
</comp>

<comp id="221" class="1004" name="store_ln26_store_fu_221">
<pin_list>
<pin id="222" dir="0" index="0" bw="1" slack="0"/>
<pin id="223" dir="0" index="1" bw="13" slack="0"/>
<pin id="224" dir="1" index="2" bw="0" slack="2147483647"/>
</pin_list>
<bind>
<opcode="store(28) " fcode="store"/>
<opset="store_ln26/1 "/>
</bind>
</comp>

<comp id="226" class="1004" name="store_ln0_store_fu_226">
<pin_list>
<pin id="227" dir="0" index="0" bw="1" slack="0"/>
<pin id="228" dir="0" index="1" bw="8" slack="0"/>
<pin id="229" dir="1" index="2" bw="0" slack="2147483647"/>
</pin_list>
<bind>
<opcode="store(28) " fcode="store"/>
<opset="store_ln0/1 "/>
</bind>
</comp>

<comp id="231" class="1004" name="store_ln0_store_fu_231">
<pin_list>
<pin id="232" dir="0" index="0" bw="1" slack="0"/>
<pin id="233" dir="0" index="1" bw="64" slack="0"/>
<pin id="234" dir="1" index="2" bw="0" slack="2147483647"/>
</pin_list>
<bind>
<opcode="store(28) " fcode="store"/>
<opset="store_ln0/1 "/>
</bind>
</comp>

<comp id="236" class="1004" name="store_ln0_store_fu_236">
<pin_list>
<pin id="237" dir="0" index="0" bw="1" slack="0"/>
<pin id="238" dir="0" index="1" bw="8" slack="0"/>
<pin id="239" dir="1" index="2" bw="0" slack="2147483647"/>
</pin_list>
<bind>
<opcode="store(28) " fcode="store"/>
<opset="store_ln0/1 "/>
</bind>
</comp>

<comp id="241" class="1004" name="store_ln0_store_fu_241">
<pin_list>
<pin id="242" dir="0" index="0" bw="1" slack="0"/>
<pin id="243" dir="0" index="1" bw="64" slack="0"/>
<pin id="244" dir="1" index="2" bw="0" slack="2147483647"/>
</pin_list>
<bind>
<opcode="store(28) " fcode="store"/>
<opset="store_ln0/1 "/>
</bind>
</comp>

<comp id="246" class="1004" name="x_3_load_fu_246">
<pin_list>
<pin id="247" dir="0" index="0" bw="13" slack="1"/>
<pin id="248" dir="1" index="1" bw="13" slack="0"/>
</pin_list>
<bind>
<opcode="load(27) " fcode="load"/>
<opset="x_3/2 "/>
</bind>
</comp>

<comp id="249" class="1004" name="y_3_load_fu_249">
<pin_list>
<pin id="250" dir="0" index="0" bw="13" slack="1"/>
<pin id="251" dir="1" index="1" bw="13" slack="0"/>
</pin_list>
<bind>
<opcode="load(27) " fcode="load"/>
<opset="y_3/2 "/>
</bind>
</comp>

<comp id="252" class="1004" name="i_2_load_fu_252">
<pin_list>
<pin id="253" dir="0" index="0" bw="26" slack="1"/>
<pin id="254" dir="1" index="1" bw="26" slack="0"/>
</pin_list>
<bind>
<opcode="load(27) " fcode="load"/>
<opset="i_2/2 "/>
</bind>
</comp>

<comp id="255" class="1004" name="icmp_ln34_fu_255">
<pin_list>
<pin id="256" dir="0" index="0" bw="26" slack="0"/>
<pin id="257" dir="0" index="1" bw="26" slack="1"/>
<pin id="258" dir="1" index="2" bw="1" slack="1"/>
</pin_list>
<bind>
<opcode="icmp(45) " fcode="icmp"/>
<opset="icmp_ln34/2 "/>
</bind>
</comp>

<comp id="260" class="1004" name="i_1_fu_260">
<pin_list>
<pin id="261" dir="0" index="0" bw="26" slack="0"/>
<pin id="262" dir="0" index="1" bw="1" slack="0"/>
<pin id="263" dir="1" index="2" bw="26" slack="0"/>
</pin_list>
<bind>
<opcode="add(8) " fcode="add"/>
<opset="i_1/2 "/>
</bind>
</comp>

<comp id="266" class="1004" name="zext_ln56_fu_266">
<pin_list>
<pin id="267" dir="0" index="0" bw="13" slack="0"/>
<pin id="268" dir="1" index="1" bw="64" slack="0"/>
</pin_list>
<bind>
<opcode="zext(34) " fcode="zext"/>
<opset="zext_ln56/2 "/>
</bind>
</comp>

<comp id="272" class="1004" name="reuse_addr_reg6_load_load_fu_272">
<pin_list>
<pin id="273" dir="0" index="0" bw="64" slack="1"/>
<pin id="274" dir="1" index="1" bw="64" slack="0"/>
</pin_list>
<bind>
<opcode="load(27) " fcode="load"/>
<opset="reuse_addr_reg6_load/2 "/>
</bind>
</comp>

<comp id="275" class="1004" name="addr_cmp9_fu_275">
<pin_list>
<pin id="276" dir="0" index="0" bw="64" slack="0"/>
<pin id="277" dir="0" index="1" bw="64" slack="0"/>
<pin id="278" dir="1" index="2" bw="1" slack="1"/>
</pin_list>
<bind>
<opcode="icmp(45) " fcode="icmp"/>
<opset="addr_cmp9/2 "/>
</bind>
</comp>

<comp id="281" class="1004" name="reuse_addr_reg_load_load_fu_281">
<pin_list>
<pin id="282" dir="0" index="0" bw="64" slack="1"/>
<pin id="283" dir="1" index="1" bw="64" slack="0"/>
</pin_list>
<bind>
<opcode="load(27) " fcode="load"/>
<opset="reuse_addr_reg_load/2 "/>
</bind>
</comp>

<comp id="284" class="1004" name="addr_cmp_fu_284">
<pin_list>
<pin id="285" dir="0" index="0" bw="64" slack="0"/>
<pin id="286" dir="0" index="1" bw="64" slack="0"/>
<pin id="287" dir="1" index="2" bw="1" slack="1"/>
</pin_list>
<bind>
<opcode="icmp(45) " fcode="icmp"/>
<opset="addr_cmp/2 "/>
</bind>
</comp>

<comp id="290" class="1004" name="store_ln56_store_fu_290">
<pin_list>
<pin id="291" dir="0" index="0" bw="13" slack="0"/>
<pin id="292" dir="0" index="1" bw="64" slack="1"/>
<pin id="293" dir="1" index="2" bw="0" slack="2147483647"/>
</pin_list>
<bind>
<opcode="store(28) " fcode="store"/>
<opset="store_ln56/2 "/>
</bind>
</comp>

<comp id="295" class="1004" name="store_ln56_store_fu_295">
<pin_list>
<pin id="296" dir="0" index="0" bw="13" slack="0"/>
<pin id="297" dir="0" index="1" bw="64" slack="1"/>
<pin id="298" dir="1" index="2" bw="0" slack="2147483647"/>
</pin_list>
<bind>
<opcode="store(28) " fcode="store"/>
<opset="store_ln56/2 "/>
</bind>
</comp>

<comp id="300" class="1004" name="tmp_fu_300">
<pin_list>
<pin id="301" dir="0" index="0" bw="12" slack="0"/>
<pin id="302" dir="0" index="1" bw="13" slack="0"/>
<pin id="303" dir="0" index="2" bw="1" slack="0"/>
<pin id="304" dir="0" index="3" bw="5" slack="0"/>
<pin id="305" dir="1" index="4" bw="12" slack="0"/>
</pin_list>
<bind>
<opcode="partselect(1002) " fcode="partselect"/>
<opset="tmp/2 "/>
</bind>
</comp>

<comp id="310" class="1004" name="icmp_ln104_fu_310">
<pin_list>
<pin id="311" dir="0" index="0" bw="12" slack="0"/>
<pin id="312" dir="0" index="1" bw="12" slack="0"/>
<pin id="313" dir="1" index="2" bw="1" slack="0"/>
</pin_list>
<bind>
<opcode="icmp(45) " fcode="icmp"/>
<opset="icmp_ln104/2 "/>
</bind>
</comp>

<comp id="316" class="1004" name="tmp_2_fu_316">
<pin_list>
<pin id="317" dir="0" index="0" bw="12" slack="0"/>
<pin id="318" dir="0" index="1" bw="13" slack="0"/>
<pin id="319" dir="0" index="2" bw="1" slack="0"/>
<pin id="320" dir="0" index="3" bw="5" slack="0"/>
<pin id="321" dir="1" index="4" bw="12" slack="0"/>
</pin_list>
<bind>
<opcode="partselect(1002) " fcode="partselect"/>
<opset="tmp_2/2 "/>
</bind>
</comp>

<comp id="326" class="1004" name="icmp_ln104_1_fu_326">
<pin_list>
<pin id="327" dir="0" index="0" bw="12" slack="0"/>
<pin id="328" dir="0" index="1" bw="12" slack="0"/>
<pin id="329" dir="1" index="2" bw="1" slack="0"/>
</pin_list>
<bind>
<opcode="icmp(45) " fcode="icmp"/>
<opset="icmp_ln104_1/2 "/>
</bind>
</comp>

<comp id="332" class="1004" name="and_ln104_fu_332">
<pin_list>
<pin id="333" dir="0" index="0" bw="1" slack="0"/>
<pin id="334" dir="0" index="1" bw="1" slack="0"/>
<pin id="335" dir="1" index="2" bw="1" slack="2"/>
</pin_list>
<bind>
<opcode="and(23) " fcode="and"/>
<opset="and_ln104/2 "/>
</bind>
</comp>

<comp id="338" class="1004" name="out_x_load_load_fu_338">
<pin_list>
<pin id="339" dir="0" index="0" bw="13" slack="1"/>
<pin id="340" dir="1" index="1" bw="13" slack="0"/>
</pin_list>
<bind>
<opcode="load(27) " fcode="load"/>
<opset="out_x_load/2 "/>
</bind>
</comp>

<comp id="341" class="1004" name="out_y_load_load_fu_341">
<pin_list>
<pin id="342" dir="0" index="0" bw="13" slack="1"/>
<pin id="343" dir="1" index="1" bw="13" slack="0"/>
</pin_list>
<bind>
<opcode="load(27) " fcode="load"/>
<opset="out_y_load/2 "/>
</bind>
</comp>

<comp id="344" class="1004" name="or_ln113_fu_344">
<pin_list>
<pin id="345" dir="0" index="0" bw="13" slack="0"/>
<pin id="346" dir="0" index="1" bw="13" slack="0"/>
<pin id="347" dir="1" index="2" bw="13" slack="0"/>
</pin_list>
<bind>
<opcode="or(24) " fcode="or"/>
<opset="or_ln113/2 "/>
</bind>
</comp>

<comp id="350" class="1004" name="icmp_ln113_fu_350">
<pin_list>
<pin id="351" dir="0" index="0" bw="13" slack="0"/>
<pin id="352" dir="0" index="1" bw="13" slack="0"/>
<pin id="353" dir="1" index="2" bw="1" slack="2"/>
</pin_list>
<bind>
<opcode="icmp(45) " fcode="icmp"/>
<opset="icmp_ln113/2 "/>
</bind>
</comp>

<comp id="356" class="1004" name="zext_ln116_fu_356">
<pin_list>
<pin id="357" dir="0" index="0" bw="13" slack="0"/>
<pin id="358" dir="1" index="1" bw="14" slack="0"/>
</pin_list>
<bind>
<opcode="zext(34) " fcode="zext"/>
<opset="zext_ln116/2 "/>
</bind>
</comp>

<comp id="360" class="1004" name="icmp_ln116_fu_360">
<pin_list>
<pin id="361" dir="0" index="0" bw="14" slack="1"/>
<pin id="362" dir="0" index="1" bw="14" slack="0"/>
<pin id="363" dir="1" index="2" bw="1" slack="0"/>
</pin_list>
<bind>
<opcode="icmp(45) " fcode="icmp"/>
<opset="icmp_ln116/2 "/>
</bind>
</comp>

<comp id="365" class="1004" name="out_y_1_fu_365">
<pin_list>
<pin id="366" dir="0" index="0" bw="13" slack="0"/>
<pin id="367" dir="0" index="1" bw="1" slack="0"/>
<pin id="368" dir="1" index="2" bw="13" slack="0"/>
</pin_list>
<bind>
<opcode="add(8) " fcode="add"/>
<opset="out_y_1/2 "/>
</bind>
</comp>

<comp id="371" class="1004" name="out_x_1_fu_371">
<pin_list>
<pin id="372" dir="0" index="0" bw="13" slack="0"/>
<pin id="373" dir="0" index="1" bw="1" slack="0"/>
<pin id="374" dir="1" index="2" bw="13" slack="0"/>
</pin_list>
<bind>
<opcode="add(8) " fcode="add"/>
<opset="out_x_1/2 "/>
</bind>
</comp>

<comp id="377" class="1004" name="out_x_2_fu_377">
<pin_list>
<pin id="378" dir="0" index="0" bw="1" slack="0"/>
<pin id="379" dir="0" index="1" bw="13" slack="0"/>
<pin id="380" dir="0" index="2" bw="13" slack="0"/>
<pin id="381" dir="1" index="3" bw="13" slack="0"/>
</pin_list>
<bind>
<opcode="select(49) " fcode="select"/>
<opset="out_x_2/2 "/>
</bind>
</comp>

<comp id="385" class="1004" name="out_y_2_fu_385">
<pin_list>
<pin id="386" dir="0" index="0" bw="1" slack="0"/>
<pin id="387" dir="0" index="1" bw="13" slack="0"/>
<pin id="388" dir="0" index="2" bw="13" slack="0"/>
<pin id="389" dir="1" index="3" bw="13" slack="0"/>
</pin_list>
<bind>
<opcode="select(49) " fcode="select"/>
<opset="out_y_2/2 "/>
</bind>
</comp>

<comp id="393" class="1004" name="store_ln29_store_fu_393">
<pin_list>
<pin id="394" dir="0" index="0" bw="13" slack="0"/>
<pin id="395" dir="0" index="1" bw="13" slack="1"/>
<pin id="396" dir="1" index="2" bw="0" slack="2147483647"/>
</pin_list>
<bind>
<opcode="store(28) " fcode="store"/>
<opset="store_ln29/2 "/>
</bind>
</comp>

<comp id="398" class="1004" name="store_ln28_store_fu_398">
<pin_list>
<pin id="399" dir="0" index="0" bw="13" slack="0"/>
<pin id="400" dir="0" index="1" bw="13" slack="1"/>
<pin id="401" dir="1" index="2" bw="0" slack="2147483647"/>
</pin_list>
<bind>
<opcode="store(28) " fcode="store"/>
<opset="store_ln28/2 "/>
</bind>
</comp>

<comp id="403" class="1004" name="zext_ln134_fu_403">
<pin_list>
<pin id="404" dir="0" index="0" bw="13" slack="0"/>
<pin id="405" dir="1" index="1" bw="14" slack="0"/>
</pin_list>
<bind>
<opcode="zext(34) " fcode="zext"/>
<opset="zext_ln134/2 "/>
</bind>
</comp>

<comp id="407" class="1004" name="icmp_ln134_fu_407">
<pin_list>
<pin id="408" dir="0" index="0" bw="14" slack="1"/>
<pin id="409" dir="0" index="1" bw="14" slack="0"/>
<pin id="410" dir="1" index="2" bw="1" slack="0"/>
</pin_list>
<bind>
<opcode="icmp(45) " fcode="icmp"/>
<opset="icmp_ln134/2 "/>
</bind>
</comp>

<comp id="412" class="1004" name="y_4_fu_412">
<pin_list>
<pin id="413" dir="0" index="0" bw="13" slack="0"/>
<pin id="414" dir="0" index="1" bw="1" slack="0"/>
<pin id="415" dir="1" index="2" bw="13" slack="0"/>
</pin_list>
<bind>
<opcode="add(8) " fcode="add"/>
<opset="y_4/2 "/>
</bind>
</comp>

<comp id="418" class="1004" name="x_4_fu_418">
<pin_list>
<pin id="419" dir="0" index="0" bw="13" slack="0"/>
<pin id="420" dir="0" index="1" bw="1" slack="0"/>
<pin id="421" dir="1" index="2" bw="13" slack="0"/>
</pin_list>
<bind>
<opcode="add(8) " fcode="add"/>
<opset="x_4/2 "/>
</bind>
</comp>

<comp id="424" class="1004" name="x_5_fu_424">
<pin_list>
<pin id="425" dir="0" index="0" bw="1" slack="0"/>
<pin id="426" dir="0" index="1" bw="13" slack="0"/>
<pin id="427" dir="0" index="2" bw="13" slack="0"/>
<pin id="428" dir="1" index="3" bw="13" slack="0"/>
</pin_list>
<bind>
<opcode="select(49) " fcode="select"/>
<opset="x_5/2 "/>
</bind>
</comp>

<comp id="432" class="1004" name="y_5_fu_432">
<pin_list>
<pin id="433" dir="0" index="0" bw="1" slack="0"/>
<pin id="434" dir="0" index="1" bw="13" slack="0"/>
<pin id="435" dir="0" index="2" bw="13" slack="0"/>
<pin id="436" dir="1" index="3" bw="13" slack="0"/>
</pin_list>
<bind>
<opcode="select(49) " fcode="select"/>
<opset="y_5/2 "/>
</bind>
</comp>

<comp id="440" class="1004" name="store_ln34_store_fu_440">
<pin_list>
<pin id="441" dir="0" index="0" bw="26" slack="0"/>
<pin id="442" dir="0" index="1" bw="26" slack="1"/>
<pin id="443" dir="1" index="2" bw="0" slack="2147483647"/>
</pin_list>
<bind>
<opcode="store(28) " fcode="store"/>
<opset="store_ln34/2 "/>
</bind>
</comp>

<comp id="445" class="1004" name="store_ln27_store_fu_445">
<pin_list>
<pin id="446" dir="0" index="0" bw="13" slack="0"/>
<pin id="447" dir="0" index="1" bw="13" slack="1"/>
<pin id="448" dir="1" index="2" bw="0" slack="2147483647"/>
</pin_list>
<bind>
<opcode="store(28) " fcode="store"/>
<opset="store_ln27/2 "/>
</bind>
</comp>

<comp id="450" class="1004" name="store_ln26_store_fu_450">
<pin_list>
<pin id="451" dir="0" index="0" bw="13" slack="0"/>
<pin id="452" dir="0" index="1" bw="13" slack="1"/>
<pin id="453" dir="1" index="2" bw="0" slack="2147483647"/>
</pin_list>
<bind>
<opcode="store(28) " fcode="store"/>
<opset="store_ln26/2 "/>
</bind>
</comp>

<comp id="455" class="1004" name="b_3_load_fu_455">
<pin_list>
<pin id="456" dir="0" index="0" bw="8" slack="2"/>
<pin id="457" dir="1" index="1" bw="8" slack="0"/>
</pin_list>
<bind>
<opcode="load(27) " fcode="load"/>
<opset="b_3/3 "/>
</bind>
</comp>

<comp id="458" class="1004" name="b_4_load_fu_458">
<pin_list>
<pin id="459" dir="0" index="0" bw="8" slack="2"/>
<pin id="460" dir="1" index="1" bw="8" slack="0"/>
</pin_list>
<bind>
<opcode="load(27) " fcode="load"/>
<opset="b_4/3 "/>
</bind>
</comp>

<comp id="461" class="1004" name="b_5_load_fu_461">
<pin_list>
<pin id="462" dir="0" index="0" bw="8" slack="2"/>
<pin id="463" dir="1" index="1" bw="8" slack="0"/>
</pin_list>
<bind>
<opcode="load(27) " fcode="load"/>
<opset="b_5/3 "/>
</bind>
</comp>

<comp id="464" class="1004" name="a_load_load_fu_464">
<pin_list>
<pin id="465" dir="0" index="0" bw="8" slack="2"/>
<pin id="466" dir="1" index="1" bw="8" slack="0"/>
</pin_list>
<bind>
<opcode="load(27) " fcode="load"/>
<opset="a_load/3 "/>
</bind>
</comp>

<comp id="467" class="1004" name="a_1_load_load_fu_467">
<pin_list>
<pin id="468" dir="0" index="0" bw="8" slack="2"/>
<pin id="469" dir="1" index="1" bw="8" slack="0"/>
</pin_list>
<bind>
<opcode="load(27) " fcode="load"/>
<opset="a_1_load/3 "/>
</bind>
</comp>

<comp id="470" class="1004" name="a_2_load_load_fu_470">
<pin_list>
<pin id="471" dir="0" index="0" bw="8" slack="2"/>
<pin id="472" dir="1" index="1" bw="8" slack="0"/>
</pin_list>
<bind>
<opcode="load(27) " fcode="load"/>
<opset="a_2_load/3 "/>
</bind>
</comp>

<comp id="473" class="1004" name="new_pixel_fu_473">
<pin_list>
<pin id="474" dir="0" index="0" bw="24" slack="0"/>
<pin id="475" dir="1" index="1" bw="8" slack="0"/>
</pin_list>
<bind>
<opcode="trunc(33) " fcode="trunc"/>
<opset="new_pixel/3 "/>
</bind>
</comp>

<comp id="478" class="1004" name="reuse_reg5_load_load_fu_478">
<pin_list>
<pin id="479" dir="0" index="0" bw="8" slack="2"/>
<pin id="480" dir="1" index="1" bw="8" slack="0"/>
</pin_list>
<bind>
<opcode="load(27) " fcode="load"/>
<opset="reuse_reg5_load/3 "/>
</bind>
</comp>

<comp id="481" class="1004" name="c_fu_481">
<pin_list>
<pin id="482" dir="0" index="0" bw="1" slack="1"/>
<pin id="483" dir="0" index="1" bw="8" slack="0"/>
<pin id="484" dir="0" index="2" bw="8" slack="0"/>
<pin id="485" dir="1" index="3" bw="8" slack="0"/>
</pin_list>
<bind>
<opcode="select(49) " fcode="select"/>
<opset="c/3 "/>
</bind>
</comp>

<comp id="488" class="1004" name="reuse_reg_load_load_fu_488">
<pin_list>
<pin id="489" dir="0" index="0" bw="8" slack="2"/>
<pin id="490" dir="1" index="1" bw="8" slack="0"/>
</pin_list>
<bind>
<opcode="load(27) " fcode="load"/>
<opset="reuse_reg_load/3 "/>
</bind>
</comp>

<comp id="491" class="1004" name="c_1_fu_491">
<pin_list>
<pin id="492" dir="0" index="0" bw="1" slack="1"/>
<pin id="493" dir="0" index="1" bw="8" slack="0"/>
<pin id="494" dir="0" index="2" bw="8" slack="0"/>
<pin id="495" dir="1" index="3" bw="8" slack="0"/>
</pin_list>
<bind>
<opcode="select(49) " fcode="select"/>
<opset="c_1/3 "/>
</bind>
</comp>

<comp id="499" class="1004" name="store_ln56_store_fu_499">
<pin_list>
<pin id="500" dir="0" index="0" bw="8" slack="0"/>
<pin id="501" dir="0" index="1" bw="8" slack="2"/>
<pin id="502" dir="1" index="2" bw="0" slack="2147483647"/>
</pin_list>
<bind>
<opcode="store(28) " fcode="store"/>
<opset="store_ln56/3 "/>
</bind>
</comp>

<comp id="504" class="1004" name="store_ln42_store_fu_504">
<pin_list>
<pin id="505" dir="0" index="0" bw="8" slack="0"/>
<pin id="506" dir="0" index="1" bw="8" slack="2"/>
<pin id="507" dir="1" index="2" bw="0" slack="2147483647"/>
</pin_list>
<bind>
<opcode="store(28) " fcode="store"/>
<opset="store_ln42/3 "/>
</bind>
</comp>

<comp id="509" class="1004" name="icmp_ln159_fu_509">
<pin_list>
<pin id="510" dir="0" index="0" bw="8" slack="0"/>
<pin id="511" dir="0" index="1" bw="8" slack="0"/>
<pin id="512" dir="1" index="2" bw="1" slack="0"/>
</pin_list>
<bind>
<opcode="icmp(45) " fcode="icmp"/>
<opset="icmp_ln159/3 "/>
</bind>
</comp>

<comp id="515" class="1004" name="tmp_min1_fu_515">
<pin_list>
<pin id="516" dir="0" index="0" bw="1" slack="0"/>
<pin id="517" dir="0" index="1" bw="8" slack="0"/>
<pin id="518" dir="0" index="2" bw="8" slack="0"/>
<pin id="519" dir="1" index="3" bw="8" slack="0"/>
</pin_list>
<bind>
<opcode="select(49) " fcode="select"/>
<opset="tmp_min1/3 "/>
</bind>
</comp>

<comp id="523" class="1004" name="icmp_ln167_fu_523">
<pin_list>
<pin id="524" dir="0" index="0" bw="8" slack="0"/>
<pin id="525" dir="0" index="1" bw="8" slack="0"/>
<pin id="526" dir="1" index="2" bw="1" slack="0"/>
</pin_list>
<bind>
<opcode="icmp(45) " fcode="icmp"/>
<opset="icmp_ln167/3 "/>
</bind>
</comp>

<comp id="529" class="1004" name="tmp_max1_fu_529">
<pin_list>
<pin id="530" dir="0" index="0" bw="1" slack="0"/>
<pin id="531" dir="0" index="1" bw="8" slack="0"/>
<pin id="532" dir="0" index="2" bw="8" slack="0"/>
<pin id="533" dir="1" index="3" bw="8" slack="0"/>
</pin_list>
<bind>
<opcode="select(49) " fcode="select"/>
<opset="tmp_max1/3 "/>
</bind>
</comp>

<comp id="537" class="1004" name="icmp_ln159_1_fu_537">
<pin_list>
<pin id="538" dir="0" index="0" bw="8" slack="0"/>
<pin id="539" dir="0" index="1" bw="8" slack="0"/>
<pin id="540" dir="1" index="2" bw="1" slack="0"/>
</pin_list>
<bind>
<opcode="icmp(45) " fcode="icmp"/>
<opset="icmp_ln159_1/3 "/>
</bind>
</comp>

<comp id="543" class="1004" name="min_fu_543">
<pin_list>
<pin id="544" dir="0" index="0" bw="1" slack="0"/>
<pin id="545" dir="0" index="1" bw="8" slack="0"/>
<pin id="546" dir="0" index="2" bw="8" slack="0"/>
<pin id="547" dir="1" index="3" bw="8" slack="0"/>
</pin_list>
<bind>
<opcode="select(49) " fcode="select"/>
<opset="min/3 "/>
</bind>
</comp>

<comp id="551" class="1004" name="icmp_ln167_1_fu_551">
<pin_list>
<pin id="552" dir="0" index="0" bw="8" slack="0"/>
<pin id="553" dir="0" index="1" bw="8" slack="0"/>
<pin id="554" dir="1" index="2" bw="1" slack="0"/>
</pin_list>
<bind>
<opcode="icmp(45) " fcode="icmp"/>
<opset="icmp_ln167_1/3 "/>
</bind>
</comp>

<comp id="557" class="1004" name="tmp_max2_fu_557">
<pin_list>
<pin id="558" dir="0" index="0" bw="1" slack="0"/>
<pin id="559" dir="0" index="1" bw="8" slack="0"/>
<pin id="560" dir="0" index="2" bw="8" slack="0"/>
<pin id="561" dir="1" index="3" bw="8" slack="0"/>
</pin_list>
<bind>
<opcode="select(49) " fcode="select"/>
<opset="tmp_max2/3 "/>
</bind>
</comp>

<comp id="565" class="1004" name="icmp_ln159_2_fu_565">
<pin_list>
<pin id="566" dir="0" index="0" bw="8" slack="0"/>
<pin id="567" dir="0" index="1" bw="8" slack="0"/>
<pin id="568" dir="1" index="2" bw="1" slack="0"/>
</pin_list>
<bind>
<opcode="icmp(45) " fcode="icmp"/>
<opset="icmp_ln159_2/3 "/>
</bind>
</comp>

<comp id="571" class="1004" name="med_fu_571">
<pin_list>
<pin id="572" dir="0" index="0" bw="1" slack="0"/>
<pin id="573" dir="0" index="1" bw="8" slack="0"/>
<pin id="574" dir="0" index="2" bw="8" slack="0"/>
<pin id="575" dir="1" index="3" bw="8" slack="0"/>
</pin_list>
<bind>
<opcode="select(49) " fcode="select"/>
<opset="med/3 "/>
</bind>
</comp>

<comp id="579" class="1004" name="icmp_ln167_2_fu_579">
<pin_list>
<pin id="580" dir="0" index="0" bw="8" slack="0"/>
<pin id="581" dir="0" index="1" bw="8" slack="0"/>
<pin id="582" dir="1" index="2" bw="1" slack="0"/>
</pin_list>
<bind>
<opcode="icmp(45) " fcode="icmp"/>
<opset="icmp_ln167_2/3 "/>
</bind>
</comp>

<comp id="585" class="1004" name="max_fu_585">
<pin_list>
<pin id="586" dir="0" index="0" bw="1" slack="0"/>
<pin id="587" dir="0" index="1" bw="8" slack="0"/>
<pin id="588" dir="0" index="2" bw="8" slack="0"/>
<pin id="589" dir="1" index="3" bw="8" slack="0"/>
</pin_list>
<bind>
<opcode="select(49) " fcode="select"/>
<opset="max/3 "/>
</bind>
</comp>

<comp id="593" class="1004" name="icmp_ln159_3_fu_593">
<pin_list>
<pin id="594" dir="0" index="0" bw="8" slack="0"/>
<pin id="595" dir="0" index="1" bw="8" slack="0"/>
<pin id="596" dir="1" index="2" bw="1" slack="0"/>
</pin_list>
<bind>
<opcode="icmp(45) " fcode="icmp"/>
<opset="icmp_ln159_3/3 "/>
</bind>
</comp>

<comp id="599" class="1004" name="tmp_min1_1_fu_599">
<pin_list>
<pin id="600" dir="0" index="0" bw="1" slack="0"/>
<pin id="601" dir="0" index="1" bw="8" slack="0"/>
<pin id="602" dir="0" index="2" bw="8" slack="0"/>
<pin id="603" dir="1" index="3" bw="8" slack="0"/>
</pin_list>
<bind>
<opcode="select(49) " fcode="select"/>
<opset="tmp_min1_1/3 "/>
</bind>
</comp>

<comp id="607" class="1004" name="icmp_ln167_3_fu_607">
<pin_list>
<pin id="608" dir="0" index="0" bw="8" slack="0"/>
<pin id="609" dir="0" index="1" bw="8" slack="0"/>
<pin id="610" dir="1" index="2" bw="1" slack="0"/>
</pin_list>
<bind>
<opcode="icmp(45) " fcode="icmp"/>
<opset="icmp_ln167_3/3 "/>
</bind>
</comp>

<comp id="613" class="1004" name="tmp_max1_1_fu_613">
<pin_list>
<pin id="614" dir="0" index="0" bw="1" slack="0"/>
<pin id="615" dir="0" index="1" bw="8" slack="0"/>
<pin id="616" dir="0" index="2" bw="8" slack="0"/>
<pin id="617" dir="1" index="3" bw="8" slack="0"/>
</pin_list>
<bind>
<opcode="select(49) " fcode="select"/>
<opset="tmp_max1_1/3 "/>
</bind>
</comp>

<comp id="621" class="1004" name="icmp_ln159_4_fu_621">
<pin_list>
<pin id="622" dir="0" index="0" bw="8" slack="0"/>
<pin id="623" dir="0" index="1" bw="8" slack="0"/>
<pin id="624" dir="1" index="2" bw="1" slack="0"/>
</pin_list>
<bind>
<opcode="icmp(45) " fcode="icmp"/>
<opset="icmp_ln159_4/3 "/>
</bind>
</comp>

<comp id="627" class="1004" name="min_3_fu_627">
<pin_list>
<pin id="628" dir="0" index="0" bw="1" slack="0"/>
<pin id="629" dir="0" index="1" bw="8" slack="0"/>
<pin id="630" dir="0" index="2" bw="8" slack="0"/>
<pin id="631" dir="1" index="3" bw="8" slack="0"/>
</pin_list>
<bind>
<opcode="select(49) " fcode="select"/>
<opset="min_3/3 "/>
</bind>
</comp>

<comp id="635" class="1004" name="icmp_ln167_4_fu_635">
<pin_list>
<pin id="636" dir="0" index="0" bw="8" slack="0"/>
<pin id="637" dir="0" index="1" bw="8" slack="0"/>
<pin id="638" dir="1" index="2" bw="1" slack="0"/>
</pin_list>
<bind>
<opcode="icmp(45) " fcode="icmp"/>
<opset="icmp_ln167_4/3 "/>
</bind>
</comp>

<comp id="641" class="1004" name="tmp_max2_1_fu_641">
<pin_list>
<pin id="642" dir="0" index="0" bw="1" slack="0"/>
<pin id="643" dir="0" index="1" bw="8" slack="0"/>
<pin id="644" dir="0" index="2" bw="8" slack="0"/>
<pin id="645" dir="1" index="3" bw="8" slack="0"/>
</pin_list>
<bind>
<opcode="select(49) " fcode="select"/>
<opset="tmp_max2_1/3 "/>
</bind>
</comp>

<comp id="649" class="1004" name="icmp_ln159_5_fu_649">
<pin_list>
<pin id="650" dir="0" index="0" bw="8" slack="0"/>
<pin id="651" dir="0" index="1" bw="8" slack="0"/>
<pin id="652" dir="1" index="2" bw="1" slack="0"/>
</pin_list>
<bind>
<opcode="icmp(45) " fcode="icmp"/>
<opset="icmp_ln159_5/3 "/>
</bind>
</comp>

<comp id="655" class="1004" name="med_3_fu_655">
<pin_list>
<pin id="656" dir="0" index="0" bw="1" slack="0"/>
<pin id="657" dir="0" index="1" bw="8" slack="0"/>
<pin id="658" dir="0" index="2" bw="8" slack="0"/>
<pin id="659" dir="1" index="3" bw="8" slack="0"/>
</pin_list>
<bind>
<opcode="select(49) " fcode="select"/>
<opset="med_3/3 "/>
</bind>
</comp>

<comp id="663" class="1004" name="icmp_ln167_5_fu_663">
<pin_list>
<pin id="664" dir="0" index="0" bw="8" slack="0"/>
<pin id="665" dir="0" index="1" bw="8" slack="0"/>
<pin id="666" dir="1" index="2" bw="1" slack="0"/>
</pin_list>
<bind>
<opcode="icmp(45) " fcode="icmp"/>
<opset="icmp_ln167_5/3 "/>
</bind>
</comp>

<comp id="669" class="1004" name="max_3_fu_669">
<pin_list>
<pin id="670" dir="0" index="0" bw="1" slack="0"/>
<pin id="671" dir="0" index="1" bw="8" slack="0"/>
<pin id="672" dir="0" index="2" bw="8" slack="0"/>
<pin id="673" dir="1" index="3" bw="8" slack="0"/>
</pin_list>
<bind>
<opcode="select(49) " fcode="select"/>
<opset="max_3/3 "/>
</bind>
</comp>

<comp id="677" class="1004" name="icmp_ln159_6_fu_677">
<pin_list>
<pin id="678" dir="0" index="0" bw="8" slack="0"/>
<pin id="679" dir="0" index="1" bw="8" slack="0"/>
<pin id="680" dir="1" index="2" bw="1" slack="0"/>
</pin_list>
<bind>
<opcode="icmp(45) " fcode="icmp"/>
<opset="icmp_ln159_6/3 "/>
</bind>
</comp>

<comp id="683" class="1004" name="tmp_min1_2_fu_683">
<pin_list>
<pin id="684" dir="0" index="0" bw="1" slack="0"/>
<pin id="685" dir="0" index="1" bw="8" slack="0"/>
<pin id="686" dir="0" index="2" bw="8" slack="0"/>
<pin id="687" dir="1" index="3" bw="8" slack="0"/>
</pin_list>
<bind>
<opcode="select(49) " fcode="select"/>
<opset="tmp_min1_2/3 "/>
</bind>
</comp>

<comp id="691" class="1004" name="icmp_ln167_6_fu_691">
<pin_list>
<pin id="692" dir="0" index="0" bw="8" slack="0"/>
<pin id="693" dir="0" index="1" bw="8" slack="0"/>
<pin id="694" dir="1" index="2" bw="1" slack="0"/>
</pin_list>
<bind>
<opcode="icmp(45) " fcode="icmp"/>
<opset="icmp_ln167_6/3 "/>
</bind>
</comp>

<comp id="697" class="1004" name="tmp_max1_2_fu_697">
<pin_list>
<pin id="698" dir="0" index="0" bw="1" slack="0"/>
<pin id="699" dir="0" index="1" bw="8" slack="0"/>
<pin id="700" dir="0" index="2" bw="8" slack="0"/>
<pin id="701" dir="1" index="3" bw="8" slack="0"/>
</pin_list>
<bind>
<opcode="select(49) " fcode="select"/>
<opset="tmp_max1_2/3 "/>
</bind>
</comp>

<comp id="705" class="1004" name="icmp_ln159_7_fu_705">
<pin_list>
<pin id="706" dir="0" index="0" bw="8" slack="0"/>
<pin id="707" dir="0" index="1" bw="8" slack="0"/>
<pin id="708" dir="1" index="2" bw="1" slack="0"/>
</pin_list>
<bind>
<opcode="icmp(45) " fcode="icmp"/>
<opset="icmp_ln159_7/3 "/>
</bind>
</comp>

<comp id="711" class="1004" name="min_4_fu_711">
<pin_list>
<pin id="712" dir="0" index="0" bw="1" slack="0"/>
<pin id="713" dir="0" index="1" bw="8" slack="0"/>
<pin id="714" dir="0" index="2" bw="8" slack="0"/>
<pin id="715" dir="1" index="3" bw="8" slack="0"/>
</pin_list>
<bind>
<opcode="select(49) " fcode="select"/>
<opset="min_4/3 "/>
</bind>
</comp>

<comp id="719" class="1004" name="icmp_ln167_7_fu_719">
<pin_list>
<pin id="720" dir="0" index="0" bw="8" slack="0"/>
<pin id="721" dir="0" index="1" bw="8" slack="0"/>
<pin id="722" dir="1" index="2" bw="1" slack="0"/>
</pin_list>
<bind>
<opcode="icmp(45) " fcode="icmp"/>
<opset="icmp_ln167_7/3 "/>
</bind>
</comp>

<comp id="725" class="1004" name="tmp_max2_2_fu_725">
<pin_list>
<pin id="726" dir="0" index="0" bw="1" slack="0"/>
<pin id="727" dir="0" index="1" bw="8" slack="0"/>
<pin id="728" dir="0" index="2" bw="8" slack="0"/>
<pin id="729" dir="1" index="3" bw="8" slack="0"/>
</pin_list>
<bind>
<opcode="select(49) " fcode="select"/>
<opset="tmp_max2_2/3 "/>
</bind>
</comp>

<comp id="733" class="1004" name="icmp_ln159_8_fu_733">
<pin_list>
<pin id="734" dir="0" index="0" bw="8" slack="0"/>
<pin id="735" dir="0" index="1" bw="8" slack="0"/>
<pin id="736" dir="1" index="2" bw="1" slack="0"/>
</pin_list>
<bind>
<opcode="icmp(45) " fcode="icmp"/>
<opset="icmp_ln159_8/3 "/>
</bind>
</comp>

<comp id="739" class="1004" name="med_4_fu_739">
<pin_list>
<pin id="740" dir="0" index="0" bw="1" slack="0"/>
<pin id="741" dir="0" index="1" bw="8" slack="0"/>
<pin id="742" dir="0" index="2" bw="8" slack="0"/>
<pin id="743" dir="1" index="3" bw="8" slack="0"/>
</pin_list>
<bind>
<opcode="select(49) " fcode="select"/>
<opset="med_4/3 "/>
</bind>
</comp>

<comp id="747" class="1004" name="icmp_ln167_8_fu_747">
<pin_list>
<pin id="748" dir="0" index="0" bw="8" slack="0"/>
<pin id="749" dir="0" index="1" bw="8" slack="0"/>
<pin id="750" dir="1" index="2" bw="1" slack="0"/>
</pin_list>
<bind>
<opcode="icmp(45) " fcode="icmp"/>
<opset="icmp_ln167_8/3 "/>
</bind>
</comp>

<comp id="753" class="1004" name="max_4_fu_753">
<pin_list>
<pin id="754" dir="0" index="0" bw="1" slack="0"/>
<pin id="755" dir="0" index="1" bw="8" slack="0"/>
<pin id="756" dir="0" index="2" bw="8" slack="0"/>
<pin id="757" dir="1" index="3" bw="8" slack="0"/>
</pin_list>
<bind>
<opcode="select(49) " fcode="select"/>
<opset="max_4/3 "/>
</bind>
</comp>

<comp id="761" class="1004" name="icmp_ln159_9_fu_761">
<pin_list>
<pin id="762" dir="0" index="0" bw="8" slack="0"/>
<pin id="763" dir="0" index="1" bw="8" slack="0"/>
<pin id="764" dir="1" index="2" bw="1" slack="0"/>
</pin_list>
<bind>
<opcode="icmp(45) " fcode="icmp"/>
<opset="icmp_ln159_9/3 "/>
</bind>
</comp>

<comp id="767" class="1004" name="tmp_min1_3_fu_767">
<pin_list>
<pin id="768" dir="0" index="0" bw="1" slack="0"/>
<pin id="769" dir="0" index="1" bw="8" slack="0"/>
<pin id="770" dir="0" index="2" bw="8" slack="0"/>
<pin id="771" dir="1" index="3" bw="8" slack="0"/>
</pin_list>
<bind>
<opcode="select(49) " fcode="select"/>
<opset="tmp_min1_3/3 "/>
</bind>
</comp>

<comp id="775" class="1004" name="icmp_ln167_9_fu_775">
<pin_list>
<pin id="776" dir="0" index="0" bw="8" slack="0"/>
<pin id="777" dir="0" index="1" bw="8" slack="0"/>
<pin id="778" dir="1" index="2" bw="1" slack="0"/>
</pin_list>
<bind>
<opcode="icmp(45) " fcode="icmp"/>
<opset="icmp_ln167_9/3 "/>
</bind>
</comp>

<comp id="781" class="1004" name="tmp_max1_3_fu_781">
<pin_list>
<pin id="782" dir="0" index="0" bw="1" slack="0"/>
<pin id="783" dir="0" index="1" bw="8" slack="0"/>
<pin id="784" dir="0" index="2" bw="8" slack="0"/>
<pin id="785" dir="1" index="3" bw="8" slack="0"/>
</pin_list>
<bind>
<opcode="select(49) " fcode="select"/>
<opset="tmp_max1_3/3 "/>
</bind>
</comp>

<comp id="789" class="1004" name="icmp_ln167_10_fu_789">
<pin_list>
<pin id="790" dir="0" index="0" bw="8" slack="0"/>
<pin id="791" dir="0" index="1" bw="8" slack="0"/>
<pin id="792" dir="1" index="2" bw="1" slack="0"/>
</pin_list>
<bind>
<opcode="icmp(45) " fcode="icmp"/>
<opset="icmp_ln167_10/3 "/>
</bind>
</comp>

<comp id="795" class="1004" name="tmp_max2_3_fu_795">
<pin_list>
<pin id="796" dir="0" index="0" bw="1" slack="0"/>
<pin id="797" dir="0" index="1" bw="8" slack="0"/>
<pin id="798" dir="0" index="2" bw="8" slack="0"/>
<pin id="799" dir="1" index="3" bw="8" slack="0"/>
</pin_list>
<bind>
<opcode="select(49) " fcode="select"/>
<opset="tmp_max2_3/3 "/>
</bind>
</comp>

<comp id="803" class="1004" name="icmp_ln167_11_fu_803">
<pin_list>
<pin id="804" dir="0" index="0" bw="8" slack="0"/>
<pin id="805" dir="0" index="1" bw="8" slack="0"/>
<pin id="806" dir="1" index="2" bw="1" slack="0"/>
</pin_list>
<bind>
<opcode="icmp(45) " fcode="icmp"/>
<opset="icmp_ln167_11/3 "/>
</bind>
</comp>

<comp id="809" class="1004" name="a_6_fu_809">
<pin_list>
<pin id="810" dir="0" index="0" bw="1" slack="0"/>
<pin id="811" dir="0" index="1" bw="8" slack="0"/>
<pin id="812" dir="0" index="2" bw="8" slack="0"/>
<pin id="813" dir="1" index="3" bw="8" slack="1"/>
</pin_list>
<bind>
<opcode="select(49) " fcode="select"/>
<opset="a_6/3 "/>
</bind>
</comp>

<comp id="817" class="1004" name="icmp_ln159_10_fu_817">
<pin_list>
<pin id="818" dir="0" index="0" bw="8" slack="0"/>
<pin id="819" dir="0" index="1" bw="8" slack="0"/>
<pin id="820" dir="1" index="2" bw="1" slack="0"/>
</pin_list>
<bind>
<opcode="icmp(45) " fcode="icmp"/>
<opset="icmp_ln159_10/3 "/>
</bind>
</comp>

<comp id="823" class="1004" name="tmp_min1_4_fu_823">
<pin_list>
<pin id="824" dir="0" index="0" bw="1" slack="0"/>
<pin id="825" dir="0" index="1" bw="8" slack="0"/>
<pin id="826" dir="0" index="2" bw="8" slack="0"/>
<pin id="827" dir="1" index="3" bw="8" slack="0"/>
</pin_list>
<bind>
<opcode="select(49) " fcode="select"/>
<opset="tmp_min1_4/3 "/>
</bind>
</comp>

<comp id="831" class="1004" name="icmp_ln167_12_fu_831">
<pin_list>
<pin id="832" dir="0" index="0" bw="8" slack="0"/>
<pin id="833" dir="0" index="1" bw="8" slack="0"/>
<pin id="834" dir="1" index="2" bw="1" slack="0"/>
</pin_list>
<bind>
<opcode="icmp(45) " fcode="icmp"/>
<opset="icmp_ln167_12/3 "/>
</bind>
</comp>

<comp id="837" class="1004" name="tmp_max1_4_fu_837">
<pin_list>
<pin id="838" dir="0" index="0" bw="1" slack="0"/>
<pin id="839" dir="0" index="1" bw="8" slack="0"/>
<pin id="840" dir="0" index="2" bw="8" slack="0"/>
<pin id="841" dir="1" index="3" bw="8" slack="1"/>
</pin_list>
<bind>
<opcode="select(49) " fcode="select"/>
<opset="tmp_max1_4/3 "/>
</bind>
</comp>

<comp id="845" class="1004" name="icmp_ln167_13_fu_845">
<pin_list>
<pin id="846" dir="0" index="0" bw="8" slack="0"/>
<pin id="847" dir="0" index="1" bw="8" slack="0"/>
<pin id="848" dir="1" index="2" bw="1" slack="0"/>
</pin_list>
<bind>
<opcode="icmp(45) " fcode="icmp"/>
<opset="icmp_ln167_13/3 "/>
</bind>
</comp>

<comp id="851" class="1004" name="tmp_max2_4_fu_851">
<pin_list>
<pin id="852" dir="0" index="0" bw="1" slack="0"/>
<pin id="853" dir="0" index="1" bw="8" slack="0"/>
<pin id="854" dir="0" index="2" bw="8" slack="0"/>
<pin id="855" dir="1" index="3" bw="8" slack="1"/>
</pin_list>
<bind>
<opcode="select(49) " fcode="select"/>
<opset="tmp_max2_4/3 "/>
</bind>
</comp>

<comp id="859" class="1004" name="icmp_ln159_12_fu_859">
<pin_list>
<pin id="860" dir="0" index="0" bw="8" slack="0"/>
<pin id="861" dir="0" index="1" bw="8" slack="0"/>
<pin id="862" dir="1" index="2" bw="1" slack="0"/>
</pin_list>
<bind>
<opcode="icmp(45) " fcode="icmp"/>
<opset="icmp_ln159_12/3 "/>
</bind>
</comp>

<comp id="865" class="1004" name="tmp_min1_5_fu_865">
<pin_list>
<pin id="866" dir="0" index="0" bw="1" slack="0"/>
<pin id="867" dir="0" index="1" bw="8" slack="0"/>
<pin id="868" dir="0" index="2" bw="8" slack="0"/>
<pin id="869" dir="1" index="3" bw="8" slack="0"/>
</pin_list>
<bind>
<opcode="select(49) " fcode="select"/>
<opset="tmp_min1_5/3 "/>
</bind>
</comp>

<comp id="873" class="1004" name="icmp_ln159_13_fu_873">
<pin_list>
<pin id="874" dir="0" index="0" bw="8" slack="0"/>
<pin id="875" dir="0" index="1" bw="8" slack="0"/>
<pin id="876" dir="1" index="2" bw="1" slack="0"/>
</pin_list>
<bind>
<opcode="icmp(45) " fcode="icmp"/>
<opset="icmp_ln159_13/3 "/>
</bind>
</comp>

<comp id="879" class="1004" name="c_6_fu_879">
<pin_list>
<pin id="880" dir="0" index="0" bw="1" slack="0"/>
<pin id="881" dir="0" index="1" bw="8" slack="0"/>
<pin id="882" dir="0" index="2" bw="8" slack="0"/>
<pin id="883" dir="1" index="3" bw="8" slack="1"/>
</pin_list>
<bind>
<opcode="select(49) " fcode="select"/>
<opset="c_6/3 "/>
</bind>
</comp>

<comp id="887" class="1004" name="store_ln172_store_fu_887">
<pin_list>
<pin id="888" dir="0" index="0" bw="8" slack="0"/>
<pin id="889" dir="0" index="1" bw="8" slack="2"/>
<pin id="890" dir="1" index="2" bw="0" slack="2147483647"/>
</pin_list>
<bind>
<opcode="store(28) " fcode="store"/>
<opset="store_ln172/3 "/>
</bind>
</comp>

<comp id="892" class="1004" name="store_ln172_store_fu_892">
<pin_list>
<pin id="893" dir="0" index="0" bw="8" slack="0"/>
<pin id="894" dir="0" index="1" bw="8" slack="2"/>
<pin id="895" dir="1" index="2" bw="0" slack="2147483647"/>
</pin_list>
<bind>
<opcode="store(28) " fcode="store"/>
<opset="store_ln172/3 "/>
</bind>
</comp>

<comp id="897" class="1004" name="store_ln172_store_fu_897">
<pin_list>
<pin id="898" dir="0" index="0" bw="8" slack="0"/>
<pin id="899" dir="0" index="1" bw="8" slack="2"/>
<pin id="900" dir="1" index="2" bw="0" slack="2147483647"/>
</pin_list>
<bind>
<opcode="store(28) " fcode="store"/>
<opset="store_ln172/3 "/>
</bind>
</comp>

<comp id="902" class="1004" name="store_ln172_store_fu_902">
<pin_list>
<pin id="903" dir="0" index="0" bw="8" slack="0"/>
<pin id="904" dir="0" index="1" bw="8" slack="2"/>
<pin id="905" dir="1" index="2" bw="0" slack="2147483647"/>
</pin_list>
<bind>
<opcode="store(28) " fcode="store"/>
<opset="store_ln172/3 "/>
</bind>
</comp>

<comp id="907" class="1004" name="store_ln172_store_fu_907">
<pin_list>
<pin id="908" dir="0" index="0" bw="8" slack="0"/>
<pin id="909" dir="0" index="1" bw="8" slack="2"/>
<pin id="910" dir="1" index="2" bw="0" slack="2147483647"/>
</pin_list>
<bind>
<opcode="store(28) " fcode="store"/>
<opset="store_ln172/3 "/>
</bind>
</comp>

<comp id="912" class="1004" name="store_ln172_store_fu_912">
<pin_list>
<pin id="913" dir="0" index="0" bw="8" slack="0"/>
<pin id="914" dir="0" index="1" bw="8" slack="2"/>
<pin id="915" dir="1" index="2" bw="0" slack="2147483647"/>
</pin_list>
<bind>
<opcode="store(28) " fcode="store"/>
<opset="store_ln172/3 "/>
</bind>
</comp>

<comp id="917" class="1004" name="icmp_ln159_11_fu_917">
<pin_list>
<pin id="918" dir="0" index="0" bw="8" slack="1"/>
<pin id="919" dir="0" index="1" bw="8" slack="1"/>
<pin id="920" dir="1" index="2" bw="1" slack="0"/>
</pin_list>
<bind>
<opcode="icmp(45) " fcode="icmp"/>
<opset="icmp_ln159_11/4 "/>
</bind>
</comp>

<comp id="921" class="1004" name="b_10_fu_921">
<pin_list>
<pin id="922" dir="0" index="0" bw="1" slack="0"/>
<pin id="923" dir="0" index="1" bw="8" slack="1"/>
<pin id="924" dir="0" index="2" bw="8" slack="1"/>
<pin id="925" dir="1" index="3" bw="8" slack="0"/>
</pin_list>
<bind>
<opcode="select(49) " fcode="select"/>
<opset="b_10/4 "/>
</bind>
</comp>

<comp id="927" class="1004" name="icmp_ln159_14_fu_927">
<pin_list>
<pin id="928" dir="0" index="0" bw="8" slack="1"/>
<pin id="929" dir="0" index="1" bw="8" slack="0"/>
<pin id="930" dir="1" index="2" bw="1" slack="0"/>
</pin_list>
<bind>
<opcode="icmp(45) " fcode="icmp"/>
<opset="icmp_ln159_14/4 "/>
</bind>
</comp>

<comp id="932" class="1004" name="tmp_min1_6_fu_932">
<pin_list>
<pin id="933" dir="0" index="0" bw="1" slack="0"/>
<pin id="934" dir="0" index="1" bw="8" slack="1"/>
<pin id="935" dir="0" index="2" bw="8" slack="0"/>
<pin id="936" dir="1" index="3" bw="8" slack="0"/>
</pin_list>
<bind>
<opcode="select(49) " fcode="select"/>
<opset="tmp_min1_6/4 "/>
</bind>
</comp>

<comp id="939" class="1004" name="icmp_ln167_14_fu_939">
<pin_list>
<pin id="940" dir="0" index="0" bw="8" slack="1"/>
<pin id="941" dir="0" index="1" bw="8" slack="0"/>
<pin id="942" dir="1" index="2" bw="1" slack="0"/>
</pin_list>
<bind>
<opcode="icmp(45) " fcode="icmp"/>
<opset="icmp_ln167_14/4 "/>
</bind>
</comp>

<comp id="944" class="1004" name="tmp_max1_5_fu_944">
<pin_list>
<pin id="945" dir="0" index="0" bw="1" slack="0"/>
<pin id="946" dir="0" index="1" bw="8" slack="1"/>
<pin id="947" dir="0" index="2" bw="8" slack="0"/>
<pin id="948" dir="1" index="3" bw="8" slack="0"/>
</pin_list>
<bind>
<opcode="select(49) " fcode="select"/>
<opset="tmp_max1_5/4 "/>
</bind>
</comp>

<comp id="951" class="1004" name="icmp_ln167_15_fu_951">
<pin_list>
<pin id="952" dir="0" index="0" bw="8" slack="0"/>
<pin id="953" dir="0" index="1" bw="8" slack="1"/>
<pin id="954" dir="1" index="2" bw="1" slack="0"/>
</pin_list>
<bind>
<opcode="icmp(45) " fcode="icmp"/>
<opset="icmp_ln167_15/4 "/>
</bind>
</comp>

<comp id="956" class="1004" name="tmp_max2_5_fu_956">
<pin_list>
<pin id="957" dir="0" index="0" bw="1" slack="0"/>
<pin id="958" dir="0" index="1" bw="8" slack="0"/>
<pin id="959" dir="0" index="2" bw="8" slack="1"/>
<pin id="960" dir="1" index="3" bw="8" slack="0"/>
</pin_list>
<bind>
<opcode="select(49) " fcode="select"/>
<opset="tmp_max2_5/4 "/>
</bind>
</comp>

<comp id="963" class="1004" name="icmp_ln159_15_fu_963">
<pin_list>
<pin id="964" dir="0" index="0" bw="8" slack="0"/>
<pin id="965" dir="0" index="1" bw="8" slack="0"/>
<pin id="966" dir="1" index="2" bw="1" slack="0"/>
</pin_list>
<bind>
<opcode="icmp(45) " fcode="icmp"/>
<opset="icmp_ln159_15/4 "/>
</bind>
</comp>

<comp id="969" class="1004" name="final_med_fu_969">
<pin_list>
<pin id="970" dir="0" index="0" bw="1" slack="0"/>
<pin id="971" dir="0" index="1" bw="8" slack="0"/>
<pin id="972" dir="0" index="2" bw="8" slack="0"/>
<pin id="973" dir="1" index="3" bw="8" slack="0"/>
</pin_list>
<bind>
<opcode="select(49) " fcode="select"/>
<opset="final_med/4 "/>
</bind>
</comp>

<comp id="977" class="1004" name="tmp_1_fu_977">
<pin_list>
<pin id="978" dir="0" index="0" bw="17" slack="0"/>
<pin id="979" dir="0" index="1" bw="1" slack="2"/>
<pin id="980" dir="0" index="2" bw="1" slack="0"/>
<pin id="981" dir="0" index="3" bw="1" slack="2"/>
<pin id="982" dir="0" index="4" bw="8" slack="0"/>
<pin id="983" dir="1" index="5" bw="17" slack="0"/>
</pin_list>
<bind>
<opcode="bitconcatenate(1004) " fcode="bitconcatenate"/>
<opset="tmp_1/4 "/>
</bind>
</comp>

<comp id="987" class="1004" name="zext_ln119_fu_987">
<pin_list>
<pin id="988" dir="0" index="0" bw="17" slack="0"/>
<pin id="989" dir="1" index="1" bw="24" slack="0"/>
</pin_list>
<bind>
<opcode="zext(34) " fcode="zext"/>
<opset="zext_ln119/4 "/>
</bind>
</comp>

<comp id="992" class="1005" name="reuse_addr_reg6_reg_992">
<pin_list>
<pin id="993" dir="0" index="0" bw="64" slack="0"/>
<pin id="994" dir="1" index="1" bw="64" slack="0"/>
</pin_list>
<bind>
<opset="reuse_addr_reg6 "/>
</bind>
</comp>

<comp id="999" class="1005" name="reuse_reg5_reg_999">
<pin_list>
<pin id="1000" dir="0" index="0" bw="8" slack="0"/>
<pin id="1001" dir="1" index="1" bw="8" slack="0"/>
</pin_list>
<bind>
<opset="reuse_reg5 "/>
</bind>
</comp>

<comp id="1006" class="1005" name="reuse_addr_reg_reg_1006">
<pin_list>
<pin id="1007" dir="0" index="0" bw="64" slack="0"/>
<pin id="1008" dir="1" index="1" bw="64" slack="0"/>
</pin_list>
<bind>
<opset="reuse_addr_reg "/>
</bind>
</comp>

<comp id="1013" class="1005" name="reuse_reg_reg_1013">
<pin_list>
<pin id="1014" dir="0" index="0" bw="8" slack="0"/>
<pin id="1015" dir="1" index="1" bw="8" slack="0"/>
</pin_list>
<bind>
<opset="reuse_reg "/>
</bind>
</comp>

<comp id="1020" class="1005" name="x_reg_1020">
<pin_list>
<pin id="1021" dir="0" index="0" bw="13" slack="0"/>
<pin id="1022" dir="1" index="1" bw="13" slack="0"/>
</pin_list>
<bind>
<opset="x "/>
</bind>
</comp>

<comp id="1027" class="1005" name="y_reg_1027">
<pin_list>
<pin id="1028" dir="0" index="0" bw="13" slack="0"/>
<pin id="1029" dir="1" index="1" bw="13" slack="0"/>
</pin_list>
<bind>
<opset="y "/>
</bind>
</comp>

<comp id="1034" class="1005" name="i_reg_1034">
<pin_list>
<pin id="1035" dir="0" index="0" bw="26" slack="0"/>
<pin id="1036" dir="1" index="1" bw="26" slack="0"/>
</pin_list>
<bind>
<opset="i "/>
</bind>
</comp>

<comp id="1041" class="1005" name="a_reg_1041">
<pin_list>
<pin id="1042" dir="0" index="0" bw="8" slack="2"/>
<pin id="1043" dir="1" index="1" bw="8" slack="2"/>
</pin_list>
<bind>
<opset="a "/>
</bind>
</comp>

<comp id="1047" class="1005" name="a_1_reg_1047">
<pin_list>
<pin id="1048" dir="0" index="0" bw="8" slack="2"/>
<pin id="1049" dir="1" index="1" bw="8" slack="2"/>
</pin_list>
<bind>
<opset="a_1 "/>
</bind>
</comp>

<comp id="1053" class="1005" name="a_2_reg_1053">
<pin_list>
<pin id="1054" dir="0" index="0" bw="8" slack="2"/>
<pin id="1055" dir="1" index="1" bw="8" slack="2"/>
</pin_list>
<bind>
<opset="a_2 "/>
</bind>
</comp>

<comp id="1059" class="1005" name="out_x_reg_1059">
<pin_list>
<pin id="1060" dir="0" index="0" bw="13" slack="0"/>
<pin id="1061" dir="1" index="1" bw="13" slack="0"/>
</pin_list>
<bind>
<opset="out_x "/>
</bind>
</comp>

<comp id="1066" class="1005" name="out_y_reg_1066">
<pin_list>
<pin id="1067" dir="0" index="0" bw="13" slack="0"/>
<pin id="1068" dir="1" index="1" bw="13" slack="0"/>
</pin_list>
<bind>
<opset="out_y "/>
</bind>
</comp>

<comp id="1073" class="1005" name="b_reg_1073">
<pin_list>
<pin id="1074" dir="0" index="0" bw="8" slack="2"/>
<pin id="1075" dir="1" index="1" bw="8" slack="2"/>
</pin_list>
<bind>
<opset="b "/>
</bind>
</comp>

<comp id="1079" class="1005" name="b_1_reg_1079">
<pin_list>
<pin id="1080" dir="0" index="0" bw="8" slack="2"/>
<pin id="1081" dir="1" index="1" bw="8" slack="2"/>
</pin_list>
<bind>
<opset="b_1 "/>
</bind>
</comp>

<comp id="1085" class="1005" name="b_2_reg_1085">
<pin_list>
<pin id="1086" dir="0" index="0" bw="8" slack="2"/>
<pin id="1087" dir="1" index="1" bw="8" slack="2"/>
</pin_list>
<bind>
<opset="b_2 "/>
</bind>
</comp>

<comp id="1091" class="1005" name="add_ln116_read_reg_1091">
<pin_list>
<pin id="1092" dir="0" index="0" bw="14" slack="1"/>
<pin id="1093" dir="1" index="1" bw="14" slack="1"/>
</pin_list>
<bind>
<opset="add_ln116_read "/>
</bind>
</comp>

<comp id="1096" class="1005" name="add_ln134_read_reg_1096">
<pin_list>
<pin id="1097" dir="0" index="0" bw="14" slack="1"/>
<pin id="1098" dir="1" index="1" bw="14" slack="1"/>
</pin_list>
<bind>
<opset="add_ln134_read "/>
</bind>
</comp>

<comp id="1101" class="1005" name="mul_ln34_read_reg_1101">
<pin_list>
<pin id="1102" dir="0" index="0" bw="26" slack="1"/>
<pin id="1103" dir="1" index="1" bw="26" slack="1"/>
</pin_list>
<bind>
<opset="mul_ln34_read "/>
</bind>
</comp>

<comp id="1106" class="1005" name="icmp_ln34_reg_1106">
<pin_list>
<pin id="1107" dir="0" index="0" bw="1" slack="1"/>
<pin id="1108" dir="1" index="1" bw="1" slack="2147483647"/>
</pin_list>
<bind>
<opset="icmp_ln34 "/>
</bind>
</comp>

<comp id="1110" class="1005" name="line_buffer_addr_reg_1110">
<pin_list>
<pin id="1111" dir="0" index="0" bw="13" slack="1"/>
<pin id="1112" dir="1" index="1" bw="13" slack="1"/>
</pin_list>
<bind>
<opset="line_buffer_addr "/>
</bind>
</comp>

<comp id="1116" class="1005" name="addr_cmp9_reg_1116">
<pin_list>
<pin id="1117" dir="0" index="0" bw="1" slack="1"/>
<pin id="1118" dir="1" index="1" bw="1" slack="1"/>
</pin_list>
<bind>
<opset="addr_cmp9 "/>
</bind>
</comp>

<comp id="1121" class="1005" name="line_buffer_1_addr_reg_1121">
<pin_list>
<pin id="1122" dir="0" index="0" bw="13" slack="1"/>
<pin id="1123" dir="1" index="1" bw="13" slack="1"/>
</pin_list>
<bind>
<opset="line_buffer_1_addr "/>
</bind>
</comp>

<comp id="1127" class="1005" name="addr_cmp_reg_1127">
<pin_list>
<pin id="1128" dir="0" index="0" bw="1" slack="1"/>
<pin id="1129" dir="1" index="1" bw="1" slack="1"/>
</pin_list>
<bind>
<opset="addr_cmp "/>
</bind>
</comp>

<comp id="1132" class="1005" name="and_ln104_reg_1132">
<pin_list>
<pin id="1133" dir="0" index="0" bw="1" slack="2"/>
<pin id="1134" dir="1" index="1" bw="1" slack="2147483647"/>
</pin_list>
<bind>
<opset="and_ln104 "/>
</bind>
</comp>

<comp id="1136" class="1005" name="icmp_ln113_reg_1136">
<pin_list>
<pin id="1137" dir="0" index="0" bw="1" slack="2"/>
<pin id="1138" dir="1" index="1" bw="1" slack="2"/>
</pin_list>
<bind>
<opset="icmp_ln113 "/>
</bind>
</comp>

<comp id="1141" class="1005" name="icmp_ln116_reg_1141">
<pin_list>
<pin id="1142" dir="0" index="0" bw="1" slack="2"/>
<pin id="1143" dir="1" index="1" bw="1" slack="2"/>
</pin_list>
<bind>
<opset="icmp_ln116 "/>
</bind>
</comp>

<comp id="1146" class="1005" name="a_6_reg_1146">
<pin_list>
<pin id="1147" dir="0" index="0" bw="8" slack="1"/>
<pin id="1148" dir="1" index="1" bw="8" slack="1"/>
</pin_list>
<bind>
<opset="a_6 "/>
</bind>
</comp>

<comp id="1154" class="1005" name="tmp_max1_4_reg_1154">
<pin_list>
<pin id="1155" dir="0" index="0" bw="8" slack="1"/>
<pin id="1156" dir="1" index="1" bw="8" slack="1"/>
</pin_list>
<bind>
<opset="tmp_max1_4 "/>
</bind>
</comp>

<comp id="1160" class="1005" name="tmp_max2_4_reg_1160">
<pin_list>
<pin id="1161" dir="0" index="0" bw="8" slack="1"/>
<pin id="1162" dir="1" index="1" bw="8" slack="1"/>
</pin_list>
<bind>
<opset="tmp_max2_4 "/>
</bind>
</comp>

<comp id="1166" class="1005" name="c_6_reg_1166">
<pin_list>
<pin id="1167" dir="0" index="0" bw="8" slack="1"/>
<pin id="1168" dir="1" index="1" bw="8" slack="1"/>
</pin_list>
<bind>
<opset="c_6 "/>
</bind>
</comp>

</comp_list>

<net_list>
<net id="73"><net_src comp="10" pin="0"/><net_sink comp="70" pin=0"/></net>

<net id="77"><net_src comp="10" pin="0"/><net_sink comp="74" pin=0"/></net>

<net id="81"><net_src comp="10" pin="0"/><net_sink comp="78" pin=0"/></net>

<net id="85"><net_src comp="10" pin="0"/><net_sink comp="82" pin=0"/></net>

<net id="89"><net_src comp="10" pin="0"/><net_sink comp="86" pin=0"/></net>

<net id="93"><net_src comp="10" pin="0"/><net_sink comp="90" pin=0"/></net>

<net id="97"><net_src comp="10" pin="0"/><net_sink comp="94" pin=0"/></net>

<net id="101"><net_src comp="10" pin="0"/><net_sink comp="98" pin=0"/></net>

<net id="105"><net_src comp="10" pin="0"/><net_sink comp="102" pin=0"/></net>

<net id="109"><net_src comp="10" pin="0"/><net_sink comp="106" pin=0"/></net>

<net id="113"><net_src comp="10" pin="0"/><net_sink comp="110" pin=0"/></net>

<net id="117"><net_src comp="10" pin="0"/><net_sink comp="114" pin=0"/></net>

<net id="121"><net_src comp="10" pin="0"/><net_sink comp="118" pin=0"/></net>

<net id="125"><net_src comp="10" pin="0"/><net_sink comp="122" pin=0"/></net>

<net id="129"><net_src comp="10" pin="0"/><net_sink comp="126" pin=0"/></net>

<net id="133"><net_src comp="28" pin="0"/><net_sink comp="130" pin=0"/></net>

<net id="137"><net_src comp="28" pin="0"/><net_sink comp="134" pin=0"/></net>

<net id="142"><net_src comp="24" pin="0"/><net_sink comp="138" pin=0"/></net>

<net id="143"><net_src comp="6" pin="0"/><net_sink comp="138" pin=1"/></net>

<net id="148"><net_src comp="24" pin="0"/><net_sink comp="144" pin=0"/></net>

<net id="149"><net_src comp="2" pin="0"/><net_sink comp="144" pin=1"/></net>

<net id="154"><net_src comp="26" pin="0"/><net_sink comp="150" pin=0"/></net>

<net id="155"><net_src comp="0" pin="0"/><net_sink comp="150" pin=1"/></net>

<net id="160"><net_src comp="50" pin="0"/><net_sink comp="156" pin=0"/></net>

<net id="161"><net_src comp="4" pin="0"/><net_sink comp="156" pin=1"/></net>

<net id="167"><net_src comp="68" pin="0"/><net_sink comp="162" pin=0"/></net>

<net id="168"><net_src comp="8" pin="0"/><net_sink comp="162" pin=1"/></net>

<net id="174"><net_src comp="40" pin="0"/><net_sink comp="169" pin=1"/></net>

<net id="184"><net_src comp="169" pin="3"/><net_sink comp="175" pin=2"/></net>

<net id="190"><net_src comp="40" pin="0"/><net_sink comp="185" pin=1"/></net>

<net id="200"><net_src comp="185" pin="3"/><net_sink comp="191" pin=2"/></net>

<net id="205"><net_src comp="30" pin="0"/><net_sink comp="201" pin=0"/></net>

<net id="210"><net_src comp="30" pin="0"/><net_sink comp="206" pin=0"/></net>

<net id="215"><net_src comp="32" pin="0"/><net_sink comp="211" pin=0"/></net>

<net id="220"><net_src comp="30" pin="0"/><net_sink comp="216" pin=0"/></net>

<net id="225"><net_src comp="30" pin="0"/><net_sink comp="221" pin=0"/></net>

<net id="230"><net_src comp="34" pin="0"/><net_sink comp="226" pin=0"/></net>

<net id="235"><net_src comp="36" pin="0"/><net_sink comp="231" pin=0"/></net>

<net id="240"><net_src comp="34" pin="0"/><net_sink comp="236" pin=0"/></net>

<net id="245"><net_src comp="36" pin="0"/><net_sink comp="241" pin=0"/></net>

<net id="259"><net_src comp="252" pin="1"/><net_sink comp="255" pin=0"/></net>

<net id="264"><net_src comp="252" pin="1"/><net_sink comp="260" pin=0"/></net>

<net id="265"><net_src comp="38" pin="0"/><net_sink comp="260" pin=1"/></net>

<net id="269"><net_src comp="246" pin="1"/><net_sink comp="266" pin=0"/></net>

<net id="270"><net_src comp="266" pin="1"/><net_sink comp="169" pin=2"/></net>

<net id="271"><net_src comp="266" pin="1"/><net_sink comp="185" pin=2"/></net>

<net id="279"><net_src comp="272" pin="1"/><net_sink comp="275" pin=0"/></net>

<net id="280"><net_src comp="266" pin="1"/><net_sink comp="275" pin=1"/></net>

<net id="288"><net_src comp="281" pin="1"/><net_sink comp="284" pin=0"/></net>

<net id="289"><net_src comp="266" pin="1"/><net_sink comp="284" pin=1"/></net>

<net id="294"><net_src comp="266" pin="1"/><net_sink comp="290" pin=0"/></net>

<net id="299"><net_src comp="266" pin="1"/><net_sink comp="295" pin=0"/></net>

<net id="306"><net_src comp="42" pin="0"/><net_sink comp="300" pin=0"/></net>

<net id="307"><net_src comp="246" pin="1"/><net_sink comp="300" pin=1"/></net>

<net id="308"><net_src comp="10" pin="0"/><net_sink comp="300" pin=2"/></net>

<net id="309"><net_src comp="44" pin="0"/><net_sink comp="300" pin=3"/></net>

<net id="314"><net_src comp="300" pin="4"/><net_sink comp="310" pin=0"/></net>

<net id="315"><net_src comp="46" pin="0"/><net_sink comp="310" pin=1"/></net>

<net id="322"><net_src comp="42" pin="0"/><net_sink comp="316" pin=0"/></net>

<net id="323"><net_src comp="249" pin="1"/><net_sink comp="316" pin=1"/></net>

<net id="324"><net_src comp="10" pin="0"/><net_sink comp="316" pin=2"/></net>

<net id="325"><net_src comp="44" pin="0"/><net_sink comp="316" pin=3"/></net>

<net id="330"><net_src comp="316" pin="4"/><net_sink comp="326" pin=0"/></net>

<net id="331"><net_src comp="46" pin="0"/><net_sink comp="326" pin=1"/></net>

<net id="336"><net_src comp="310" pin="2"/><net_sink comp="332" pin=0"/></net>

<net id="337"><net_src comp="326" pin="2"/><net_sink comp="332" pin=1"/></net>

<net id="348"><net_src comp="338" pin="1"/><net_sink comp="344" pin=0"/></net>

<net id="349"><net_src comp="341" pin="1"/><net_sink comp="344" pin=1"/></net>

<net id="354"><net_src comp="344" pin="2"/><net_sink comp="350" pin=0"/></net>

<net id="355"><net_src comp="30" pin="0"/><net_sink comp="350" pin=1"/></net>

<net id="359"><net_src comp="338" pin="1"/><net_sink comp="356" pin=0"/></net>

<net id="364"><net_src comp="356" pin="1"/><net_sink comp="360" pin=1"/></net>

<net id="369"><net_src comp="341" pin="1"/><net_sink comp="365" pin=0"/></net>

<net id="370"><net_src comp="48" pin="0"/><net_sink comp="365" pin=1"/></net>

<net id="375"><net_src comp="338" pin="1"/><net_sink comp="371" pin=0"/></net>

<net id="376"><net_src comp="48" pin="0"/><net_sink comp="371" pin=1"/></net>

<net id="382"><net_src comp="360" pin="2"/><net_sink comp="377" pin=0"/></net>

<net id="383"><net_src comp="30" pin="0"/><net_sink comp="377" pin=1"/></net>

<net id="384"><net_src comp="371" pin="2"/><net_sink comp="377" pin=2"/></net>

<net id="390"><net_src comp="360" pin="2"/><net_sink comp="385" pin=0"/></net>

<net id="391"><net_src comp="365" pin="2"/><net_sink comp="385" pin=1"/></net>

<net id="392"><net_src comp="341" pin="1"/><net_sink comp="385" pin=2"/></net>

<net id="397"><net_src comp="385" pin="3"/><net_sink comp="393" pin=0"/></net>

<net id="402"><net_src comp="377" pin="3"/><net_sink comp="398" pin=0"/></net>

<net id="406"><net_src comp="246" pin="1"/><net_sink comp="403" pin=0"/></net>

<net id="411"><net_src comp="403" pin="1"/><net_sink comp="407" pin=1"/></net>

<net id="416"><net_src comp="249" pin="1"/><net_sink comp="412" pin=0"/></net>

<net id="417"><net_src comp="48" pin="0"/><net_sink comp="412" pin=1"/></net>

<net id="422"><net_src comp="246" pin="1"/><net_sink comp="418" pin=0"/></net>

<net id="423"><net_src comp="48" pin="0"/><net_sink comp="418" pin=1"/></net>

<net id="429"><net_src comp="407" pin="2"/><net_sink comp="424" pin=0"/></net>

<net id="430"><net_src comp="30" pin="0"/><net_sink comp="424" pin=1"/></net>

<net id="431"><net_src comp="418" pin="2"/><net_sink comp="424" pin=2"/></net>

<net id="437"><net_src comp="407" pin="2"/><net_sink comp="432" pin=0"/></net>

<net id="438"><net_src comp="412" pin="2"/><net_sink comp="432" pin=1"/></net>

<net id="439"><net_src comp="249" pin="1"/><net_sink comp="432" pin=2"/></net>

<net id="444"><net_src comp="260" pin="2"/><net_sink comp="440" pin=0"/></net>

<net id="449"><net_src comp="432" pin="3"/><net_sink comp="445" pin=0"/></net>

<net id="454"><net_src comp="424" pin="3"/><net_sink comp="450" pin=0"/></net>

<net id="476"><net_src comp="156" pin="2"/><net_sink comp="473" pin=0"/></net>

<net id="477"><net_src comp="473" pin="1"/><net_sink comp="191" pin=1"/></net>

<net id="486"><net_src comp="478" pin="1"/><net_sink comp="481" pin=1"/></net>

<net id="487"><net_src comp="175" pin="7"/><net_sink comp="481" pin=2"/></net>

<net id="496"><net_src comp="488" pin="1"/><net_sink comp="491" pin=1"/></net>

<net id="497"><net_src comp="191" pin="7"/><net_sink comp="491" pin=2"/></net>

<net id="498"><net_src comp="491" pin="3"/><net_sink comp="175" pin=1"/></net>

<net id="503"><net_src comp="491" pin="3"/><net_sink comp="499" pin=0"/></net>

<net id="508"><net_src comp="473" pin="1"/><net_sink comp="504" pin=0"/></net>

<net id="513"><net_src comp="464" pin="1"/><net_sink comp="509" pin=0"/></net>

<net id="514"><net_src comp="455" pin="1"/><net_sink comp="509" pin=1"/></net>

<net id="520"><net_src comp="509" pin="2"/><net_sink comp="515" pin=0"/></net>

<net id="521"><net_src comp="464" pin="1"/><net_sink comp="515" pin=1"/></net>

<net id="522"><net_src comp="455" pin="1"/><net_sink comp="515" pin=2"/></net>

<net id="527"><net_src comp="464" pin="1"/><net_sink comp="523" pin=0"/></net>

<net id="528"><net_src comp="455" pin="1"/><net_sink comp="523" pin=1"/></net>

<net id="534"><net_src comp="523" pin="2"/><net_sink comp="529" pin=0"/></net>

<net id="535"><net_src comp="464" pin="1"/><net_sink comp="529" pin=1"/></net>

<net id="536"><net_src comp="455" pin="1"/><net_sink comp="529" pin=2"/></net>

<net id="541"><net_src comp="515" pin="3"/><net_sink comp="537" pin=0"/></net>

<net id="542"><net_src comp="481" pin="3"/><net_sink comp="537" pin=1"/></net>

<net id="548"><net_src comp="537" pin="2"/><net_sink comp="543" pin=0"/></net>

<net id="549"><net_src comp="515" pin="3"/><net_sink comp="543" pin=1"/></net>

<net id="550"><net_src comp="481" pin="3"/><net_sink comp="543" pin=2"/></net>

<net id="555"><net_src comp="515" pin="3"/><net_sink comp="551" pin=0"/></net>

<net id="556"><net_src comp="481" pin="3"/><net_sink comp="551" pin=1"/></net>

<net id="562"><net_src comp="551" pin="2"/><net_sink comp="557" pin=0"/></net>

<net id="563"><net_src comp="515" pin="3"/><net_sink comp="557" pin=1"/></net>

<net id="564"><net_src comp="481" pin="3"/><net_sink comp="557" pin=2"/></net>

<net id="569"><net_src comp="529" pin="3"/><net_sink comp="565" pin=0"/></net>

<net id="570"><net_src comp="557" pin="3"/><net_sink comp="565" pin=1"/></net>

<net id="576"><net_src comp="565" pin="2"/><net_sink comp="571" pin=0"/></net>

<net id="577"><net_src comp="529" pin="3"/><net_sink comp="571" pin=1"/></net>

<net id="578"><net_src comp="557" pin="3"/><net_sink comp="571" pin=2"/></net>

<net id="583"><net_src comp="529" pin="3"/><net_sink comp="579" pin=0"/></net>

<net id="584"><net_src comp="557" pin="3"/><net_sink comp="579" pin=1"/></net>

<net id="590"><net_src comp="579" pin="2"/><net_sink comp="585" pin=0"/></net>

<net id="591"><net_src comp="529" pin="3"/><net_sink comp="585" pin=1"/></net>

<net id="592"><net_src comp="557" pin="3"/><net_sink comp="585" pin=2"/></net>

<net id="597"><net_src comp="467" pin="1"/><net_sink comp="593" pin=0"/></net>

<net id="598"><net_src comp="458" pin="1"/><net_sink comp="593" pin=1"/></net>

<net id="604"><net_src comp="593" pin="2"/><net_sink comp="599" pin=0"/></net>

<net id="605"><net_src comp="467" pin="1"/><net_sink comp="599" pin=1"/></net>

<net id="606"><net_src comp="458" pin="1"/><net_sink comp="599" pin=2"/></net>

<net id="611"><net_src comp="467" pin="1"/><net_sink comp="607" pin=0"/></net>

<net id="612"><net_src comp="458" pin="1"/><net_sink comp="607" pin=1"/></net>

<net id="618"><net_src comp="607" pin="2"/><net_sink comp="613" pin=0"/></net>

<net id="619"><net_src comp="467" pin="1"/><net_sink comp="613" pin=1"/></net>

<net id="620"><net_src comp="458" pin="1"/><net_sink comp="613" pin=2"/></net>

<net id="625"><net_src comp="599" pin="3"/><net_sink comp="621" pin=0"/></net>

<net id="626"><net_src comp="491" pin="3"/><net_sink comp="621" pin=1"/></net>

<net id="632"><net_src comp="621" pin="2"/><net_sink comp="627" pin=0"/></net>

<net id="633"><net_src comp="599" pin="3"/><net_sink comp="627" pin=1"/></net>

<net id="634"><net_src comp="491" pin="3"/><net_sink comp="627" pin=2"/></net>

<net id="639"><net_src comp="599" pin="3"/><net_sink comp="635" pin=0"/></net>

<net id="640"><net_src comp="491" pin="3"/><net_sink comp="635" pin=1"/></net>

<net id="646"><net_src comp="635" pin="2"/><net_sink comp="641" pin=0"/></net>

<net id="647"><net_src comp="599" pin="3"/><net_sink comp="641" pin=1"/></net>

<net id="648"><net_src comp="491" pin="3"/><net_sink comp="641" pin=2"/></net>

<net id="653"><net_src comp="613" pin="3"/><net_sink comp="649" pin=0"/></net>

<net id="654"><net_src comp="641" pin="3"/><net_sink comp="649" pin=1"/></net>

<net id="660"><net_src comp="649" pin="2"/><net_sink comp="655" pin=0"/></net>

<net id="661"><net_src comp="613" pin="3"/><net_sink comp="655" pin=1"/></net>

<net id="662"><net_src comp="641" pin="3"/><net_sink comp="655" pin=2"/></net>

<net id="667"><net_src comp="613" pin="3"/><net_sink comp="663" pin=0"/></net>

<net id="668"><net_src comp="641" pin="3"/><net_sink comp="663" pin=1"/></net>

<net id="674"><net_src comp="663" pin="2"/><net_sink comp="669" pin=0"/></net>

<net id="675"><net_src comp="613" pin="3"/><net_sink comp="669" pin=1"/></net>

<net id="676"><net_src comp="641" pin="3"/><net_sink comp="669" pin=2"/></net>

<net id="681"><net_src comp="470" pin="1"/><net_sink comp="677" pin=0"/></net>

<net id="682"><net_src comp="461" pin="1"/><net_sink comp="677" pin=1"/></net>

<net id="688"><net_src comp="677" pin="2"/><net_sink comp="683" pin=0"/></net>

<net id="689"><net_src comp="470" pin="1"/><net_sink comp="683" pin=1"/></net>

<net id="690"><net_src comp="461" pin="1"/><net_sink comp="683" pin=2"/></net>

<net id="695"><net_src comp="470" pin="1"/><net_sink comp="691" pin=0"/></net>

<net id="696"><net_src comp="461" pin="1"/><net_sink comp="691" pin=1"/></net>

<net id="702"><net_src comp="691" pin="2"/><net_sink comp="697" pin=0"/></net>

<net id="703"><net_src comp="470" pin="1"/><net_sink comp="697" pin=1"/></net>

<net id="704"><net_src comp="461" pin="1"/><net_sink comp="697" pin=2"/></net>

<net id="709"><net_src comp="683" pin="3"/><net_sink comp="705" pin=0"/></net>

<net id="710"><net_src comp="473" pin="1"/><net_sink comp="705" pin=1"/></net>

<net id="716"><net_src comp="705" pin="2"/><net_sink comp="711" pin=0"/></net>

<net id="717"><net_src comp="683" pin="3"/><net_sink comp="711" pin=1"/></net>

<net id="718"><net_src comp="473" pin="1"/><net_sink comp="711" pin=2"/></net>

<net id="723"><net_src comp="683" pin="3"/><net_sink comp="719" pin=0"/></net>

<net id="724"><net_src comp="473" pin="1"/><net_sink comp="719" pin=1"/></net>

<net id="730"><net_src comp="719" pin="2"/><net_sink comp="725" pin=0"/></net>

<net id="731"><net_src comp="683" pin="3"/><net_sink comp="725" pin=1"/></net>

<net id="732"><net_src comp="473" pin="1"/><net_sink comp="725" pin=2"/></net>

<net id="737"><net_src comp="697" pin="3"/><net_sink comp="733" pin=0"/></net>

<net id="738"><net_src comp="725" pin="3"/><net_sink comp="733" pin=1"/></net>

<net id="744"><net_src comp="733" pin="2"/><net_sink comp="739" pin=0"/></net>

<net id="745"><net_src comp="697" pin="3"/><net_sink comp="739" pin=1"/></net>

<net id="746"><net_src comp="725" pin="3"/><net_sink comp="739" pin=2"/></net>

<net id="751"><net_src comp="697" pin="3"/><net_sink comp="747" pin=0"/></net>

<net id="752"><net_src comp="725" pin="3"/><net_sink comp="747" pin=1"/></net>

<net id="758"><net_src comp="747" pin="2"/><net_sink comp="753" pin=0"/></net>

<net id="759"><net_src comp="697" pin="3"/><net_sink comp="753" pin=1"/></net>

<net id="760"><net_src comp="725" pin="3"/><net_sink comp="753" pin=2"/></net>

<net id="765"><net_src comp="543" pin="3"/><net_sink comp="761" pin=0"/></net>

<net id="766"><net_src comp="627" pin="3"/><net_sink comp="761" pin=1"/></net>

<net id="772"><net_src comp="761" pin="2"/><net_sink comp="767" pin=0"/></net>

<net id="773"><net_src comp="543" pin="3"/><net_sink comp="767" pin=1"/></net>

<net id="774"><net_src comp="627" pin="3"/><net_sink comp="767" pin=2"/></net>

<net id="779"><net_src comp="543" pin="3"/><net_sink comp="775" pin=0"/></net>

<net id="780"><net_src comp="627" pin="3"/><net_sink comp="775" pin=1"/></net>

<net id="786"><net_src comp="775" pin="2"/><net_sink comp="781" pin=0"/></net>

<net id="787"><net_src comp="543" pin="3"/><net_sink comp="781" pin=1"/></net>

<net id="788"><net_src comp="627" pin="3"/><net_sink comp="781" pin=2"/></net>

<net id="793"><net_src comp="767" pin="3"/><net_sink comp="789" pin=0"/></net>

<net id="794"><net_src comp="711" pin="3"/><net_sink comp="789" pin=1"/></net>

<net id="800"><net_src comp="789" pin="2"/><net_sink comp="795" pin=0"/></net>

<net id="801"><net_src comp="767" pin="3"/><net_sink comp="795" pin=1"/></net>

<net id="802"><net_src comp="711" pin="3"/><net_sink comp="795" pin=2"/></net>

<net id="807"><net_src comp="781" pin="3"/><net_sink comp="803" pin=0"/></net>

<net id="808"><net_src comp="795" pin="3"/><net_sink comp="803" pin=1"/></net>

<net id="814"><net_src comp="803" pin="2"/><net_sink comp="809" pin=0"/></net>

<net id="815"><net_src comp="781" pin="3"/><net_sink comp="809" pin=1"/></net>

<net id="816"><net_src comp="795" pin="3"/><net_sink comp="809" pin=2"/></net>

<net id="821"><net_src comp="571" pin="3"/><net_sink comp="817" pin=0"/></net>

<net id="822"><net_src comp="655" pin="3"/><net_sink comp="817" pin=1"/></net>

<net id="828"><net_src comp="817" pin="2"/><net_sink comp="823" pin=0"/></net>

<net id="829"><net_src comp="571" pin="3"/><net_sink comp="823" pin=1"/></net>

<net id="830"><net_src comp="655" pin="3"/><net_sink comp="823" pin=2"/></net>

<net id="835"><net_src comp="571" pin="3"/><net_sink comp="831" pin=0"/></net>

<net id="836"><net_src comp="655" pin="3"/><net_sink comp="831" pin=1"/></net>

<net id="842"><net_src comp="831" pin="2"/><net_sink comp="837" pin=0"/></net>

<net id="843"><net_src comp="571" pin="3"/><net_sink comp="837" pin=1"/></net>

<net id="844"><net_src comp="655" pin="3"/><net_sink comp="837" pin=2"/></net>

<net id="849"><net_src comp="823" pin="3"/><net_sink comp="845" pin=0"/></net>

<net id="850"><net_src comp="739" pin="3"/><net_sink comp="845" pin=1"/></net>

<net id="856"><net_src comp="845" pin="2"/><net_sink comp="851" pin=0"/></net>

<net id="857"><net_src comp="823" pin="3"/><net_sink comp="851" pin=1"/></net>

<net id="858"><net_src comp="739" pin="3"/><net_sink comp="851" pin=2"/></net>

<net id="863"><net_src comp="585" pin="3"/><net_sink comp="859" pin=0"/></net>

<net id="864"><net_src comp="669" pin="3"/><net_sink comp="859" pin=1"/></net>

<net id="870"><net_src comp="859" pin="2"/><net_sink comp="865" pin=0"/></net>

<net id="871"><net_src comp="585" pin="3"/><net_sink comp="865" pin=1"/></net>

<net id="872"><net_src comp="669" pin="3"/><net_sink comp="865" pin=2"/></net>

<net id="877"><net_src comp="865" pin="3"/><net_sink comp="873" pin=0"/></net>

<net id="878"><net_src comp="753" pin="3"/><net_sink comp="873" pin=1"/></net>

<net id="884"><net_src comp="873" pin="2"/><net_sink comp="879" pin=0"/></net>

<net id="885"><net_src comp="865" pin="3"/><net_sink comp="879" pin=1"/></net>

<net id="886"><net_src comp="753" pin="3"/><net_sink comp="879" pin=2"/></net>

<net id="891"><net_src comp="473" pin="1"/><net_sink comp="887" pin=0"/></net>

<net id="896"><net_src comp="491" pin="3"/><net_sink comp="892" pin=0"/></net>

<net id="901"><net_src comp="481" pin="3"/><net_sink comp="897" pin=0"/></net>

<net id="906"><net_src comp="461" pin="1"/><net_sink comp="902" pin=0"/></net>

<net id="911"><net_src comp="458" pin="1"/><net_sink comp="907" pin=0"/></net>

<net id="916"><net_src comp="455" pin="1"/><net_sink comp="912" pin=0"/></net>

<net id="926"><net_src comp="917" pin="2"/><net_sink comp="921" pin=0"/></net>

<net id="931"><net_src comp="921" pin="3"/><net_sink comp="927" pin=1"/></net>

<net id="937"><net_src comp="927" pin="2"/><net_sink comp="932" pin=0"/></net>

<net id="938"><net_src comp="921" pin="3"/><net_sink comp="932" pin=2"/></net>

<net id="943"><net_src comp="921" pin="3"/><net_sink comp="939" pin=1"/></net>

<net id="949"><net_src comp="939" pin="2"/><net_sink comp="944" pin=0"/></net>

<net id="950"><net_src comp="921" pin="3"/><net_sink comp="944" pin=2"/></net>

<net id="955"><net_src comp="932" pin="3"/><net_sink comp="951" pin=0"/></net>

<net id="961"><net_src comp="951" pin="2"/><net_sink comp="956" pin=0"/></net>

<net id="962"><net_src comp="932" pin="3"/><net_sink comp="956" pin=1"/></net>

<net id="967"><net_src comp="944" pin="3"/><net_sink comp="963" pin=0"/></net>

<net id="968"><net_src comp="956" pin="3"/><net_sink comp="963" pin=1"/></net>

<net id="974"><net_src comp="963" pin="2"/><net_sink comp="969" pin=0"/></net>

<net id="975"><net_src comp="944" pin="3"/><net_sink comp="969" pin=1"/></net>

<net id="976"><net_src comp="956" pin="3"/><net_sink comp="969" pin=2"/></net>

<net id="984"><net_src comp="64" pin="0"/><net_sink comp="977" pin=0"/></net>

<net id="985"><net_src comp="66" pin="0"/><net_sink comp="977" pin=2"/></net>

<net id="986"><net_src comp="969" pin="3"/><net_sink comp="977" pin=4"/></net>

<net id="990"><net_src comp="977" pin="5"/><net_sink comp="987" pin=0"/></net>

<net id="991"><net_src comp="987" pin="1"/><net_sink comp="162" pin=2"/></net>

<net id="995"><net_src comp="70" pin="1"/><net_sink comp="992" pin=0"/></net>

<net id="996"><net_src comp="992" pin="1"/><net_sink comp="241" pin=1"/></net>

<net id="997"><net_src comp="992" pin="1"/><net_sink comp="272" pin=0"/></net>

<net id="998"><net_src comp="992" pin="1"/><net_sink comp="290" pin=1"/></net>

<net id="1002"><net_src comp="74" pin="1"/><net_sink comp="999" pin=0"/></net>

<net id="1003"><net_src comp="999" pin="1"/><net_sink comp="236" pin=1"/></net>

<net id="1004"><net_src comp="999" pin="1"/><net_sink comp="478" pin=0"/></net>

<net id="1005"><net_src comp="999" pin="1"/><net_sink comp="499" pin=1"/></net>

<net id="1009"><net_src comp="78" pin="1"/><net_sink comp="1006" pin=0"/></net>

<net id="1010"><net_src comp="1006" pin="1"/><net_sink comp="231" pin=1"/></net>

<net id="1011"><net_src comp="1006" pin="1"/><net_sink comp="281" pin=0"/></net>

<net id="1012"><net_src comp="1006" pin="1"/><net_sink comp="295" pin=1"/></net>

<net id="1016"><net_src comp="82" pin="1"/><net_sink comp="1013" pin=0"/></net>

<net id="1017"><net_src comp="1013" pin="1"/><net_sink comp="226" pin=1"/></net>

<net id="1018"><net_src comp="1013" pin="1"/><net_sink comp="488" pin=0"/></net>

<net id="1019"><net_src comp="1013" pin="1"/><net_sink comp="504" pin=1"/></net>

<net id="1023"><net_src comp="86" pin="1"/><net_sink comp="1020" pin=0"/></net>

<net id="1024"><net_src comp="1020" pin="1"/><net_sink comp="221" pin=1"/></net>

<net id="1025"><net_src comp="1020" pin="1"/><net_sink comp="246" pin=0"/></net>

<net id="1026"><net_src comp="1020" pin="1"/><net_sink comp="450" pin=1"/></net>

<net id="1030"><net_src comp="90" pin="1"/><net_sink comp="1027" pin=0"/></net>

<net id="1031"><net_src comp="1027" pin="1"/><net_sink comp="216" pin=1"/></net>

<net id="1032"><net_src comp="1027" pin="1"/><net_sink comp="249" pin=0"/></net>

<net id="1033"><net_src comp="1027" pin="1"/><net_sink comp="445" pin=1"/></net>

<net id="1037"><net_src comp="94" pin="1"/><net_sink comp="1034" pin=0"/></net>

<net id="1038"><net_src comp="1034" pin="1"/><net_sink comp="211" pin=1"/></net>

<net id="1039"><net_src comp="1034" pin="1"/><net_sink comp="252" pin=0"/></net>

<net id="1040"><net_src comp="1034" pin="1"/><net_sink comp="440" pin=1"/></net>

<net id="1044"><net_src comp="98" pin="1"/><net_sink comp="1041" pin=0"/></net>

<net id="1045"><net_src comp="1041" pin="1"/><net_sink comp="464" pin=0"/></net>

<net id="1046"><net_src comp="1041" pin="1"/><net_sink comp="912" pin=1"/></net>

<net id="1050"><net_src comp="102" pin="1"/><net_sink comp="1047" pin=0"/></net>

<net id="1051"><net_src comp="1047" pin="1"/><net_sink comp="467" pin=0"/></net>

<net id="1052"><net_src comp="1047" pin="1"/><net_sink comp="907" pin=1"/></net>

<net id="1056"><net_src comp="106" pin="1"/><net_sink comp="1053" pin=0"/></net>

<net id="1057"><net_src comp="1053" pin="1"/><net_sink comp="470" pin=0"/></net>

<net id="1058"><net_src comp="1053" pin="1"/><net_sink comp="902" pin=1"/></net>

<net id="1062"><net_src comp="110" pin="1"/><net_sink comp="1059" pin=0"/></net>

<net id="1063"><net_src comp="1059" pin="1"/><net_sink comp="206" pin=1"/></net>

<net id="1064"><net_src comp="1059" pin="1"/><net_sink comp="338" pin=0"/></net>

<net id="1065"><net_src comp="1059" pin="1"/><net_sink comp="398" pin=1"/></net>

<net id="1069"><net_src comp="114" pin="1"/><net_sink comp="1066" pin=0"/></net>

<net id="1070"><net_src comp="1066" pin="1"/><net_sink comp="201" pin=1"/></net>

<net id="1071"><net_src comp="1066" pin="1"/><net_sink comp="341" pin=0"/></net>

<net id="1072"><net_src comp="1066" pin="1"/><net_sink comp="393" pin=1"/></net>

<net id="1076"><net_src comp="118" pin="1"/><net_sink comp="1073" pin=0"/></net>

<net id="1077"><net_src comp="1073" pin="1"/><net_sink comp="455" pin=0"/></net>

<net id="1078"><net_src comp="1073" pin="1"/><net_sink comp="897" pin=1"/></net>

<net id="1082"><net_src comp="122" pin="1"/><net_sink comp="1079" pin=0"/></net>

<net id="1083"><net_src comp="1079" pin="1"/><net_sink comp="458" pin=0"/></net>

<net id="1084"><net_src comp="1079" pin="1"/><net_sink comp="892" pin=1"/></net>

<net id="1088"><net_src comp="126" pin="1"/><net_sink comp="1085" pin=0"/></net>

<net id="1089"><net_src comp="1085" pin="1"/><net_sink comp="461" pin=0"/></net>

<net id="1090"><net_src comp="1085" pin="1"/><net_sink comp="887" pin=1"/></net>

<net id="1094"><net_src comp="138" pin="2"/><net_sink comp="1091" pin=0"/></net>

<net id="1095"><net_src comp="1091" pin="1"/><net_sink comp="360" pin=0"/></net>

<net id="1099"><net_src comp="144" pin="2"/><net_sink comp="1096" pin=0"/></net>

<net id="1100"><net_src comp="1096" pin="1"/><net_sink comp="407" pin=0"/></net>

<net id="1104"><net_src comp="150" pin="2"/><net_sink comp="1101" pin=0"/></net>

<net id="1105"><net_src comp="1101" pin="1"/><net_sink comp="255" pin=1"/></net>

<net id="1109"><net_src comp="255" pin="2"/><net_sink comp="1106" pin=0"/></net>

<net id="1113"><net_src comp="169" pin="3"/><net_sink comp="1110" pin=0"/></net>

<net id="1114"><net_src comp="1110" pin="1"/><net_sink comp="175" pin=2"/></net>

<net id="1115"><net_src comp="1110" pin="1"/><net_sink comp="175" pin=0"/></net>

<net id="1119"><net_src comp="275" pin="2"/><net_sink comp="1116" pin=0"/></net>

<net id="1120"><net_src comp="1116" pin="1"/><net_sink comp="481" pin=0"/></net>

<net id="1124"><net_src comp="185" pin="3"/><net_sink comp="1121" pin=0"/></net>

<net id="1125"><net_src comp="1121" pin="1"/><net_sink comp="191" pin=2"/></net>

<net id="1126"><net_src comp="1121" pin="1"/><net_sink comp="191" pin=0"/></net>

<net id="1130"><net_src comp="284" pin="2"/><net_sink comp="1127" pin=0"/></net>

<net id="1131"><net_src comp="1127" pin="1"/><net_sink comp="491" pin=0"/></net>

<net id="1135"><net_src comp="332" pin="2"/><net_sink comp="1132" pin=0"/></net>

<net id="1139"><net_src comp="350" pin="2"/><net_sink comp="1136" pin=0"/></net>

<net id="1140"><net_src comp="1136" pin="1"/><net_sink comp="977" pin=3"/></net>

<net id="1144"><net_src comp="360" pin="2"/><net_sink comp="1141" pin=0"/></net>

<net id="1145"><net_src comp="1141" pin="1"/><net_sink comp="977" pin=1"/></net>

<net id="1149"><net_src comp="809" pin="3"/><net_sink comp="1146" pin=0"/></net>

<net id="1150"><net_src comp="1146" pin="1"/><net_sink comp="927" pin=0"/></net>

<net id="1151"><net_src comp="1146" pin="1"/><net_sink comp="932" pin=1"/></net>

<net id="1152"><net_src comp="1146" pin="1"/><net_sink comp="939" pin=0"/></net>

<net id="1153"><net_src comp="1146" pin="1"/><net_sink comp="944" pin=1"/></net>

<net id="1157"><net_src comp="837" pin="3"/><net_sink comp="1154" pin=0"/></net>

<net id="1158"><net_src comp="1154" pin="1"/><net_sink comp="917" pin=0"/></net>

<net id="1159"><net_src comp="1154" pin="1"/><net_sink comp="921" pin=1"/></net>

<net id="1163"><net_src comp="851" pin="3"/><net_sink comp="1160" pin=0"/></net>

<net id="1164"><net_src comp="1160" pin="1"/><net_sink comp="917" pin=1"/></net>

<net id="1165"><net_src comp="1160" pin="1"/><net_sink comp="921" pin=2"/></net>

<net id="1169"><net_src comp="879" pin="3"/><net_sink comp="1166" pin=0"/></net>

<net id="1170"><net_src comp="1166" pin="1"/><net_sink comp="951" pin=1"/></net>

<net id="1171"><net_src comp="1166" pin="1"/><net_sink comp="956" pin=2"/></net>

</net_list>

</model> 
---------------- Datapath Model END ------------------

* FSMD analyzer results:
  - Output states:
	Port: s_axis_video | {}
	Port: m_axis_video | {4 }
 - Input state : 
	Port: hls_filter_median_3x3_Pipeline_VITIS_LOOP_34_1 : mul_ln34 | {1 }
	Port: hls_filter_median_3x3_Pipeline_VITIS_LOOP_34_1 : add_ln134 | {1 }
	Port: hls_filter_median_3x3_Pipeline_VITIS_LOOP_34_1 : s_axis_video | {3 }
	Port: hls_filter_median_3x3_Pipeline_VITIS_LOOP_34_1 : add_ln116 | {1 }
	Port: hls_filter_median_3x3_Pipeline_VITIS_LOOP_34_1 : m_axis_video | {}
  - Chain level:
	State 1
		store_ln29 : 1
		store_ln28 : 1
		store_ln34 : 1
		store_ln27 : 1
		store_ln26 : 1
		store_ln0 : 1
		store_ln0 : 1
		store_ln0 : 1
		store_ln0 : 1
	State 2
		icmp_ln34 : 1
		br_ln34 : 2
		i_1 : 1
		zext_ln56 : 1
		line_buffer_addr : 2
		line_buffer_load : 3
		addr_cmp9 : 2
		line_buffer_1_addr : 2
		line_buffer_1_load : 3
		addr_cmp : 2
		store_ln56 : 2
		store_ln56 : 2
		tmp : 1
		icmp_ln104 : 2
		tmp_2 : 1
		icmp_ln104_1 : 2
		and_ln104 : 3
		br_ln104 : 3
		or_ln113 : 1
		icmp_ln113 : 1
		zext_ln116 : 1
		icmp_ln116 : 2
		out_y_1 : 1
		out_x_1 : 1
		out_x_2 : 3
		out_y_2 : 3
		store_ln29 : 4
		store_ln28 : 4
		zext_ln134 : 1
		icmp_ln134 : 2
		y_4 : 1
		x_4 : 1
		x_5 : 3
		y_5 : 3
		store_ln34 : 2
		store_ln27 : 4
		store_ln26 : 4
	State 3
		c : 1
		c_1 : 1
		store_ln64 : 2
		store_ln56 : 2
		store_ln67 : 1
		store_ln42 : 1
		icmp_ln159 : 1
		tmp_min1 : 2
		icmp_ln167 : 1
		tmp_max1 : 2
		icmp_ln159_1 : 3
		min : 4
		icmp_ln167_1 : 3
		tmp_max2 : 4
		icmp_ln159_2 : 5
		med : 6
		icmp_ln167_2 : 5
		max : 6
		icmp_ln159_3 : 1
		tmp_min1_1 : 2
		icmp_ln167_3 : 1
		tmp_max1_1 : 2
		icmp_ln159_4 : 3
		min_3 : 4
		icmp_ln167_4 : 3
		tmp_max2_1 : 4
		icmp_ln159_5 : 5
		med_3 : 6
		icmp_ln167_5 : 5
		max_3 : 6
		icmp_ln159_6 : 1
		tmp_min1_2 : 2
		icmp_ln167_6 : 1
		tmp_max1_2 : 2
		icmp_ln159_7 : 3
		min_4 : 4
		icmp_ln167_7 : 3
		tmp_max2_2 : 4
		icmp_ln159_8 : 5
		med_4 : 6
		icmp_ln167_8 : 5
		max_4 : 6
		icmp_ln159_9 : 5
		tmp_min1_3 : 6
		icmp_ln167_9 : 5
		tmp_max1_3 : 6
		icmp_ln167_10 : 7
		tmp_max2_3 : 8
		icmp_ln167_11 : 9
		a_6 : 10
		icmp_ln159_10 : 7
		tmp_min1_4 : 8
		icmp_ln167_12 : 7
		tmp_max1_4 : 8
		icmp_ln167_13 : 9
		tmp_max2_4 : 10
		icmp_ln159_12 : 7
		tmp_min1_5 : 8
		icmp_ln159_13 : 9
		c_6 : 10
		store_ln172 : 1
		store_ln172 : 2
		store_ln172 : 2
		store_ln172 : 1
		store_ln172 : 1
		store_ln172 : 1
	State 4
		b_10 : 1
		icmp_ln159_14 : 2
		tmp_min1_6 : 3
		icmp_ln167_14 : 2
		tmp_max1_5 : 3
		icmp_ln167_15 : 4
		tmp_max2_5 : 5
		icmp_ln159_15 : 6
		final_med : 7
		tmp_1 : 8
		zext_ln119 : 9
		write_ln119 : 10


============================================================
+ Verbose Summary: Datapath Resource usage 
============================================================

* Functional unit list:
|----------|-------------------------------|---------|---------|
| Operation|        Functional Unit        |    FF   |   LUT   |
|----------|-------------------------------|---------|---------|
|          |        icmp_ln34_fu_255       |    0    |    33   |
|          |        addr_cmp9_fu_275       |    0    |    71   |
|          |        addr_cmp_fu_284        |    0    |    71   |
|          |       icmp_ln104_fu_310       |    0    |    19   |
|          |      icmp_ln104_1_fu_326      |    0    |    19   |
|          |       icmp_ln113_fu_350       |    0    |    20   |
|          |       icmp_ln116_fu_360       |    0    |    21   |
|          |       icmp_ln134_fu_407       |    0    |    21   |
|          |       icmp_ln159_fu_509       |    0    |    15   |
|          |       icmp_ln167_fu_523       |    0    |    15   |
|          |      icmp_ln159_1_fu_537      |    0    |    15   |
|          |      icmp_ln167_1_fu_551      |    0    |    15   |
|          |      icmp_ln159_2_fu_565      |    0    |    15   |
|          |      icmp_ln167_2_fu_579      |    0    |    15   |
|          |      icmp_ln159_3_fu_593      |    0    |    15   |
|          |      icmp_ln167_3_fu_607      |    0    |    15   |
|          |      icmp_ln159_4_fu_621      |    0    |    15   |
|          |      icmp_ln167_4_fu_635      |    0    |    15   |
|          |      icmp_ln159_5_fu_649      |    0    |    15   |
|   icmp   |      icmp_ln167_5_fu_663      |    0    |    15   |
|          |      icmp_ln159_6_fu_677      |    0    |    15   |
|          |      icmp_ln167_6_fu_691      |    0    |    15   |
|          |      icmp_ln159_7_fu_705      |    0    |    15   |
|          |      icmp_ln167_7_fu_719      |    0    |    15   |
|          |      icmp_ln159_8_fu_733      |    0    |    15   |
|          |      icmp_ln167_8_fu_747      |    0    |    15   |
|          |      icmp_ln159_9_fu_761      |    0    |    15   |
|          |      icmp_ln167_9_fu_775      |    0    |    15   |
|          |      icmp_ln167_10_fu_789     |    0    |    15   |
|          |      icmp_ln167_11_fu_803     |    0    |    15   |
|          |      icmp_ln159_10_fu_817     |    0    |    15   |
|          |      icmp_ln167_12_fu_831     |    0    |    15   |
|          |      icmp_ln167_13_fu_845     |    0    |    15   |
|          |      icmp_ln159_12_fu_859     |    0    |    15   |
|          |      icmp_ln159_13_fu_873     |    0    |    15   |
|          |      icmp_ln159_11_fu_917     |    0    |    15   |
|          |      icmp_ln159_14_fu_927     |    0    |    15   |
|          |      icmp_ln167_14_fu_939     |    0    |    15   |
|          |      icmp_ln167_15_fu_951     |    0    |    15   |
|          |      icmp_ln159_15_fu_963     |    0    |    15   |
|----------|-------------------------------|---------|---------|
|          |         out_x_2_fu_377        |    0    |    12   |
|          |         out_y_2_fu_385        |    0    |    12   |
|          |           x_5_fu_424          |    0    |    12   |
|          |           y_5_fu_432          |    0    |    12   |
|          |            c_fu_481           |    0    |    8    |
|          |           c_1_fu_491          |    0    |    8    |
|          |        tmp_min1_fu_515        |    0    |    8    |
|          |        tmp_max1_fu_529        |    0    |    8    |
|          |           min_fu_543          |    0    |    8    |
|          |        tmp_max2_fu_557        |    0    |    8    |
|          |           med_fu_571          |    0    |    8    |
|          |           max_fu_585          |    0    |    8    |
|          |       tmp_min1_1_fu_599       |    0    |    8    |
|          |       tmp_max1_1_fu_613       |    0    |    8    |
|          |          min_3_fu_627         |    0    |    8    |
|          |       tmp_max2_1_fu_641       |    0    |    8    |
|          |          med_3_fu_655         |    0    |    8    |
|          |          max_3_fu_669         |    0    |    8    |
|  select  |       tmp_min1_2_fu_683       |    0    |    8    |
|          |       tmp_max1_2_fu_697       |    0    |    8    |
|          |          min_4_fu_711         |    0    |    8    |
|          |       tmp_max2_2_fu_725       |    0    |    8    |
|          |          med_4_fu_739         |    0    |    8    |
|          |          max_4_fu_753         |    0    |    8    |
|          |       tmp_min1_3_fu_767       |    0    |    8    |
|          |       tmp_max1_3_fu_781       |    0    |    8    |
|          |       tmp_max2_3_fu_795       |    0    |    8    |
|          |           a_6_fu_809          |    0    |    8    |
|          |       tmp_min1_4_fu_823       |    0    |    8    |
|          |       tmp_max1_4_fu_837       |    0    |    8    |
|          |       tmp_max2_4_fu_851       |    0    |    8    |
|          |       tmp_min1_5_fu_865       |    0    |    8    |
|          |           c_6_fu_879          |    0    |    8    |
|          |          b_10_fu_921          |    0    |    8    |
|          |       tmp_min1_6_fu_932       |    0    |    8    |
|          |       tmp_max1_5_fu_944       |    0    |    8    |
|          |       tmp_max2_5_fu_956       |    0    |    8    |
|          |        final_med_fu_969       |    0    |    8    |
|----------|-------------------------------|---------|---------|
|          |           i_1_fu_260          |    0    |    33   |
|          |         out_y_1_fu_365        |    0    |    20   |
|    add   |         out_x_1_fu_371        |    0    |    20   |
|          |           y_4_fu_412          |    0    |    20   |
|          |           x_4_fu_418          |    0    |    20   |
|----------|-------------------------------|---------|---------|
|    or    |        or_ln113_fu_344        |    0    |    13   |
|----------|-------------------------------|---------|---------|
|    and   |        and_ln104_fu_332       |    0    |    2    |
|----------|-------------------------------|---------|---------|
|          |   add_ln116_read_read_fu_138  |    0    |    0    |
|   read   |   add_ln134_read_read_fu_144  |    0    |    0    |
|          |   mul_ln34_read_read_fu_150   |    0    |    0    |
|          | s_axis_video_read_read_fu_156 |    0    |    0    |
|----------|-------------------------------|---------|---------|
|   write  |    write_ln119_write_fu_162   |    0    |    0    |
|----------|-------------------------------|---------|---------|
|          |        zext_ln56_fu_266       |    0    |    0    |
|   zext   |       zext_ln116_fu_356       |    0    |    0    |
|          |       zext_ln134_fu_403       |    0    |    0    |
|          |       zext_ln119_fu_987       |    0    |    0    |
|----------|-------------------------------|---------|---------|
|partselect|           tmp_fu_300          |    0    |    0    |
|          |          tmp_2_fu_316         |    0    |    0    |
|----------|-------------------------------|---------|---------|
|   trunc  |        new_pixel_fu_473       |    0    |    0    |
|----------|-------------------------------|---------|---------|
|bitconcatenate|          tmp_1_fu_977         |    0    |    0    |
|----------|-------------------------------|---------|---------|
|   Total  |                               |    0    |   1203  |
|----------|-------------------------------|---------|---------|

Memories:
+-------------+--------+--------+--------+--------+
|             |  BRAM  |   FF   |   LUT  |  URAM  |
+-------------+--------+--------+--------+--------+
| line_buffer |    4   |    0   |    0   |    0   |
|line_buffer_1|    4   |    0   |    0   |    0   |
+-------------+--------+--------+--------+--------+
|    Total    |    8   |    0   |    0   |    0   |
+-------------+--------+--------+--------+--------+

* Register list:
+---------------------------+--------+
|                           |   FF   |
+---------------------------+--------+
|        a_1_reg_1047       |    8   |
|        a_2_reg_1053       |    8   |
|        a_6_reg_1146       |    8   |
|         a_reg_1041        |    8   |
|  add_ln116_read_reg_1091  |   14   |
|  add_ln134_read_reg_1096  |   14   |
|     addr_cmp9_reg_1116    |    1   |
|     addr_cmp_reg_1127     |    1   |
|     and_ln104_reg_1132    |    1   |
|        b_1_reg_1079       |    8   |
|        b_2_reg_1085       |    8   |
|         b_reg_1073        |    8   |
|        c_6_reg_1166       |    8   |
|         i_reg_1034        |   26   |
|    icmp_ln113_reg_1136    |    1   |
|    icmp_ln116_reg_1141    |    1   |
|     icmp_ln34_reg_1106    |    1   |
|line_buffer_1_addr_reg_1121|   13   |
| line_buffer_addr_reg_1110 |   13   |
|   mul_ln34_read_reg_1101  |   26   |
|       out_x_reg_1059      |   13   |
|       out_y_reg_1066      |   13   |
|  reuse_addr_reg6_reg_992  |   64   |
|  reuse_addr_reg_reg_1006  |   64   |
|     reuse_reg5_reg_999    |    8   |
|     reuse_reg_reg_1013    |    8   |
|    tmp_max1_4_reg_1154    |    8   |
|    tmp_max2_4_reg_1160    |    8   |
|         x_reg_1020        |   13   |
|         y_reg_1027        |   13   |
+---------------------------+--------+
|           Total           |   388  |
+---------------------------+--------+

* Multiplexer (MUX) list: 
|-------------------|------|------|------|--------||---------||---------||---------|
|        Comp       |  Pin | Size |  BW  | S x BW ||  Delay  ||    FF   ||   LUT   |
|-------------------|------|------|------|--------||---------||---------||---------|
| grp_access_fu_175 |  p2  |   2  |   0  |    0   ||    0    ||    9    |
| grp_access_fu_191 |  p2  |   2  |   0  |    0   ||    0    ||    9    |
|-------------------|------|------|------|--------||---------||---------||---------|
|       Total       |      |      |      |    0   ||  0.854  ||    0    ||    18   |
|-------------------|------|------|------|--------||---------||---------||---------|



* Summary:
+-----------+--------+--------+--------+--------+--------+
|           |  BRAM  |  Delay |   FF   |   LUT  |  URAM  |
+-----------+--------+--------+--------+--------+--------+
|  Function |    -   |    -   |    0   |  1203  |    -   |
|   Memory  |    8   |    -   |    0   |    0   |    0   |
|Multiplexer|    -   |    0   |    0   |   18   |    -   |
|  Register |    -   |    -   |   388  |    -   |    -   |
+-----------+--------+--------+--------+--------+--------+
|   Total   |    8   |    0   |   388  |  1221  |    0   |
+-----------+--------+--------+--------+--------+--------+
