

================================================================
== Vitis HLS Report for 'hls_hsv_2_rgb'
================================================================
* Date:           Mon Jun 22 13:03:43 2026

* Version:        2025.2 (Build 6295257 on Nov 14 2025)
* Project:        hls_hsv_2_rgb
* Solution:       hls (Vivado IP Flow Target)
* Product family: zynquplus
* Target device:  xck26-sfvc784-2LV-c


================================================================
== Performance Estimates
================================================================
+ Timing: 
    * Summary: 
    +--------+----------+----------+------------+
    |  Clock |  Target  | Estimated| Uncertainty|
    +--------+----------+----------+------------+
    |ap_clk  |  10.00 ns|  6.317 ns|     2.70 ns|
    +--------+----------+----------+------------+

+ Latency: 
    * Summary: 
    +---------+---------+-----------+-----------+-----+-----+---------+
    |  Latency (cycles) |   Latency (absolute)  |  Interval | Pipeline|
    |   min   |   max   |    min    |    max    | min | max |   Type  |
    +---------+---------+-----------+-----------+-----+-----+---------+
    |        2|        2|  20.000 ns|  20.000 ns|    1|    1|      yes|
    +---------+---------+-----------+-----------+-----+-----+---------+

    + Detail: 
        * Instance: 
        N/A

        * Loop: 
        N/A



================================================================
== Utilization Estimates
================================================================
* Summary: 
+-----------------+---------+------+--------+--------+-----+
|       Name      | BRAM_18K|  DSP |   FF   |   LUT  | URAM|
+-----------------+---------+------+--------+--------+-----+
|DSP              |        -|     -|       -|       -|    -|
|Expression       |        -|     -|       0|     362|    -|
|FIFO             |        -|     -|       -|       -|    -|
|Instance         |        0|     1|      36|     287|    0|
|Memory           |        -|     -|       -|       -|    -|
|Multiplexer      |        -|     -|       0|      18|    -|
|Register         |        -|     -|      34|       -|    -|
+-----------------+---------+------+--------+--------+-----+
|Total            |        0|     1|      70|     667|    0|
+-----------------+---------+------+--------+--------+-----+
|Available        |      288|  1248|  234240|  117120|   64|
+-----------------+---------+------+--------+--------+-----+
|Utilization (%)  |        0|    ~0|      ~0|      ~0|    0|
+-----------------+---------+------+--------+--------+-----+

+ Detail: 
    * Instance: 
    +------------------------+---------------------+---------+----+----+----+-----+
    |        Instance        |        Module       | BRAM_18K| DSP| FF | LUT| URAM|
    +------------------------+---------------------+---------+----+----+----+-----+
    |control_s_axi_U         |control_s_axi        |        0|   0|  36|  40|    0|
    |mul_8ns_13ns_19_1_1_U1  |mul_8ns_13ns_19_1_1  |        0|   1|   0|   5|    0|
    |mul_8ns_8ns_16_1_1_U2   |mul_8ns_8ns_16_1_1   |        0|   0|   0|  40|    0|
    |mul_8ns_8ns_16_1_1_U3   |mul_8ns_8ns_16_1_1   |        0|   0|   0|  40|    0|
    |mul_8ns_8ns_16_1_1_U4   |mul_8ns_8ns_16_1_1   |        0|   0|   0|  40|    0|
    |mul_8ns_8ns_16_1_1_U5   |mul_8ns_8ns_16_1_1   |        0|   0|   0|  40|    0|
    |mul_8ns_8ns_16_1_1_U6   |mul_8ns_8ns_16_1_1   |        0|   0|   0|  40|    0|
    |sparsemux_9_3_8_1_1_U7  |sparsemux_9_3_8_1_1  |        0|   0|   0|  14|    0|
    |sparsemux_9_3_8_1_1_U8  |sparsemux_9_3_8_1_1  |        0|   0|   0|  14|    0|
    |sparsemux_9_3_8_1_1_U9  |sparsemux_9_3_8_1_1  |        0|   0|   0|  14|    0|
    +------------------------+---------------------+---------+----+----+----+-----+
    |Total                   |                     |        0|   1|  36| 287|    0|
    +------------------------+---------------------+---------+----+----+----+-----+

    * DSP: 
    N/A

    * Memory: 
    N/A

    * FIFO: 
    N/A

    * Expression: 
    +--------------------------------+----------+----+---+----+------------+------------+
    |          Variable Name         | Operation| DSP| FF| LUT| Bitwidth P0| Bitwidth P1|
    +--------------------------------+----------+----+---+----+------------+------------+
    |add_ln51_1_fu_292_p2            |         +|   0|  0|  16|          16|          16|
    |add_ln51_fu_272_p2              |         +|   0|  0|  16|          16|           1|
    |add_ln53_1_fu_340_p2            |         +|   0|  0|  16|          16|          16|
    |add_ln53_fu_320_p2              |         +|   0|  0|  16|          16|           1|
    |add_ln54_1_fu_392_p2            |         +|   0|  0|  16|          16|          16|
    |add_ln54_fu_372_p2              |         +|   0|  0|  16|          16|           1|
    |add_ln56_1_fu_443_p2            |         +|   0|  0|  16|          16|          16|
    |add_ln56_fu_423_p2              |         +|   0|  0|  16|          16|           1|
    |add_ln57_1_fu_495_p2            |         +|   0|  0|  16|          16|          16|
    |add_ln57_fu_475_p2              |         +|   0|  0|  16|          16|           1|
    |f_fu_233_p2                     |         +|   0|  0|  15|           8|           8|
    |sub_ln39_1_fu_191_p2            |         -|   0|  0|  15|           8|           8|
    |sub_ln39_fu_205_p2              |         -|   0|  0|  16|           9|           9|
    |and_ln60_1_fu_533_p2            |       and|   0|  0|   2|           1|           1|
    |and_ln60_2_fu_555_p2            |       and|   0|  0|   2|           1|           1|
    |and_ln60_3_fu_594_p2            |       and|   0|  0|   2|           1|           1|
    |and_ln60_4_fu_605_p2            |       and|   0|  0|   2|           1|           1|
    |and_ln60_5_fu_656_p2            |       and|   0|  0|   2|           1|           1|
    |and_ln60_6_fu_680_p2            |       and|   0|  0|   2|           1|           1|
    |and_ln60_fu_522_p2              |       and|   0|  0|   2|           1|           1|
    |icmp_ln25_fu_137_p2             |      icmp|   0|  0|  15|           8|           8|
    |icmp_ln29_fu_249_p2             |      icmp|   0|  0|  15|           8|           1|
    |icmp_ln60_1_fu_528_p2           |      icmp|   0|  0|  12|           3|           4|
    |icmp_ln60_2_fu_539_p2           |      icmp|   0|  0|  10|           3|           2|
    |icmp_ln60_3_fu_544_p2           |      icmp|   0|  0|  10|           3|           2|
    |icmp_ln60_4_fu_600_p2           |      icmp|   0|  0|  10|           3|           1|
    |icmp_ln60_fu_511_p2             |      icmp|   0|  0|  10|           3|           1|
    |ap_block_pp0_stage0_01001_grp1  |        or|   0|  0|   2|           1|           1|
    |ap_block_pp0_stage0_11001       |        or|   0|  0|   2|           1|           1|
    |or_ln60_1_fu_611_p2             |        or|   0|  0|   2|           1|           1|
    |or_ln60_2_fu_617_p2             |        or|   0|  0|   2|           1|           1|
    |or_ln60_3_fu_662_p2             |        or|   0|  0|   2|           1|           1|
    |or_ln60_4_fu_668_p2             |        or|   0|  0|   2|           1|           1|
    |or_ln60_5_fu_674_p2             |        or|   0|  0|   2|           1|           1|
    |or_ln60_fu_549_p2               |        or|   0|  0|   2|           1|           1|
    |h_1_fu_143_p3                   |    select|   0|  0|   8|           1|           1|
    |ap_enable_pp0                   |       xor|   0|  0|   2|           1|           2|
    |xor_ln29_fu_516_p2              |       xor|   0|  0|   2|           1|           2|
    |xor_ln51_fu_254_p2              |       xor|   0|  0|   8|           8|           2|
    |xor_ln54_fu_356_p2              |       xor|   0|  0|   8|           8|           2|
    |xor_ln56_fu_408_p2              |       xor|   0|  0|   8|           8|           2|
    |xor_ln57_fu_459_p2              |       xor|   0|  0|   8|           8|           2|
    +--------------------------------+----------+----+---+----+------------+------------+
    |Total                           |          |   0|  0| 362|         266|         157|
    +--------------------------------+----------+----+---+----+------------+------------+

    * Multiplexer: 
    +------------------------+----+-----------+-----+-----------+
    |          Name          | LUT| Input Size| Bits| Total Bits|
    +------------------------+----+-----------+-----+-----------+
    |in_stream_TDATA_blk_n   |   9|          2|    1|          2|
    |out_stream_TDATA_blk_n  |   9|          2|    1|          2|
    +------------------------+----+-----------+-----+-----------+
    |Total                   |  18|          4|    2|          4|
    +------------------------+----+-----------+-----+-----------+

    * Register: 
    +-------------------------------------------------+---+----+-----+-----------+
    |                       Name                      | FF| LUT| Bits| Const Bits|
    +-------------------------------------------------+---+----+-----+-----------+
    |ap_CS_fsm                                        |  1|   0|    1|          0|
    |ap_block_pp0_stage0_subdone_grp1_done_reg        |  1|   0|    1|          0|
    |ap_block_pp0_stage0_subdone_grp1_done_reg_iter0  |  1|   0|    1|          0|
    |ap_enable_reg_pp0_iter1                          |  1|   0|    1|          0|
    |ap_enable_reg_pp0_iter2                          |  1|   0|    1|          0|
    |f_reg_759                                        |  8|   0|    8|          0|
    |in_packet_data_3_reg_735                         |  8|   0|    8|          0|
    |in_packet_data_4_reg_742                         |  8|   0|    8|          0|
    |region_reg_750                                   |  3|   0|    3|          0|
    |tmp_1_reg_765                                    |  2|   0|    2|          0|
    +-------------------------------------------------+---+----+-----+-----------+
    |Total                                            | 34|   0|   34|          0|
    +-------------------------------------------------+---+----+-----+-----------+



================================================================
== Interface
================================================================
* Summary: 
+-----------------------+-----+-----+--------------+---------------+--------------+
|       RTL Ports       | Dir | Bits|   Protocol   | Source Object |    C Type    |
+-----------------------+-----+-----+--------------+---------------+--------------+
|s_axi_control_AWVALID  |   in|    1|         s_axi|        control|   return void|
|s_axi_control_AWREADY  |  out|    1|         s_axi|        control|   return void|
|s_axi_control_AWADDR   |   in|    4|         s_axi|        control|   return void|
|s_axi_control_WVALID   |   in|    1|         s_axi|        control|   return void|
|s_axi_control_WREADY   |  out|    1|         s_axi|        control|   return void|
|s_axi_control_WDATA    |   in|   32|         s_axi|        control|   return void|
|s_axi_control_WSTRB    |   in|    4|         s_axi|        control|   return void|
|s_axi_control_ARVALID  |   in|    1|         s_axi|        control|   return void|
|s_axi_control_ARREADY  |  out|    1|         s_axi|        control|   return void|
|s_axi_control_ARADDR   |   in|    4|         s_axi|        control|   return void|
|s_axi_control_RVALID   |  out|    1|         s_axi|        control|   return void|
|s_axi_control_RREADY   |   in|    1|         s_axi|        control|   return void|
|s_axi_control_RDATA    |  out|   32|         s_axi|        control|   return void|
|s_axi_control_RRESP    |  out|    2|         s_axi|        control|   return void|
|s_axi_control_BVALID   |  out|    1|         s_axi|        control|   return void|
|s_axi_control_BREADY   |   in|    1|         s_axi|        control|   return void|
|s_axi_control_BRESP    |  out|    2|         s_axi|        control|   return void|
|ap_clk                 |   in|    1|  ap_ctrl_none|  hls_hsv_2_rgb|  return value|
|ap_rst_n               |   in|    1|  ap_ctrl_none|  hls_hsv_2_rgb|  return value|
|in_stream_TDATA        |   in|   32|          axis|      in_stream|       pointer|
|in_stream_TVALID       |   in|    1|          axis|      in_stream|       pointer|
|in_stream_TREADY       |  out|    1|          axis|      in_stream|       pointer|
|out_stream_TDATA       |  out|   32|          axis|     out_stream|       pointer|
|out_stream_TVALID      |  out|    1|          axis|     out_stream|       pointer|
|out_stream_TREADY      |   in|    1|          axis|     out_stream|       pointer|
+-----------------------+-----+-----+--------------+---------------+--------------+

============================================================
+ Verbose Summary: Synthesis Manager
============================================================
InlineROM: 1
ExposeGlobal: 0
============================================================
+ Verbose Summary: CDFG Model
============================================================
IsTopModel: 1
ResetActiveHigh: 1
IsCombinational: 2
IsDatapathOnly: 2
HasWiredReturn: 1
HasMFsm: 2
HasVarLatency: 0
IsPipeline: 1
IsRtlPipelined: 1
IsInstanceOverlapped: 0
IsDontTouch: 0
HasImplIP: 0
IsGatedGlobalClock: 0

+ Individual pipeline summary: 
  * Pipeline-0: initiation interval (II) = 1, depth = 3


============================================================
+ Verbose Summary: Schedule
============================================================
* Number of FSM states : 3
* Pipeline : 1
  Pipeline-0 : II = 1, D = 3, States = { 1 2 3 }
* Dataflow Pipeline: 0

* FSM state transitions: 
1 --> 2 
2 --> 3 
3 --> 

* FSM state operations: 

State 1 <SV = 0> <Delay = 5.76>
ST_1 : Operation 4 [1/1] ( I:0.07ns O:0.07ns )   --->   "%in_stream_read = read i32 @_ssdm_op_Read.axis.volatile.i32P128A, i32 %in_stream" [hls_hsv_2_rgb.cpp:14]   --->   Operation 4 'read' 'in_stream_read' <Predicate = true> <Delay = 0.07> <CoreInst = "regslice">   --->   Core 147 'regslice' <Latency = 0> <II = 1> <Delay = 0.65> <Adapter> <Opcode : 'read' 'write'>
ST_1 : Operation 5 [1/1] (0.00ns)   --->   "%in_packet_data = trunc i32 %in_stream_read" [hls_hsv_2_rgb.cpp:14]   --->   Operation 5 'trunc' 'in_packet_data' <Predicate = true> <Delay = 0.00>
ST_1 : Operation 6 [1/1] (0.00ns)   --->   "%in_packet_data_3 = partselect i8 @_ssdm_op_PartSelect.i8.i32.i32.i32, i32 %in_stream_read, i32 8, i32 15" [hls_hsv_2_rgb.cpp:14]   --->   Operation 6 'partselect' 'in_packet_data_3' <Predicate = true> <Delay = 0.00>
ST_1 : Operation 7 [1/1] (0.00ns)   --->   "%in_packet_data_4 = partselect i8 @_ssdm_op_PartSelect.i8.i32.i32.i32, i32 %in_stream_read, i32 16, i32 23" [hls_hsv_2_rgb.cpp:14]   --->   Operation 7 'partselect' 'in_packet_data_4' <Predicate = true> <Delay = 0.00>
ST_1 : Operation 8 [1/1] (0.76ns)   --->   "%icmp_ln25 = icmp_ugt  i8 %in_packet_data, i8 179" [hls_hsv_2_rgb.cpp:25]   --->   Operation 8 'icmp' 'icmp_ln25' <Predicate = true> <Delay = 0.76> <CoreInst = "Cmp">   --->   Core 9 'Cmp' <Latency = 0> <II = 1> <Delay = 0.76> <FuncUnit> <Opcode : 'seteq' 'setne' 'setle' 'setge' 'setlt' 'setgt'> <InPorts = 2> <OutPorts = 1>
ST_1 : Operation 9 [1/1] (0.39ns)   --->   "%h_1 = select i1 %icmp_ln25, i8 0, i8 %in_packet_data" [hls_hsv_2_rgb.cpp:25]   --->   Operation 9 'select' 'h_1' <Predicate = true> <Delay = 0.39> <CoreInst = "Sel">   --->   Core 73 'Sel' <Latency = 0> <II = 1> <Delay = 0.39> <FuncUnit> <Opcode : 'select'> <InPorts = 3> <OutPorts = 1>
ST_1 : Operation 10 [1/1] (0.00ns)   --->   "%zext_ln32 = zext i8 %h_1" [hls_hsv_2_rgb.cpp:32]   --->   Operation 10 'zext' 'zext_ln32' <Predicate = true> <Delay = 0.00>
ST_1 : Operation 11 [1/1] (2.23ns)   --->   "%h_scaled = mul i19 %zext_ln32, i19 2185" [hls_hsv_2_rgb.cpp:32]   --->   Operation 11 'mul' 'h_scaled' <Predicate = true> <Delay = 2.23> <CoreInst = "Multiplier">   --->   Core 3 'Multiplier' <Latency = 0> <II = 1> <Delay = 2.23> <FuncUnit> <Opcode : 'mul'> <InPorts = 2> <OutPorts = 1>
ST_1 : Operation 12 [1/1] (0.00ns)   --->   "%region = partselect i3 @_ssdm_op_PartSelect.i3.i19.i32.i32, i19 %h_scaled, i32 16, i32 18" [hls_hsv_2_rgb.cpp:33]   --->   Operation 12 'partselect' 'region' <Predicate = true> <Delay = 0.00>
ST_1 : Operation 13 [1/1] (0.00ns)   --->   "%p_shl = bitconcatenate i8 @_ssdm_op_BitConcatenate.i8.i3.i5, i3 %region, i5 0" [hls_hsv_2_rgb.cpp:39]   --->   Operation 13 'bitconcatenate' 'p_shl' <Predicate = true> <Delay = 0.00>
ST_1 : Operation 14 [1/1] (0.00ns)   --->   "%tmp = bitconcatenate i4 @_ssdm_op_BitConcatenate.i4.i3.i1, i3 %region, i1 0" [hls_hsv_2_rgb.cpp:39]   --->   Operation 14 'bitconcatenate' 'tmp' <Predicate = true> <Delay = 0.00>
ST_1 : Operation 15 [1/1] (0.00ns)   --->   "%zext_ln39 = zext i4 %tmp" [hls_hsv_2_rgb.cpp:39]   --->   Operation 15 'zext' 'zext_ln39' <Predicate = true> <Delay = 0.00>
ST_1 : Operation 16 [1/1] (0.76ns)   --->   "%sub_ln39_1 = sub i8 %p_shl, i8 %zext_ln39" [hls_hsv_2_rgb.cpp:39]   --->   Operation 16 'sub' 'sub_ln39_1' <Predicate = true> <Delay = 0.76> <CoreInst = "Adder">   --->   Core 1 'Adder' <Latency = 0> <II = 1> <Delay = 0.76> <FuncUnit> <Opcode : 'add' 'sub'> <InPorts = 2> <OutPorts = 1>
ST_1 : Operation 17 [1/1] (0.00ns)   --->   "%zext_ln39_1 = zext i8 %h_1" [hls_hsv_2_rgb.cpp:39]   --->   Operation 17 'zext' 'zext_ln39_1' <Predicate = true> <Delay = 0.00>
ST_1 : Operation 18 [1/1] (0.00ns)   --->   "%zext_ln39_2 = zext i8 %sub_ln39_1" [hls_hsv_2_rgb.cpp:39]   --->   Operation 18 'zext' 'zext_ln39_2' <Predicate = true> <Delay = 0.00>
ST_1 : Operation 19 [1/1] (0.76ns)   --->   "%sub_ln39 = sub i9 %zext_ln39_1, i9 %zext_ln39_2" [hls_hsv_2_rgb.cpp:39]   --->   Operation 19 'sub' 'sub_ln39' <Predicate = true> <Delay = 0.76> <CoreInst = "Adder">   --->   Core 1 'Adder' <Latency = 0> <II = 1> <Delay = 0.77> <FuncUnit> <Opcode : 'add' 'sub'> <InPorts = 2> <OutPorts = 1>
ST_1 : Operation 20 [1/1] (0.00ns)   --->   "%trunc_ln43 = trunc i9 %sub_ln39" [hls_hsv_2_rgb.cpp:43]   --->   Operation 20 'trunc' 'trunc_ln43' <Predicate = true> <Delay = 0.00>
ST_1 : Operation 21 [1/1] (0.00ns)   --->   "%shl_ln = bitconcatenate i8 @_ssdm_op_BitConcatenate.i8.i5.i3, i5 %trunc_ln43, i3 0" [hls_hsv_2_rgb.cpp:43]   --->   Operation 21 'bitconcatenate' 'shl_ln' <Predicate = true> <Delay = 0.00>
ST_1 : Operation 22 [1/1] (0.00ns)   --->   "%trunc_ln43_1 = partselect i8 @_ssdm_op_PartSelect.i8.i9.i32.i32, i9 %sub_ln39, i32 1, i32 8" [hls_hsv_2_rgb.cpp:43]   --->   Operation 22 'partselect' 'trunc_ln43_1' <Predicate = true> <Delay = 0.00>
ST_1 : Operation 23 [1/1] (0.76ns)   --->   "%f = add i8 %trunc_ln43_1, i8 %shl_ln" [hls_hsv_2_rgb.cpp:43]   --->   Operation 23 'add' 'f' <Predicate = true> <Delay = 0.76> <CoreInst = "Adder">   --->   Core 1 'Adder' <Latency = 0> <II = 1> <Delay = 0.76> <FuncUnit> <Opcode : 'add' 'sub'> <InPorts = 2> <OutPorts = 1>
ST_1 : Operation 24 [1/1] (0.00ns)   --->   "%tmp_1 = partselect i2 @_ssdm_op_PartSelect.i2.i32.i32.i32, i32 %in_stream_read, i32 24, i32 25" [hls_hsv_2_rgb.cpp:106]   --->   Operation 24 'partselect' 'tmp_1' <Predicate = true> <Delay = 0.00>

State 2 <SV = 1> <Delay = 6.31>
ST_2 : Operation 25 [1/1] (0.76ns)   --->   "%icmp_ln29 = icmp_eq  i8 %in_packet_data_3, i8 0" [hls_hsv_2_rgb.cpp:29]   --->   Operation 25 'icmp' 'icmp_ln29' <Predicate = true> <Delay = 0.76> <CoreInst = "Cmp">   --->   Core 9 'Cmp' <Latency = 0> <II = 1> <Delay = 0.76> <FuncUnit> <Opcode : 'seteq' 'setne' 'setle' 'setge' 'setlt' 'setgt'> <InPorts = 2> <OutPorts = 1>
ST_2 : Operation 26 [1/1] (0.33ns)   --->   "%xor_ln51 = xor i8 %in_packet_data_3, i8 255" [hls_hsv_2_rgb.cpp:51]   --->   Operation 26 'xor' 'xor_ln51' <Predicate = true> <Delay = 0.33> <CoreInst = "LogicGate">   --->   Core 74 'LogicGate' <Latency = 0> <II = 1> <Delay = 0.33> <FuncUnit> <Opcode : 'and' 'or' 'xor'> <InPorts = 2> <OutPorts = 1>
ST_2 : Operation 27 [1/1] (0.00ns)   --->   "%zext_ln51 = zext i8 %in_packet_data_4" [hls_hsv_2_rgb.cpp:51]   --->   Operation 27 'zext' 'zext_ln51' <Predicate = true> <Delay = 0.00>
ST_2 : Operation 28 [1/1] (0.00ns)   --->   "%zext_ln51_1 = zext i8 %xor_ln51" [hls_hsv_2_rgb.cpp:51]   --->   Operation 28 'zext' 'zext_ln51_1' <Predicate = true> <Delay = 0.00>
ST_2 : Operation 29 [1/1] (1.65ns)   --->   "%mul_ln51 = mul i16 %zext_ln51_1, i16 %zext_ln51" [hls_hsv_2_rgb.cpp:51]   --->   Operation 29 'mul' 'mul_ln51' <Predicate = true> <Delay = 1.65> <CoreInst = "Multiplier">   --->   Core 3 'Multiplier' <Latency = 0> <II = 1> <Delay = 1.65> <FuncUnit> <Opcode : 'mul'> <InPorts = 2> <OutPorts = 1>
ST_2 : Operation 30 [1/1] (0.00ns) (grouped into TernaryAdder)   --->   "%add_ln51 = add i16 %mul_ln51, i16 1" [hls_hsv_2_rgb.cpp:51]   --->   Operation 30 'add' 'add_ln51' <Predicate = true> <Delay = 0.00> <CoreInst = "TAddSub">   --->   Core 10 'TAddSub' <Latency = 0> <II = 1> <Delay = 0.34> <IPBlock> <Opcode : 'add' 'sub'> <InPorts = 3> <OutPorts = 1> <Sync> <CReg>
ST_2 : Operation 31 [1/1] (0.00ns)   --->   "%lshr_ln = partselect i8 @_ssdm_op_PartSelect.i8.i16.i32.i32, i16 %mul_ln51, i32 8, i32 15" [hls_hsv_2_rgb.cpp:51]   --->   Operation 31 'partselect' 'lshr_ln' <Predicate = true> <Delay = 0.00>
ST_2 : Operation 32 [1/1] (0.00ns)   --->   "%zext_ln51_2 = zext i8 %lshr_ln" [hls_hsv_2_rgb.cpp:51]   --->   Operation 32 'zext' 'zext_ln51_2' <Predicate = true> <Delay = 0.00>
ST_2 : Operation 33 [1/1] (0.68ns) (root node of TernaryAdder)   --->   "%add_ln51_1 = add i16 %add_ln51, i16 %zext_ln51_2" [hls_hsv_2_rgb.cpp:51]   --->   Operation 33 'add' 'add_ln51_1' <Predicate = true> <Delay = 0.68> <CoreInst = "TAddSub">   --->   Core 10 'TAddSub' <Latency = 0> <II = 1> <Delay = 0.34> <IPBlock> <Opcode : 'add' 'sub'> <InPorts = 3> <OutPorts = 1> <Sync> <CReg>
ST_2 : Operation 34 [1/1] (0.00ns)   --->   "%p = partselect i8 @_ssdm_op_PartSelect.i8.i16.i32.i32, i16 %add_ln51_1, i32 8, i32 15" [hls_hsv_2_rgb.cpp:51]   --->   Operation 34 'partselect' 'p' <Predicate = true> <Delay = 0.00>
ST_2 : Operation 35 [1/1] (0.00ns)   --->   "%zext_ln53 = zext i8 %in_packet_data_3" [hls_hsv_2_rgb.cpp:53]   --->   Operation 35 'zext' 'zext_ln53' <Predicate = true> <Delay = 0.00>
ST_2 : Operation 36 [1/1] (0.00ns)   --->   "%zext_ln53_1 = zext i8 %f" [hls_hsv_2_rgb.cpp:53]   --->   Operation 36 'zext' 'zext_ln53_1' <Predicate = true> <Delay = 0.00>
ST_2 : Operation 37 [1/1] (1.65ns)   --->   "%mul_ln53 = mul i16 %zext_ln53_1, i16 %zext_ln53" [hls_hsv_2_rgb.cpp:53]   --->   Operation 37 'mul' 'mul_ln53' <Predicate = true> <Delay = 1.65> <CoreInst = "Multiplier">   --->   Core 3 'Multiplier' <Latency = 0> <II = 1> <Delay = 1.65> <FuncUnit> <Opcode : 'mul'> <InPorts = 2> <OutPorts = 1>
ST_2 : Operation 38 [1/1] (0.00ns) (grouped into TernaryAdder)   --->   "%add_ln53 = add i16 %mul_ln53, i16 1" [hls_hsv_2_rgb.cpp:53]   --->   Operation 38 'add' 'add_ln53' <Predicate = true> <Delay = 0.00> <CoreInst = "TAddSub">   --->   Core 10 'TAddSub' <Latency = 0> <II = 1> <Delay = 0.34> <IPBlock> <Opcode : 'add' 'sub'> <InPorts = 3> <OutPorts = 1> <Sync> <CReg>
ST_2 : Operation 39 [1/1] (0.00ns)   --->   "%lshr_ln1 = partselect i8 @_ssdm_op_PartSelect.i8.i16.i32.i32, i16 %mul_ln53, i32 8, i32 15" [hls_hsv_2_rgb.cpp:53]   --->   Operation 39 'partselect' 'lshr_ln1' <Predicate = true> <Delay = 0.00>
ST_2 : Operation 40 [1/1] (0.00ns)   --->   "%zext_ln53_2 = zext i8 %lshr_ln1" [hls_hsv_2_rgb.cpp:53]   --->   Operation 40 'zext' 'zext_ln53_2' <Predicate = true> <Delay = 0.00>
ST_2 : Operation 41 [1/1] (0.68ns) (root node of TernaryAdder)   --->   "%add_ln53_1 = add i16 %add_ln53, i16 %zext_ln53_2" [hls_hsv_2_rgb.cpp:53]   --->   Operation 41 'add' 'add_ln53_1' <Predicate = true> <Delay = 0.68> <CoreInst = "TAddSub">   --->   Core 10 'TAddSub' <Latency = 0> <II = 1> <Delay = 0.34> <IPBlock> <Opcode : 'add' 'sub'> <InPorts = 3> <OutPorts = 1> <Sync> <CReg>
ST_2 : Operation 42 [1/1] (0.00ns)   --->   "%trunc_ln = partselect i8 @_ssdm_op_PartSelect.i8.i16.i32.i32, i16 %add_ln53_1, i32 8, i32 15" [hls_hsv_2_rgb.cpp:54]   --->   Operation 42 'partselect' 'trunc_ln' <Predicate = true> <Delay = 0.00>
ST_2 : Operation 43 [1/1] (0.33ns)   --->   "%xor_ln54 = xor i8 %trunc_ln, i8 255" [hls_hsv_2_rgb.cpp:54]   --->   Operation 43 'xor' 'xor_ln54' <Predicate = true> <Delay = 0.33> <CoreInst = "LogicGate">   --->   Core 74 'LogicGate' <Latency = 0> <II = 1> <Delay = 0.33> <FuncUnit> <Opcode : 'and' 'or' 'xor'> <InPorts = 2> <OutPorts = 1>
ST_2 : Operation 44 [1/1] (0.00ns)   --->   "%zext_ln54 = zext i8 %xor_ln54" [hls_hsv_2_rgb.cpp:54]   --->   Operation 44 'zext' 'zext_ln54' <Predicate = true> <Delay = 0.00>
ST_2 : Operation 45 [1/1] (1.65ns)   --->   "%mul_ln54 = mul i16 %zext_ln54, i16 %zext_ln51" [hls_hsv_2_rgb.cpp:54]   --->   Operation 45 'mul' 'mul_ln54' <Predicate = true> <Delay = 1.65> <CoreInst = "Multiplier">   --->   Core 3 'Multiplier' <Latency = 0> <II = 1> <Delay = 1.65> <FuncUnit> <Opcode : 'mul'> <InPorts = 2> <OutPorts = 1>
ST_2 : Operation 46 [1/1] (0.00ns) (grouped into TernaryAdder)   --->   "%add_ln54 = add i16 %mul_ln54, i16 1" [hls_hsv_2_rgb.cpp:54]   --->   Operation 46 'add' 'add_ln54' <Predicate = true> <Delay = 0.00> <CoreInst = "TAddSub">   --->   Core 10 'TAddSub' <Latency = 0> <II = 1> <Delay = 0.34> <IPBlock> <Opcode : 'add' 'sub'> <InPorts = 3> <OutPorts = 1> <Sync> <CReg>
ST_2 : Operation 47 [1/1] (0.00ns)   --->   "%lshr_ln2 = partselect i8 @_ssdm_op_PartSelect.i8.i16.i32.i32, i16 %mul_ln54, i32 8, i32 15" [hls_hsv_2_rgb.cpp:54]   --->   Operation 47 'partselect' 'lshr_ln2' <Predicate = true> <Delay = 0.00>
ST_2 : Operation 48 [1/1] (0.00ns)   --->   "%zext_ln54_1 = zext i8 %lshr_ln2" [hls_hsv_2_rgb.cpp:54]   --->   Operation 48 'zext' 'zext_ln54_1' <Predicate = true> <Delay = 0.00>
ST_2 : Operation 49 [1/1] (0.68ns) (root node of TernaryAdder)   --->   "%add_ln54_1 = add i16 %add_ln54, i16 %zext_ln54_1" [hls_hsv_2_rgb.cpp:54]   --->   Operation 49 'add' 'add_ln54_1' <Predicate = true> <Delay = 0.68> <CoreInst = "TAddSub">   --->   Core 10 'TAddSub' <Latency = 0> <II = 1> <Delay = 0.34> <IPBlock> <Opcode : 'add' 'sub'> <InPorts = 3> <OutPorts = 1> <Sync> <CReg>
ST_2 : Operation 50 [1/1] (0.00ns)   --->   "%q = partselect i8 @_ssdm_op_PartSelect.i8.i16.i32.i32, i16 %add_ln54_1, i32 8, i32 15" [hls_hsv_2_rgb.cpp:54]   --->   Operation 50 'partselect' 'q' <Predicate = true> <Delay = 0.00>
ST_2 : Operation 51 [1/1] (0.33ns)   --->   "%xor_ln56 = xor i8 %f, i8 255" [hls_hsv_2_rgb.cpp:56]   --->   Operation 51 'xor' 'xor_ln56' <Predicate = true> <Delay = 0.33> <CoreInst = "LogicGate">   --->   Core 74 'LogicGate' <Latency = 0> <II = 1> <Delay = 0.33> <FuncUnit> <Opcode : 'and' 'or' 'xor'> <InPorts = 2> <OutPorts = 1>
ST_2 : Operation 52 [1/1] (0.00ns)   --->   "%zext_ln56 = zext i8 %xor_ln56" [hls_hsv_2_rgb.cpp:56]   --->   Operation 52 'zext' 'zext_ln56' <Predicate = true> <Delay = 0.00>
ST_2 : Operation 53 [1/1] (1.65ns)   --->   "%mul_ln56 = mul i16 %zext_ln56, i16 %zext_ln53" [hls_hsv_2_rgb.cpp:56]   --->   Operation 53 'mul' 'mul_ln56' <Predicate = true> <Delay = 1.65> <CoreInst = "Multiplier">   --->   Core 3 'Multiplier' <Latency = 0> <II = 1> <Delay = 1.65> <FuncUnit> <Opcode : 'mul'> <InPorts = 2> <OutPorts = 1>
ST_2 : Operation 54 [1/1] (0.00ns) (grouped into TernaryAdder)   --->   "%add_ln56 = add i16 %mul_ln56, i16 1" [hls_hsv_2_rgb.cpp:56]   --->   Operation 54 'add' 'add_ln56' <Predicate = true> <Delay = 0.00> <CoreInst = "TAddSub">   --->   Core 10 'TAddSub' <Latency = 0> <II = 1> <Delay = 0.34> <IPBlock> <Opcode : 'add' 'sub'> <InPorts = 3> <OutPorts = 1> <Sync> <CReg>
ST_2 : Operation 55 [1/1] (0.00ns)   --->   "%lshr_ln3 = partselect i8 @_ssdm_op_PartSelect.i8.i16.i32.i32, i16 %mul_ln56, i32 8, i32 15" [hls_hsv_2_rgb.cpp:56]   --->   Operation 55 'partselect' 'lshr_ln3' <Predicate = true> <Delay = 0.00>
ST_2 : Operation 56 [1/1] (0.00ns)   --->   "%zext_ln56_1 = zext i8 %lshr_ln3" [hls_hsv_2_rgb.cpp:56]   --->   Operation 56 'zext' 'zext_ln56_1' <Predicate = true> <Delay = 0.00>
ST_2 : Operation 57 [1/1] (0.68ns) (root node of TernaryAdder)   --->   "%add_ln56_1 = add i16 %add_ln56, i16 %zext_ln56_1" [hls_hsv_2_rgb.cpp:56]   --->   Operation 57 'add' 'add_ln56_1' <Predicate = true> <Delay = 0.68> <CoreInst = "TAddSub">   --->   Core 10 'TAddSub' <Latency = 0> <II = 1> <Delay = 0.34> <IPBlock> <Opcode : 'add' 'sub'> <InPorts = 3> <OutPorts = 1> <Sync> <CReg>
ST_2 : Operation 58 [1/1] (0.00ns)   --->   "%trunc_ln1 = partselect i8 @_ssdm_op_PartSelect.i8.i16.i32.i32, i16 %add_ln56_1, i32 8, i32 15" [hls_hsv_2_rgb.cpp:57]   --->   Operation 58 'partselect' 'trunc_ln1' <Predicate = true> <Delay = 0.00>
ST_2 : Operation 59 [1/1] (0.33ns)   --->   "%xor_ln57 = xor i8 %trunc_ln1, i8 255" [hls_hsv_2_rgb.cpp:57]   --->   Operation 59 'xor' 'xor_ln57' <Predicate = true> <Delay = 0.33> <CoreInst = "LogicGate">   --->   Core 74 'LogicGate' <Latency = 0> <II = 1> <Delay = 0.33> <FuncUnit> <Opcode : 'and' 'or' 'xor'> <InPorts = 2> <OutPorts = 1>
ST_2 : Operation 60 [1/1] (0.00ns)   --->   "%zext_ln57 = zext i8 %xor_ln57" [hls_hsv_2_rgb.cpp:57]   --->   Operation 60 'zext' 'zext_ln57' <Predicate = true> <Delay = 0.00>
ST_2 : Operation 61 [1/1] (1.65ns)   --->   "%mul_ln57 = mul i16 %zext_ln57, i16 %zext_ln51" [hls_hsv_2_rgb.cpp:57]   --->   Operation 61 'mul' 'mul_ln57' <Predicate = true> <Delay = 1.65> <CoreInst = "Multiplier">   --->   Core 3 'Multiplier' <Latency = 0> <II = 1> <Delay = 1.65> <FuncUnit> <Opcode : 'mul'> <InPorts = 2> <OutPorts = 1>
ST_2 : Operation 62 [1/1] (0.00ns) (grouped into TernaryAdder)   --->   "%add_ln57 = add i16 %mul_ln57, i16 1" [hls_hsv_2_rgb.cpp:57]   --->   Operation 62 'add' 'add_ln57' <Predicate = true> <Delay = 0.00> <CoreInst = "TAddSub">   --->   Core 10 'TAddSub' <Latency = 0> <II = 1> <Delay = 0.34> <IPBlock> <Opcode : 'add' 'sub'> <InPorts = 3> <OutPorts = 1> <Sync> <CReg>
ST_2 : Operation 63 [1/1] (0.00ns)   --->   "%lshr_ln4 = partselect i8 @_ssdm_op_PartSelect.i8.i16.i32.i32, i16 %mul_ln57, i32 8, i32 15" [hls_hsv_2_rgb.cpp:57]   --->   Operation 63 'partselect' 'lshr_ln4' <Predicate = true> <Delay = 0.00>
ST_2 : Operation 64 [1/1] (0.00ns)   --->   "%zext_ln57_1 = zext i8 %lshr_ln4" [hls_hsv_2_rgb.cpp:57]   --->   Operation 64 'zext' 'zext_ln57_1' <Predicate = true> <Delay = 0.00>
ST_2 : Operation 65 [1/1] (0.68ns) (root node of TernaryAdder)   --->   "%add_ln57_1 = add i16 %add_ln57, i16 %zext_ln57_1" [hls_hsv_2_rgb.cpp:57]   --->   Operation 65 'add' 'add_ln57_1' <Predicate = true> <Delay = 0.68> <CoreInst = "TAddSub">   --->   Core 10 'TAddSub' <Latency = 0> <II = 1> <Delay = 0.34> <IPBlock> <Opcode : 'add' 'sub'> <InPorts = 3> <OutPorts = 1> <Sync> <CReg>
ST_2 : Operation 66 [1/1] (0.00ns)   --->   "%t = partselect i8 @_ssdm_op_PartSelect.i8.i16.i32.i32, i16 %add_ln57_1, i32 8, i32 15" [hls_hsv_2_rgb.cpp:57]   --->   Operation 66 'partselect' 't' <Predicate = true> <Delay = 0.00>
ST_2 : Operation 67 [1/1] (0.67ns)   --->   "%icmp_ln60 = icmp_eq  i3 %region, i3 1" [hls_hsv_2_rgb.cpp:60]   --->   Operation 67 'icmp' 'icmp_ln60' <Predicate = true> <Delay = 0.67> <CoreInst = "Cmp">   --->   Core 9 'Cmp' <Latency = 0> <II = 1> <Delay = 0.67> <FuncUnit> <Opcode : 'seteq' 'setne' 'setle' 'setge' 'setlt' 'setgt'> <InPorts = 2> <OutPorts = 1>
ST_2 : Operation 68 [1/1] (0.28ns)   --->   "%xor_ln29 = xor i1 %icmp_ln29, i1 1" [hls_hsv_2_rgb.cpp:29]   --->   Operation 68 'xor' 'xor_ln29' <Predicate = true> <Delay = 0.28> <CoreInst = "LogicGate">   --->   Core 74 'LogicGate' <Latency = 0> <II = 1> <Delay = 0.28> <FuncUnit> <Opcode : 'and' 'or' 'xor'> <InPorts = 2> <OutPorts = 1>
ST_2 : Operation 69 [1/1] (0.28ns)   --->   "%and_ln60 = and i1 %icmp_ln60, i1 %xor_ln29" [hls_hsv_2_rgb.cpp:60]   --->   Operation 69 'and' 'and_ln60' <Predicate = true> <Delay = 0.28> <CoreInst = "LogicGate">   --->   Core 74 'LogicGate' <Latency = 0> <II = 1> <Delay = 0.28> <FuncUnit> <Opcode : 'and' 'or' 'xor'> <InPorts = 2> <OutPorts = 1>
ST_2 : Operation 70 [1/1] (0.67ns)   --->   "%icmp_ln60_1 = icmp_eq  i3 %region, i3 4" [hls_hsv_2_rgb.cpp:60]   --->   Operation 70 'icmp' 'icmp_ln60_1' <Predicate = true> <Delay = 0.67> <CoreInst = "Cmp">   --->   Core 9 'Cmp' <Latency = 0> <II = 1> <Delay = 0.79> <FuncUnit> <Opcode : 'seteq' 'setne' 'setle' 'setge' 'setlt' 'setgt'> <InPorts = 2> <OutPorts = 1>
ST_2 : Operation 71 [1/1] (0.28ns)   --->   "%and_ln60_1 = and i1 %icmp_ln60_1, i1 %xor_ln29" [hls_hsv_2_rgb.cpp:60]   --->   Operation 71 'and' 'and_ln60_1' <Predicate = true> <Delay = 0.28> <CoreInst = "LogicGate">   --->   Core 74 'LogicGate' <Latency = 0> <II = 1> <Delay = 0.28> <FuncUnit> <Opcode : 'and' 'or' 'xor'> <InPorts = 2> <OutPorts = 1>
ST_2 : Operation 72 [1/1] (0.67ns)   --->   "%icmp_ln60_2 = icmp_eq  i3 %region, i3 2" [hls_hsv_2_rgb.cpp:60]   --->   Operation 72 'icmp' 'icmp_ln60_2' <Predicate = true> <Delay = 0.67> <CoreInst = "Cmp">   --->   Core 9 'Cmp' <Latency = 0> <II = 1> <Delay = 0.67> <FuncUnit> <Opcode : 'seteq' 'setne' 'setle' 'setge' 'setlt' 'setgt'> <InPorts = 2> <OutPorts = 1>
ST_2 : Operation 73 [1/1] (0.67ns)   --->   "%icmp_ln60_3 = icmp_eq  i3 %region, i3 3" [hls_hsv_2_rgb.cpp:60]   --->   Operation 73 'icmp' 'icmp_ln60_3' <Predicate = true> <Delay = 0.67> <CoreInst = "Cmp">   --->   Core 9 'Cmp' <Latency = 0> <II = 1> <Delay = 0.67> <FuncUnit> <Opcode : 'seteq' 'setne' 'setle' 'setge' 'setlt' 'setgt'> <InPorts = 2> <OutPorts = 1>
ST_2 : Operation 74 [1/1] (0.00ns) (grouped into LUT with out node and_ln60_2)   --->   "%or_ln60 = or i1 %icmp_ln60_2, i1 %icmp_ln60_3" [hls_hsv_2_rgb.cpp:60]   --->   Operation 74 'or' 'or_ln60' <Predicate = true> <Delay = 0.00> <CoreInst = "LogicGate">   --->   Core 74 'LogicGate' <Latency = 0> <II = 1> <Delay = 0.28> <FuncUnit> <Opcode : 'and' 'or' 'xor'> <InPorts = 2> <OutPorts = 1>
ST_2 : Operation 75 [1/1] (0.28ns) (out node of the LUT)   --->   "%and_ln60_2 = and i1 %or_ln60, i1 %xor_ln29" [hls_hsv_2_rgb.cpp:60]   --->   Operation 75 'and' 'and_ln60_2' <Predicate = true> <Delay = 0.28> <CoreInst = "LogicGate">   --->   Core 74 'LogicGate' <Latency = 0> <II = 1> <Delay = 0.28> <FuncUnit> <Opcode : 'and' 'or' 'xor'> <InPorts = 2> <OutPorts = 1>
ST_2 : Operation 76 [1/1] (0.00ns)   --->   "%sel_tmp = bitconcatenate i3 @_ssdm_op_BitConcatenate.i3.i1.i1.i1, i1 %and_ln60, i1 %and_ln60_1, i1 %and_ln60_2" [hls_hsv_2_rgb.cpp:60]   --->   Operation 76 'bitconcatenate' 'sel_tmp' <Predicate = true> <Delay = 0.00>
ST_2 : Operation 77 [1/1] (0.47ns)   --->   "%r_1_0_0_s = sparsemux i8 @_ssdm_op_SparseMux.ap_auto.4i8.i8.i3, i3 4, i8 %q, i3 2, i8 %t, i3 1, i8 %p, i3 0, i8 %in_packet_data_4, i8 0, i3 %sel_tmp" [hls_hsv_2_rgb.cpp:54]   --->   Operation 77 'sparsemux' 'r_1_0_0_s' <Predicate = true> <Delay = 0.47> <CoreInst = "OneHotSparseMux_HasDef">   --->   Core 152 'OneHotSparseMux_HasDef' <Latency = 0> <II = 1> <Delay = 0.47> <FuncUnit> <Opcode : 'sparsemux'> <InPorts = 2> <OutPorts = 1>
ST_2 : Operation 78 [1/1] (0.28ns)   --->   "%and_ln60_3 = and i1 %icmp_ln60_3, i1 %xor_ln29" [hls_hsv_2_rgb.cpp:60]   --->   Operation 78 'and' 'and_ln60_3' <Predicate = true> <Delay = 0.28> <CoreInst = "LogicGate">   --->   Core 74 'LogicGate' <Latency = 0> <II = 1> <Delay = 0.28> <FuncUnit> <Opcode : 'and' 'or' 'xor'> <InPorts = 2> <OutPorts = 1>
ST_2 : Operation 79 [1/1] (0.67ns)   --->   "%icmp_ln60_4 = icmp_eq  i3 %region, i3 0" [hls_hsv_2_rgb.cpp:60]   --->   Operation 79 'icmp' 'icmp_ln60_4' <Predicate = true> <Delay = 0.67> <CoreInst = "Cmp">   --->   Core 9 'Cmp' <Latency = 0> <II = 1> <Delay = 0.67> <FuncUnit> <Opcode : 'seteq' 'setne' 'setle' 'setge' 'setlt' 'setgt'> <InPorts = 2> <OutPorts = 1>
ST_2 : Operation 80 [1/1] (0.28ns)   --->   "%and_ln60_4 = and i1 %icmp_ln60_4, i1 %xor_ln29" [hls_hsv_2_rgb.cpp:60]   --->   Operation 80 'and' 'and_ln60_4' <Predicate = true> <Delay = 0.28> <CoreInst = "LogicGate">   --->   Core 74 'LogicGate' <Latency = 0> <II = 1> <Delay = 0.28> <FuncUnit> <Opcode : 'and' 'or' 'xor'> <InPorts = 2> <OutPorts = 1>
ST_2 : Operation 81 [1/1] (0.00ns) (grouped into LUT with out node or_ln60_2)   --->   "%or_ln60_1 = or i1 %icmp_ln60, i1 %icmp_ln60_2" [hls_hsv_2_rgb.cpp:60]   --->   Operation 81 'or' 'or_ln60_1' <Predicate = true> <Delay = 0.00> <CoreInst = "LogicGate">   --->   Core 74 'LogicGate' <Latency = 0> <II = 1> <Delay = 0.28> <FuncUnit> <Opcode : 'and' 'or' 'xor'> <InPorts = 2> <OutPorts = 1>
ST_2 : Operation 82 [1/1] (0.28ns) (out node of the LUT)   --->   "%or_ln60_2 = or i1 %or_ln60_1, i1 %icmp_ln29" [hls_hsv_2_rgb.cpp:60]   --->   Operation 82 'or' 'or_ln60_2' <Predicate = true> <Delay = 0.28> <CoreInst = "LogicGate">   --->   Core 74 'LogicGate' <Latency = 0> <II = 1> <Delay = 0.28> <FuncUnit> <Opcode : 'and' 'or' 'xor'> <InPorts = 2> <OutPorts = 1>
ST_2 : Operation 83 [1/1] (0.00ns)   --->   "%sel_tmp1 = bitconcatenate i3 @_ssdm_op_BitConcatenate.i3.i1.i1.i1, i1 %and_ln60_3, i1 %and_ln60_4, i1 %or_ln60_2" [hls_hsv_2_rgb.cpp:60]   --->   Operation 83 'bitconcatenate' 'sel_tmp1' <Predicate = true> <Delay = 0.00>
ST_2 : Operation 84 [1/1] (0.47ns)   --->   "%g_1_0_0_s = sparsemux i8 @_ssdm_op_SparseMux.ap_auto.4i8.i8.i3, i3 4, i8 %q, i3 2, i8 %t, i3 1, i8 %in_packet_data_4, i3 0, i8 %p, i8 0, i3 %sel_tmp1" [hls_hsv_2_rgb.cpp:54]   --->   Operation 84 'sparsemux' 'g_1_0_0_s' <Predicate = true> <Delay = 0.47> <CoreInst = "OneHotSparseMux_HasDef">   --->   Core 152 'OneHotSparseMux_HasDef' <Latency = 0> <II = 1> <Delay = 0.47> <FuncUnit> <Opcode : 'sparsemux'> <InPorts = 2> <OutPorts = 1>
ST_2 : Operation 85 [1/1] (0.28ns)   --->   "%and_ln60_5 = and i1 %icmp_ln60_2, i1 %xor_ln29" [hls_hsv_2_rgb.cpp:60]   --->   Operation 85 'and' 'and_ln60_5' <Predicate = true> <Delay = 0.28> <CoreInst = "LogicGate">   --->   Core 74 'LogicGate' <Latency = 0> <II = 1> <Delay = 0.28> <FuncUnit> <Opcode : 'and' 'or' 'xor'> <InPorts = 2> <OutPorts = 1>
ST_2 : Operation 86 [1/1] (0.00ns) (grouped into LUT with out node or_ln60_4)   --->   "%or_ln60_3 = or i1 %icmp_ln60_3, i1 %icmp_ln60_1" [hls_hsv_2_rgb.cpp:60]   --->   Operation 86 'or' 'or_ln60_3' <Predicate = true> <Delay = 0.00> <CoreInst = "LogicGate">   --->   Core 74 'LogicGate' <Latency = 0> <II = 1> <Delay = 0.28> <FuncUnit> <Opcode : 'and' 'or' 'xor'> <InPorts = 2> <OutPorts = 1>
ST_2 : Operation 87 [1/1] (0.28ns) (out node of the LUT)   --->   "%or_ln60_4 = or i1 %or_ln60_3, i1 %icmp_ln29" [hls_hsv_2_rgb.cpp:60]   --->   Operation 87 'or' 'or_ln60_4' <Predicate = true> <Delay = 0.28> <CoreInst = "LogicGate">   --->   Core 74 'LogicGate' <Latency = 0> <II = 1> <Delay = 0.28> <FuncUnit> <Opcode : 'and' 'or' 'xor'> <InPorts = 2> <OutPorts = 1>
ST_2 : Operation 88 [1/1] (0.00ns) (grouped into LUT with out node and_ln60_6)   --->   "%or_ln60_5 = or i1 %icmp_ln60_4, i1 %icmp_ln60" [hls_hsv_2_rgb.cpp:60]   --->   Operation 88 'or' 'or_ln60_5' <Predicate = true> <Delay = 0.00> <CoreInst = "LogicGate">   --->   Core 74 'LogicGate' <Latency = 0> <II = 1> <Delay = 0.28> <FuncUnit> <Opcode : 'and' 'or' 'xor'> <InPorts = 2> <OutPorts = 1>
ST_2 : Operation 89 [1/1] (0.28ns) (out node of the LUT)   --->   "%and_ln60_6 = and i1 %or_ln60_5, i1 %xor_ln29" [hls_hsv_2_rgb.cpp:60]   --->   Operation 89 'and' 'and_ln60_6' <Predicate = true> <Delay = 0.28> <CoreInst = "LogicGate">   --->   Core 74 'LogicGate' <Latency = 0> <II = 1> <Delay = 0.28> <FuncUnit> <Opcode : 'and' 'or' 'xor'> <InPorts = 2> <OutPorts = 1>
ST_2 : Operation 90 [1/1] (0.00ns)   --->   "%sel_tmp2 = bitconcatenate i3 @_ssdm_op_BitConcatenate.i3.i1.i1.i1, i1 %and_ln60_5, i1 %or_ln60_4, i1 %and_ln60_6" [hls_hsv_2_rgb.cpp:60]   --->   Operation 90 'bitconcatenate' 'sel_tmp2' <Predicate = true> <Delay = 0.00>
ST_2 : Operation 91 [1/1] (0.47ns)   --->   "%b_1_0_0_s = sparsemux i8 @_ssdm_op_SparseMux.ap_auto.4i8.i8.i3, i3 4, i8 %t, i3 2, i8 %in_packet_data_4, i3 1, i8 %p, i3 0, i8 %q, i8 0, i3 %sel_tmp2" [hls_hsv_2_rgb.cpp:57]   --->   Operation 91 'sparsemux' 'b_1_0_0_s' <Predicate = true> <Delay = 0.47> <CoreInst = "OneHotSparseMux_HasDef">   --->   Core 152 'OneHotSparseMux_HasDef' <Latency = 0> <II = 1> <Delay = 0.47> <FuncUnit> <Opcode : 'sparsemux'> <InPorts = 2> <OutPorts = 1>
ST_2 : Operation 92 [1/1] (0.00ns)   --->   "%or_ln106_7 = bitconcatenate i26 @_ssdm_op_BitConcatenate.i26.i2.i8.i8.i8, i2 %tmp_1, i8 %b_1_0_0_s, i8 %g_1_0_0_s, i8 %r_1_0_0_s" [hls_hsv_2_rgb.cpp:106]   --->   Operation 92 'bitconcatenate' 'or_ln106_7' <Predicate = true> <Delay = 0.00>
ST_2 : Operation 93 [1/1] (0.00ns)   --->   "%zext_ln106 = zext i26 %or_ln106_7" [hls_hsv_2_rgb.cpp:106]   --->   Operation 93 'zext' 'zext_ln106' <Predicate = true> <Delay = 0.00>
ST_2 : Operation 94 [2/2] (0.49ns)   --->   "%write_ln106 = write void @_ssdm_op_Write.axis.volatile.i32P128A, i32 %out_stream, i32 %zext_ln106" [hls_hsv_2_rgb.cpp:106]   --->   Operation 94 'write' 'write_ln106' <Predicate = true> <Delay = 0.49> <CoreInst = "regslice">   --->   Core 147 'regslice' <Latency = 0> <II = 1> <Delay = 0.65> <Adapter> <Opcode : 'read' 'write'>

State 3 <SV = 2> <Delay = 0.49>
ST_3 : Operation 95 [1/1] (0.00ns)   --->   "%specpipeline_ln6 = specpipeline void @_ssdm_op_SpecPipeline, i32 1, i32 0, i32 0, i32 0, i32 4294967295, void @empty_1" [hls_hsv_2_rgb.cpp:6]   --->   Operation 95 'specpipeline' 'specpipeline_ln6' <Predicate = true> <Delay = 0.00>
ST_3 : Operation 96 [1/1] (0.00ns)   --->   "%spectopmodule_ln3 = spectopmodule void @_ssdm_op_SpecTopModule, void @empty_4" [hls_hsv_2_rgb.cpp:3]   --->   Operation 96 'spectopmodule' 'spectopmodule_ln3' <Predicate = true> <Delay = 0.00>
ST_3 : Operation 97 [1/1] (0.00ns)   --->   "%specinterface_ln3 = specinterface void @_ssdm_op_SpecInterface, i32 0, void @empty_5, i32 0, i32 0, void @empty_1, i32 0, i32 0, void @empty_1, void @empty_1, void @empty_1, i32 0, i32 0, i32 0, i32 0, void @empty_1, void @empty_1, i32 4294967295, i32 0, i32 0, i32 0" [hls_hsv_2_rgb.cpp:3]   --->   Operation 97 'specinterface' 'specinterface_ln3' <Predicate = true> <Delay = 0.00>
ST_3 : Operation 98 [1/1] (0.00ns)   --->   "%specinterface_ln0 = specinterface void @_ssdm_op_SpecInterface, i32 %in_stream, void @empty, i32 1, i32 1, void @empty_0, i32 0, i32 0, void @empty_1, void @empty_1, void @empty_1, i32 0, i32 0, i32 0, i32 0, void @empty_1, void @empty_1, i32 4294967295, i32 0, i32 0, i32 0"   --->   Operation 98 'specinterface' 'specinterface_ln0' <Predicate = true> <Delay = 0.00>
ST_3 : Operation 99 [1/1] (0.00ns)   --->   "%specbitsmap_ln0 = specbitsmap void @_ssdm_op_SpecBitsMap, i32 %in_stream"   --->   Operation 99 'specbitsmap' 'specbitsmap_ln0' <Predicate = true> <Delay = 0.00>
ST_3 : Operation 100 [1/1] (0.00ns)   --->   "%specinterface_ln0 = specinterface void @_ssdm_op_SpecInterface, i32 %out_stream, void @empty, i32 1, i32 1, void @empty_0, i32 0, i32 0, void @empty_1, void @empty_1, void @empty_1, i32 0, i32 0, i32 0, i32 0, void @empty_1, void @empty_1, i32 4294967295, i32 0, i32 0, i32 0"   --->   Operation 100 'specinterface' 'specinterface_ln0' <Predicate = true> <Delay = 0.00>
ST_3 : Operation 101 [1/1] (0.00ns)   --->   "%specbitsmap_ln0 = specbitsmap void @_ssdm_op_SpecBitsMap, i32 %out_stream"   --->   Operation 101 'specbitsmap' 'specbitsmap_ln0' <Predicate = true> <Delay = 0.00>
ST_3 : Operation 102 [1/1] (0.00ns)   --->   "%specinterface_ln0 = specinterface void @_ssdm_op_SpecInterface, i32 0, void @empty_2, i32 0, i32 0, void @empty_1, i32 0, i32 0, void @empty_3, void @empty_1, void @empty_1, i32 0, i32 0, i32 0, i32 0, void @empty_1, void @empty_1, i32 0, i32 0, i32 0, i32 0"   --->   Operation 102 'specinterface' 'specinterface_ln0' <Predicate = true> <Delay = 0.00>
ST_3 : Operation 103 [1/2] ( I:0.49ns O:0.49ns )   --->   "%write_ln106 = write void @_ssdm_op_Write.axis.volatile.i32P128A, i32 %out_stream, i32 %zext_ln106" [hls_hsv_2_rgb.cpp:106]   --->   Operation 103 'write' 'write_ln106' <Predicate = true> <Delay = 0.49> <CoreInst = "regslice">   --->   Core 147 'regslice' <Latency = 0> <II = 1> <Delay = 0.65> <Adapter> <Opcode : 'read' 'write'>
ST_3 : Operation 104 [1/1] (0.00ns)   --->   "%ret_ln107 = ret" [hls_hsv_2_rgb.cpp:107]   --->   Operation 104 'ret' 'ret_ln107' <Predicate = true> <Delay = 0.00>


============================================================
+ Verbose Summary: Binding
============================================================
STG Binding: 
---------------- STG Properties BEGIN ----------------
- Is combinational: 0
- Is one-state seq: 0
- Is datapath-only: 0
- Is pipelined: 1
- Is top level: 1
Port [ Return ] is wired: 1; IO mode=ap_ctrl_none:ce=0
Port [ in_stream]:  wired=1; compound=1; hidden=0; nouse=0; global=0; static=0; extern=0; dir=0; type=0; pingpong=0; private_global=0; IO mode=axis:ce=0
Port [ out_stream]:  wired=1; compound=1; hidden=0; nouse=0; global=0; static=0; extern=0; dir=1; type=0; pingpong=0; private_global=0; IO mode=axis:ce=0
---------------- STG Properties END ------------------

---------------- Datapath Model BEGIN ----------------

<LifeTime>
<method=bitvector/>
in_stream_read    (read          ) [ 0000]
in_packet_data    (trunc         ) [ 0000]
in_packet_data_3  (partselect    ) [ 0110]
in_packet_data_4  (partselect    ) [ 0110]
icmp_ln25         (icmp          ) [ 0000]
h_1               (select        ) [ 0000]
zext_ln32         (zext          ) [ 0000]
h_scaled          (mul           ) [ 0000]
region            (partselect    ) [ 0110]
p_shl             (bitconcatenate) [ 0000]
tmp               (bitconcatenate) [ 0000]
zext_ln39         (zext          ) [ 0000]
sub_ln39_1        (sub           ) [ 0000]
zext_ln39_1       (zext          ) [ 0000]
zext_ln39_2       (zext          ) [ 0000]
sub_ln39          (sub           ) [ 0000]
trunc_ln43        (trunc         ) [ 0000]
shl_ln            (bitconcatenate) [ 0000]
trunc_ln43_1      (partselect    ) [ 0000]
f                 (add           ) [ 0110]
tmp_1             (partselect    ) [ 0110]
icmp_ln29         (icmp          ) [ 0000]
xor_ln51          (xor           ) [ 0000]
zext_ln51         (zext          ) [ 0000]
zext_ln51_1       (zext          ) [ 0000]
mul_ln51          (mul           ) [ 0000]
add_ln51          (add           ) [ 0000]
lshr_ln           (partselect    ) [ 0000]
zext_ln51_2       (zext          ) [ 0000]
add_ln51_1        (add           ) [ 0000]
p                 (partselect    ) [ 0000]
zext_ln53         (zext          ) [ 0000]
zext_ln53_1       (zext          ) [ 0000]
mul_ln53          (mul           ) [ 0000]
add_ln53          (add           ) [ 0000]
lshr_ln1          (partselect    ) [ 0000]
zext_ln53_2       (zext          ) [ 0000]
add_ln53_1        (add           ) [ 0000]
trunc_ln          (partselect    ) [ 0000]
xor_ln54          (xor           ) [ 0000]
zext_ln54         (zext          ) [ 0000]
mul_ln54          (mul           ) [ 0000]
add_ln54          (add           ) [ 0000]
lshr_ln2          (partselect    ) [ 0000]
zext_ln54_1       (zext          ) [ 0000]
add_ln54_1        (add           ) [ 0000]
q                 (partselect    ) [ 0000]
xor_ln56          (xor           ) [ 0000]
zext_ln56         (zext          ) [ 0000]
mul_ln56          (mul           ) [ 0000]
add_ln56          (add           ) [ 0000]
lshr_ln3          (partselect    ) [ 0000]
zext_ln56_1       (zext          ) [ 0000]
add_ln56_1        (add           ) [ 0000]
trunc_ln1         (partselect    ) [ 0000]
xor_ln57          (xor           ) [ 0000]
zext_ln57         (zext          ) [ 0000]
mul_ln57          (mul           ) [ 0000]
add_ln57          (add           ) [ 0000]
lshr_ln4          (partselect    ) [ 0000]
zext_ln57_1       (zext          ) [ 0000]
add_ln57_1        (add           ) [ 0000]
t                 (partselect    ) [ 0000]
icmp_ln60         (icmp          ) [ 0000]
xor_ln29          (xor           ) [ 0000]
and_ln60          (and           ) [ 0000]
icmp_ln60_1       (icmp          ) [ 0000]
and_ln60_1        (and           ) [ 0000]
icmp_ln60_2       (icmp          ) [ 0000]
icmp_ln60_3       (icmp          ) [ 0000]
or_ln60           (or            ) [ 0000]
and_ln60_2        (and           ) [ 0000]
sel_tmp           (bitconcatenate) [ 0000]
r_1_0_0_s         (sparsemux     ) [ 0000]
and_ln60_3        (and           ) [ 0000]
icmp_ln60_4       (icmp          ) [ 0000]
and_ln60_4        (and           ) [ 0000]
or_ln60_1         (or            ) [ 0000]
or_ln60_2         (or            ) [ 0000]
sel_tmp1          (bitconcatenate) [ 0000]
g_1_0_0_s         (sparsemux     ) [ 0000]
and_ln60_5        (and           ) [ 0000]
or_ln60_3         (or            ) [ 0000]
or_ln60_4         (or            ) [ 0000]
or_ln60_5         (or            ) [ 0000]
and_ln60_6        (and           ) [ 0000]
sel_tmp2          (bitconcatenate) [ 0000]
b_1_0_0_s         (sparsemux     ) [ 0000]
or_ln106_7        (bitconcatenate) [ 0000]
zext_ln106        (zext          ) [ 0101]
specpipeline_ln6  (specpipeline  ) [ 0000]
spectopmodule_ln3 (spectopmodule ) [ 0000]
specinterface_ln3 (specinterface ) [ 0000]
specinterface_ln0 (specinterface ) [ 0000]
specbitsmap_ln0   (specbitsmap   ) [ 0000]
specinterface_ln0 (specinterface ) [ 0000]
specbitsmap_ln0   (specbitsmap   ) [ 0000]
specinterface_ln0 (specinterface ) [ 0000]
write_ln106       (write         ) [ 0000]
ret_ln107         (ret           ) [ 0000]
</LifeTime>

<model>

<comp_list>
<comp id="0" class="1000" name="in_stream">
<pin_list>
<pin id="1" dir="1" index="0" bw="1" slack="0"/>
</pin_list>
<bind>
<StgValue><ssdm name="in_stream"/></StgValue>
</bind>
</comp>

<comp id="2" class="1000" name="out_stream">
<pin_list>
<pin id="3" dir="1" index="0" bw="1" slack="0"/>
</pin_list>
<bind>
<StgValue><ssdm name="out_stream"/></StgValue>
</bind>
</comp>

<comp id="4" class="1001" name="const_4">
<pin_list>
<pin id="5" dir="1" index="0" bw="1" slack="0"/>
</pin_list>
<bind>
<StgValue><ssdm name="_ssdm_op_Read.axis.volatile.i32P128A"/></StgValue>
</bind>
</comp>

<comp id="6" class="1001" name="const_6">
<pin_list>
<pin id="7" dir="1" index="0" bw="1" slack="0"/>
</pin_list>
<bind>
<StgValue><ssdm name="_ssdm_op_PartSelect.i8.i32.i32.i32"/></StgValue>
</bind>
</comp>

<comp id="8" class="1001" name="const_8">
<pin_list>
<pin id="9" dir="1" index="0" bw="1" slack="0"/>
</pin_list>
<bind>
<StgValue><ssdm name=""/></StgValue>
</bind>
</comp>

<comp id="10" class="1001" name="const_10">
<pin_list>
<pin id="11" dir="1" index="0" bw="1" slack="0"/>
</pin_list>
<bind>
<StgValue><ssdm name=""/></StgValue>
</bind>
</comp>

<comp id="12" class="1001" name="const_12">
<pin_list>
<pin id="13" dir="1" index="0" bw="1" slack="0"/>
</pin_list>
<bind>
<StgValue><ssdm name=""/></StgValue>
</bind>
</comp>

<comp id="14" class="1001" name="const_14">
<pin_list>
<pin id="15" dir="1" index="0" bw="1" slack="0"/>
</pin_list>
<bind>
<StgValue><ssdm name=""/></StgValue>
</bind>
</comp>

<comp id="16" class="1001" name="const_16">
<pin_list>
<pin id="17" dir="1" index="0" bw="1" slack="0"/>
</pin_list>
<bind>
<StgValue><ssdm name=""/></StgValue>
</bind>
</comp>

<comp id="18" class="1001" name="const_18">
<pin_list>
<pin id="19" dir="1" index="0" bw="1" slack="0"/>
</pin_list>
<bind>
<StgValue><ssdm name=""/></StgValue>
</bind>
</comp>

<comp id="20" class="1001" name="const_20">
<pin_list>
<pin id="21" dir="1" index="0" bw="1" slack="0"/>
</pin_list>
<bind>
<StgValue><ssdm name=""/></StgValue>
</bind>
</comp>

<comp id="22" class="1001" name="const_22">
<pin_list>
<pin id="23" dir="1" index="0" bw="1" slack="0"/>
</pin_list>
<bind>
<StgValue><ssdm name="_ssdm_op_PartSelect.i3.i19.i32.i32"/></StgValue>
</bind>
</comp>

<comp id="24" class="1001" name="const_24">
<pin_list>
<pin id="25" dir="1" index="0" bw="1" slack="0"/>
</pin_list>
<bind>
<StgValue><ssdm name=""/></StgValue>
</bind>
</comp>

<comp id="26" class="1001" name="const_26">
<pin_list>
<pin id="27" dir="1" index="0" bw="1" slack="0"/>
</pin_list>
<bind>
<StgValue><ssdm name="_ssdm_op_BitConcatenate.i8.i3.i5"/></StgValue>
</bind>
</comp>

<comp id="28" class="1001" name="const_28">
<pin_list>
<pin id="29" dir="1" index="0" bw="1" slack="0"/>
</pin_list>
<bind>
<StgValue><ssdm name=""/></StgValue>
</bind>
</comp>

<comp id="30" class="1001" name="const_30">
<pin_list>
<pin id="31" dir="1" index="0" bw="1" slack="0"/>
</pin_list>
<bind>
<StgValue><ssdm name="_ssdm_op_BitConcatenate.i4.i3.i1"/></StgValue>
</bind>
</comp>

<comp id="32" class="1001" name="const_32">
<pin_list>
<pin id="33" dir="1" index="0" bw="1" slack="0"/>
</pin_list>
<bind>
<StgValue><ssdm name=""/></StgValue>
</bind>
</comp>

<comp id="34" class="1001" name="const_34">
<pin_list>
<pin id="35" dir="1" index="0" bw="1" slack="0"/>
</pin_list>
<bind>
<StgValue><ssdm name="_ssdm_op_BitConcatenate.i8.i5.i3"/></StgValue>
</bind>
</comp>

<comp id="36" class="1001" name="const_36">
<pin_list>
<pin id="37" dir="1" index="0" bw="1" slack="0"/>
</pin_list>
<bind>
<StgValue><ssdm name=""/></StgValue>
</bind>
</comp>

<comp id="38" class="1001" name="const_38">
<pin_list>
<pin id="39" dir="1" index="0" bw="1" slack="0"/>
</pin_list>
<bind>
<StgValue><ssdm name="_ssdm_op_PartSelect.i8.i9.i32.i32"/></StgValue>
</bind>
</comp>

<comp id="40" class="1001" name="const_40">
<pin_list>
<pin id="41" dir="1" index="0" bw="1" slack="0"/>
</pin_list>
<bind>
<StgValue><ssdm name=""/></StgValue>
</bind>
</comp>

<comp id="42" class="1001" name="const_42">
<pin_list>
<pin id="43" dir="1" index="0" bw="1" slack="0"/>
</pin_list>
<bind>
<StgValue><ssdm name="_ssdm_op_PartSelect.i2.i32.i32.i32"/></StgValue>
</bind>
</comp>

<comp id="44" class="1001" name="const_44">
<pin_list>
<pin id="45" dir="1" index="0" bw="1" slack="0"/>
</pin_list>
<bind>
<StgValue><ssdm name=""/></StgValue>
</bind>
</comp>

<comp id="46" class="1001" name="const_46">
<pin_list>
<pin id="47" dir="1" index="0" bw="1" slack="0"/>
</pin_list>
<bind>
<StgValue><ssdm name=""/></StgValue>
</bind>
</comp>

<comp id="48" class="1001" name="const_48">
<pin_list>
<pin id="49" dir="1" index="0" bw="1" slack="0"/>
</pin_list>
<bind>
<StgValue><ssdm name=""/></StgValue>
</bind>
</comp>

<comp id="50" class="1001" name="const_50">
<pin_list>
<pin id="51" dir="1" index="0" bw="1" slack="0"/>
</pin_list>
<bind>
<StgValue><ssdm name=""/></StgValue>
</bind>
</comp>

<comp id="52" class="1001" name="const_52">
<pin_list>
<pin id="53" dir="1" index="0" bw="1" slack="0"/>
</pin_list>
<bind>
<StgValue><ssdm name="_ssdm_op_PartSelect.i8.i16.i32.i32"/></StgValue>
</bind>
</comp>

<comp id="54" class="1001" name="const_54">
<pin_list>
<pin id="55" dir="1" index="0" bw="1" slack="0"/>
</pin_list>
<bind>
<StgValue><ssdm name=""/></StgValue>
</bind>
</comp>

<comp id="56" class="1001" name="const_56">
<pin_list>
<pin id="57" dir="1" index="0" bw="1" slack="0"/>
</pin_list>
<bind>
<StgValue><ssdm name=""/></StgValue>
</bind>
</comp>

<comp id="58" class="1001" name="const_58">
<pin_list>
<pin id="59" dir="1" index="0" bw="1" slack="0"/>
</pin_list>
<bind>
<StgValue><ssdm name=""/></StgValue>
</bind>
</comp>

<comp id="60" class="1001" name="const_60">
<pin_list>
<pin id="61" dir="1" index="0" bw="1" slack="0"/>
</pin_list>
<bind>
<StgValue><ssdm name=""/></StgValue>
</bind>
</comp>

<comp id="62" class="1001" name="const_62">
<pin_list>
<pin id="63" dir="1" index="0" bw="1" slack="0"/>
</pin_list>
<bind>
<StgValue><ssdm name=""/></StgValue>
</bind>
</comp>

<comp id="64" class="1001" name="const_64">
<pin_list>
<pin id="65" dir="1" index="0" bw="1" slack="0"/>
</pin_list>
<bind>
<StgValue><ssdm name="_ssdm_op_BitConcatenate.i3.i1.i1.i1"/></StgValue>
</bind>
</comp>

<comp id="66" class="1001" name="const_66">
<pin_list>
<pin id="67" dir="1" index="0" bw="1" slack="0"/>
</pin_list>
<bind>
<StgValue><ssdm name="_ssdm_op_SparseMux.ap_auto.4i8.i8.i3"/></StgValue>
</bind>
</comp>

<comp id="68" class="1001" name="const_68">
<pin_list>
<pin id="69" dir="1" index="0" bw="1" slack="0"/>
</pin_list>
<bind>
<StgValue><ssdm name=""/></StgValue>
</bind>
</comp>

<comp id="70" class="1001" name="const_70">
<pin_list>
<pin id="71" dir="1" index="0" bw="1" slack="0"/>
</pin_list>
<bind>
<StgValue><ssdm name="_ssdm_op_BitConcatenate.i26.i2.i8.i8.i8"/></StgValue>
</bind>
</comp>

<comp id="72" class="1001" name="const_72">
<pin_list>
<pin id="73" dir="1" index="0" bw="1" slack="0"/>
</pin_list>
<bind>
<StgValue><ssdm name="_ssdm_op_Write.axis.volatile.i32P128A"/></StgValue>
</bind>
</comp>

<comp id="74" class="1001" name="const_74">
<pin_list>
<pin id="75" dir="1" index="0" bw="1" slack="2147483647"/>
</pin_list>
<bind>
<StgValue><ssdm name="_ssdm_op_SpecPipeline"/></StgValue>
</bind>
</comp>

<comp id="76" class="1001" name="const_76">
<pin_list>
<pin id="77" dir="1" index="0" bw="1" slack="2147483647"/>
</pin_list>
<bind>
<StgValue><ssdm name=""/></StgValue>
</bind>
</comp>

<comp id="78" class="1001" name="const_78">
<pin_list>
<pin id="79" dir="1" index="0" bw="1" slack="2147483647"/>
</pin_list>
<bind>
<StgValue><ssdm name=""/></StgValue>
</bind>
</comp>

<comp id="80" class="1001" name="const_80">
<pin_list>
<pin id="81" dir="1" index="0" bw="1" slack="2147483647"/>
</pin_list>
<bind>
<StgValue><ssdm name="empty_1"/></StgValue>
</bind>
</comp>

<comp id="82" class="1001" name="const_82">
<pin_list>
<pin id="83" dir="1" index="0" bw="1" slack="2147483647"/>
</pin_list>
<bind>
<StgValue><ssdm name="_ssdm_op_SpecTopModule"/></StgValue>
</bind>
</comp>

<comp id="84" class="1001" name="const_84">
<pin_list>
<pin id="85" dir="1" index="0" bw="1" slack="2147483647"/>
</pin_list>
<bind>
<StgValue><ssdm name="empty_4"/></StgValue>
</bind>
</comp>

<comp id="86" class="1001" name="const_86">
<pin_list>
<pin id="87" dir="1" index="0" bw="1" slack="2147483647"/>
</pin_list>
<bind>
<StgValue><ssdm name="_ssdm_op_SpecInterface"/></StgValue>
</bind>
</comp>

<comp id="88" class="1001" name="const_88">
<pin_list>
<pin id="89" dir="1" index="0" bw="1" slack="2147483647"/>
</pin_list>
<bind>
<StgValue><ssdm name="empty_5"/></StgValue>
</bind>
</comp>

<comp id="90" class="1001" name="const_90">
<pin_list>
<pin id="91" dir="1" index="0" bw="1" slack="2147483647"/>
</pin_list>
<bind>
<StgValue><ssdm name="empty"/></StgValue>
</bind>
</comp>

<comp id="92" class="1001" name="const_92">
<pin_list>
<pin id="93" dir="1" index="0" bw="1" slack="2147483647"/>
</pin_list>
<bind>
<StgValue><ssdm name="empty_0"/></StgValue>
</bind>
</comp>

<comp id="94" class="1001" name="const_94">
<pin_list>
<pin id="95" dir="1" index="0" bw="1" slack="2147483647"/>
</pin_list>
<bind>
<StgValue><ssdm name="_ssdm_op_SpecBitsMap"/></StgValue>
</bind>
</comp>

<comp id="96" class="1001" name="const_96">
<pin_list>
<pin id="97" dir="1" index="0" bw="1" slack="2147483647"/>
</pin_list>
<bind>
<StgValue><ssdm name="empty_2"/></StgValue>
</bind>
</comp>

<comp id="98" class="1001" name="const_98">
<pin_list>
<pin id="99" dir="1" index="0" bw="1" slack="2147483647"/>
</pin_list>
<bind>
<StgValue><ssdm name="empty_3"/></StgValue>
</bind>
</comp>

<comp id="100" class="1004" name="in_stream_read_read_fu_100">
<pin_list>
<pin id="101" dir="0" index="0" bw="32" slack="0"/>
<pin id="102" dir="0" index="1" bw="32" slack="0"/>
<pin id="103" dir="1" index="2" bw="32" slack="0"/>
</pin_list>
<bind>
<opcode="read(1150) " fcode="read"/>
<opset="in_stream_read/1 "/>
</bind>
</comp>

<comp id="106" class="1004" name="grp_write_fu_106">
<pin_list>
<pin id="107" dir="0" index="0" bw="0" slack="0"/>
<pin id="108" dir="0" index="1" bw="32" slack="0"/>
<pin id="109" dir="0" index="2" bw="26" slack="0"/>
<pin id="110" dir="1" index="3" bw="0" slack="2147483647"/>
</pin_list>
<bind>
<opcode="write(1151) " fcode="write"/>
<opset="write_ln106/2 "/>
</bind>
</comp>

<comp id="113" class="1004" name="in_packet_data_fu_113">
<pin_list>
<pin id="114" dir="0" index="0" bw="32" slack="0"/>
<pin id="115" dir="1" index="1" bw="8" slack="0"/>
</pin_list>
<bind>
<opcode="trunc(33) " fcode="trunc"/>
<opset="in_packet_data/1 "/>
</bind>
</comp>

<comp id="117" class="1004" name="in_packet_data_3_fu_117">
<pin_list>
<pin id="118" dir="0" index="0" bw="8" slack="0"/>
<pin id="119" dir="0" index="1" bw="32" slack="0"/>
<pin id="120" dir="0" index="2" bw="5" slack="0"/>
<pin id="121" dir="0" index="3" bw="5" slack="0"/>
<pin id="122" dir="1" index="4" bw="8" slack="1"/>
</pin_list>
<bind>
<opcode="partselect(1002) " fcode="partselect"/>
<opset="in_packet_data_3/1 "/>
</bind>
</comp>

<comp id="127" class="1004" name="in_packet_data_4_fu_127">
<pin_list>
<pin id="128" dir="0" index="0" bw="8" slack="0"/>
<pin id="129" dir="0" index="1" bw="32" slack="0"/>
<pin id="130" dir="0" index="2" bw="6" slack="0"/>
<pin id="131" dir="0" index="3" bw="6" slack="0"/>
<pin id="132" dir="1" index="4" bw="8" slack="1"/>
</pin_list>
<bind>
<opcode="partselect(1002) " fcode="partselect"/>
<opset="in_packet_data_4/1 "/>
</bind>
</comp>

<comp id="137" class="1004" name="icmp_ln25_fu_137">
<pin_list>
<pin id="138" dir="0" index="0" bw="8" slack="0"/>
<pin id="139" dir="0" index="1" bw="8" slack="0"/>
<pin id="140" dir="1" index="2" bw="1" slack="0"/>
</pin_list>
<bind>
<opcode="icmp(45) " fcode="icmp"/>
<opset="icmp_ln25/1 "/>
</bind>
</comp>

<comp id="143" class="1004" name="h_1_fu_143">
<pin_list>
<pin id="144" dir="0" index="0" bw="1" slack="0"/>
<pin id="145" dir="0" index="1" bw="8" slack="0"/>
<pin id="146" dir="0" index="2" bw="8" slack="0"/>
<pin id="147" dir="1" index="3" bw="8" slack="0"/>
</pin_list>
<bind>
<opcode="select(49) " fcode="select"/>
<opset="h_1/1 "/>
</bind>
</comp>

<comp id="151" class="1004" name="zext_ln32_fu_151">
<pin_list>
<pin id="152" dir="0" index="0" bw="8" slack="0"/>
<pin id="153" dir="1" index="1" bw="19" slack="0"/>
</pin_list>
<bind>
<opcode="zext(34) " fcode="zext"/>
<opset="zext_ln32/1 "/>
</bind>
</comp>

<comp id="155" class="1004" name="h_scaled_fu_155">
<pin_list>
<pin id="156" dir="0" index="0" bw="8" slack="0"/>
<pin id="157" dir="0" index="1" bw="13" slack="0"/>
<pin id="158" dir="1" index="2" bw="19" slack="0"/>
</pin_list>
<bind>
<opcode="mul(12) " fcode="mul"/>
<opset="h_scaled/1 "/>
</bind>
</comp>

<comp id="161" class="1004" name="region_fu_161">
<pin_list>
<pin id="162" dir="0" index="0" bw="3" slack="0"/>
<pin id="163" dir="0" index="1" bw="19" slack="0"/>
<pin id="164" dir="0" index="2" bw="6" slack="0"/>
<pin id="165" dir="0" index="3" bw="6" slack="0"/>
<pin id="166" dir="1" index="4" bw="3" slack="0"/>
</pin_list>
<bind>
<opcode="partselect(1002) " fcode="partselect"/>
<opset="region/1 "/>
</bind>
</comp>

<comp id="171" class="1004" name="p_shl_fu_171">
<pin_list>
<pin id="172" dir="0" index="0" bw="8" slack="0"/>
<pin id="173" dir="0" index="1" bw="3" slack="0"/>
<pin id="174" dir="0" index="2" bw="1" slack="0"/>
<pin id="175" dir="1" index="3" bw="8" slack="0"/>
</pin_list>
<bind>
<opcode="bitconcatenate(1004) " fcode="bitconcatenate"/>
<opset="p_shl/1 "/>
</bind>
</comp>

<comp id="179" class="1004" name="tmp_fu_179">
<pin_list>
<pin id="180" dir="0" index="0" bw="4" slack="0"/>
<pin id="181" dir="0" index="1" bw="3" slack="0"/>
<pin id="182" dir="0" index="2" bw="1" slack="0"/>
<pin id="183" dir="1" index="3" bw="4" slack="0"/>
</pin_list>
<bind>
<opcode="bitconcatenate(1004) " fcode="bitconcatenate"/>
<opset="tmp/1 "/>
</bind>
</comp>

<comp id="187" class="1004" name="zext_ln39_fu_187">
<pin_list>
<pin id="188" dir="0" index="0" bw="4" slack="0"/>
<pin id="189" dir="1" index="1" bw="8" slack="0"/>
</pin_list>
<bind>
<opcode="zext(34) " fcode="zext"/>
<opset="zext_ln39/1 "/>
</bind>
</comp>

<comp id="191" class="1004" name="sub_ln39_1_fu_191">
<pin_list>
<pin id="192" dir="0" index="0" bw="8" slack="0"/>
<pin id="193" dir="0" index="1" bw="4" slack="0"/>
<pin id="194" dir="1" index="2" bw="8" slack="0"/>
</pin_list>
<bind>
<opcode="sub(10) " fcode="sub"/>
<opset="sub_ln39_1/1 "/>
</bind>
</comp>

<comp id="197" class="1004" name="zext_ln39_1_fu_197">
<pin_list>
<pin id="198" dir="0" index="0" bw="8" slack="0"/>
<pin id="199" dir="1" index="1" bw="9" slack="0"/>
</pin_list>
<bind>
<opcode="zext(34) " fcode="zext"/>
<opset="zext_ln39_1/1 "/>
</bind>
</comp>

<comp id="201" class="1004" name="zext_ln39_2_fu_201">
<pin_list>
<pin id="202" dir="0" index="0" bw="8" slack="0"/>
<pin id="203" dir="1" index="1" bw="9" slack="0"/>
</pin_list>
<bind>
<opcode="zext(34) " fcode="zext"/>
<opset="zext_ln39_2/1 "/>
</bind>
</comp>

<comp id="205" class="1004" name="sub_ln39_fu_205">
<pin_list>
<pin id="206" dir="0" index="0" bw="8" slack="0"/>
<pin id="207" dir="0" index="1" bw="8" slack="0"/>
<pin id="208" dir="1" index="2" bw="9" slack="0"/>
</pin_list>
<bind>
<opcode="sub(10) " fcode="sub"/>
<opset="sub_ln39/1 "/>
</bind>
</comp>

<comp id="211" class="1004" name="trunc_ln43_fu_211">
<pin_list>
<pin id="212" dir="0" index="0" bw="9" slack="0"/>
<pin id="213" dir="1" index="1" bw="5" slack="0"/>
</pin_list>
<bind>
<opcode="trunc(33) " fcode="trunc"/>
<opset="trunc_ln43/1 "/>
</bind>
</comp>

<comp id="215" class="1004" name="shl_ln_fu_215">
<pin_list>
<pin id="216" dir="0" index="0" bw="8" slack="0"/>
<pin id="217" dir="0" index="1" bw="5" slack="0"/>
<pin id="218" dir="0" index="2" bw="1" slack="0"/>
<pin id="219" dir="1" index="3" bw="8" slack="0"/>
</pin_list>
<bind>
<opcode="bitconcatenate(1004) " fcode="bitconcatenate"/>
<opset="shl_ln/1 "/>
</bind>
</comp>

<comp id="223" class="1004" name="trunc_ln43_1_fu_223">
<pin_list>
<pin id="224" dir="0" index="0" bw="8" slack="0"/>
<pin id="225" dir="0" index="1" bw="9" slack="0"/>
<pin id="226" dir="0" index="2" bw="1" slack="0"/>
<pin id="227" dir="0" index="3" bw="5" slack="0"/>
<pin id="228" dir="1" index="4" bw="8" slack="0"/>
</pin_list>
<bind>
<opcode="partselect(1002) " fcode="partselect"/>
<opset="trunc_ln43_1/1 "/>
</bind>
</comp>

<comp id="233" class="1004" name="f_fu_233">
<pin_list>
<pin id="234" dir="0" index="0" bw="8" slack="0"/>
<pin id="235" dir="0" index="1" bw="8" slack="0"/>
<pin id="236" dir="1" index="2" bw="8" slack="1"/>
</pin_list>
<bind>
<opcode="add(8) " fcode="add"/>
<opset="f/1 "/>
</bind>
</comp>

<comp id="239" class="1004" name="tmp_1_fu_239">
<pin_list>
<pin id="240" dir="0" index="0" bw="2" slack="0"/>
<pin id="241" dir="0" index="1" bw="32" slack="0"/>
<pin id="242" dir="0" index="2" bw="6" slack="0"/>
<pin id="243" dir="0" index="3" bw="6" slack="0"/>
<pin id="244" dir="1" index="4" bw="2" slack="1"/>
</pin_list>
<bind>
<opcode="partselect(1002) " fcode="partselect"/>
<opset="tmp_1/1 "/>
</bind>
</comp>

<comp id="249" class="1004" name="icmp_ln29_fu_249">
<pin_list>
<pin id="250" dir="0" index="0" bw="8" slack="1"/>
<pin id="251" dir="0" index="1" bw="8" slack="0"/>
<pin id="252" dir="1" index="2" bw="1" slack="0"/>
</pin_list>
<bind>
<opcode="icmp(45) " fcode="icmp"/>
<opset="icmp_ln29/2 "/>
</bind>
</comp>

<comp id="254" class="1004" name="xor_ln51_fu_254">
<pin_list>
<pin id="255" dir="0" index="0" bw="8" slack="1"/>
<pin id="256" dir="0" index="1" bw="8" slack="0"/>
<pin id="257" dir="1" index="2" bw="8" slack="0"/>
</pin_list>
<bind>
<opcode="xor(25) " fcode="xor"/>
<opset="xor_ln51/2 "/>
</bind>
</comp>

<comp id="259" class="1004" name="zext_ln51_fu_259">
<pin_list>
<pin id="260" dir="0" index="0" bw="8" slack="1"/>
<pin id="261" dir="1" index="1" bw="16" slack="0"/>
</pin_list>
<bind>
<opcode="zext(34) " fcode="zext"/>
<opset="zext_ln51/2 "/>
</bind>
</comp>

<comp id="262" class="1004" name="zext_ln51_1_fu_262">
<pin_list>
<pin id="263" dir="0" index="0" bw="8" slack="0"/>
<pin id="264" dir="1" index="1" bw="16" slack="0"/>
</pin_list>
<bind>
<opcode="zext(34) " fcode="zext"/>
<opset="zext_ln51_1/2 "/>
</bind>
</comp>

<comp id="266" class="1004" name="mul_ln51_fu_266">
<pin_list>
<pin id="267" dir="0" index="0" bw="8" slack="0"/>
<pin id="268" dir="0" index="1" bw="8" slack="0"/>
<pin id="269" dir="1" index="2" bw="16" slack="0"/>
</pin_list>
<bind>
<opcode="mul(12) " fcode="mul"/>
<opset="mul_ln51/2 "/>
</bind>
</comp>

<comp id="272" class="1004" name="add_ln51_fu_272">
<pin_list>
<pin id="273" dir="0" index="0" bw="16" slack="0"/>
<pin id="274" dir="0" index="1" bw="1" slack="0"/>
<pin id="275" dir="1" index="2" bw="16" slack="0"/>
</pin_list>
<bind>
<opcode="add(8) " fcode="add"/>
<opset="add_ln51/2 "/>
</bind>
</comp>

<comp id="278" class="1004" name="lshr_ln_fu_278">
<pin_list>
<pin id="279" dir="0" index="0" bw="8" slack="0"/>
<pin id="280" dir="0" index="1" bw="16" slack="0"/>
<pin id="281" dir="0" index="2" bw="5" slack="0"/>
<pin id="282" dir="0" index="3" bw="5" slack="0"/>
<pin id="283" dir="1" index="4" bw="8" slack="0"/>
</pin_list>
<bind>
<opcode="partselect(1002) " fcode="partselect"/>
<opset="lshr_ln/2 "/>
</bind>
</comp>

<comp id="288" class="1004" name="zext_ln51_2_fu_288">
<pin_list>
<pin id="289" dir="0" index="0" bw="8" slack="0"/>
<pin id="290" dir="1" index="1" bw="16" slack="0"/>
</pin_list>
<bind>
<opcode="zext(34) " fcode="zext"/>
<opset="zext_ln51_2/2 "/>
</bind>
</comp>

<comp id="292" class="1004" name="add_ln51_1_fu_292">
<pin_list>
<pin id="293" dir="0" index="0" bw="16" slack="0"/>
<pin id="294" dir="0" index="1" bw="8" slack="0"/>
<pin id="295" dir="1" index="2" bw="16" slack="0"/>
</pin_list>
<bind>
<opcode="add(8) " fcode="add"/>
<opset="add_ln51_1/2 "/>
</bind>
</comp>

<comp id="298" class="1004" name="p_fu_298">
<pin_list>
<pin id="299" dir="0" index="0" bw="8" slack="0"/>
<pin id="300" dir="0" index="1" bw="16" slack="0"/>
<pin id="301" dir="0" index="2" bw="5" slack="0"/>
<pin id="302" dir="0" index="3" bw="5" slack="0"/>
<pin id="303" dir="1" index="4" bw="8" slack="0"/>
</pin_list>
<bind>
<opcode="partselect(1002) " fcode="partselect"/>
<opset="p/2 "/>
</bind>
</comp>

<comp id="308" class="1004" name="zext_ln53_fu_308">
<pin_list>
<pin id="309" dir="0" index="0" bw="8" slack="1"/>
<pin id="310" dir="1" index="1" bw="16" slack="0"/>
</pin_list>
<bind>
<opcode="zext(34) " fcode="zext"/>
<opset="zext_ln53/2 "/>
</bind>
</comp>

<comp id="311" class="1004" name="zext_ln53_1_fu_311">
<pin_list>
<pin id="312" dir="0" index="0" bw="8" slack="1"/>
<pin id="313" dir="1" index="1" bw="16" slack="0"/>
</pin_list>
<bind>
<opcode="zext(34) " fcode="zext"/>
<opset="zext_ln53_1/2 "/>
</bind>
</comp>

<comp id="314" class="1004" name="mul_ln53_fu_314">
<pin_list>
<pin id="315" dir="0" index="0" bw="8" slack="0"/>
<pin id="316" dir="0" index="1" bw="8" slack="0"/>
<pin id="317" dir="1" index="2" bw="16" slack="0"/>
</pin_list>
<bind>
<opcode="mul(12) " fcode="mul"/>
<opset="mul_ln53/2 "/>
</bind>
</comp>

<comp id="320" class="1004" name="add_ln53_fu_320">
<pin_list>
<pin id="321" dir="0" index="0" bw="16" slack="0"/>
<pin id="322" dir="0" index="1" bw="1" slack="0"/>
<pin id="323" dir="1" index="2" bw="16" slack="0"/>
</pin_list>
<bind>
<opcode="add(8) " fcode="add"/>
<opset="add_ln53/2 "/>
</bind>
</comp>

<comp id="326" class="1004" name="lshr_ln1_fu_326">
<pin_list>
<pin id="327" dir="0" index="0" bw="8" slack="0"/>
<pin id="328" dir="0" index="1" bw="16" slack="0"/>
<pin id="329" dir="0" index="2" bw="5" slack="0"/>
<pin id="330" dir="0" index="3" bw="5" slack="0"/>
<pin id="331" dir="1" index="4" bw="8" slack="0"/>
</pin_list>
<bind>
<opcode="partselect(1002) " fcode="partselect"/>
<opset="lshr_ln1/2 "/>
</bind>
</comp>

<comp id="336" class="1004" name="zext_ln53_2_fu_336">
<pin_list>
<pin id="337" dir="0" index="0" bw="8" slack="0"/>
<pin id="338" dir="1" index="1" bw="16" slack="0"/>
</pin_list>
<bind>
<opcode="zext(34) " fcode="zext"/>
<opset="zext_ln53_2/2 "/>
</bind>
</comp>

<comp id="340" class="1004" name="add_ln53_1_fu_340">
<pin_list>
<pin id="341" dir="0" index="0" bw="16" slack="0"/>
<pin id="342" dir="0" index="1" bw="8" slack="0"/>
<pin id="343" dir="1" index="2" bw="16" slack="0"/>
</pin_list>
<bind>
<opcode="add(8) " fcode="add"/>
<opset="add_ln53_1/2 "/>
</bind>
</comp>

<comp id="346" class="1004" name="trunc_ln_fu_346">
<pin_list>
<pin id="347" dir="0" index="0" bw="8" slack="0"/>
<pin id="348" dir="0" index="1" bw="16" slack="0"/>
<pin id="349" dir="0" index="2" bw="5" slack="0"/>
<pin id="350" dir="0" index="3" bw="5" slack="0"/>
<pin id="351" dir="1" index="4" bw="8" slack="0"/>
</pin_list>
<bind>
<opcode="partselect(1002) " fcode="partselect"/>
<opset="trunc_ln/2 "/>
</bind>
</comp>

<comp id="356" class="1004" name="xor_ln54_fu_356">
<pin_list>
<pin id="357" dir="0" index="0" bw="8" slack="0"/>
<pin id="358" dir="0" index="1" bw="8" slack="0"/>
<pin id="359" dir="1" index="2" bw="8" slack="0"/>
</pin_list>
<bind>
<opcode="xor(25) " fcode="xor"/>
<opset="xor_ln54/2 "/>
</bind>
</comp>

<comp id="362" class="1004" name="zext_ln54_fu_362">
<pin_list>
<pin id="363" dir="0" index="0" bw="8" slack="0"/>
<pin id="364" dir="1" index="1" bw="16" slack="0"/>
</pin_list>
<bind>
<opcode="zext(34) " fcode="zext"/>
<opset="zext_ln54/2 "/>
</bind>
</comp>

<comp id="366" class="1004" name="mul_ln54_fu_366">
<pin_list>
<pin id="367" dir="0" index="0" bw="8" slack="0"/>
<pin id="368" dir="0" index="1" bw="8" slack="0"/>
<pin id="369" dir="1" index="2" bw="16" slack="0"/>
</pin_list>
<bind>
<opcode="mul(12) " fcode="mul"/>
<opset="mul_ln54/2 "/>
</bind>
</comp>

<comp id="372" class="1004" name="add_ln54_fu_372">
<pin_list>
<pin id="373" dir="0" index="0" bw="16" slack="0"/>
<pin id="374" dir="0" index="1" bw="1" slack="0"/>
<pin id="375" dir="1" index="2" bw="16" slack="0"/>
</pin_list>
<bind>
<opcode="add(8) " fcode="add"/>
<opset="add_ln54/2 "/>
</bind>
</comp>

<comp id="378" class="1004" name="lshr_ln2_fu_378">
<pin_list>
<pin id="379" dir="0" index="0" bw="8" slack="0"/>
<pin id="380" dir="0" index="1" bw="16" slack="0"/>
<pin id="381" dir="0" index="2" bw="5" slack="0"/>
<pin id="382" dir="0" index="3" bw="5" slack="0"/>
<pin id="383" dir="1" index="4" bw="8" slack="0"/>
</pin_list>
<bind>
<opcode="partselect(1002) " fcode="partselect"/>
<opset="lshr_ln2/2 "/>
</bind>
</comp>

<comp id="388" class="1004" name="zext_ln54_1_fu_388">
<pin_list>
<pin id="389" dir="0" index="0" bw="8" slack="0"/>
<pin id="390" dir="1" index="1" bw="16" slack="0"/>
</pin_list>
<bind>
<opcode="zext(34) " fcode="zext"/>
<opset="zext_ln54_1/2 "/>
</bind>
</comp>

<comp id="392" class="1004" name="add_ln54_1_fu_392">
<pin_list>
<pin id="393" dir="0" index="0" bw="16" slack="0"/>
<pin id="394" dir="0" index="1" bw="8" slack="0"/>
<pin id="395" dir="1" index="2" bw="16" slack="0"/>
</pin_list>
<bind>
<opcode="add(8) " fcode="add"/>
<opset="add_ln54_1/2 "/>
</bind>
</comp>

<comp id="398" class="1004" name="q_fu_398">
<pin_list>
<pin id="399" dir="0" index="0" bw="8" slack="0"/>
<pin id="400" dir="0" index="1" bw="16" slack="0"/>
<pin id="401" dir="0" index="2" bw="5" slack="0"/>
<pin id="402" dir="0" index="3" bw="5" slack="0"/>
<pin id="403" dir="1" index="4" bw="8" slack="0"/>
</pin_list>
<bind>
<opcode="partselect(1002) " fcode="partselect"/>
<opset="q/2 "/>
</bind>
</comp>

<comp id="408" class="1004" name="xor_ln56_fu_408">
<pin_list>
<pin id="409" dir="0" index="0" bw="8" slack="1"/>
<pin id="410" dir="0" index="1" bw="8" slack="0"/>
<pin id="411" dir="1" index="2" bw="8" slack="0"/>
</pin_list>
<bind>
<opcode="xor(25) " fcode="xor"/>
<opset="xor_ln56/2 "/>
</bind>
</comp>

<comp id="413" class="1004" name="zext_ln56_fu_413">
<pin_list>
<pin id="414" dir="0" index="0" bw="8" slack="0"/>
<pin id="415" dir="1" index="1" bw="16" slack="0"/>
</pin_list>
<bind>
<opcode="zext(34) " fcode="zext"/>
<opset="zext_ln56/2 "/>
</bind>
</comp>

<comp id="417" class="1004" name="mul_ln56_fu_417">
<pin_list>
<pin id="418" dir="0" index="0" bw="8" slack="0"/>
<pin id="419" dir="0" index="1" bw="8" slack="0"/>
<pin id="420" dir="1" index="2" bw="16" slack="0"/>
</pin_list>
<bind>
<opcode="mul(12) " fcode="mul"/>
<opset="mul_ln56/2 "/>
</bind>
</comp>

<comp id="423" class="1004" name="add_ln56_fu_423">
<pin_list>
<pin id="424" dir="0" index="0" bw="16" slack="0"/>
<pin id="425" dir="0" index="1" bw="1" slack="0"/>
<pin id="426" dir="1" index="2" bw="16" slack="0"/>
</pin_list>
<bind>
<opcode="add(8) " fcode="add"/>
<opset="add_ln56/2 "/>
</bind>
</comp>

<comp id="429" class="1004" name="lshr_ln3_fu_429">
<pin_list>
<pin id="430" dir="0" index="0" bw="8" slack="0"/>
<pin id="431" dir="0" index="1" bw="16" slack="0"/>
<pin id="432" dir="0" index="2" bw="5" slack="0"/>
<pin id="433" dir="0" index="3" bw="5" slack="0"/>
<pin id="434" dir="1" index="4" bw="8" slack="0"/>
</pin_list>
<bind>
<opcode="partselect(1002) " fcode="partselect"/>
<opset="lshr_ln3/2 "/>
</bind>
</comp>

<comp id="439" class="1004" name="zext_ln56_1_fu_439">
<pin_list>
<pin id="440" dir="0" index="0" bw="8" slack="0"/>
<pin id="441" dir="1" index="1" bw="16" slack="0"/>
</pin_list>
<bind>
<opcode="zext(34) " fcode="zext"/>
<opset="zext_ln56_1/2 "/>
</bind>
</comp>

<comp id="443" class="1004" name="add_ln56_1_fu_443">
<pin_list>
<pin id="444" dir="0" index="0" bw="16" slack="0"/>
<pin id="445" dir="0" index="1" bw="8" slack="0"/>
<pin id="446" dir="1" index="2" bw="16" slack="0"/>
</pin_list>
<bind>
<opcode="add(8) " fcode="add"/>
<opset="add_ln56_1/2 "/>
</bind>
</comp>

<comp id="449" class="1004" name="trunc_ln1_fu_449">
<pin_list>
<pin id="450" dir="0" index="0" bw="8" slack="0"/>
<pin id="451" dir="0" index="1" bw="16" slack="0"/>
<pin id="452" dir="0" index="2" bw="5" slack="0"/>
<pin id="453" dir="0" index="3" bw="5" slack="0"/>
<pin id="454" dir="1" index="4" bw="8" slack="0"/>
</pin_list>
<bind>
<opcode="partselect(1002) " fcode="partselect"/>
<opset="trunc_ln1/2 "/>
</bind>
</comp>

<comp id="459" class="1004" name="xor_ln57_fu_459">
<pin_list>
<pin id="460" dir="0" index="0" bw="8" slack="0"/>
<pin id="461" dir="0" index="1" bw="8" slack="0"/>
<pin id="462" dir="1" index="2" bw="8" slack="0"/>
</pin_list>
<bind>
<opcode="xor(25) " fcode="xor"/>
<opset="xor_ln57/2 "/>
</bind>
</comp>

<comp id="465" class="1004" name="zext_ln57_fu_465">
<pin_list>
<pin id="466" dir="0" index="0" bw="8" slack="0"/>
<pin id="467" dir="1" index="1" bw="16" slack="0"/>
</pin_list>
<bind>
<opcode="zext(34) " fcode="zext"/>
<opset="zext_ln57/2 "/>
</bind>
</comp>

<comp id="469" class="1004" name="mul_ln57_fu_469">
<pin_list>
<pin id="470" dir="0" index="0" bw="8" slack="0"/>
<pin id="471" dir="0" index="1" bw="8" slack="0"/>
<pin id="472" dir="1" index="2" bw="16" slack="0"/>
</pin_list>
<bind>
<opcode="mul(12) " fcode="mul"/>
<opset="mul_ln57/2 "/>
</bind>
</comp>

<comp id="475" class="1004" name="add_ln57_fu_475">
<pin_list>
<pin id="476" dir="0" index="0" bw="16" slack="0"/>
<pin id="477" dir="0" index="1" bw="1" slack="0"/>
<pin id="478" dir="1" index="2" bw="16" slack="0"/>
</pin_list>
<bind>
<opcode="add(8) " fcode="add"/>
<opset="add_ln57/2 "/>
</bind>
</comp>

<comp id="481" class="1004" name="lshr_ln4_fu_481">
<pin_list>
<pin id="482" dir="0" index="0" bw="8" slack="0"/>
<pin id="483" dir="0" index="1" bw="16" slack="0"/>
<pin id="484" dir="0" index="2" bw="5" slack="0"/>
<pin id="485" dir="0" index="3" bw="5" slack="0"/>
<pin id="486" dir="1" index="4" bw="8" slack="0"/>
</pin_list>
<bind>
<opcode="partselect(1002) " fcode="partselect"/>
<opset="lshr_ln4/2 "/>
</bind>
</comp>

<comp id="491" class="1004" name="zext_ln57_1_fu_491">
<pin_list>
<pin id="492" dir="0" index="0" bw="8" slack="0"/>
<pin id="493" dir="1" index="1" bw="16" slack="0"/>
</pin_list>
<bind>
<opcode="zext(34) " fcode="zext"/>
<opset="zext_ln57_1/2 "/>
</bind>
</comp>

<comp id="495" class="1004" name="add_ln57_1_fu_495">
<pin_list>
<pin id="496" dir="0" index="0" bw="16" slack="0"/>
<pin id="497" dir="0" index="1" bw="8" slack="0"/>
<pin id="498" dir="1" index="2" bw="16" slack="0"/>
</pin_list>
<bind>
<opcode="add(8) " fcode="add"/>
<opset="add_ln57_1/2 "/>
</bind>
</comp>

<comp id="501" class="1004" name="t_fu_501">
<pin_list>
<pin id="502" dir="0" index="0" bw="8" slack="0"/>
<pin id="503" dir="0" index="1" bw="16" slack="0"/>
<pin id="504" dir="0" index="2" bw="5" slack="0"/>
<pin id="505" dir="0" index="3" bw="5" slack="0"/>
<pin id="506" dir="1" index="4" bw="8" slack="0"/>
</pin_list>
<bind>
<opcode="partselect(1002) " fcode="partselect"/>
<opset="t/2 "/>
</bind>
</comp>

<comp id="511" class="1004" name="icmp_ln60_fu_511">
<pin_list>
<pin id="512" dir="0" index="0" bw="3" slack="1"/>
<pin id="513" dir="0" index="1" bw="3" slack="0"/>
<pin id="514" dir="1" index="2" bw="1" slack="0"/>
</pin_list>
<bind>
<opcode="icmp(45) " fcode="icmp"/>
<opset="icmp_ln60/2 "/>
</bind>
</comp>

<comp id="516" class="1004" name="xor_ln29_fu_516">
<pin_list>
<pin id="517" dir="0" index="0" bw="1" slack="0"/>
<pin id="518" dir="0" index="1" bw="1" slack="0"/>
<pin id="519" dir="1" index="2" bw="1" slack="0"/>
</pin_list>
<bind>
<opcode="xor(25) " fcode="xor"/>
<opset="xor_ln29/2 "/>
</bind>
</comp>

<comp id="522" class="1004" name="and_ln60_fu_522">
<pin_list>
<pin id="523" dir="0" index="0" bw="1" slack="0"/>
<pin id="524" dir="0" index="1" bw="1" slack="0"/>
<pin id="525" dir="1" index="2" bw="1" slack="0"/>
</pin_list>
<bind>
<opcode="and(23) " fcode="and"/>
<opset="and_ln60/2 "/>
</bind>
</comp>

<comp id="528" class="1004" name="icmp_ln60_1_fu_528">
<pin_list>
<pin id="529" dir="0" index="0" bw="3" slack="1"/>
<pin id="530" dir="0" index="1" bw="3" slack="0"/>
<pin id="531" dir="1" index="2" bw="1" slack="0"/>
</pin_list>
<bind>
<opcode="icmp(45) " fcode="icmp"/>
<opset="icmp_ln60_1/2 "/>
</bind>
</comp>

<comp id="533" class="1004" name="and_ln60_1_fu_533">
<pin_list>
<pin id="534" dir="0" index="0" bw="1" slack="0"/>
<pin id="535" dir="0" index="1" bw="1" slack="0"/>
<pin id="536" dir="1" index="2" bw="1" slack="0"/>
</pin_list>
<bind>
<opcode="and(23) " fcode="and"/>
<opset="and_ln60_1/2 "/>
</bind>
</comp>

<comp id="539" class="1004" name="icmp_ln60_2_fu_539">
<pin_list>
<pin id="540" dir="0" index="0" bw="3" slack="1"/>
<pin id="541" dir="0" index="1" bw="3" slack="0"/>
<pin id="542" dir="1" index="2" bw="1" slack="0"/>
</pin_list>
<bind>
<opcode="icmp(45) " fcode="icmp"/>
<opset="icmp_ln60_2/2 "/>
</bind>
</comp>

<comp id="544" class="1004" name="icmp_ln60_3_fu_544">
<pin_list>
<pin id="545" dir="0" index="0" bw="3" slack="1"/>
<pin id="546" dir="0" index="1" bw="3" slack="0"/>
<pin id="547" dir="1" index="2" bw="1" slack="0"/>
</pin_list>
<bind>
<opcode="icmp(45) " fcode="icmp"/>
<opset="icmp_ln60_3/2 "/>
</bind>
</comp>

<comp id="549" class="1004" name="or_ln60_fu_549">
<pin_list>
<pin id="550" dir="0" index="0" bw="1" slack="0"/>
<pin id="551" dir="0" index="1" bw="1" slack="0"/>
<pin id="552" dir="1" index="2" bw="1" slack="0"/>
</pin_list>
<bind>
<opcode="or(24) " fcode="or"/>
<opset="or_ln60/2 "/>
</bind>
</comp>

<comp id="555" class="1004" name="and_ln60_2_fu_555">
<pin_list>
<pin id="556" dir="0" index="0" bw="1" slack="0"/>
<pin id="557" dir="0" index="1" bw="1" slack="0"/>
<pin id="558" dir="1" index="2" bw="1" slack="0"/>
</pin_list>
<bind>
<opcode="and(23) " fcode="and"/>
<opset="and_ln60_2/2 "/>
</bind>
</comp>

<comp id="561" class="1004" name="sel_tmp_fu_561">
<pin_list>
<pin id="562" dir="0" index="0" bw="3" slack="0"/>
<pin id="563" dir="0" index="1" bw="1" slack="0"/>
<pin id="564" dir="0" index="2" bw="1" slack="0"/>
<pin id="565" dir="0" index="3" bw="1" slack="0"/>
<pin id="566" dir="1" index="4" bw="3" slack="0"/>
</pin_list>
<bind>
<opcode="bitconcatenate(1004) " fcode="bitconcatenate"/>
<opset="sel_tmp/2 "/>
</bind>
</comp>

<comp id="571" class="1004" name="r_1_0_0_s_fu_571">
<pin_list>
<pin id="572" dir="0" index="0" bw="8" slack="0"/>
<pin id="573" dir="0" index="1" bw="3" slack="0"/>
<pin id="574" dir="0" index="2" bw="8" slack="0"/>
<pin id="575" dir="0" index="3" bw="3" slack="0"/>
<pin id="576" dir="0" index="4" bw="8" slack="0"/>
<pin id="577" dir="0" index="5" bw="3" slack="0"/>
<pin id="578" dir="0" index="6" bw="8" slack="0"/>
<pin id="579" dir="0" index="7" bw="3" slack="0"/>
<pin id="580" dir="0" index="8" bw="8" slack="1"/>
<pin id="581" dir="0" index="9" bw="8" slack="0"/>
<pin id="582" dir="0" index="10" bw="3" slack="0"/>
<pin id="583" dir="1" index="11" bw="8" slack="0"/>
</pin_list>
<bind>
<opcode="sparsemux(1197) " fcode="sparsemux"/>
<opset="r_1_0_0_s/2 "/>
</bind>
</comp>

<comp id="594" class="1004" name="and_ln60_3_fu_594">
<pin_list>
<pin id="595" dir="0" index="0" bw="1" slack="0"/>
<pin id="596" dir="0" index="1" bw="1" slack="0"/>
<pin id="597" dir="1" index="2" bw="1" slack="0"/>
</pin_list>
<bind>
<opcode="and(23) " fcode="and"/>
<opset="and_ln60_3/2 "/>
</bind>
</comp>

<comp id="600" class="1004" name="icmp_ln60_4_fu_600">
<pin_list>
<pin id="601" dir="0" index="0" bw="3" slack="1"/>
<pin id="602" dir="0" index="1" bw="3" slack="0"/>
<pin id="603" dir="1" index="2" bw="1" slack="0"/>
</pin_list>
<bind>
<opcode="icmp(45) " fcode="icmp"/>
<opset="icmp_ln60_4/2 "/>
</bind>
</comp>

<comp id="605" class="1004" name="and_ln60_4_fu_605">
<pin_list>
<pin id="606" dir="0" index="0" bw="1" slack="0"/>
<pin id="607" dir="0" index="1" bw="1" slack="0"/>
<pin id="608" dir="1" index="2" bw="1" slack="0"/>
</pin_list>
<bind>
<opcode="and(23) " fcode="and"/>
<opset="and_ln60_4/2 "/>
</bind>
</comp>

<comp id="611" class="1004" name="or_ln60_1_fu_611">
<pin_list>
<pin id="612" dir="0" index="0" bw="1" slack="0"/>
<pin id="613" dir="0" index="1" bw="1" slack="0"/>
<pin id="614" dir="1" index="2" bw="1" slack="0"/>
</pin_list>
<bind>
<opcode="or(24) " fcode="or"/>
<opset="or_ln60_1/2 "/>
</bind>
</comp>

<comp id="617" class="1004" name="or_ln60_2_fu_617">
<pin_list>
<pin id="618" dir="0" index="0" bw="1" slack="0"/>
<pin id="619" dir="0" index="1" bw="1" slack="0"/>
<pin id="620" dir="1" index="2" bw="1" slack="0"/>
</pin_list>
<bind>
<opcode="or(24) " fcode="or"/>
<opset="or_ln60_2/2 "/>
</bind>
</comp>

<comp id="623" class="1004" name="sel_tmp1_fu_623">
<pin_list>
<pin id="624" dir="0" index="0" bw="3" slack="0"/>
<pin id="625" dir="0" index="1" bw="1" slack="0"/>
<pin id="626" dir="0" index="2" bw="1" slack="0"/>
<pin id="627" dir="0" index="3" bw="1" slack="0"/>
<pin id="628" dir="1" index="4" bw="3" slack="0"/>
</pin_list>
<bind>
<opcode="bitconcatenate(1004) " fcode="bitconcatenate"/>
<opset="sel_tmp1/2 "/>
</bind>
</comp>

<comp id="633" class="1004" name="g_1_0_0_s_fu_633">
<pin_list>
<pin id="634" dir="0" index="0" bw="8" slack="0"/>
<pin id="635" dir="0" index="1" bw="3" slack="0"/>
<pin id="636" dir="0" index="2" bw="8" slack="0"/>
<pin id="637" dir="0" index="3" bw="3" slack="0"/>
<pin id="638" dir="0" index="4" bw="8" slack="0"/>
<pin id="639" dir="0" index="5" bw="3" slack="0"/>
<pin id="640" dir="0" index="6" bw="8" slack="1"/>
<pin id="641" dir="0" index="7" bw="3" slack="0"/>
<pin id="642" dir="0" index="8" bw="8" slack="0"/>
<pin id="643" dir="0" index="9" bw="8" slack="0"/>
<pin id="644" dir="0" index="10" bw="3" slack="0"/>
<pin id="645" dir="1" index="11" bw="8" slack="0"/>
</pin_list>
<bind>
<opcode="sparsemux(1197) " fcode="sparsemux"/>
<opset="g_1_0_0_s/2 "/>
</bind>
</comp>

<comp id="656" class="1004" name="and_ln60_5_fu_656">
<pin_list>
<pin id="657" dir="0" index="0" bw="1" slack="0"/>
<pin id="658" dir="0" index="1" bw="1" slack="0"/>
<pin id="659" dir="1" index="2" bw="1" slack="0"/>
</pin_list>
<bind>
<opcode="and(23) " fcode="and"/>
<opset="and_ln60_5/2 "/>
</bind>
</comp>

<comp id="662" class="1004" name="or_ln60_3_fu_662">
<pin_list>
<pin id="663" dir="0" index="0" bw="1" slack="0"/>
<pin id="664" dir="0" index="1" bw="1" slack="0"/>
<pin id="665" dir="1" index="2" bw="1" slack="0"/>
</pin_list>
<bind>
<opcode="or(24) " fcode="or"/>
<opset="or_ln60_3/2 "/>
</bind>
</comp>

<comp id="668" class="1004" name="or_ln60_4_fu_668">
<pin_list>
<pin id="669" dir="0" index="0" bw="1" slack="0"/>
<pin id="670" dir="0" index="1" bw="1" slack="0"/>
<pin id="671" dir="1" index="2" bw="1" slack="0"/>
</pin_list>
<bind>
<opcode="or(24) " fcode="or"/>
<opset="or_ln60_4/2 "/>
</bind>
</comp>

<comp id="674" class="1004" name="or_ln60_5_fu_674">
<pin_list>
<pin id="675" dir="0" index="0" bw="1" slack="0"/>
<pin id="676" dir="0" index="1" bw="1" slack="0"/>
<pin id="677" dir="1" index="2" bw="1" slack="0"/>
</pin_list>
<bind>
<opcode="or(24) " fcode="or"/>
<opset="or_ln60_5/2 "/>
</bind>
</comp>

<comp id="680" class="1004" name="and_ln60_6_fu_680">
<pin_list>
<pin id="681" dir="0" index="0" bw="1" slack="0"/>
<pin id="682" dir="0" index="1" bw="1" slack="0"/>
<pin id="683" dir="1" index="2" bw="1" slack="0"/>
</pin_list>
<bind>
<opcode="and(23) " fcode="and"/>
<opset="and_ln60_6/2 "/>
</bind>
</comp>

<comp id="686" class="1004" name="sel_tmp2_fu_686">
<pin_list>
<pin id="687" dir="0" index="0" bw="3" slack="0"/>
<pin id="688" dir="0" index="1" bw="1" slack="0"/>
<pin id="689" dir="0" index="2" bw="1" slack="0"/>
<pin id="690" dir="0" index="3" bw="1" slack="0"/>
<pin id="691" dir="1" index="4" bw="3" slack="0"/>
</pin_list>
<bind>
<opcode="bitconcatenate(1004) " fcode="bitconcatenate"/>
<opset="sel_tmp2/2 "/>
</bind>
</comp>

<comp id="696" class="1004" name="b_1_0_0_s_fu_696">
<pin_list>
<pin id="697" dir="0" index="0" bw="8" slack="0"/>
<pin id="698" dir="0" index="1" bw="3" slack="0"/>
<pin id="699" dir="0" index="2" bw="8" slack="0"/>
<pin id="700" dir="0" index="3" bw="3" slack="0"/>
<pin id="701" dir="0" index="4" bw="8" slack="1"/>
<pin id="702" dir="0" index="5" bw="3" slack="0"/>
<pin id="703" dir="0" index="6" bw="8" slack="0"/>
<pin id="704" dir="0" index="7" bw="3" slack="0"/>
<pin id="705" dir="0" index="8" bw="8" slack="0"/>
<pin id="706" dir="0" index="9" bw="8" slack="0"/>
<pin id="707" dir="0" index="10" bw="3" slack="0"/>
<pin id="708" dir="1" index="11" bw="8" slack="0"/>
</pin_list>
<bind>
<opcode="sparsemux(1197) " fcode="sparsemux"/>
<opset="b_1_0_0_s/2 "/>
</bind>
</comp>

<comp id="719" class="1004" name="or_ln106_7_fu_719">
<pin_list>
<pin id="720" dir="0" index="0" bw="26" slack="0"/>
<pin id="721" dir="0" index="1" bw="2" slack="1"/>
<pin id="722" dir="0" index="2" bw="8" slack="0"/>
<pin id="723" dir="0" index="3" bw="8" slack="0"/>
<pin id="724" dir="0" index="4" bw="8" slack="0"/>
<pin id="725" dir="1" index="5" bw="26" slack="0"/>
</pin_list>
<bind>
<opcode="bitconcatenate(1004) " fcode="bitconcatenate"/>
<opset="or_ln106_7/2 "/>
</bind>
</comp>

<comp id="730" class="1004" name="zext_ln106_fu_730">
<pin_list>
<pin id="731" dir="0" index="0" bw="26" slack="0"/>
<pin id="732" dir="1" index="1" bw="32" slack="0"/>
</pin_list>
<bind>
<opcode="zext(34) " fcode="zext"/>
<opset="zext_ln106/2 "/>
</bind>
</comp>

<comp id="735" class="1005" name="in_packet_data_3_reg_735">
<pin_list>
<pin id="736" dir="0" index="0" bw="8" slack="1"/>
<pin id="737" dir="1" index="1" bw="8" slack="1"/>
</pin_list>
<bind>
<opset="in_packet_data_3 "/>
</bind>
</comp>

<comp id="742" class="1005" name="in_packet_data_4_reg_742">
<pin_list>
<pin id="743" dir="0" index="0" bw="8" slack="1"/>
<pin id="744" dir="1" index="1" bw="8" slack="1"/>
</pin_list>
<bind>
<opset="in_packet_data_4 "/>
</bind>
</comp>

<comp id="750" class="1005" name="region_reg_750">
<pin_list>
<pin id="751" dir="0" index="0" bw="3" slack="1"/>
<pin id="752" dir="1" index="1" bw="3" slack="1"/>
</pin_list>
<bind>
<opset="region "/>
</bind>
</comp>

<comp id="759" class="1005" name="f_reg_759">
<pin_list>
<pin id="760" dir="0" index="0" bw="8" slack="1"/>
<pin id="761" dir="1" index="1" bw="8" slack="1"/>
</pin_list>
<bind>
<opset="f "/>
</bind>
</comp>

<comp id="765" class="1005" name="tmp_1_reg_765">
<pin_list>
<pin id="766" dir="0" index="0" bw="2" slack="1"/>
<pin id="767" dir="1" index="1" bw="2" slack="1"/>
</pin_list>
<bind>
<opset="tmp_1 "/>
</bind>
</comp>

<comp id="770" class="1005" name="zext_ln106_reg_770">
<pin_list>
<pin id="771" dir="0" index="0" bw="32" slack="1"/>
<pin id="772" dir="1" index="1" bw="32" slack="1"/>
</pin_list>
<bind>
<opset="zext_ln106 "/>
</bind>
</comp>

</comp_list>

<net_list>
<net id="104"><net_src comp="4" pin="0"/><net_sink comp="100" pin=0"/></net>

<net id="105"><net_src comp="0" pin="0"/><net_sink comp="100" pin=1"/></net>

<net id="111"><net_src comp="72" pin="0"/><net_sink comp="106" pin=0"/></net>

<net id="112"><net_src comp="2" pin="0"/><net_sink comp="106" pin=1"/></net>

<net id="116"><net_src comp="100" pin="2"/><net_sink comp="113" pin=0"/></net>

<net id="123"><net_src comp="6" pin="0"/><net_sink comp="117" pin=0"/></net>

<net id="124"><net_src comp="100" pin="2"/><net_sink comp="117" pin=1"/></net>

<net id="125"><net_src comp="8" pin="0"/><net_sink comp="117" pin=2"/></net>

<net id="126"><net_src comp="10" pin="0"/><net_sink comp="117" pin=3"/></net>

<net id="133"><net_src comp="6" pin="0"/><net_sink comp="127" pin=0"/></net>

<net id="134"><net_src comp="100" pin="2"/><net_sink comp="127" pin=1"/></net>

<net id="135"><net_src comp="12" pin="0"/><net_sink comp="127" pin=2"/></net>

<net id="136"><net_src comp="14" pin="0"/><net_sink comp="127" pin=3"/></net>

<net id="141"><net_src comp="113" pin="1"/><net_sink comp="137" pin=0"/></net>

<net id="142"><net_src comp="16" pin="0"/><net_sink comp="137" pin=1"/></net>

<net id="148"><net_src comp="137" pin="2"/><net_sink comp="143" pin=0"/></net>

<net id="149"><net_src comp="18" pin="0"/><net_sink comp="143" pin=1"/></net>

<net id="150"><net_src comp="113" pin="1"/><net_sink comp="143" pin=2"/></net>

<net id="154"><net_src comp="143" pin="3"/><net_sink comp="151" pin=0"/></net>

<net id="159"><net_src comp="151" pin="1"/><net_sink comp="155" pin=0"/></net>

<net id="160"><net_src comp="20" pin="0"/><net_sink comp="155" pin=1"/></net>

<net id="167"><net_src comp="22" pin="0"/><net_sink comp="161" pin=0"/></net>

<net id="168"><net_src comp="155" pin="2"/><net_sink comp="161" pin=1"/></net>

<net id="169"><net_src comp="12" pin="0"/><net_sink comp="161" pin=2"/></net>

<net id="170"><net_src comp="24" pin="0"/><net_sink comp="161" pin=3"/></net>

<net id="176"><net_src comp="26" pin="0"/><net_sink comp="171" pin=0"/></net>

<net id="177"><net_src comp="161" pin="4"/><net_sink comp="171" pin=1"/></net>

<net id="178"><net_src comp="28" pin="0"/><net_sink comp="171" pin=2"/></net>

<net id="184"><net_src comp="30" pin="0"/><net_sink comp="179" pin=0"/></net>

<net id="185"><net_src comp="161" pin="4"/><net_sink comp="179" pin=1"/></net>

<net id="186"><net_src comp="32" pin="0"/><net_sink comp="179" pin=2"/></net>

<net id="190"><net_src comp="179" pin="3"/><net_sink comp="187" pin=0"/></net>

<net id="195"><net_src comp="171" pin="3"/><net_sink comp="191" pin=0"/></net>

<net id="196"><net_src comp="187" pin="1"/><net_sink comp="191" pin=1"/></net>

<net id="200"><net_src comp="143" pin="3"/><net_sink comp="197" pin=0"/></net>

<net id="204"><net_src comp="191" pin="2"/><net_sink comp="201" pin=0"/></net>

<net id="209"><net_src comp="197" pin="1"/><net_sink comp="205" pin=0"/></net>

<net id="210"><net_src comp="201" pin="1"/><net_sink comp="205" pin=1"/></net>

<net id="214"><net_src comp="205" pin="2"/><net_sink comp="211" pin=0"/></net>

<net id="220"><net_src comp="34" pin="0"/><net_sink comp="215" pin=0"/></net>

<net id="221"><net_src comp="211" pin="1"/><net_sink comp="215" pin=1"/></net>

<net id="222"><net_src comp="36" pin="0"/><net_sink comp="215" pin=2"/></net>

<net id="229"><net_src comp="38" pin="0"/><net_sink comp="223" pin=0"/></net>

<net id="230"><net_src comp="205" pin="2"/><net_sink comp="223" pin=1"/></net>

<net id="231"><net_src comp="40" pin="0"/><net_sink comp="223" pin=2"/></net>

<net id="232"><net_src comp="8" pin="0"/><net_sink comp="223" pin=3"/></net>

<net id="237"><net_src comp="223" pin="4"/><net_sink comp="233" pin=0"/></net>

<net id="238"><net_src comp="215" pin="3"/><net_sink comp="233" pin=1"/></net>

<net id="245"><net_src comp="42" pin="0"/><net_sink comp="239" pin=0"/></net>

<net id="246"><net_src comp="100" pin="2"/><net_sink comp="239" pin=1"/></net>

<net id="247"><net_src comp="44" pin="0"/><net_sink comp="239" pin=2"/></net>

<net id="248"><net_src comp="46" pin="0"/><net_sink comp="239" pin=3"/></net>

<net id="253"><net_src comp="18" pin="0"/><net_sink comp="249" pin=1"/></net>

<net id="258"><net_src comp="48" pin="0"/><net_sink comp="254" pin=1"/></net>

<net id="265"><net_src comp="254" pin="2"/><net_sink comp="262" pin=0"/></net>

<net id="270"><net_src comp="262" pin="1"/><net_sink comp="266" pin=0"/></net>

<net id="271"><net_src comp="259" pin="1"/><net_sink comp="266" pin=1"/></net>

<net id="276"><net_src comp="266" pin="2"/><net_sink comp="272" pin=0"/></net>

<net id="277"><net_src comp="50" pin="0"/><net_sink comp="272" pin=1"/></net>

<net id="284"><net_src comp="52" pin="0"/><net_sink comp="278" pin=0"/></net>

<net id="285"><net_src comp="266" pin="2"/><net_sink comp="278" pin=1"/></net>

<net id="286"><net_src comp="8" pin="0"/><net_sink comp="278" pin=2"/></net>

<net id="287"><net_src comp="10" pin="0"/><net_sink comp="278" pin=3"/></net>

<net id="291"><net_src comp="278" pin="4"/><net_sink comp="288" pin=0"/></net>

<net id="296"><net_src comp="272" pin="2"/><net_sink comp="292" pin=0"/></net>

<net id="297"><net_src comp="288" pin="1"/><net_sink comp="292" pin=1"/></net>

<net id="304"><net_src comp="52" pin="0"/><net_sink comp="298" pin=0"/></net>

<net id="305"><net_src comp="292" pin="2"/><net_sink comp="298" pin=1"/></net>

<net id="306"><net_src comp="8" pin="0"/><net_sink comp="298" pin=2"/></net>

<net id="307"><net_src comp="10" pin="0"/><net_sink comp="298" pin=3"/></net>

<net id="318"><net_src comp="311" pin="1"/><net_sink comp="314" pin=0"/></net>

<net id="319"><net_src comp="308" pin="1"/><net_sink comp="314" pin=1"/></net>

<net id="324"><net_src comp="314" pin="2"/><net_sink comp="320" pin=0"/></net>

<net id="325"><net_src comp="50" pin="0"/><net_sink comp="320" pin=1"/></net>

<net id="332"><net_src comp="52" pin="0"/><net_sink comp="326" pin=0"/></net>

<net id="333"><net_src comp="314" pin="2"/><net_sink comp="326" pin=1"/></net>

<net id="334"><net_src comp="8" pin="0"/><net_sink comp="326" pin=2"/></net>

<net id="335"><net_src comp="10" pin="0"/><net_sink comp="326" pin=3"/></net>

<net id="339"><net_src comp="326" pin="4"/><net_sink comp="336" pin=0"/></net>

<net id="344"><net_src comp="320" pin="2"/><net_sink comp="340" pin=0"/></net>

<net id="345"><net_src comp="336" pin="1"/><net_sink comp="340" pin=1"/></net>

<net id="352"><net_src comp="52" pin="0"/><net_sink comp="346" pin=0"/></net>

<net id="353"><net_src comp="340" pin="2"/><net_sink comp="346" pin=1"/></net>

<net id="354"><net_src comp="8" pin="0"/><net_sink comp="346" pin=2"/></net>

<net id="355"><net_src comp="10" pin="0"/><net_sink comp="346" pin=3"/></net>

<net id="360"><net_src comp="346" pin="4"/><net_sink comp="356" pin=0"/></net>

<net id="361"><net_src comp="48" pin="0"/><net_sink comp="356" pin=1"/></net>

<net id="365"><net_src comp="356" pin="2"/><net_sink comp="362" pin=0"/></net>

<net id="370"><net_src comp="362" pin="1"/><net_sink comp="366" pin=0"/></net>

<net id="371"><net_src comp="259" pin="1"/><net_sink comp="366" pin=1"/></net>

<net id="376"><net_src comp="366" pin="2"/><net_sink comp="372" pin=0"/></net>

<net id="377"><net_src comp="50" pin="0"/><net_sink comp="372" pin=1"/></net>

<net id="384"><net_src comp="52" pin="0"/><net_sink comp="378" pin=0"/></net>

<net id="385"><net_src comp="366" pin="2"/><net_sink comp="378" pin=1"/></net>

<net id="386"><net_src comp="8" pin="0"/><net_sink comp="378" pin=2"/></net>

<net id="387"><net_src comp="10" pin="0"/><net_sink comp="378" pin=3"/></net>

<net id="391"><net_src comp="378" pin="4"/><net_sink comp="388" pin=0"/></net>

<net id="396"><net_src comp="372" pin="2"/><net_sink comp="392" pin=0"/></net>

<net id="397"><net_src comp="388" pin="1"/><net_sink comp="392" pin=1"/></net>

<net id="404"><net_src comp="52" pin="0"/><net_sink comp="398" pin=0"/></net>

<net id="405"><net_src comp="392" pin="2"/><net_sink comp="398" pin=1"/></net>

<net id="406"><net_src comp="8" pin="0"/><net_sink comp="398" pin=2"/></net>

<net id="407"><net_src comp="10" pin="0"/><net_sink comp="398" pin=3"/></net>

<net id="412"><net_src comp="48" pin="0"/><net_sink comp="408" pin=1"/></net>

<net id="416"><net_src comp="408" pin="2"/><net_sink comp="413" pin=0"/></net>

<net id="421"><net_src comp="413" pin="1"/><net_sink comp="417" pin=0"/></net>

<net id="422"><net_src comp="308" pin="1"/><net_sink comp="417" pin=1"/></net>

<net id="427"><net_src comp="417" pin="2"/><net_sink comp="423" pin=0"/></net>

<net id="428"><net_src comp="50" pin="0"/><net_sink comp="423" pin=1"/></net>

<net id="435"><net_src comp="52" pin="0"/><net_sink comp="429" pin=0"/></net>

<net id="436"><net_src comp="417" pin="2"/><net_sink comp="429" pin=1"/></net>

<net id="437"><net_src comp="8" pin="0"/><net_sink comp="429" pin=2"/></net>

<net id="438"><net_src comp="10" pin="0"/><net_sink comp="429" pin=3"/></net>

<net id="442"><net_src comp="429" pin="4"/><net_sink comp="439" pin=0"/></net>

<net id="447"><net_src comp="423" pin="2"/><net_sink comp="443" pin=0"/></net>

<net id="448"><net_src comp="439" pin="1"/><net_sink comp="443" pin=1"/></net>

<net id="455"><net_src comp="52" pin="0"/><net_sink comp="449" pin=0"/></net>

<net id="456"><net_src comp="443" pin="2"/><net_sink comp="449" pin=1"/></net>

<net id="457"><net_src comp="8" pin="0"/><net_sink comp="449" pin=2"/></net>

<net id="458"><net_src comp="10" pin="0"/><net_sink comp="449" pin=3"/></net>

<net id="463"><net_src comp="449" pin="4"/><net_sink comp="459" pin=0"/></net>

<net id="464"><net_src comp="48" pin="0"/><net_sink comp="459" pin=1"/></net>

<net id="468"><net_src comp="459" pin="2"/><net_sink comp="465" pin=0"/></net>

<net id="473"><net_src comp="465" pin="1"/><net_sink comp="469" pin=0"/></net>

<net id="474"><net_src comp="259" pin="1"/><net_sink comp="469" pin=1"/></net>

<net id="479"><net_src comp="469" pin="2"/><net_sink comp="475" pin=0"/></net>

<net id="480"><net_src comp="50" pin="0"/><net_sink comp="475" pin=1"/></net>

<net id="487"><net_src comp="52" pin="0"/><net_sink comp="481" pin=0"/></net>

<net id="488"><net_src comp="469" pin="2"/><net_sink comp="481" pin=1"/></net>

<net id="489"><net_src comp="8" pin="0"/><net_sink comp="481" pin=2"/></net>

<net id="490"><net_src comp="10" pin="0"/><net_sink comp="481" pin=3"/></net>

<net id="494"><net_src comp="481" pin="4"/><net_sink comp="491" pin=0"/></net>

<net id="499"><net_src comp="475" pin="2"/><net_sink comp="495" pin=0"/></net>

<net id="500"><net_src comp="491" pin="1"/><net_sink comp="495" pin=1"/></net>

<net id="507"><net_src comp="52" pin="0"/><net_sink comp="501" pin=0"/></net>

<net id="508"><net_src comp="495" pin="2"/><net_sink comp="501" pin=1"/></net>

<net id="509"><net_src comp="8" pin="0"/><net_sink comp="501" pin=2"/></net>

<net id="510"><net_src comp="10" pin="0"/><net_sink comp="501" pin=3"/></net>

<net id="515"><net_src comp="54" pin="0"/><net_sink comp="511" pin=1"/></net>

<net id="520"><net_src comp="249" pin="2"/><net_sink comp="516" pin=0"/></net>

<net id="521"><net_src comp="56" pin="0"/><net_sink comp="516" pin=1"/></net>

<net id="526"><net_src comp="511" pin="2"/><net_sink comp="522" pin=0"/></net>

<net id="527"><net_src comp="516" pin="2"/><net_sink comp="522" pin=1"/></net>

<net id="532"><net_src comp="58" pin="0"/><net_sink comp="528" pin=1"/></net>

<net id="537"><net_src comp="528" pin="2"/><net_sink comp="533" pin=0"/></net>

<net id="538"><net_src comp="516" pin="2"/><net_sink comp="533" pin=1"/></net>

<net id="543"><net_src comp="60" pin="0"/><net_sink comp="539" pin=1"/></net>

<net id="548"><net_src comp="62" pin="0"/><net_sink comp="544" pin=1"/></net>

<net id="553"><net_src comp="539" pin="2"/><net_sink comp="549" pin=0"/></net>

<net id="554"><net_src comp="544" pin="2"/><net_sink comp="549" pin=1"/></net>

<net id="559"><net_src comp="549" pin="2"/><net_sink comp="555" pin=0"/></net>

<net id="560"><net_src comp="516" pin="2"/><net_sink comp="555" pin=1"/></net>

<net id="567"><net_src comp="64" pin="0"/><net_sink comp="561" pin=0"/></net>

<net id="568"><net_src comp="522" pin="2"/><net_sink comp="561" pin=1"/></net>

<net id="569"><net_src comp="533" pin="2"/><net_sink comp="561" pin=2"/></net>

<net id="570"><net_src comp="555" pin="2"/><net_sink comp="561" pin=3"/></net>

<net id="584"><net_src comp="66" pin="0"/><net_sink comp="571" pin=0"/></net>

<net id="585"><net_src comp="58" pin="0"/><net_sink comp="571" pin=1"/></net>

<net id="586"><net_src comp="398" pin="4"/><net_sink comp="571" pin=2"/></net>

<net id="587"><net_src comp="60" pin="0"/><net_sink comp="571" pin=3"/></net>

<net id="588"><net_src comp="501" pin="4"/><net_sink comp="571" pin=4"/></net>

<net id="589"><net_src comp="54" pin="0"/><net_sink comp="571" pin=5"/></net>

<net id="590"><net_src comp="298" pin="4"/><net_sink comp="571" pin=6"/></net>

<net id="591"><net_src comp="36" pin="0"/><net_sink comp="571" pin=7"/></net>

<net id="592"><net_src comp="68" pin="0"/><net_sink comp="571" pin=9"/></net>

<net id="593"><net_src comp="561" pin="4"/><net_sink comp="571" pin=10"/></net>

<net id="598"><net_src comp="544" pin="2"/><net_sink comp="594" pin=0"/></net>

<net id="599"><net_src comp="516" pin="2"/><net_sink comp="594" pin=1"/></net>

<net id="604"><net_src comp="36" pin="0"/><net_sink comp="600" pin=1"/></net>

<net id="609"><net_src comp="600" pin="2"/><net_sink comp="605" pin=0"/></net>

<net id="610"><net_src comp="516" pin="2"/><net_sink comp="605" pin=1"/></net>

<net id="615"><net_src comp="511" pin="2"/><net_sink comp="611" pin=0"/></net>

<net id="616"><net_src comp="539" pin="2"/><net_sink comp="611" pin=1"/></net>

<net id="621"><net_src comp="611" pin="2"/><net_sink comp="617" pin=0"/></net>

<net id="622"><net_src comp="249" pin="2"/><net_sink comp="617" pin=1"/></net>

<net id="629"><net_src comp="64" pin="0"/><net_sink comp="623" pin=0"/></net>

<net id="630"><net_src comp="594" pin="2"/><net_sink comp="623" pin=1"/></net>

<net id="631"><net_src comp="605" pin="2"/><net_sink comp="623" pin=2"/></net>

<net id="632"><net_src comp="617" pin="2"/><net_sink comp="623" pin=3"/></net>

<net id="646"><net_src comp="66" pin="0"/><net_sink comp="633" pin=0"/></net>

<net id="647"><net_src comp="58" pin="0"/><net_sink comp="633" pin=1"/></net>

<net id="648"><net_src comp="398" pin="4"/><net_sink comp="633" pin=2"/></net>

<net id="649"><net_src comp="60" pin="0"/><net_sink comp="633" pin=3"/></net>

<net id="650"><net_src comp="501" pin="4"/><net_sink comp="633" pin=4"/></net>

<net id="651"><net_src comp="54" pin="0"/><net_sink comp="633" pin=5"/></net>

<net id="652"><net_src comp="36" pin="0"/><net_sink comp="633" pin=7"/></net>

<net id="653"><net_src comp="298" pin="4"/><net_sink comp="633" pin=8"/></net>

<net id="654"><net_src comp="68" pin="0"/><net_sink comp="633" pin=9"/></net>

<net id="655"><net_src comp="623" pin="4"/><net_sink comp="633" pin=10"/></net>

<net id="660"><net_src comp="539" pin="2"/><net_sink comp="656" pin=0"/></net>

<net id="661"><net_src comp="516" pin="2"/><net_sink comp="656" pin=1"/></net>

<net id="666"><net_src comp="544" pin="2"/><net_sink comp="662" pin=0"/></net>

<net id="667"><net_src comp="528" pin="2"/><net_sink comp="662" pin=1"/></net>

<net id="672"><net_src comp="662" pin="2"/><net_sink comp="668" pin=0"/></net>

<net id="673"><net_src comp="249" pin="2"/><net_sink comp="668" pin=1"/></net>

<net id="678"><net_src comp="600" pin="2"/><net_sink comp="674" pin=0"/></net>

<net id="679"><net_src comp="511" pin="2"/><net_sink comp="674" pin=1"/></net>

<net id="684"><net_src comp="674" pin="2"/><net_sink comp="680" pin=0"/></net>

<net id="685"><net_src comp="516" pin="2"/><net_sink comp="680" pin=1"/></net>

<net id="692"><net_src comp="64" pin="0"/><net_sink comp="686" pin=0"/></net>

<net id="693"><net_src comp="656" pin="2"/><net_sink comp="686" pin=1"/></net>

<net id="694"><net_src comp="668" pin="2"/><net_sink comp="686" pin=2"/></net>

<net id="695"><net_src comp="680" pin="2"/><net_sink comp="686" pin=3"/></net>

<net id="709"><net_src comp="66" pin="0"/><net_sink comp="696" pin=0"/></net>

<net id="710"><net_src comp="58" pin="0"/><net_sink comp="696" pin=1"/></net>

<net id="711"><net_src comp="501" pin="4"/><net_sink comp="696" pin=2"/></net>

<net id="712"><net_src comp="60" pin="0"/><net_sink comp="696" pin=3"/></net>

<net id="713"><net_src comp="54" pin="0"/><net_sink comp="696" pin=5"/></net>

<net id="714"><net_src comp="298" pin="4"/><net_sink comp="696" pin=6"/></net>

<net id="715"><net_src comp="36" pin="0"/><net_sink comp="696" pin=7"/></net>

<net id="716"><net_src comp="398" pin="4"/><net_sink comp="696" pin=8"/></net>

<net id="717"><net_src comp="68" pin="0"/><net_sink comp="696" pin=9"/></net>

<net id="718"><net_src comp="686" pin="4"/><net_sink comp="696" pin=10"/></net>

<net id="726"><net_src comp="70" pin="0"/><net_sink comp="719" pin=0"/></net>

<net id="727"><net_src comp="696" pin="11"/><net_sink comp="719" pin=2"/></net>

<net id="728"><net_src comp="633" pin="11"/><net_sink comp="719" pin=3"/></net>

<net id="729"><net_src comp="571" pin="11"/><net_sink comp="719" pin=4"/></net>

<net id="733"><net_src comp="719" pin="5"/><net_sink comp="730" pin=0"/></net>

<net id="734"><net_src comp="730" pin="1"/><net_sink comp="106" pin=2"/></net>

<net id="738"><net_src comp="117" pin="4"/><net_sink comp="735" pin=0"/></net>

<net id="739"><net_src comp="735" pin="1"/><net_sink comp="249" pin=0"/></net>

<net id="740"><net_src comp="735" pin="1"/><net_sink comp="254" pin=0"/></net>

<net id="741"><net_src comp="735" pin="1"/><net_sink comp="308" pin=0"/></net>

<net id="745"><net_src comp="127" pin="4"/><net_sink comp="742" pin=0"/></net>

<net id="746"><net_src comp="742" pin="1"/><net_sink comp="259" pin=0"/></net>

<net id="747"><net_src comp="742" pin="1"/><net_sink comp="571" pin=8"/></net>

<net id="748"><net_src comp="742" pin="1"/><net_sink comp="633" pin=6"/></net>

<net id="749"><net_src comp="742" pin="1"/><net_sink comp="696" pin=4"/></net>

<net id="753"><net_src comp="161" pin="4"/><net_sink comp="750" pin=0"/></net>

<net id="754"><net_src comp="750" pin="1"/><net_sink comp="511" pin=0"/></net>

<net id="755"><net_src comp="750" pin="1"/><net_sink comp="528" pin=0"/></net>

<net id="756"><net_src comp="750" pin="1"/><net_sink comp="539" pin=0"/></net>

<net id="757"><net_src comp="750" pin="1"/><net_sink comp="544" pin=0"/></net>

<net id="758"><net_src comp="750" pin="1"/><net_sink comp="600" pin=0"/></net>

<net id="762"><net_src comp="233" pin="2"/><net_sink comp="759" pin=0"/></net>

<net id="763"><net_src comp="759" pin="1"/><net_sink comp="311" pin=0"/></net>

<net id="764"><net_src comp="759" pin="1"/><net_sink comp="408" pin=0"/></net>

<net id="768"><net_src comp="239" pin="4"/><net_sink comp="765" pin=0"/></net>

<net id="769"><net_src comp="765" pin="1"/><net_sink comp="719" pin=1"/></net>

<net id="773"><net_src comp="730" pin="1"/><net_sink comp="770" pin=0"/></net>

<net id="774"><net_src comp="770" pin="1"/><net_sink comp="106" pin=2"/></net>

</net_list>

</model> 
---------------- Datapath Model END ------------------

* FSMD analyzer results:
  - Output states:
	Port: out_stream | {3 }
 - Input state : 
	Port: hls_hsv_2_rgb : in_stream | {1 }
  - Chain level:
	State 1
		icmp_ln25 : 1
		h_1 : 2
		zext_ln32 : 3
		h_scaled : 4
		region : 5
		p_shl : 6
		tmp : 6
		zext_ln39 : 7
		sub_ln39_1 : 8
		zext_ln39_1 : 3
		zext_ln39_2 : 9
		sub_ln39 : 10
		trunc_ln43 : 11
		shl_ln : 12
		trunc_ln43_1 : 11
		f : 13
	State 2
		mul_ln51 : 1
		add_ln51 : 2
		lshr_ln : 2
		zext_ln51_2 : 3
		add_ln51_1 : 4
		p : 5
		mul_ln53 : 1
		add_ln53 : 2
		lshr_ln1 : 2
		zext_ln53_2 : 3
		add_ln53_1 : 4
		trunc_ln : 5
		xor_ln54 : 6
		zext_ln54 : 6
		mul_ln54 : 7
		add_ln54 : 8
		lshr_ln2 : 8
		zext_ln54_1 : 9
		add_ln54_1 : 10
		q : 11
		mul_ln56 : 1
		add_ln56 : 2
		lshr_ln3 : 2
		zext_ln56_1 : 3
		add_ln56_1 : 4
		trunc_ln1 : 5
		xor_ln57 : 6
		zext_ln57 : 6
		mul_ln57 : 7
		add_ln57 : 8
		lshr_ln4 : 8
		zext_ln57_1 : 9
		add_ln57_1 : 10
		t : 11
		xor_ln29 : 1
		and_ln60 : 1
		and_ln60_1 : 1
		or_ln60 : 1
		and_ln60_2 : 1
		sel_tmp : 1
		r_1_0_0_s : 12
		and_ln60_3 : 1
		and_ln60_4 : 1
		or_ln60_1 : 1
		or_ln60_2 : 1
		sel_tmp1 : 1
		g_1_0_0_s : 12
		and_ln60_5 : 1
		or_ln60_3 : 1
		or_ln60_4 : 1
		or_ln60_5 : 1
		and_ln60_6 : 1
		sel_tmp2 : 1
		b_1_0_0_s : 12
		or_ln106_7 : 13
		zext_ln106 : 14
		write_ln106 : 15
	State 3


============================================================
+ Verbose Summary: Datapath Resource usage 
============================================================

* Functional unit list:
|----------|----------------------------|---------|---------|---------|
| Operation|       Functional Unit      |   DSP   |    FF   |   LUT   |
|----------|----------------------------|---------|---------|---------|
|          |       h_scaled_fu_155      |    1    |    0    |    5    |
|          |       mul_ln51_fu_266      |    0    |    0    |    40   |
|    mul   |       mul_ln53_fu_314      |    0    |    0    |    40   |
|          |       mul_ln54_fu_366      |    0    |    0    |    40   |
|          |       mul_ln56_fu_417      |    0    |    0    |    40   |
|          |       mul_ln57_fu_469      |    0    |    0    |    40   |
|----------|----------------------------|---------|---------|---------|
|          |          f_fu_233          |    0    |    0    |    15   |
|          |       add_ln51_fu_272      |    0    |    0    |    16   |
|          |      add_ln51_1_fu_292     |    0    |    0    |    16   |
|          |       add_ln53_fu_320      |    0    |    0    |    16   |
|          |      add_ln53_1_fu_340     |    0    |    0    |    16   |
|    add   |       add_ln54_fu_372      |    0    |    0    |    16   |
|          |      add_ln54_1_fu_392     |    0    |    0    |    16   |
|          |       add_ln56_fu_423      |    0    |    0    |    16   |
|          |      add_ln56_1_fu_443     |    0    |    0    |    16   |
|          |       add_ln57_fu_475      |    0    |    0    |    16   |
|          |      add_ln57_1_fu_495     |    0    |    0    |    16   |
|----------|----------------------------|---------|---------|---------|
|          |      icmp_ln25_fu_137      |    0    |    0    |    15   |
|          |      icmp_ln29_fu_249      |    0    |    0    |    15   |
|          |      icmp_ln60_fu_511      |    0    |    0    |    10   |
|   icmp   |     icmp_ln60_1_fu_528     |    0    |    0    |    10   |
|          |     icmp_ln60_2_fu_539     |    0    |    0    |    10   |
|          |     icmp_ln60_3_fu_544     |    0    |    0    |    10   |
|          |     icmp_ln60_4_fu_600     |    0    |    0    |    10   |
|----------|----------------------------|---------|---------|---------|
|          |      r_1_0_0_s_fu_571      |    0    |    0    |    14   |
| sparsemux|      g_1_0_0_s_fu_633      |    0    |    0    |    14   |
|          |      b_1_0_0_s_fu_696      |    0    |    0    |    14   |
|----------|----------------------------|---------|---------|---------|
|          |       xor_ln51_fu_254      |    0    |    0    |    8    |
|          |       xor_ln54_fu_356      |    0    |    0    |    8    |
|    xor   |       xor_ln56_fu_408      |    0    |    0    |    8    |
|          |       xor_ln57_fu_459      |    0    |    0    |    8    |
|          |       xor_ln29_fu_516      |    0    |    0    |    2    |
|----------|----------------------------|---------|---------|---------|
|    sub   |      sub_ln39_1_fu_191     |    0    |    0    |    15   |
|          |       sub_ln39_fu_205      |    0    |    0    |    15   |
|----------|----------------------------|---------|---------|---------|
|          |       and_ln60_fu_522      |    0    |    0    |    2    |
|          |      and_ln60_1_fu_533     |    0    |    0    |    2    |
|          |      and_ln60_2_fu_555     |    0    |    0    |    2    |
|    and   |      and_ln60_3_fu_594     |    0    |    0    |    2    |
|          |      and_ln60_4_fu_605     |    0    |    0    |    2    |
|          |      and_ln60_5_fu_656     |    0    |    0    |    2    |
|          |      and_ln60_6_fu_680     |    0    |    0    |    2    |
|----------|----------------------------|---------|---------|---------|
|          |       or_ln60_fu_549       |    0    |    0    |    2    |
|          |      or_ln60_1_fu_611      |    0    |    0    |    2    |
|    or    |      or_ln60_2_fu_617      |    0    |    0    |    2    |
|          |      or_ln60_3_fu_662      |    0    |    0    |    2    |
|          |      or_ln60_4_fu_668      |    0    |    0    |    2    |
|          |      or_ln60_5_fu_674      |    0    |    0    |    2    |
|----------|----------------------------|---------|---------|---------|
|  select  |         h_1_fu_143         |    0    |    0    |    8    |
|----------|----------------------------|---------|---------|---------|
|   read   | in_stream_read_read_fu_100 |    0    |    0    |    0    |
|----------|----------------------------|---------|---------|---------|
|   write  |      grp_write_fu_106      |    0    |    0    |    0    |
|----------|----------------------------|---------|---------|---------|
|   trunc  |    in_packet_data_fu_113   |    0    |    0    |    0    |
|          |      trunc_ln43_fu_211     |    0    |    0    |    0    |
|----------|----------------------------|---------|---------|---------|
|          |   in_packet_data_3_fu_117  |    0    |    0    |    0    |
|          |   in_packet_data_4_fu_127  |    0    |    0    |    0    |
|          |        region_fu_161       |    0    |    0    |    0    |
|          |     trunc_ln43_1_fu_223    |    0    |    0    |    0    |
|          |        tmp_1_fu_239        |    0    |    0    |    0    |
|          |       lshr_ln_fu_278       |    0    |    0    |    0    |
|          |          p_fu_298          |    0    |    0    |    0    |
|partselect|       lshr_ln1_fu_326      |    0    |    0    |    0    |
|          |       trunc_ln_fu_346      |    0    |    0    |    0    |
|          |       lshr_ln2_fu_378      |    0    |    0    |    0    |
|          |          q_fu_398          |    0    |    0    |    0    |
|          |       lshr_ln3_fu_429      |    0    |    0    |    0    |
|          |      trunc_ln1_fu_449      |    0    |    0    |    0    |
|          |       lshr_ln4_fu_481      |    0    |    0    |    0    |
|          |          t_fu_501          |    0    |    0    |    0    |
|----------|----------------------------|---------|---------|---------|
|          |      zext_ln32_fu_151      |    0    |    0    |    0    |
|          |      zext_ln39_fu_187      |    0    |    0    |    0    |
|          |     zext_ln39_1_fu_197     |    0    |    0    |    0    |
|          |     zext_ln39_2_fu_201     |    0    |    0    |    0    |
|          |      zext_ln51_fu_259      |    0    |    0    |    0    |
|          |     zext_ln51_1_fu_262     |    0    |    0    |    0    |
|          |     zext_ln51_2_fu_288     |    0    |    0    |    0    |
|          |      zext_ln53_fu_308      |    0    |    0    |    0    |
|   zext   |     zext_ln53_1_fu_311     |    0    |    0    |    0    |
|          |     zext_ln53_2_fu_336     |    0    |    0    |    0    |
|          |      zext_ln54_fu_362      |    0    |    0    |    0    |
|          |     zext_ln54_1_fu_388     |    0    |    0    |    0    |
|          |      zext_ln56_fu_413      |    0    |    0    |    0    |
|          |     zext_ln56_1_fu_439     |    0    |    0    |    0    |
|          |      zext_ln57_fu_465      |    0    |    0    |    0    |
|          |     zext_ln57_1_fu_491     |    0    |    0    |    0    |
|          |      zext_ln106_fu_730     |    0    |    0    |    0    |
|----------|----------------------------|---------|---------|---------|
|          |        p_shl_fu_171        |    0    |    0    |    0    |
|          |         tmp_fu_179         |    0    |    0    |    0    |
|          |        shl_ln_fu_215       |    0    |    0    |    0    |
|bitconcatenate|       sel_tmp_fu_561       |    0    |    0    |    0    |
|          |       sel_tmp1_fu_623      |    0    |    0    |    0    |
|          |       sel_tmp2_fu_686      |    0    |    0    |    0    |
|          |      or_ln106_7_fu_719     |    0    |    0    |    0    |
|----------|----------------------------|---------|---------|---------|
|   Total  |                            |    1    |    0    |   600   |
|----------|----------------------------|---------|---------|---------|

Memories:
N/A

* Register list:
+------------------------+--------+
|                        |   FF   |
+------------------------+--------+
|        f_reg_759       |    8   |
|in_packet_data_3_reg_735|    8   |
|in_packet_data_4_reg_742|    8   |
|     region_reg_750     |    3   |
|      tmp_1_reg_765     |    2   |
|   zext_ln106_reg_770   |   32   |
+------------------------+--------+
|          Total         |   61   |
+------------------------+--------+

* Multiplexer (MUX) list: 
|------------------|------|------|------|--------||---------||---------||---------|
|       Comp       |  Pin | Size |  BW  | S x BW ||  Delay  ||    FF   ||   LUT   |
|------------------|------|------|------|--------||---------||---------||---------|
| grp_write_fu_106 |  p2  |   2  |  26  |   52   ||    0    ||    9    |
|------------------|------|------|------|--------||---------||---------||---------|
|       Total      |      |      |      |   52   ||  0.427  ||    0    ||    9    |
|------------------|------|------|------|--------||---------||---------||---------|



* Summary:
+-----------+--------+--------+--------+--------+
|           |   DSP  |  Delay |   FF   |   LUT  |
+-----------+--------+--------+--------+--------+
|  Function |    1   |    -   |    0   |   600  |
|   Memory  |    -   |    -   |    -   |    -   |
|Multiplexer|    -   |    0   |    0   |    9   |
|  Register |    -   |    -   |   61   |    -   |
+-----------+--------+--------+--------+--------+
|   Total   |    1   |    0   |   61   |   609  |
+-----------+--------+--------+--------+--------+
