Copyright 1986-2022 Xilinx, Inc. All Rights Reserved. Copyright 2022-2025 Advanced Micro Devices, Inc. All Rights Reserved.
-----------------------------------------------------------------------------------------------------------------------------------------------------------------------------------------------------------------------------------------------------
| Tool Version      : Vivado v.2025.2 (win64) Build 6299465 Fri Nov 14 19:35:11 GMT 2025
| Date              : Tue Mar 31 12:17:15 2026
| Host              : N166A running 64-bit major release  (build 9200)
| Command           : report_timing_summary -max_paths 10 -routable_nets -report_unconstrained -file bd_0_wrapper_timing_summary_routed.rpt -pb bd_0_wrapper_timing_summary_routed.pb -rpx bd_0_wrapper_timing_summary_routed.rpx -warn_on_violation
| Design            : bd_0_wrapper
| Device            : xck26-sfvc784
| Speed File        : -2LV  PRODUCTION 1.30 05-15-2022
| Design State      : Routed
| Temperature Grade : C
-----------------------------------------------------------------------------------------------------------------------------------------------------------------------------------------------------------------------------------------------------

Timing Summary Report

------------------------------------------------------------------------------------------------
| Timer Settings
| --------------
------------------------------------------------------------------------------------------------

  Enable Multi Corner Analysis               :  Yes
  Enable Pessimism Removal                   :  Yes
  Pessimism Removal Resolution               :  Nearest Common Node
  Enable Input Delay Default Clock           :  No
  Enable Preset / Clear Arcs                 :  No
  Disable Flight Delays                      :  No
  Ignore I/O Paths                           :  No
  Timing Early Launch at Borrowing Latches   :  No
  Borrow Time for Max Delay Exceptions       :  Yes
  Merge Timing Exceptions                    :  Yes
  Inter-SLR Compensation                     :  Conservative

  Corner  Analyze    Analyze    
  Name    Max Paths  Min Paths  
  ------  ---------  ---------  
  Slow    Yes        Yes        
  Fast    Yes        Yes        


------------------------------------------------------------------------------------------------
| Report Methodology
| ------------------
------------------------------------------------------------------------------------------------

Rule       Severity  Description                    Violations  
---------  --------  -----------------------------  ----------  
TIMING-18  Warning   Missing input or output delay  150         

Note: This report is based on the most recent report_methodology run and may not be up-to-date. Run report_methodology on the current design for the latest report.



check_timing report

Table of Contents
-----------------
1. checking no_clock (0)
2. checking constant_clock (0)
3. checking pulse_width_clock (0)
4. checking unconstrained_internal_endpoints (0)
5. checking no_input_delay (68)
6. checking no_output_delay (50)
7. checking multiple_clock (0)
8. checking generated_clocks (0)
9. checking loops (0)
10. checking partial_input_delay (0)
11. checking partial_output_delay (0)
12. checking latch_loops (0)

1. checking no_clock (0)
------------------------
 There are 0 register/latch pins with no clock.


2. checking constant_clock (0)
------------------------------
 There are 0 register/latch pins with constant_clock.


3. checking pulse_width_clock (0)
---------------------------------
 There are 0 register/latch pins which need pulse_width check


4. checking unconstrained_internal_endpoints (0)
------------------------------------------------
 There are 0 pins that are not constrained for maximum delay.

 There are 0 pins that are not constrained for maximum delay due to constant clock.


5. checking no_input_delay (68)
-------------------------------
 There are 68 input ports with no input delay specified. (HIGH)

 There are 0 input ports with no input delay but user has a false path constraint.


6. checking no_output_delay (50)
--------------------------------
 There are 50 ports with no output delay specified. (HIGH)

 There are 0 ports with no output delay but user has a false path constraint

 There are 0 ports with no output delay but with a timing clock defined on it or propagating through it


7. checking multiple_clock (0)
------------------------------
 There are 0 register/latch pins with multiple clocks.


8. checking generated_clocks (0)
--------------------------------
 There are 0 generated clocks that are not connected to a clock source.


9. checking loops (0)
---------------------
 There are 0 combinational loops in the design.


10. checking partial_input_delay (0)
------------------------------------
 There are 0 input ports with partial input delay specified.


11. checking partial_output_delay (0)
-------------------------------------
 There are 0 ports with partial output delay specified.


12. checking latch_loops (0)
----------------------------
 There are 0 combinational latch loops in the design through latch input



------------------------------------------------------------------------------------------------
| Design Timing Summary
| ---------------------
------------------------------------------------------------------------------------------------

    WNS(ns)      TNS(ns)  TNS Failing Endpoints  TNS Total Endpoints      WHS(ns)      THS(ns)  THS Failing Endpoints  THS Total Endpoints     WPWS(ns)     TPWS(ns)  TPWS Failing Endpoints  TPWS Total Endpoints  
    -------      -------  ---------------------  -------------------      -------      -------  ---------------------  -------------------     --------     --------  ----------------------  --------------------  
      3.452        0.000                      0                 6009        0.069        0.000                      0                 6009        4.238        0.000                       0                  1314  


All user specified timing constraints are met.


------------------------------------------------------------------------------------------------
| Clock Summary
| -------------
------------------------------------------------------------------------------------------------

Clock   Waveform(ns)       Period(ns)      Frequency(MHz)
-----   ------------       ----------      --------------
ap_clk  {0.000 5.000}      10.000          100.000         


------------------------------------------------------------------------------------------------
| Intra Clock Table
| -----------------
------------------------------------------------------------------------------------------------

Clock             WNS(ns)      TNS(ns)  TNS Failing Endpoints  TNS Total Endpoints      WHS(ns)      THS(ns)  THS Failing Endpoints  THS Total Endpoints     WPWS(ns)     TPWS(ns)  TPWS Failing Endpoints  TPWS Total Endpoints  
-----             -------      -------  ---------------------  -------------------      -------      -------  ---------------------  -------------------     --------     --------  ----------------------  --------------------  
ap_clk              3.452        0.000                      0                 6009        0.069        0.000                      0                 6009        4.238        0.000                       0                  1314  


------------------------------------------------------------------------------------------------
| Inter Clock Table
| -----------------
------------------------------------------------------------------------------------------------

From Clock    To Clock          WNS(ns)      TNS(ns)  TNS Failing Endpoints  TNS Total Endpoints      WHS(ns)      THS(ns)  THS Failing Endpoints  THS Total Endpoints  
----------    --------          -------      -------  ---------------------  -------------------      -------      -------  ---------------------  -------------------  


------------------------------------------------------------------------------------------------
| Other Path Groups Table
| -----------------------
------------------------------------------------------------------------------------------------

Path Group    From Clock    To Clock          WNS(ns)      TNS(ns)  TNS Failing Endpoints  TNS Total Endpoints      WHS(ns)      THS(ns)  THS Failing Endpoints  THS Total Endpoints  
----------    ----------    --------          -------      -------  ---------------------  -------------------      -------      -------  ---------------------  -------------------  


------------------------------------------------------------------------------------------------
| User Ignored Path Table
| -----------------------
------------------------------------------------------------------------------------------------

Path Group    From Clock    To Clock    
----------    ----------    --------    


------------------------------------------------------------------------------------------------
| Unconstrained Path Table
| ------------------------
------------------------------------------------------------------------------------------------

Path Group    From Clock    To Clock    
----------    ----------    --------    
(none)        ap_clk                      
(none)                      ap_clk        


------------------------------------------------------------------------------------------------
| Timing Details
| --------------
------------------------------------------------------------------------------------------------


---------------------------------------------------------------------------------------------------
From Clock:  ap_clk
  To Clock:  ap_clk

Setup :            0  Failing Endpoints,  Worst Slack        3.452ns,  Total Violation        0.000ns
Hold  :            0  Failing Endpoints,  Worst Slack        0.069ns,  Total Violation        0.000ns
PW    :            0  Failing Endpoints,  Worst Slack        4.238ns,  Total Violation        0.000ns
---------------------------------------------------------------------------------------------------


Max Delay Paths
--------------------------------------------------------------------------------------
Slack (MET) :             3.452ns  (required time - arrival time)
  Source:                 bd_0_i/hls_inst/U0/grp_hls_filter_2d_Pipeline_VITIS_LOOP_50_1_fu_364/mac_muladd_8ns_8s_17s_18_4_1_U21/hls_filter_2d_mac_muladd_8ns_8s_17s_18_4_1_DSP48_0_U/p_reg_reg/DSP_OUTPUT_INST/CLK
                            (rising edge-triggered cell DSP_OUTPUT clocked by ap_clk  {rise@0.000ns fall@5.000ns period=10.000ns})
  Destination:            bd_0_i/hls_inst/U0/grp_hls_filter_2d_Pipeline_VITIS_LOOP_50_1_fu_364/mul_ln121_reg_2916_reg/DSP_OUTPUT_INST/ALU_OUT[0]
                            (rising edge-triggered cell DSP_OUTPUT clocked by ap_clk  {rise@0.000ns fall@5.000ns period=10.000ns})
  Path Group:             ap_clk
  Path Type:              Setup (Max at Slow Process Corner)
  Requirement:            10.000ns  (ap_clk rise@10.000ns - ap_clk rise@0.000ns)
  Data Path Delay:        6.505ns  (logic 4.711ns (72.422%)  route 1.794ns (27.578%))
  Logic Levels:           15  (CARRY8=5 DSP_A_B_DATA=1 DSP_ALU=2 DSP_M_DATA=1 DSP_MULTIPLIER=1 DSP_OUTPUT=1 DSP_PREADD_DATA=1 LUT2=3)
  Clock Path Skew:        -0.022ns (DCD - SCD + CPR)
    Destination Clock Delay (DCD):    0.055ns = ( 10.055 - 10.000 ) 
    Source Clock Delay      (SCD):    0.077ns
    Clock Pessimism Removal (CPR):    0.000ns
  Clock Uncertainty:      0.035ns  ((TSJ^2 + TIJ^2)^1/2 + DJ) / 2 + PE
    Total System Jitter     (TSJ):    0.071ns
    Total Input Jitter      (TIJ):    0.000ns
    Discrete Jitter          (DJ):    0.000ns
    Phase Error              (PE):    0.000ns

    Location             Delay type                Incr(ns)  Path(ns)    Netlist Resource(s)
  -------------------------------------------------------------------    -------------------
                         (clock ap_clk rise edge)     0.000     0.000 r  
                                                      0.000     0.000 r  ap_clk (IN)
                         net (fo=1441, unset)         0.077     0.077    bd_0_i/hls_inst/U0/grp_hls_filter_2d_Pipeline_VITIS_LOOP_50_1_fu_364/mac_muladd_8ns_8s_17s_18_4_1_U21/hls_filter_2d_mac_muladd_8ns_8s_17s_18_4_1_DSP48_0_U/p_reg_reg/CLK
    DSP48E2_X9Y40        DSP_OUTPUT                                   r  bd_0_i/hls_inst/U0/grp_hls_filter_2d_Pipeline_VITIS_LOOP_50_1_fu_364/mac_muladd_8ns_8s_17s_18_4_1_U21/hls_filter_2d_mac_muladd_8ns_8s_17s_18_4_1_DSP48_0_U/p_reg_reg/DSP_OUTPUT_INST/CLK
  -------------------------------------------------------------------    -------------------
    DSP48E2_X9Y40        DSP_OUTPUT (Prop_DSP_OUTPUT_DSP48E2_CLK_P[5])
                                                      0.275     0.352 r  bd_0_i/hls_inst/U0/grp_hls_filter_2d_Pipeline_VITIS_LOOP_50_1_fu_364/mac_muladd_8ns_8s_17s_18_4_1_U21/hls_filter_2d_mac_muladd_8ns_8s_17s_18_4_1_DSP48_0_U/p_reg_reg/DSP_OUTPUT_INST/P[5]
                         net (fo=2, routed)           0.401     0.753    bd_0_i/hls_inst/U0/grp_hls_filter_2d_Pipeline_VITIS_LOOP_50_1_fu_364/mac_muladd_8ns_8s_17s_18_4_1_U21_n_16
    SLICE_X31Y100        LUT2 (Prop_F6LUT_SLICEM_I0_O)
                                                      0.224     0.977 r  bd_0_i/hls_inst/U0/grp_hls_filter_2d_Pipeline_VITIS_LOOP_50_1_fu_364/tmp_product_i_130/O
                         net (fo=1, routed)           0.029     1.006    bd_0_i/hls_inst/U0/grp_hls_filter_2d_Pipeline_VITIS_LOOP_50_1_fu_364/tmp_product_i_130_n_4
    SLICE_X31Y100        CARRY8 (Prop_CARRY8_SLICEM_S[5]_CO[7])
                                                      0.238     1.244 r  bd_0_i/hls_inst/U0/grp_hls_filter_2d_Pipeline_VITIS_LOOP_50_1_fu_364/tmp_product_i_87/CO[7]
                         net (fo=1, routed)           0.030     1.274    bd_0_i/hls_inst/U0/grp_hls_filter_2d_Pipeline_VITIS_LOOP_50_1_fu_364/tmp_product_i_87_n_4
    SLICE_X31Y101        CARRY8 (Prop_CARRY8_SLICEM_CI_O[5])
                                                      0.161     1.435 r  bd_0_i/hls_inst/U0/grp_hls_filter_2d_Pipeline_VITIS_LOOP_50_1_fu_364/tmp_product_i_69/O[5]
                         net (fo=2, routed)           0.251     1.686    bd_0_i/hls_inst/U0/grp_hls_filter_2d_Pipeline_VITIS_LOOP_50_1_fu_364/tmp_product_i_69_n_14
    SLICE_X29Y101        LUT2 (Prop_F6LUT_SLICEM_I0_O)
                                                      0.186     1.872 r  bd_0_i/hls_inst/U0/grp_hls_filter_2d_Pipeline_VITIS_LOOP_50_1_fu_364/tmp_product_i_72/O
                         net (fo=1, routed)           0.029     1.901    bd_0_i/hls_inst/U0/grp_hls_filter_2d_Pipeline_VITIS_LOOP_50_1_fu_364/tmp_product_i_72_n_4
    SLICE_X29Y101        CARRY8 (Prop_CARRY8_SLICEM_S[5]_CO[7])
                                                      0.238     2.139 r  bd_0_i/hls_inst/U0/grp_hls_filter_2d_Pipeline_VITIS_LOOP_50_1_fu_364/tmp_product_i_41/CO[7]
                         net (fo=1, routed)           0.030     2.169    bd_0_i/hls_inst/U0/grp_hls_filter_2d_Pipeline_VITIS_LOOP_50_1_fu_364/tmp_product_i_41_n_4
    SLICE_X29Y102        CARRY8 (Prop_CARRY8_SLICEM_CI_O[1])
                                                      0.106     2.275 r  bd_0_i/hls_inst/U0/grp_hls_filter_2d_Pipeline_VITIS_LOOP_50_1_fu_364/tmp_product_i_31/O[1]
                         net (fo=1, routed)           0.417     2.692    bd_0_i/hls_inst/U0/grp_hls_filter_2d_Pipeline_VITIS_LOOP_50_1_fu_364/tmp_product_i_31_n_18
    SLICE_X28Y112        LUT2 (Prop_B6LUT_SLICEM_I1_O)
                                                      0.225     2.917 r  bd_0_i/hls_inst/U0/grp_hls_filter_2d_Pipeline_VITIS_LOOP_50_1_fu_364/tmp_product_i_7/O
                         net (fo=1, routed)           0.022     2.939    bd_0_i/hls_inst/U0/grp_hls_filter_2d_Pipeline_VITIS_LOOP_50_1_fu_364/tmp_product_i_7_n_4
    SLICE_X28Y112        CARRY8 (Prop_CARRY8_SLICEM_S[1]_O[4])
                                                      0.286     3.225 f  bd_0_i/hls_inst/U0/grp_hls_filter_2d_Pipeline_VITIS_LOOP_50_1_fu_364/tmp_product_i_1__5/O[4]
                         net (fo=10, routed)          0.571     3.796    bd_0_i/hls_inst/U0/grp_hls_filter_2d_Pipeline_VITIS_LOOP_50_1_fu_364/mul_21s_32s_52_1_1_U1/tmp_product/A[26]
    DSP48E2_X8Y44        DSP_A_B_DATA (Prop_DSP_A_B_DATA_DSP48E2_A[26]_A2_DATA[26])
                                                      0.258     4.054 r  bd_0_i/hls_inst/U0/grp_hls_filter_2d_Pipeline_VITIS_LOOP_50_1_fu_364/mul_21s_32s_52_1_1_U1/tmp_product/DSP_A_B_DATA_INST/A2_DATA[26]
                         net (fo=1, routed)           0.000     4.054    bd_0_i/hls_inst/U0/grp_hls_filter_2d_Pipeline_VITIS_LOOP_50_1_fu_364/mul_21s_32s_52_1_1_U1/tmp_product/DSP_A_B_DATA.A2_DATA<26>
    DSP48E2_X8Y44        DSP_PREADD_DATA (Prop_DSP_PREADD_DATA_DSP48E2_A2_DATA[26]_A2A1[26])
                                                      0.114     4.168 r  bd_0_i/hls_inst/U0/grp_hls_filter_2d_Pipeline_VITIS_LOOP_50_1_fu_364/mul_21s_32s_52_1_1_U1/tmp_product/DSP_PREADD_DATA_INST/A2A1[26]
                         net (fo=1, routed)           0.000     4.168    bd_0_i/hls_inst/U0/grp_hls_filter_2d_Pipeline_VITIS_LOOP_50_1_fu_364/mul_21s_32s_52_1_1_U1/tmp_product/DSP_PREADD_DATA.A2A1<26>
    DSP48E2_X8Y44        DSP_MULTIPLIER (Prop_DSP_MULTIPLIER_DSP48E2_A2A1[26]_U[43])
                                                      0.700     4.868 f  bd_0_i/hls_inst/U0/grp_hls_filter_2d_Pipeline_VITIS_LOOP_50_1_fu_364/mul_21s_32s_52_1_1_U1/tmp_product/DSP_MULTIPLIER_INST/U[43]
                         net (fo=1, routed)           0.000     4.868    bd_0_i/hls_inst/U0/grp_hls_filter_2d_Pipeline_VITIS_LOOP_50_1_fu_364/mul_21s_32s_52_1_1_U1/tmp_product/DSP_MULTIPLIER.U<43>
    DSP48E2_X8Y44        DSP_M_DATA (Prop_DSP_M_DATA_DSP48E2_U[43]_U_DATA[43])
                                                      0.067     4.935 r  bd_0_i/hls_inst/U0/grp_hls_filter_2d_Pipeline_VITIS_LOOP_50_1_fu_364/mul_21s_32s_52_1_1_U1/tmp_product/DSP_M_DATA_INST/U_DATA[43]
                         net (fo=1, routed)           0.000     4.935    bd_0_i/hls_inst/U0/grp_hls_filter_2d_Pipeline_VITIS_LOOP_50_1_fu_364/mul_21s_32s_52_1_1_U1/tmp_product/DSP_M_DATA.U_DATA<43>
    DSP48E2_X8Y44        DSP_ALU (Prop_DSP_ALU_DSP48E2_U_DATA[43]_ALU_OUT[47])
                                                      0.727     5.662 f  bd_0_i/hls_inst/U0/grp_hls_filter_2d_Pipeline_VITIS_LOOP_50_1_fu_364/mul_21s_32s_52_1_1_U1/tmp_product/DSP_ALU_INST/ALU_OUT[47]
                         net (fo=1, routed)           0.000     5.662    bd_0_i/hls_inst/U0/grp_hls_filter_2d_Pipeline_VITIS_LOOP_50_1_fu_364/mul_21s_32s_52_1_1_U1/tmp_product/DSP_ALU.ALU_OUT<47>
    DSP48E2_X8Y44        DSP_OUTPUT (Prop_DSP_OUTPUT_DSP48E2_ALU_OUT[47]_PCOUT[47])
                                                      0.167     5.829 r  bd_0_i/hls_inst/U0/grp_hls_filter_2d_Pipeline_VITIS_LOOP_50_1_fu_364/mul_21s_32s_52_1_1_U1/tmp_product/DSP_OUTPUT_INST/PCOUT[47]
                         net (fo=1, routed)           0.014     5.843    bd_0_i/hls_inst/U0/grp_hls_filter_2d_Pipeline_VITIS_LOOP_50_1_fu_364/mul_ln121_reg_2916_reg/PCIN[47]
    DSP48E2_X8Y45        DSP_ALU (Prop_DSP_ALU_DSP48E2_PCIN[47]_ALU_OUT[0])
                                                      0.739     6.582 r  bd_0_i/hls_inst/U0/grp_hls_filter_2d_Pipeline_VITIS_LOOP_50_1_fu_364/mul_ln121_reg_2916_reg/DSP_ALU_INST/ALU_OUT[0]
                         net (fo=1, routed)           0.000     6.582    bd_0_i/hls_inst/U0/grp_hls_filter_2d_Pipeline_VITIS_LOOP_50_1_fu_364/mul_ln121_reg_2916_reg/DSP_ALU.ALU_OUT<0>
    DSP48E2_X8Y45        DSP_OUTPUT                                   r  bd_0_i/hls_inst/U0/grp_hls_filter_2d_Pipeline_VITIS_LOOP_50_1_fu_364/mul_ln121_reg_2916_reg/DSP_OUTPUT_INST/ALU_OUT[0]
  -------------------------------------------------------------------    -------------------

                         (clock ap_clk rise edge)    10.000    10.000 r  
                                                      0.000    10.000 r  ap_clk (IN)
                         net (fo=1441, unset)         0.055    10.055    bd_0_i/hls_inst/U0/grp_hls_filter_2d_Pipeline_VITIS_LOOP_50_1_fu_364/mul_ln121_reg_2916_reg/CLK
    DSP48E2_X8Y45        DSP_OUTPUT                                   r  bd_0_i/hls_inst/U0/grp_hls_filter_2d_Pipeline_VITIS_LOOP_50_1_fu_364/mul_ln121_reg_2916_reg/DSP_OUTPUT_INST/CLK
                         clock pessimism              0.000    10.055    
                         clock uncertainty           -0.035    10.020    
    DSP48E2_X8Y45        DSP_OUTPUT (Setup_DSP_OUTPUT_DSP48E2_CLK_ALU_OUT[0])
                                                      0.014    10.034    bd_0_i/hls_inst/U0/grp_hls_filter_2d_Pipeline_VITIS_LOOP_50_1_fu_364/mul_ln121_reg_2916_reg/DSP_OUTPUT_INST
  -------------------------------------------------------------------
                         required time                         10.034    
                         arrival time                          -6.582    
  -------------------------------------------------------------------
                         slack                                  3.452    

Slack (MET) :             3.452ns  (required time - arrival time)
  Source:                 bd_0_i/hls_inst/U0/grp_hls_filter_2d_Pipeline_VITIS_LOOP_50_1_fu_364/mac_muladd_8ns_8s_17s_18_4_1_U21/hls_filter_2d_mac_muladd_8ns_8s_17s_18_4_1_DSP48_0_U/p_reg_reg/DSP_OUTPUT_INST/CLK
                            (rising edge-triggered cell DSP_OUTPUT clocked by ap_clk  {rise@0.000ns fall@5.000ns period=10.000ns})
  Destination:            bd_0_i/hls_inst/U0/grp_hls_filter_2d_Pipeline_VITIS_LOOP_50_1_fu_364/mul_ln121_reg_2916_reg/DSP_OUTPUT_INST/ALU_OUT[10]
                            (rising edge-triggered cell DSP_OUTPUT clocked by ap_clk  {rise@0.000ns fall@5.000ns period=10.000ns})
  Path Group:             ap_clk
  Path Type:              Setup (Max at Slow Process Corner)
  Requirement:            10.000ns  (ap_clk rise@10.000ns - ap_clk rise@0.000ns)
  Data Path Delay:        6.505ns  (logic 4.711ns (72.422%)  route 1.794ns (27.578%))
  Logic Levels:           15  (CARRY8=5 DSP_A_B_DATA=1 DSP_ALU=2 DSP_M_DATA=1 DSP_MULTIPLIER=1 DSP_OUTPUT=1 DSP_PREADD_DATA=1 LUT2=3)
  Clock Path Skew:        -0.022ns (DCD - SCD + CPR)
    Destination Clock Delay (DCD):    0.055ns = ( 10.055 - 10.000 ) 
    Source Clock Delay      (SCD):    0.077ns
    Clock Pessimism Removal (CPR):    0.000ns
  Clock Uncertainty:      0.035ns  ((TSJ^2 + TIJ^2)^1/2 + DJ) / 2 + PE
    Total System Jitter     (TSJ):    0.071ns
    Total Input Jitter      (TIJ):    0.000ns
    Discrete Jitter          (DJ):    0.000ns
    Phase Error              (PE):    0.000ns

    Location             Delay type                Incr(ns)  Path(ns)    Netlist Resource(s)
  -------------------------------------------------------------------    -------------------
                         (clock ap_clk rise edge)     0.000     0.000 r  
                                                      0.000     0.000 r  ap_clk (IN)
                         net (fo=1441, unset)         0.077     0.077    bd_0_i/hls_inst/U0/grp_hls_filter_2d_Pipeline_VITIS_LOOP_50_1_fu_364/mac_muladd_8ns_8s_17s_18_4_1_U21/hls_filter_2d_mac_muladd_8ns_8s_17s_18_4_1_DSP48_0_U/p_reg_reg/CLK
    DSP48E2_X9Y40        DSP_OUTPUT                                   r  bd_0_i/hls_inst/U0/grp_hls_filter_2d_Pipeline_VITIS_LOOP_50_1_fu_364/mac_muladd_8ns_8s_17s_18_4_1_U21/hls_filter_2d_mac_muladd_8ns_8s_17s_18_4_1_DSP48_0_U/p_reg_reg/DSP_OUTPUT_INST/CLK
  -------------------------------------------------------------------    -------------------
    DSP48E2_X9Y40        DSP_OUTPUT (Prop_DSP_OUTPUT_DSP48E2_CLK_P[5])
                                                      0.275     0.352 r  bd_0_i/hls_inst/U0/grp_hls_filter_2d_Pipeline_VITIS_LOOP_50_1_fu_364/mac_muladd_8ns_8s_17s_18_4_1_U21/hls_filter_2d_mac_muladd_8ns_8s_17s_18_4_1_DSP48_0_U/p_reg_reg/DSP_OUTPUT_INST/P[5]
                         net (fo=2, routed)           0.401     0.753    bd_0_i/hls_inst/U0/grp_hls_filter_2d_Pipeline_VITIS_LOOP_50_1_fu_364/mac_muladd_8ns_8s_17s_18_4_1_U21_n_16
    SLICE_X31Y100        LUT2 (Prop_F6LUT_SLICEM_I0_O)
                                                      0.224     0.977 r  bd_0_i/hls_inst/U0/grp_hls_filter_2d_Pipeline_VITIS_LOOP_50_1_fu_364/tmp_product_i_130/O
                         net (fo=1, routed)           0.029     1.006    bd_0_i/hls_inst/U0/grp_hls_filter_2d_Pipeline_VITIS_LOOP_50_1_fu_364/tmp_product_i_130_n_4
    SLICE_X31Y100        CARRY8 (Prop_CARRY8_SLICEM_S[5]_CO[7])
                                                      0.238     1.244 r  bd_0_i/hls_inst/U0/grp_hls_filter_2d_Pipeline_VITIS_LOOP_50_1_fu_364/tmp_product_i_87/CO[7]
                         net (fo=1, routed)           0.030     1.274    bd_0_i/hls_inst/U0/grp_hls_filter_2d_Pipeline_VITIS_LOOP_50_1_fu_364/tmp_product_i_87_n_4
    SLICE_X31Y101        CARRY8 (Prop_CARRY8_SLICEM_CI_O[5])
                                                      0.161     1.435 r  bd_0_i/hls_inst/U0/grp_hls_filter_2d_Pipeline_VITIS_LOOP_50_1_fu_364/tmp_product_i_69/O[5]
                         net (fo=2, routed)           0.251     1.686    bd_0_i/hls_inst/U0/grp_hls_filter_2d_Pipeline_VITIS_LOOP_50_1_fu_364/tmp_product_i_69_n_14
    SLICE_X29Y101        LUT2 (Prop_F6LUT_SLICEM_I0_O)
                                                      0.186     1.872 r  bd_0_i/hls_inst/U0/grp_hls_filter_2d_Pipeline_VITIS_LOOP_50_1_fu_364/tmp_product_i_72/O
                         net (fo=1, routed)           0.029     1.901    bd_0_i/hls_inst/U0/grp_hls_filter_2d_Pipeline_VITIS_LOOP_50_1_fu_364/tmp_product_i_72_n_4
    SLICE_X29Y101        CARRY8 (Prop_CARRY8_SLICEM_S[5]_CO[7])
                                                      0.238     2.139 r  bd_0_i/hls_inst/U0/grp_hls_filter_2d_Pipeline_VITIS_LOOP_50_1_fu_364/tmp_product_i_41/CO[7]
                         net (fo=1, routed)           0.030     2.169    bd_0_i/hls_inst/U0/grp_hls_filter_2d_Pipeline_VITIS_LOOP_50_1_fu_364/tmp_product_i_41_n_4
    SLICE_X29Y102        CARRY8 (Prop_CARRY8_SLICEM_CI_O[1])
                                                      0.106     2.275 r  bd_0_i/hls_inst/U0/grp_hls_filter_2d_Pipeline_VITIS_LOOP_50_1_fu_364/tmp_product_i_31/O[1]
                         net (fo=1, routed)           0.417     2.692    bd_0_i/hls_inst/U0/grp_hls_filter_2d_Pipeline_VITIS_LOOP_50_1_fu_364/tmp_product_i_31_n_18
    SLICE_X28Y112        LUT2 (Prop_B6LUT_SLICEM_I1_O)
                                                      0.225     2.917 r  bd_0_i/hls_inst/U0/grp_hls_filter_2d_Pipeline_VITIS_LOOP_50_1_fu_364/tmp_product_i_7/O
                         net (fo=1, routed)           0.022     2.939    bd_0_i/hls_inst/U0/grp_hls_filter_2d_Pipeline_VITIS_LOOP_50_1_fu_364/tmp_product_i_7_n_4
    SLICE_X28Y112        CARRY8 (Prop_CARRY8_SLICEM_S[1]_O[4])
                                                      0.286     3.225 f  bd_0_i/hls_inst/U0/grp_hls_filter_2d_Pipeline_VITIS_LOOP_50_1_fu_364/tmp_product_i_1__5/O[4]
                         net (fo=10, routed)          0.571     3.796    bd_0_i/hls_inst/U0/grp_hls_filter_2d_Pipeline_VITIS_LOOP_50_1_fu_364/mul_21s_32s_52_1_1_U1/tmp_product/A[26]
    DSP48E2_X8Y44        DSP_A_B_DATA (Prop_DSP_A_B_DATA_DSP48E2_A[26]_A2_DATA[26])
                                                      0.258     4.054 r  bd_0_i/hls_inst/U0/grp_hls_filter_2d_Pipeline_VITIS_LOOP_50_1_fu_364/mul_21s_32s_52_1_1_U1/tmp_product/DSP_A_B_DATA_INST/A2_DATA[26]
                         net (fo=1, routed)           0.000     4.054    bd_0_i/hls_inst/U0/grp_hls_filter_2d_Pipeline_VITIS_LOOP_50_1_fu_364/mul_21s_32s_52_1_1_U1/tmp_product/DSP_A_B_DATA.A2_DATA<26>
    DSP48E2_X8Y44        DSP_PREADD_DATA (Prop_DSP_PREADD_DATA_DSP48E2_A2_DATA[26]_A2A1[26])
                                                      0.114     4.168 r  bd_0_i/hls_inst/U0/grp_hls_filter_2d_Pipeline_VITIS_LOOP_50_1_fu_364/mul_21s_32s_52_1_1_U1/tmp_product/DSP_PREADD_DATA_INST/A2A1[26]
                         net (fo=1, routed)           0.000     4.168    bd_0_i/hls_inst/U0/grp_hls_filter_2d_Pipeline_VITIS_LOOP_50_1_fu_364/mul_21s_32s_52_1_1_U1/tmp_product/DSP_PREADD_DATA.A2A1<26>
    DSP48E2_X8Y44        DSP_MULTIPLIER (Prop_DSP_MULTIPLIER_DSP48E2_A2A1[26]_U[43])
                                                      0.700     4.868 f  bd_0_i/hls_inst/U0/grp_hls_filter_2d_Pipeline_VITIS_LOOP_50_1_fu_364/mul_21s_32s_52_1_1_U1/tmp_product/DSP_MULTIPLIER_INST/U[43]
                         net (fo=1, routed)           0.000     4.868    bd_0_i/hls_inst/U0/grp_hls_filter_2d_Pipeline_VITIS_LOOP_50_1_fu_364/mul_21s_32s_52_1_1_U1/tmp_product/DSP_MULTIPLIER.U<43>
    DSP48E2_X8Y44        DSP_M_DATA (Prop_DSP_M_DATA_DSP48E2_U[43]_U_DATA[43])
                                                      0.067     4.935 r  bd_0_i/hls_inst/U0/grp_hls_filter_2d_Pipeline_VITIS_LOOP_50_1_fu_364/mul_21s_32s_52_1_1_U1/tmp_product/DSP_M_DATA_INST/U_DATA[43]
                         net (fo=1, routed)           0.000     4.935    bd_0_i/hls_inst/U0/grp_hls_filter_2d_Pipeline_VITIS_LOOP_50_1_fu_364/mul_21s_32s_52_1_1_U1/tmp_product/DSP_M_DATA.U_DATA<43>
    DSP48E2_X8Y44        DSP_ALU (Prop_DSP_ALU_DSP48E2_U_DATA[43]_ALU_OUT[47])
                                                      0.727     5.662 f  bd_0_i/hls_inst/U0/grp_hls_filter_2d_Pipeline_VITIS_LOOP_50_1_fu_364/mul_21s_32s_52_1_1_U1/tmp_product/DSP_ALU_INST/ALU_OUT[47]
                         net (fo=1, routed)           0.000     5.662    bd_0_i/hls_inst/U0/grp_hls_filter_2d_Pipeline_VITIS_LOOP_50_1_fu_364/mul_21s_32s_52_1_1_U1/tmp_product/DSP_ALU.ALU_OUT<47>
    DSP48E2_X8Y44        DSP_OUTPUT (Prop_DSP_OUTPUT_DSP48E2_ALU_OUT[47]_PCOUT[47])
                                                      0.167     5.829 r  bd_0_i/hls_inst/U0/grp_hls_filter_2d_Pipeline_VITIS_LOOP_50_1_fu_364/mul_21s_32s_52_1_1_U1/tmp_product/DSP_OUTPUT_INST/PCOUT[47]
                         net (fo=1, routed)           0.014     5.843    bd_0_i/hls_inst/U0/grp_hls_filter_2d_Pipeline_VITIS_LOOP_50_1_fu_364/mul_ln121_reg_2916_reg/PCIN[47]
    DSP48E2_X8Y45        DSP_ALU (Prop_DSP_ALU_DSP48E2_PCIN[47]_ALU_OUT[10])
                                                      0.739     6.582 r  bd_0_i/hls_inst/U0/grp_hls_filter_2d_Pipeline_VITIS_LOOP_50_1_fu_364/mul_ln121_reg_2916_reg/DSP_ALU_INST/ALU_OUT[10]
                         net (fo=1, routed)           0.000     6.582    bd_0_i/hls_inst/U0/grp_hls_filter_2d_Pipeline_VITIS_LOOP_50_1_fu_364/mul_ln121_reg_2916_reg/DSP_ALU.ALU_OUT<10>
    DSP48E2_X8Y45        DSP_OUTPUT                                   r  bd_0_i/hls_inst/U0/grp_hls_filter_2d_Pipeline_VITIS_LOOP_50_1_fu_364/mul_ln121_reg_2916_reg/DSP_OUTPUT_INST/ALU_OUT[10]
  -------------------------------------------------------------------    -------------------

                         (clock ap_clk rise edge)    10.000    10.000 r  
                                                      0.000    10.000 r  ap_clk (IN)
                         net (fo=1441, unset)         0.055    10.055    bd_0_i/hls_inst/U0/grp_hls_filter_2d_Pipeline_VITIS_LOOP_50_1_fu_364/mul_ln121_reg_2916_reg/CLK
    DSP48E2_X8Y45        DSP_OUTPUT                                   r  bd_0_i/hls_inst/U0/grp_hls_filter_2d_Pipeline_VITIS_LOOP_50_1_fu_364/mul_ln121_reg_2916_reg/DSP_OUTPUT_INST/CLK
                         clock pessimism              0.000    10.055    
                         clock uncertainty           -0.035    10.020    
    DSP48E2_X8Y45        DSP_OUTPUT (Setup_DSP_OUTPUT_DSP48E2_CLK_ALU_OUT[10])
                                                      0.014    10.034    bd_0_i/hls_inst/U0/grp_hls_filter_2d_Pipeline_VITIS_LOOP_50_1_fu_364/mul_ln121_reg_2916_reg/DSP_OUTPUT_INST
  -------------------------------------------------------------------
                         required time                         10.034    
                         arrival time                          -6.582    
  -------------------------------------------------------------------
                         slack                                  3.452    

Slack (MET) :             3.452ns  (required time - arrival time)
  Source:                 bd_0_i/hls_inst/U0/grp_hls_filter_2d_Pipeline_VITIS_LOOP_50_1_fu_364/mac_muladd_8ns_8s_17s_18_4_1_U21/hls_filter_2d_mac_muladd_8ns_8s_17s_18_4_1_DSP48_0_U/p_reg_reg/DSP_OUTPUT_INST/CLK
                            (rising edge-triggered cell DSP_OUTPUT clocked by ap_clk  {rise@0.000ns fall@5.000ns period=10.000ns})
  Destination:            bd_0_i/hls_inst/U0/grp_hls_filter_2d_Pipeline_VITIS_LOOP_50_1_fu_364/mul_ln121_reg_2916_reg/DSP_OUTPUT_INST/ALU_OUT[11]
                            (rising edge-triggered cell DSP_OUTPUT clocked by ap_clk  {rise@0.000ns fall@5.000ns period=10.000ns})
  Path Group:             ap_clk
  Path Type:              Setup (Max at Slow Process Corner)
  Requirement:            10.000ns  (ap_clk rise@10.000ns - ap_clk rise@0.000ns)
  Data Path Delay:        6.505ns  (logic 4.711ns (72.422%)  route 1.794ns (27.578%))
  Logic Levels:           15  (CARRY8=5 DSP_A_B_DATA=1 DSP_ALU=2 DSP_M_DATA=1 DSP_MULTIPLIER=1 DSP_OUTPUT=1 DSP_PREADD_DATA=1 LUT2=3)
  Clock Path Skew:        -0.022ns (DCD - SCD + CPR)
    Destination Clock Delay (DCD):    0.055ns = ( 10.055 - 10.000 ) 
    Source Clock Delay      (SCD):    0.077ns
    Clock Pessimism Removal (CPR):    0.000ns
  Clock Uncertainty:      0.035ns  ((TSJ^2 + TIJ^2)^1/2 + DJ) / 2 + PE
    Total System Jitter     (TSJ):    0.071ns
    Total Input Jitter      (TIJ):    0.000ns
    Discrete Jitter          (DJ):    0.000ns
    Phase Error              (PE):    0.000ns

    Location             Delay type                Incr(ns)  Path(ns)    Netlist Resource(s)
  -------------------------------------------------------------------    -------------------
                         (clock ap_clk rise edge)     0.000     0.000 r  
                                                      0.000     0.000 r  ap_clk (IN)
                         net (fo=1441, unset)         0.077     0.077    bd_0_i/hls_inst/U0/grp_hls_filter_2d_Pipeline_VITIS_LOOP_50_1_fu_364/mac_muladd_8ns_8s_17s_18_4_1_U21/hls_filter_2d_mac_muladd_8ns_8s_17s_18_4_1_DSP48_0_U/p_reg_reg/CLK
    DSP48E2_X9Y40        DSP_OUTPUT                                   r  bd_0_i/hls_inst/U0/grp_hls_filter_2d_Pipeline_VITIS_LOOP_50_1_fu_364/mac_muladd_8ns_8s_17s_18_4_1_U21/hls_filter_2d_mac_muladd_8ns_8s_17s_18_4_1_DSP48_0_U/p_reg_reg/DSP_OUTPUT_INST/CLK
  -------------------------------------------------------------------    -------------------
    DSP48E2_X9Y40        DSP_OUTPUT (Prop_DSP_OUTPUT_DSP48E2_CLK_P[5])
                                                      0.275     0.352 r  bd_0_i/hls_inst/U0/grp_hls_filter_2d_Pipeline_VITIS_LOOP_50_1_fu_364/mac_muladd_8ns_8s_17s_18_4_1_U21/hls_filter_2d_mac_muladd_8ns_8s_17s_18_4_1_DSP48_0_U/p_reg_reg/DSP_OUTPUT_INST/P[5]
                         net (fo=2, routed)           0.401     0.753    bd_0_i/hls_inst/U0/grp_hls_filter_2d_Pipeline_VITIS_LOOP_50_1_fu_364/mac_muladd_8ns_8s_17s_18_4_1_U21_n_16
    SLICE_X31Y100        LUT2 (Prop_F6LUT_SLICEM_I0_O)
                                                      0.224     0.977 r  bd_0_i/hls_inst/U0/grp_hls_filter_2d_Pipeline_VITIS_LOOP_50_1_fu_364/tmp_product_i_130/O
                         net (fo=1, routed)           0.029     1.006    bd_0_i/hls_inst/U0/grp_hls_filter_2d_Pipeline_VITIS_LOOP_50_1_fu_364/tmp_product_i_130_n_4
    SLICE_X31Y100        CARRY8 (Prop_CARRY8_SLICEM_S[5]_CO[7])
                                                      0.238     1.244 r  bd_0_i/hls_inst/U0/grp_hls_filter_2d_Pipeline_VITIS_LOOP_50_1_fu_364/tmp_product_i_87/CO[7]
                         net (fo=1, routed)           0.030     1.274    bd_0_i/hls_inst/U0/grp_hls_filter_2d_Pipeline_VITIS_LOOP_50_1_fu_364/tmp_product_i_87_n_4
    SLICE_X31Y101        CARRY8 (Prop_CARRY8_SLICEM_CI_O[5])
                                                      0.161     1.435 r  bd_0_i/hls_inst/U0/grp_hls_filter_2d_Pipeline_VITIS_LOOP_50_1_fu_364/tmp_product_i_69/O[5]
                         net (fo=2, routed)           0.251     1.686    bd_0_i/hls_inst/U0/grp_hls_filter_2d_Pipeline_VITIS_LOOP_50_1_fu_364/tmp_product_i_69_n_14
    SLICE_X29Y101        LUT2 (Prop_F6LUT_SLICEM_I0_O)
                                                      0.186     1.872 r  bd_0_i/hls_inst/U0/grp_hls_filter_2d_Pipeline_VITIS_LOOP_50_1_fu_364/tmp_product_i_72/O
                         net (fo=1, routed)           0.029     1.901    bd_0_i/hls_inst/U0/grp_hls_filter_2d_Pipeline_VITIS_LOOP_50_1_fu_364/tmp_product_i_72_n_4
    SLICE_X29Y101        CARRY8 (Prop_CARRY8_SLICEM_S[5]_CO[7])
                                                      0.238     2.139 r  bd_0_i/hls_inst/U0/grp_hls_filter_2d_Pipeline_VITIS_LOOP_50_1_fu_364/tmp_product_i_41/CO[7]
                         net (fo=1, routed)           0.030     2.169    bd_0_i/hls_inst/U0/grp_hls_filter_2d_Pipeline_VITIS_LOOP_50_1_fu_364/tmp_product_i_41_n_4
    SLICE_X29Y102        CARRY8 (Prop_CARRY8_SLICEM_CI_O[1])
                                                      0.106     2.275 r  bd_0_i/hls_inst/U0/grp_hls_filter_2d_Pipeline_VITIS_LOOP_50_1_fu_364/tmp_product_i_31/O[1]
                         net (fo=1, routed)           0.417     2.692    bd_0_i/hls_inst/U0/grp_hls_filter_2d_Pipeline_VITIS_LOOP_50_1_fu_364/tmp_product_i_31_n_18
    SLICE_X28Y112        LUT2 (Prop_B6LUT_SLICEM_I1_O)
                                                      0.225     2.917 r  bd_0_i/hls_inst/U0/grp_hls_filter_2d_Pipeline_VITIS_LOOP_50_1_fu_364/tmp_product_i_7/O
                         net (fo=1, routed)           0.022     2.939    bd_0_i/hls_inst/U0/grp_hls_filter_2d_Pipeline_VITIS_LOOP_50_1_fu_364/tmp_product_i_7_n_4
    SLICE_X28Y112        CARRY8 (Prop_CARRY8_SLICEM_S[1]_O[4])
                                                      0.286     3.225 f  bd_0_i/hls_inst/U0/grp_hls_filter_2d_Pipeline_VITIS_LOOP_50_1_fu_364/tmp_product_i_1__5/O[4]
                         net (fo=10, routed)          0.571     3.796    bd_0_i/hls_inst/U0/grp_hls_filter_2d_Pipeline_VITIS_LOOP_50_1_fu_364/mul_21s_32s_52_1_1_U1/tmp_product/A[26]
    DSP48E2_X8Y44        DSP_A_B_DATA (Prop_DSP_A_B_DATA_DSP48E2_A[26]_A2_DATA[26])
                                                      0.258     4.054 r  bd_0_i/hls_inst/U0/grp_hls_filter_2d_Pipeline_VITIS_LOOP_50_1_fu_364/mul_21s_32s_52_1_1_U1/tmp_product/DSP_A_B_DATA_INST/A2_DATA[26]
                         net (fo=1, routed)           0.000     4.054    bd_0_i/hls_inst/U0/grp_hls_filter_2d_Pipeline_VITIS_LOOP_50_1_fu_364/mul_21s_32s_52_1_1_U1/tmp_product/DSP_A_B_DATA.A2_DATA<26>
    DSP48E2_X8Y44        DSP_PREADD_DATA (Prop_DSP_PREADD_DATA_DSP48E2_A2_DATA[26]_A2A1[26])
                                                      0.114     4.168 r  bd_0_i/hls_inst/U0/grp_hls_filter_2d_Pipeline_VITIS_LOOP_50_1_fu_364/mul_21s_32s_52_1_1_U1/tmp_product/DSP_PREADD_DATA_INST/A2A1[26]
                         net (fo=1, routed)           0.000     4.168    bd_0_i/hls_inst/U0/grp_hls_filter_2d_Pipeline_VITIS_LOOP_50_1_fu_364/mul_21s_32s_52_1_1_U1/tmp_product/DSP_PREADD_DATA.A2A1<26>
    DSP48E2_X8Y44        DSP_MULTIPLIER (Prop_DSP_MULTIPLIER_DSP48E2_A2A1[26]_U[43])
                                                      0.700     4.868 f  bd_0_i/hls_inst/U0/grp_hls_filter_2d_Pipeline_VITIS_LOOP_50_1_fu_364/mul_21s_32s_52_1_1_U1/tmp_product/DSP_MULTIPLIER_INST/U[43]
                         net (fo=1, routed)           0.000     4.868    bd_0_i/hls_inst/U0/grp_hls_filter_2d_Pipeline_VITIS_LOOP_50_1_fu_364/mul_21s_32s_52_1_1_U1/tmp_product/DSP_MULTIPLIER.U<43>
    DSP48E2_X8Y44        DSP_M_DATA (Prop_DSP_M_DATA_DSP48E2_U[43]_U_DATA[43])
                                                      0.067     4.935 r  bd_0_i/hls_inst/U0/grp_hls_filter_2d_Pipeline_VITIS_LOOP_50_1_fu_364/mul_21s_32s_52_1_1_U1/tmp_product/DSP_M_DATA_INST/U_DATA[43]
                         net (fo=1, routed)           0.000     4.935    bd_0_i/hls_inst/U0/grp_hls_filter_2d_Pipeline_VITIS_LOOP_50_1_fu_364/mul_21s_32s_52_1_1_U1/tmp_product/DSP_M_DATA.U_DATA<43>
    DSP48E2_X8Y44        DSP_ALU (Prop_DSP_ALU_DSP48E2_U_DATA[43]_ALU_OUT[47])
                                                      0.727     5.662 f  bd_0_i/hls_inst/U0/grp_hls_filter_2d_Pipeline_VITIS_LOOP_50_1_fu_364/mul_21s_32s_52_1_1_U1/tmp_product/DSP_ALU_INST/ALU_OUT[47]
                         net (fo=1, routed)           0.000     5.662    bd_0_i/hls_inst/U0/grp_hls_filter_2d_Pipeline_VITIS_LOOP_50_1_fu_364/mul_21s_32s_52_1_1_U1/tmp_product/DSP_ALU.ALU_OUT<47>
    DSP48E2_X8Y44        DSP_OUTPUT (Prop_DSP_OUTPUT_DSP48E2_ALU_OUT[47]_PCOUT[47])
                                                      0.167     5.829 r  bd_0_i/hls_inst/U0/grp_hls_filter_2d_Pipeline_VITIS_LOOP_50_1_fu_364/mul_21s_32s_52_1_1_U1/tmp_product/DSP_OUTPUT_INST/PCOUT[47]
                         net (fo=1, routed)           0.014     5.843    bd_0_i/hls_inst/U0/grp_hls_filter_2d_Pipeline_VITIS_LOOP_50_1_fu_364/mul_ln121_reg_2916_reg/PCIN[47]
    DSP48E2_X8Y45        DSP_ALU (Prop_DSP_ALU_DSP48E2_PCIN[47]_ALU_OUT[11])
                                                      0.739     6.582 r  bd_0_i/hls_inst/U0/grp_hls_filter_2d_Pipeline_VITIS_LOOP_50_1_fu_364/mul_ln121_reg_2916_reg/DSP_ALU_INST/ALU_OUT[11]
                         net (fo=1, routed)           0.000     6.582    bd_0_i/hls_inst/U0/grp_hls_filter_2d_Pipeline_VITIS_LOOP_50_1_fu_364/mul_ln121_reg_2916_reg/DSP_ALU.ALU_OUT<11>
    DSP48E2_X8Y45        DSP_OUTPUT                                   r  bd_0_i/hls_inst/U0/grp_hls_filter_2d_Pipeline_VITIS_LOOP_50_1_fu_364/mul_ln121_reg_2916_reg/DSP_OUTPUT_INST/ALU_OUT[11]
  -------------------------------------------------------------------    -------------------

                         (clock ap_clk rise edge)    10.000    10.000 r  
                                                      0.000    10.000 r  ap_clk (IN)
                         net (fo=1441, unset)         0.055    10.055    bd_0_i/hls_inst/U0/grp_hls_filter_2d_Pipeline_VITIS_LOOP_50_1_fu_364/mul_ln121_reg_2916_reg/CLK
    DSP48E2_X8Y45        DSP_OUTPUT                                   r  bd_0_i/hls_inst/U0/grp_hls_filter_2d_Pipeline_VITIS_LOOP_50_1_fu_364/mul_ln121_reg_2916_reg/DSP_OUTPUT_INST/CLK
                         clock pessimism              0.000    10.055    
                         clock uncertainty           -0.035    10.020    
    DSP48E2_X8Y45        DSP_OUTPUT (Setup_DSP_OUTPUT_DSP48E2_CLK_ALU_OUT[11])
                                                      0.014    10.034    bd_0_i/hls_inst/U0/grp_hls_filter_2d_Pipeline_VITIS_LOOP_50_1_fu_364/mul_ln121_reg_2916_reg/DSP_OUTPUT_INST
  -------------------------------------------------------------------
                         required time                         10.034    
                         arrival time                          -6.582    
  -------------------------------------------------------------------
                         slack                                  3.452    

Slack (MET) :             3.452ns  (required time - arrival time)
  Source:                 bd_0_i/hls_inst/U0/grp_hls_filter_2d_Pipeline_VITIS_LOOP_50_1_fu_364/mac_muladd_8ns_8s_17s_18_4_1_U21/hls_filter_2d_mac_muladd_8ns_8s_17s_18_4_1_DSP48_0_U/p_reg_reg/DSP_OUTPUT_INST/CLK
                            (rising edge-triggered cell DSP_OUTPUT clocked by ap_clk  {rise@0.000ns fall@5.000ns period=10.000ns})
  Destination:            bd_0_i/hls_inst/U0/grp_hls_filter_2d_Pipeline_VITIS_LOOP_50_1_fu_364/mul_ln121_reg_2916_reg/DSP_OUTPUT_INST/ALU_OUT[12]
                            (rising edge-triggered cell DSP_OUTPUT clocked by ap_clk  {rise@0.000ns fall@5.000ns period=10.000ns})
  Path Group:             ap_clk
  Path Type:              Setup (Max at Slow Process Corner)
  Requirement:            10.000ns  (ap_clk rise@10.000ns - ap_clk rise@0.000ns)
  Data Path Delay:        6.505ns  (logic 4.711ns (72.422%)  route 1.794ns (27.578%))
  Logic Levels:           15  (CARRY8=5 DSP_A_B_DATA=1 DSP_ALU=2 DSP_M_DATA=1 DSP_MULTIPLIER=1 DSP_OUTPUT=1 DSP_PREADD_DATA=1 LUT2=3)
  Clock Path Skew:        -0.022ns (DCD - SCD + CPR)
    Destination Clock Delay (DCD):    0.055ns = ( 10.055 - 10.000 ) 
    Source Clock Delay      (SCD):    0.077ns
    Clock Pessimism Removal (CPR):    0.000ns
  Clock Uncertainty:      0.035ns  ((TSJ^2 + TIJ^2)^1/2 + DJ) / 2 + PE
    Total System Jitter     (TSJ):    0.071ns
    Total Input Jitter      (TIJ):    0.000ns
    Discrete Jitter          (DJ):    0.000ns
    Phase Error              (PE):    0.000ns

    Location             Delay type                Incr(ns)  Path(ns)    Netlist Resource(s)
  -------------------------------------------------------------------    -------------------
                         (clock ap_clk rise edge)     0.000     0.000 r  
                                                      0.000     0.000 r  ap_clk (IN)
                         net (fo=1441, unset)         0.077     0.077    bd_0_i/hls_inst/U0/grp_hls_filter_2d_Pipeline_VITIS_LOOP_50_1_fu_364/mac_muladd_8ns_8s_17s_18_4_1_U21/hls_filter_2d_mac_muladd_8ns_8s_17s_18_4_1_DSP48_0_U/p_reg_reg/CLK
    DSP48E2_X9Y40        DSP_OUTPUT                                   r  bd_0_i/hls_inst/U0/grp_hls_filter_2d_Pipeline_VITIS_LOOP_50_1_fu_364/mac_muladd_8ns_8s_17s_18_4_1_U21/hls_filter_2d_mac_muladd_8ns_8s_17s_18_4_1_DSP48_0_U/p_reg_reg/DSP_OUTPUT_INST/CLK
  -------------------------------------------------------------------    -------------------
    DSP48E2_X9Y40        DSP_OUTPUT (Prop_DSP_OUTPUT_DSP48E2_CLK_P[5])
                                                      0.275     0.352 r  bd_0_i/hls_inst/U0/grp_hls_filter_2d_Pipeline_VITIS_LOOP_50_1_fu_364/mac_muladd_8ns_8s_17s_18_4_1_U21/hls_filter_2d_mac_muladd_8ns_8s_17s_18_4_1_DSP48_0_U/p_reg_reg/DSP_OUTPUT_INST/P[5]
                         net (fo=2, routed)           0.401     0.753    bd_0_i/hls_inst/U0/grp_hls_filter_2d_Pipeline_VITIS_LOOP_50_1_fu_364/mac_muladd_8ns_8s_17s_18_4_1_U21_n_16
    SLICE_X31Y100        LUT2 (Prop_F6LUT_SLICEM_I0_O)
                                                      0.224     0.977 r  bd_0_i/hls_inst/U0/grp_hls_filter_2d_Pipeline_VITIS_LOOP_50_1_fu_364/tmp_product_i_130/O
                         net (fo=1, routed)           0.029     1.006    bd_0_i/hls_inst/U0/grp_hls_filter_2d_Pipeline_VITIS_LOOP_50_1_fu_364/tmp_product_i_130_n_4
    SLICE_X31Y100        CARRY8 (Prop_CARRY8_SLICEM_S[5]_CO[7])
                                                      0.238     1.244 r  bd_0_i/hls_inst/U0/grp_hls_filter_2d_Pipeline_VITIS_LOOP_50_1_fu_364/tmp_product_i_87/CO[7]
                         net (fo=1, routed)           0.030     1.274    bd_0_i/hls_inst/U0/grp_hls_filter_2d_Pipeline_VITIS_LOOP_50_1_fu_364/tmp_product_i_87_n_4
    SLICE_X31Y101        CARRY8 (Prop_CARRY8_SLICEM_CI_O[5])
                                                      0.161     1.435 r  bd_0_i/hls_inst/U0/grp_hls_filter_2d_Pipeline_VITIS_LOOP_50_1_fu_364/tmp_product_i_69/O[5]
                         net (fo=2, routed)           0.251     1.686    bd_0_i/hls_inst/U0/grp_hls_filter_2d_Pipeline_VITIS_LOOP_50_1_fu_364/tmp_product_i_69_n_14
    SLICE_X29Y101        LUT2 (Prop_F6LUT_SLICEM_I0_O)
                                                      0.186     1.872 r  bd_0_i/hls_inst/U0/grp_hls_filter_2d_Pipeline_VITIS_LOOP_50_1_fu_364/tmp_product_i_72/O
                         net (fo=1, routed)           0.029     1.901    bd_0_i/hls_inst/U0/grp_hls_filter_2d_Pipeline_VITIS_LOOP_50_1_fu_364/tmp_product_i_72_n_4
    SLICE_X29Y101        CARRY8 (Prop_CARRY8_SLICEM_S[5]_CO[7])
                                                      0.238     2.139 r  bd_0_i/hls_inst/U0/grp_hls_filter_2d_Pipeline_VITIS_LOOP_50_1_fu_364/tmp_product_i_41/CO[7]
                         net (fo=1, routed)           0.030     2.169    bd_0_i/hls_inst/U0/grp_hls_filter_2d_Pipeline_VITIS_LOOP_50_1_fu_364/tmp_product_i_41_n_4
    SLICE_X29Y102        CARRY8 (Prop_CARRY8_SLICEM_CI_O[1])
                                                      0.106     2.275 r  bd_0_i/hls_inst/U0/grp_hls_filter_2d_Pipeline_VITIS_LOOP_50_1_fu_364/tmp_product_i_31/O[1]
                         net (fo=1, routed)           0.417     2.692    bd_0_i/hls_inst/U0/grp_hls_filter_2d_Pipeline_VITIS_LOOP_50_1_fu_364/tmp_product_i_31_n_18
    SLICE_X28Y112        LUT2 (Prop_B6LUT_SLICEM_I1_O)
                                                      0.225     2.917 r  bd_0_i/hls_inst/U0/grp_hls_filter_2d_Pipeline_VITIS_LOOP_50_1_fu_364/tmp_product_i_7/O
                         net (fo=1, routed)           0.022     2.939    bd_0_i/hls_inst/U0/grp_hls_filter_2d_Pipeline_VITIS_LOOP_50_1_fu_364/tmp_product_i_7_n_4
    SLICE_X28Y112        CARRY8 (Prop_CARRY8_SLICEM_S[1]_O[4])
                                                      0.286     3.225 f  bd_0_i/hls_inst/U0/grp_hls_filter_2d_Pipeline_VITIS_LOOP_50_1_fu_364/tmp_product_i_1__5/O[4]
                         net (fo=10, routed)          0.571     3.796    bd_0_i/hls_inst/U0/grp_hls_filter_2d_Pipeline_VITIS_LOOP_50_1_fu_364/mul_21s_32s_52_1_1_U1/tmp_product/A[26]
    DSP48E2_X8Y44        DSP_A_B_DATA (Prop_DSP_A_B_DATA_DSP48E2_A[26]_A2_DATA[26])
                                                      0.258     4.054 r  bd_0_i/hls_inst/U0/grp_hls_filter_2d_Pipeline_VITIS_LOOP_50_1_fu_364/mul_21s_32s_52_1_1_U1/tmp_product/DSP_A_B_DATA_INST/A2_DATA[26]
                         net (fo=1, routed)           0.000     4.054    bd_0_i/hls_inst/U0/grp_hls_filter_2d_Pipeline_VITIS_LOOP_50_1_fu_364/mul_21s_32s_52_1_1_U1/tmp_product/DSP_A_B_DATA.A2_DATA<26>
    DSP48E2_X8Y44        DSP_PREADD_DATA (Prop_DSP_PREADD_DATA_DSP48E2_A2_DATA[26]_A2A1[26])
                                                      0.114     4.168 r  bd_0_i/hls_inst/U0/grp_hls_filter_2d_Pipeline_VITIS_LOOP_50_1_fu_364/mul_21s_32s_52_1_1_U1/tmp_product/DSP_PREADD_DATA_INST/A2A1[26]
                         net (fo=1, routed)           0.000     4.168    bd_0_i/hls_inst/U0/grp_hls_filter_2d_Pipeline_VITIS_LOOP_50_1_fu_364/mul_21s_32s_52_1_1_U1/tmp_product/DSP_PREADD_DATA.A2A1<26>
    DSP48E2_X8Y44        DSP_MULTIPLIER (Prop_DSP_MULTIPLIER_DSP48E2_A2A1[26]_U[43])
                                                      0.700     4.868 f  bd_0_i/hls_inst/U0/grp_hls_filter_2d_Pipeline_VITIS_LOOP_50_1_fu_364/mul_21s_32s_52_1_1_U1/tmp_product/DSP_MULTIPLIER_INST/U[43]
                         net (fo=1, routed)           0.000     4.868    bd_0_i/hls_inst/U0/grp_hls_filter_2d_Pipeline_VITIS_LOOP_50_1_fu_364/mul_21s_32s_52_1_1_U1/tmp_product/DSP_MULTIPLIER.U<43>
    DSP48E2_X8Y44        DSP_M_DATA (Prop_DSP_M_DATA_DSP48E2_U[43]_U_DATA[43])
                                                      0.067     4.935 r  bd_0_i/hls_inst/U0/grp_hls_filter_2d_Pipeline_VITIS_LOOP_50_1_fu_364/mul_21s_32s_52_1_1_U1/tmp_product/DSP_M_DATA_INST/U_DATA[43]
                         net (fo=1, routed)           0.000     4.935    bd_0_i/hls_inst/U0/grp_hls_filter_2d_Pipeline_VITIS_LOOP_50_1_fu_364/mul_21s_32s_52_1_1_U1/tmp_product/DSP_M_DATA.U_DATA<43>
    DSP48E2_X8Y44        DSP_ALU (Prop_DSP_ALU_DSP48E2_U_DATA[43]_ALU_OUT[47])
                                                      0.727     5.662 f  bd_0_i/hls_inst/U0/grp_hls_filter_2d_Pipeline_VITIS_LOOP_50_1_fu_364/mul_21s_32s_52_1_1_U1/tmp_product/DSP_ALU_INST/ALU_OUT[47]
                         net (fo=1, routed)           0.000     5.662    bd_0_i/hls_inst/U0/grp_hls_filter_2d_Pipeline_VITIS_LOOP_50_1_fu_364/mul_21s_32s_52_1_1_U1/tmp_product/DSP_ALU.ALU_OUT<47>
    DSP48E2_X8Y44        DSP_OUTPUT (Prop_DSP_OUTPUT_DSP48E2_ALU_OUT[47]_PCOUT[47])
                                                      0.167     5.829 r  bd_0_i/hls_inst/U0/grp_hls_filter_2d_Pipeline_VITIS_LOOP_50_1_fu_364/mul_21s_32s_52_1_1_U1/tmp_product/DSP_OUTPUT_INST/PCOUT[47]
                         net (fo=1, routed)           0.014     5.843    bd_0_i/hls_inst/U0/grp_hls_filter_2d_Pipeline_VITIS_LOOP_50_1_fu_364/mul_ln121_reg_2916_reg/PCIN[47]
    DSP48E2_X8Y45        DSP_ALU (Prop_DSP_ALU_DSP48E2_PCIN[47]_ALU_OUT[12])
                                                      0.739     6.582 r  bd_0_i/hls_inst/U0/grp_hls_filter_2d_Pipeline_VITIS_LOOP_50_1_fu_364/mul_ln121_reg_2916_reg/DSP_ALU_INST/ALU_OUT[12]
                         net (fo=1, routed)           0.000     6.582    bd_0_i/hls_inst/U0/grp_hls_filter_2d_Pipeline_VITIS_LOOP_50_1_fu_364/mul_ln121_reg_2916_reg/DSP_ALU.ALU_OUT<12>
    DSP48E2_X8Y45        DSP_OUTPUT                                   r  bd_0_i/hls_inst/U0/grp_hls_filter_2d_Pipeline_VITIS_LOOP_50_1_fu_364/mul_ln121_reg_2916_reg/DSP_OUTPUT_INST/ALU_OUT[12]
  -------------------------------------------------------------------    -------------------

                         (clock ap_clk rise edge)    10.000    10.000 r  
                                                      0.000    10.000 r  ap_clk (IN)
                         net (fo=1441, unset)         0.055    10.055    bd_0_i/hls_inst/U0/grp_hls_filter_2d_Pipeline_VITIS_LOOP_50_1_fu_364/mul_ln121_reg_2916_reg/CLK
    DSP48E2_X8Y45        DSP_OUTPUT                                   r  bd_0_i/hls_inst/U0/grp_hls_filter_2d_Pipeline_VITIS_LOOP_50_1_fu_364/mul_ln121_reg_2916_reg/DSP_OUTPUT_INST/CLK
                         clock pessimism              0.000    10.055    
                         clock uncertainty           -0.035    10.020    
    DSP48E2_X8Y45        DSP_OUTPUT (Setup_DSP_OUTPUT_DSP48E2_CLK_ALU_OUT[12])
                                                      0.014    10.034    bd_0_i/hls_inst/U0/grp_hls_filter_2d_Pipeline_VITIS_LOOP_50_1_fu_364/mul_ln121_reg_2916_reg/DSP_OUTPUT_INST
  -------------------------------------------------------------------
                         required time                         10.034    
                         arrival time                          -6.582    
  -------------------------------------------------------------------
                         slack                                  3.452    

Slack (MET) :             3.452ns  (required time - arrival time)
  Source:                 bd_0_i/hls_inst/U0/grp_hls_filter_2d_Pipeline_VITIS_LOOP_50_1_fu_364/mac_muladd_8ns_8s_17s_18_4_1_U21/hls_filter_2d_mac_muladd_8ns_8s_17s_18_4_1_DSP48_0_U/p_reg_reg/DSP_OUTPUT_INST/CLK
                            (rising edge-triggered cell DSP_OUTPUT clocked by ap_clk  {rise@0.000ns fall@5.000ns period=10.000ns})
  Destination:            bd_0_i/hls_inst/U0/grp_hls_filter_2d_Pipeline_VITIS_LOOP_50_1_fu_364/mul_ln121_reg_2916_reg/DSP_OUTPUT_INST/ALU_OUT[13]
                            (rising edge-triggered cell DSP_OUTPUT clocked by ap_clk  {rise@0.000ns fall@5.000ns period=10.000ns})
  Path Group:             ap_clk
  Path Type:              Setup (Max at Slow Process Corner)
  Requirement:            10.000ns  (ap_clk rise@10.000ns - ap_clk rise@0.000ns)
  Data Path Delay:        6.505ns  (logic 4.711ns (72.422%)  route 1.794ns (27.578%))
  Logic Levels:           15  (CARRY8=5 DSP_A_B_DATA=1 DSP_ALU=2 DSP_M_DATA=1 DSP_MULTIPLIER=1 DSP_OUTPUT=1 DSP_PREADD_DATA=1 LUT2=3)
  Clock Path Skew:        -0.022ns (DCD - SCD + CPR)
    Destination Clock Delay (DCD):    0.055ns = ( 10.055 - 10.000 ) 
    Source Clock Delay      (SCD):    0.077ns
    Clock Pessimism Removal (CPR):    0.000ns
  Clock Uncertainty:      0.035ns  ((TSJ^2 + TIJ^2)^1/2 + DJ) / 2 + PE
    Total System Jitter     (TSJ):    0.071ns
    Total Input Jitter      (TIJ):    0.000ns
    Discrete Jitter          (DJ):    0.000ns
    Phase Error              (PE):    0.000ns

    Location             Delay type                Incr(ns)  Path(ns)    Netlist Resource(s)
  -------------------------------------------------------------------    -------------------
                         (clock ap_clk rise edge)     0.000     0.000 r  
                                                      0.000     0.000 r  ap_clk (IN)
                         net (fo=1441, unset)         0.077     0.077    bd_0_i/hls_inst/U0/grp_hls_filter_2d_Pipeline_VITIS_LOOP_50_1_fu_364/mac_muladd_8ns_8s_17s_18_4_1_U21/hls_filter_2d_mac_muladd_8ns_8s_17s_18_4_1_DSP48_0_U/p_reg_reg/CLK
    DSP48E2_X9Y40        DSP_OUTPUT                                   r  bd_0_i/hls_inst/U0/grp_hls_filter_2d_Pipeline_VITIS_LOOP_50_1_fu_364/mac_muladd_8ns_8s_17s_18_4_1_U21/hls_filter_2d_mac_muladd_8ns_8s_17s_18_4_1_DSP48_0_U/p_reg_reg/DSP_OUTPUT_INST/CLK
  -------------------------------------------------------------------    -------------------
    DSP48E2_X9Y40        DSP_OUTPUT (Prop_DSP_OUTPUT_DSP48E2_CLK_P[5])
                                                      0.275     0.352 r  bd_0_i/hls_inst/U0/grp_hls_filter_2d_Pipeline_VITIS_LOOP_50_1_fu_364/mac_muladd_8ns_8s_17s_18_4_1_U21/hls_filter_2d_mac_muladd_8ns_8s_17s_18_4_1_DSP48_0_U/p_reg_reg/DSP_OUTPUT_INST/P[5]
                         net (fo=2, routed)           0.401     0.753    bd_0_i/hls_inst/U0/grp_hls_filter_2d_Pipeline_VITIS_LOOP_50_1_fu_364/mac_muladd_8ns_8s_17s_18_4_1_U21_n_16
    SLICE_X31Y100        LUT2 (Prop_F6LUT_SLICEM_I0_O)
                                                      0.224     0.977 r  bd_0_i/hls_inst/U0/grp_hls_filter_2d_Pipeline_VITIS_LOOP_50_1_fu_364/tmp_product_i_130/O
                         net (fo=1, routed)           0.029     1.006    bd_0_i/hls_inst/U0/grp_hls_filter_2d_Pipeline_VITIS_LOOP_50_1_fu_364/tmp_product_i_130_n_4
    SLICE_X31Y100        CARRY8 (Prop_CARRY8_SLICEM_S[5]_CO[7])
                                                      0.238     1.244 r  bd_0_i/hls_inst/U0/grp_hls_filter_2d_Pipeline_VITIS_LOOP_50_1_fu_364/tmp_product_i_87/CO[7]
                         net (fo=1, routed)           0.030     1.274    bd_0_i/hls_inst/U0/grp_hls_filter_2d_Pipeline_VITIS_LOOP_50_1_fu_364/tmp_product_i_87_n_4
    SLICE_X31Y101        CARRY8 (Prop_CARRY8_SLICEM_CI_O[5])
                                                      0.161     1.435 r  bd_0_i/hls_inst/U0/grp_hls_filter_2d_Pipeline_VITIS_LOOP_50_1_fu_364/tmp_product_i_69/O[5]
                         net (fo=2, routed)           0.251     1.686    bd_0_i/hls_inst/U0/grp_hls_filter_2d_Pipeline_VITIS_LOOP_50_1_fu_364/tmp_product_i_69_n_14
    SLICE_X29Y101        LUT2 (Prop_F6LUT_SLICEM_I0_O)
                                                      0.186     1.872 r  bd_0_i/hls_inst/U0/grp_hls_filter_2d_Pipeline_VITIS_LOOP_50_1_fu_364/tmp_product_i_72/O
                         net (fo=1, routed)           0.029     1.901    bd_0_i/hls_inst/U0/grp_hls_filter_2d_Pipeline_VITIS_LOOP_50_1_fu_364/tmp_product_i_72_n_4
    SLICE_X29Y101        CARRY8 (Prop_CARRY8_SLICEM_S[5]_CO[7])
                                                      0.238     2.139 r  bd_0_i/hls_inst/U0/grp_hls_filter_2d_Pipeline_VITIS_LOOP_50_1_fu_364/tmp_product_i_41/CO[7]
                         net (fo=1, routed)           0.030     2.169    bd_0_i/hls_inst/U0/grp_hls_filter_2d_Pipeline_VITIS_LOOP_50_1_fu_364/tmp_product_i_41_n_4
    SLICE_X29Y102        CARRY8 (Prop_CARRY8_SLICEM_CI_O[1])
                                                      0.106     2.275 r  bd_0_i/hls_inst/U0/grp_hls_filter_2d_Pipeline_VITIS_LOOP_50_1_fu_364/tmp_product_i_31/O[1]
                         net (fo=1, routed)           0.417     2.692    bd_0_i/hls_inst/U0/grp_hls_filter_2d_Pipeline_VITIS_LOOP_50_1_fu_364/tmp_product_i_31_n_18
    SLICE_X28Y112        LUT2 (Prop_B6LUT_SLICEM_I1_O)
                                                      0.225     2.917 r  bd_0_i/hls_inst/U0/grp_hls_filter_2d_Pipeline_VITIS_LOOP_50_1_fu_364/tmp_product_i_7/O
                         net (fo=1, routed)           0.022     2.939    bd_0_i/hls_inst/U0/grp_hls_filter_2d_Pipeline_VITIS_LOOP_50_1_fu_364/tmp_product_i_7_n_4
    SLICE_X28Y112        CARRY8 (Prop_CARRY8_SLICEM_S[1]_O[4])
                                                      0.286     3.225 f  bd_0_i/hls_inst/U0/grp_hls_filter_2d_Pipeline_VITIS_LOOP_50_1_fu_364/tmp_product_i_1__5/O[4]
                         net (fo=10, routed)          0.571     3.796    bd_0_i/hls_inst/U0/grp_hls_filter_2d_Pipeline_VITIS_LOOP_50_1_fu_364/mul_21s_32s_52_1_1_U1/tmp_product/A[26]
    DSP48E2_X8Y44        DSP_A_B_DATA (Prop_DSP_A_B_DATA_DSP48E2_A[26]_A2_DATA[26])
                                                      0.258     4.054 r  bd_0_i/hls_inst/U0/grp_hls_filter_2d_Pipeline_VITIS_LOOP_50_1_fu_364/mul_21s_32s_52_1_1_U1/tmp_product/DSP_A_B_DATA_INST/A2_DATA[26]
                         net (fo=1, routed)           0.000     4.054    bd_0_i/hls_inst/U0/grp_hls_filter_2d_Pipeline_VITIS_LOOP_50_1_fu_364/mul_21s_32s_52_1_1_U1/tmp_product/DSP_A_B_DATA.A2_DATA<26>
    DSP48E2_X8Y44        DSP_PREADD_DATA (Prop_DSP_PREADD_DATA_DSP48E2_A2_DATA[26]_A2A1[26])
                                                      0.114     4.168 r  bd_0_i/hls_inst/U0/grp_hls_filter_2d_Pipeline_VITIS_LOOP_50_1_fu_364/mul_21s_32s_52_1_1_U1/tmp_product/DSP_PREADD_DATA_INST/A2A1[26]
                         net (fo=1, routed)           0.000     4.168    bd_0_i/hls_inst/U0/grp_hls_filter_2d_Pipeline_VITIS_LOOP_50_1_fu_364/mul_21s_32s_52_1_1_U1/tmp_product/DSP_PREADD_DATA.A2A1<26>
    DSP48E2_X8Y44        DSP_MULTIPLIER (Prop_DSP_MULTIPLIER_DSP48E2_A2A1[26]_U[43])
                                                      0.700     4.868 f  bd_0_i/hls_inst/U0/grp_hls_filter_2d_Pipeline_VITIS_LOOP_50_1_fu_364/mul_21s_32s_52_1_1_U1/tmp_product/DSP_MULTIPLIER_INST/U[43]
                         net (fo=1, routed)           0.000     4.868    bd_0_i/hls_inst/U0/grp_hls_filter_2d_Pipeline_VITIS_LOOP_50_1_fu_364/mul_21s_32s_52_1_1_U1/tmp_product/DSP_MULTIPLIER.U<43>
    DSP48E2_X8Y44        DSP_M_DATA (Prop_DSP_M_DATA_DSP48E2_U[43]_U_DATA[43])
                                                      0.067     4.935 r  bd_0_i/hls_inst/U0/grp_hls_filter_2d_Pipeline_VITIS_LOOP_50_1_fu_364/mul_21s_32s_52_1_1_U1/tmp_product/DSP_M_DATA_INST/U_DATA[43]
                         net (fo=1, routed)           0.000     4.935    bd_0_i/hls_inst/U0/grp_hls_filter_2d_Pipeline_VITIS_LOOP_50_1_fu_364/mul_21s_32s_52_1_1_U1/tmp_product/DSP_M_DATA.U_DATA<43>
    DSP48E2_X8Y44        DSP_ALU (Prop_DSP_ALU_DSP48E2_U_DATA[43]_ALU_OUT[47])
                                                      0.727     5.662 f  bd_0_i/hls_inst/U0/grp_hls_filter_2d_Pipeline_VITIS_LOOP_50_1_fu_364/mul_21s_32s_52_1_1_U1/tmp_product/DSP_ALU_INST/ALU_OUT[47]
                         net (fo=1, routed)           0.000     5.662    bd_0_i/hls_inst/U0/grp_hls_filter_2d_Pipeline_VITIS_LOOP_50_1_fu_364/mul_21s_32s_52_1_1_U1/tmp_product/DSP_ALU.ALU_OUT<47>
    DSP48E2_X8Y44        DSP_OUTPUT (Prop_DSP_OUTPUT_DSP48E2_ALU_OUT[47]_PCOUT[47])
                                                      0.167     5.829 r  bd_0_i/hls_inst/U0/grp_hls_filter_2d_Pipeline_VITIS_LOOP_50_1_fu_364/mul_21s_32s_52_1_1_U1/tmp_product/DSP_OUTPUT_INST/PCOUT[47]
                         net (fo=1, routed)           0.014     5.843    bd_0_i/hls_inst/U0/grp_hls_filter_2d_Pipeline_VITIS_LOOP_50_1_fu_364/mul_ln121_reg_2916_reg/PCIN[47]
    DSP48E2_X8Y45        DSP_ALU (Prop_DSP_ALU_DSP48E2_PCIN[47]_ALU_OUT[13])
                                                      0.739     6.582 r  bd_0_i/hls_inst/U0/grp_hls_filter_2d_Pipeline_VITIS_LOOP_50_1_fu_364/mul_ln121_reg_2916_reg/DSP_ALU_INST/ALU_OUT[13]
                         net (fo=1, routed)           0.000     6.582    bd_0_i/hls_inst/U0/grp_hls_filter_2d_Pipeline_VITIS_LOOP_50_1_fu_364/mul_ln121_reg_2916_reg/DSP_ALU.ALU_OUT<13>
    DSP48E2_X8Y45        DSP_OUTPUT                                   r  bd_0_i/hls_inst/U0/grp_hls_filter_2d_Pipeline_VITIS_LOOP_50_1_fu_364/mul_ln121_reg_2916_reg/DSP_OUTPUT_INST/ALU_OUT[13]
  -------------------------------------------------------------------    -------------------

                         (clock ap_clk rise edge)    10.000    10.000 r  
                                                      0.000    10.000 r  ap_clk (IN)
                         net (fo=1441, unset)         0.055    10.055    bd_0_i/hls_inst/U0/grp_hls_filter_2d_Pipeline_VITIS_LOOP_50_1_fu_364/mul_ln121_reg_2916_reg/CLK
    DSP48E2_X8Y45        DSP_OUTPUT                                   r  bd_0_i/hls_inst/U0/grp_hls_filter_2d_Pipeline_VITIS_LOOP_50_1_fu_364/mul_ln121_reg_2916_reg/DSP_OUTPUT_INST/CLK
                         clock pessimism              0.000    10.055    
                         clock uncertainty           -0.035    10.020    
    DSP48E2_X8Y45        DSP_OUTPUT (Setup_DSP_OUTPUT_DSP48E2_CLK_ALU_OUT[13])
                                                      0.014    10.034    bd_0_i/hls_inst/U0/grp_hls_filter_2d_Pipeline_VITIS_LOOP_50_1_fu_364/mul_ln121_reg_2916_reg/DSP_OUTPUT_INST
  -------------------------------------------------------------------
                         required time                         10.034    
                         arrival time                          -6.582    
  -------------------------------------------------------------------
                         slack                                  3.452    

Slack (MET) :             3.452ns  (required time - arrival time)
  Source:                 bd_0_i/hls_inst/U0/grp_hls_filter_2d_Pipeline_VITIS_LOOP_50_1_fu_364/mac_muladd_8ns_8s_17s_18_4_1_U21/hls_filter_2d_mac_muladd_8ns_8s_17s_18_4_1_DSP48_0_U/p_reg_reg/DSP_OUTPUT_INST/CLK
                            (rising edge-triggered cell DSP_OUTPUT clocked by ap_clk  {rise@0.000ns fall@5.000ns period=10.000ns})
  Destination:            bd_0_i/hls_inst/U0/grp_hls_filter_2d_Pipeline_VITIS_LOOP_50_1_fu_364/mul_ln121_reg_2916_reg/DSP_OUTPUT_INST/ALU_OUT[14]
                            (rising edge-triggered cell DSP_OUTPUT clocked by ap_clk  {rise@0.000ns fall@5.000ns period=10.000ns})
  Path Group:             ap_clk
  Path Type:              Setup (Max at Slow Process Corner)
  Requirement:            10.000ns  (ap_clk rise@10.000ns - ap_clk rise@0.000ns)
  Data Path Delay:        6.505ns  (logic 4.711ns (72.422%)  route 1.794ns (27.578%))
  Logic Levels:           15  (CARRY8=5 DSP_A_B_DATA=1 DSP_ALU=2 DSP_M_DATA=1 DSP_MULTIPLIER=1 DSP_OUTPUT=1 DSP_PREADD_DATA=1 LUT2=3)
  Clock Path Skew:        -0.022ns (DCD - SCD + CPR)
    Destination Clock Delay (DCD):    0.055ns = ( 10.055 - 10.000 ) 
    Source Clock Delay      (SCD):    0.077ns
    Clock Pessimism Removal (CPR):    0.000ns
  Clock Uncertainty:      0.035ns  ((TSJ^2 + TIJ^2)^1/2 + DJ) / 2 + PE
    Total System Jitter     (TSJ):    0.071ns
    Total Input Jitter      (TIJ):    0.000ns
    Discrete Jitter          (DJ):    0.000ns
    Phase Error              (PE):    0.000ns

    Location             Delay type                Incr(ns)  Path(ns)    Netlist Resource(s)
  -------------------------------------------------------------------    -------------------
                         (clock ap_clk rise edge)     0.000     0.000 r  
                                                      0.000     0.000 r  ap_clk (IN)
                         net (fo=1441, unset)         0.077     0.077    bd_0_i/hls_inst/U0/grp_hls_filter_2d_Pipeline_VITIS_LOOP_50_1_fu_364/mac_muladd_8ns_8s_17s_18_4_1_U21/hls_filter_2d_mac_muladd_8ns_8s_17s_18_4_1_DSP48_0_U/p_reg_reg/CLK
    DSP48E2_X9Y40        DSP_OUTPUT                                   r  bd_0_i/hls_inst/U0/grp_hls_filter_2d_Pipeline_VITIS_LOOP_50_1_fu_364/mac_muladd_8ns_8s_17s_18_4_1_U21/hls_filter_2d_mac_muladd_8ns_8s_17s_18_4_1_DSP48_0_U/p_reg_reg/DSP_OUTPUT_INST/CLK
  -------------------------------------------------------------------    -------------------
    DSP48E2_X9Y40        DSP_OUTPUT (Prop_DSP_OUTPUT_DSP48E2_CLK_P[5])
                                                      0.275     0.352 r  bd_0_i/hls_inst/U0/grp_hls_filter_2d_Pipeline_VITIS_LOOP_50_1_fu_364/mac_muladd_8ns_8s_17s_18_4_1_U21/hls_filter_2d_mac_muladd_8ns_8s_17s_18_4_1_DSP48_0_U/p_reg_reg/DSP_OUTPUT_INST/P[5]
                         net (fo=2, routed)           0.401     0.753    bd_0_i/hls_inst/U0/grp_hls_filter_2d_Pipeline_VITIS_LOOP_50_1_fu_364/mac_muladd_8ns_8s_17s_18_4_1_U21_n_16
    SLICE_X31Y100        LUT2 (Prop_F6LUT_SLICEM_I0_O)
                                                      0.224     0.977 r  bd_0_i/hls_inst/U0/grp_hls_filter_2d_Pipeline_VITIS_LOOP_50_1_fu_364/tmp_product_i_130/O
                         net (fo=1, routed)           0.029     1.006    bd_0_i/hls_inst/U0/grp_hls_filter_2d_Pipeline_VITIS_LOOP_50_1_fu_364/tmp_product_i_130_n_4
    SLICE_X31Y100        CARRY8 (Prop_CARRY8_SLICEM_S[5]_CO[7])
                                                      0.238     1.244 r  bd_0_i/hls_inst/U0/grp_hls_filter_2d_Pipeline_VITIS_LOOP_50_1_fu_364/tmp_product_i_87/CO[7]
                         net (fo=1, routed)           0.030     1.274    bd_0_i/hls_inst/U0/grp_hls_filter_2d_Pipeline_VITIS_LOOP_50_1_fu_364/tmp_product_i_87_n_4
    SLICE_X31Y101        CARRY8 (Prop_CARRY8_SLICEM_CI_O[5])
                                                      0.161     1.435 r  bd_0_i/hls_inst/U0/grp_hls_filter_2d_Pipeline_VITIS_LOOP_50_1_fu_364/tmp_product_i_69/O[5]
                         net (fo=2, routed)           0.251     1.686    bd_0_i/hls_inst/U0/grp_hls_filter_2d_Pipeline_VITIS_LOOP_50_1_fu_364/tmp_product_i_69_n_14
    SLICE_X29Y101        LUT2 (Prop_F6LUT_SLICEM_I0_O)
                                                      0.186     1.872 r  bd_0_i/hls_inst/U0/grp_hls_filter_2d_Pipeline_VITIS_LOOP_50_1_fu_364/tmp_product_i_72/O
                         net (fo=1, routed)           0.029     1.901    bd_0_i/hls_inst/U0/grp_hls_filter_2d_Pipeline_VITIS_LOOP_50_1_fu_364/tmp_product_i_72_n_4
    SLICE_X29Y101        CARRY8 (Prop_CARRY8_SLICEM_S[5]_CO[7])
                                                      0.238     2.139 r  bd_0_i/hls_inst/U0/grp_hls_filter_2d_Pipeline_VITIS_LOOP_50_1_fu_364/tmp_product_i_41/CO[7]
                         net (fo=1, routed)           0.030     2.169    bd_0_i/hls_inst/U0/grp_hls_filter_2d_Pipeline_VITIS_LOOP_50_1_fu_364/tmp_product_i_41_n_4
    SLICE_X29Y102        CARRY8 (Prop_CARRY8_SLICEM_CI_O[1])
                                                      0.106     2.275 r  bd_0_i/hls_inst/U0/grp_hls_filter_2d_Pipeline_VITIS_LOOP_50_1_fu_364/tmp_product_i_31/O[1]
                         net (fo=1, routed)           0.417     2.692    bd_0_i/hls_inst/U0/grp_hls_filter_2d_Pipeline_VITIS_LOOP_50_1_fu_364/tmp_product_i_31_n_18
    SLICE_X28Y112        LUT2 (Prop_B6LUT_SLICEM_I1_O)
                                                      0.225     2.917 r  bd_0_i/hls_inst/U0/grp_hls_filter_2d_Pipeline_VITIS_LOOP_50_1_fu_364/tmp_product_i_7/O
                         net (fo=1, routed)           0.022     2.939    bd_0_i/hls_inst/U0/grp_hls_filter_2d_Pipeline_VITIS_LOOP_50_1_fu_364/tmp_product_i_7_n_4
    SLICE_X28Y112        CARRY8 (Prop_CARRY8_SLICEM_S[1]_O[4])
                                                      0.286     3.225 f  bd_0_i/hls_inst/U0/grp_hls_filter_2d_Pipeline_VITIS_LOOP_50_1_fu_364/tmp_product_i_1__5/O[4]
                         net (fo=10, routed)          0.571     3.796    bd_0_i/hls_inst/U0/grp_hls_filter_2d_Pipeline_VITIS_LOOP_50_1_fu_364/mul_21s_32s_52_1_1_U1/tmp_product/A[26]
    DSP48E2_X8Y44        DSP_A_B_DATA (Prop_DSP_A_B_DATA_DSP48E2_A[26]_A2_DATA[26])
                                                      0.258     4.054 r  bd_0_i/hls_inst/U0/grp_hls_filter_2d_Pipeline_VITIS_LOOP_50_1_fu_364/mul_21s_32s_52_1_1_U1/tmp_product/DSP_A_B_DATA_INST/A2_DATA[26]
                         net (fo=1, routed)           0.000     4.054    bd_0_i/hls_inst/U0/grp_hls_filter_2d_Pipeline_VITIS_LOOP_50_1_fu_364/mul_21s_32s_52_1_1_U1/tmp_product/DSP_A_B_DATA.A2_DATA<26>
    DSP48E2_X8Y44        DSP_PREADD_DATA (Prop_DSP_PREADD_DATA_DSP48E2_A2_DATA[26]_A2A1[26])
                                                      0.114     4.168 r  bd_0_i/hls_inst/U0/grp_hls_filter_2d_Pipeline_VITIS_LOOP_50_1_fu_364/mul_21s_32s_52_1_1_U1/tmp_product/DSP_PREADD_DATA_INST/A2A1[26]
                         net (fo=1, routed)           0.000     4.168    bd_0_i/hls_inst/U0/grp_hls_filter_2d_Pipeline_VITIS_LOOP_50_1_fu_364/mul_21s_32s_52_1_1_U1/tmp_product/DSP_PREADD_DATA.A2A1<26>
    DSP48E2_X8Y44        DSP_MULTIPLIER (Prop_DSP_MULTIPLIER_DSP48E2_A2A1[26]_U[43])
                                                      0.700     4.868 f  bd_0_i/hls_inst/U0/grp_hls_filter_2d_Pipeline_VITIS_LOOP_50_1_fu_364/mul_21s_32s_52_1_1_U1/tmp_product/DSP_MULTIPLIER_INST/U[43]
                         net (fo=1, routed)           0.000     4.868    bd_0_i/hls_inst/U0/grp_hls_filter_2d_Pipeline_VITIS_LOOP_50_1_fu_364/mul_21s_32s_52_1_1_U1/tmp_product/DSP_MULTIPLIER.U<43>
    DSP48E2_X8Y44        DSP_M_DATA (Prop_DSP_M_DATA_DSP48E2_U[43]_U_DATA[43])
                                                      0.067     4.935 r  bd_0_i/hls_inst/U0/grp_hls_filter_2d_Pipeline_VITIS_LOOP_50_1_fu_364/mul_21s_32s_52_1_1_U1/tmp_product/DSP_M_DATA_INST/U_DATA[43]
                         net (fo=1, routed)           0.000     4.935    bd_0_i/hls_inst/U0/grp_hls_filter_2d_Pipeline_VITIS_LOOP_50_1_fu_364/mul_21s_32s_52_1_1_U1/tmp_product/DSP_M_DATA.U_DATA<43>
    DSP48E2_X8Y44        DSP_ALU (Prop_DSP_ALU_DSP48E2_U_DATA[43]_ALU_OUT[47])
                                                      0.727     5.662 f  bd_0_i/hls_inst/U0/grp_hls_filter_2d_Pipeline_VITIS_LOOP_50_1_fu_364/mul_21s_32s_52_1_1_U1/tmp_product/DSP_ALU_INST/ALU_OUT[47]
                         net (fo=1, routed)           0.000     5.662    bd_0_i/hls_inst/U0/grp_hls_filter_2d_Pipeline_VITIS_LOOP_50_1_fu_364/mul_21s_32s_52_1_1_U1/tmp_product/DSP_ALU.ALU_OUT<47>
    DSP48E2_X8Y44        DSP_OUTPUT (Prop_DSP_OUTPUT_DSP48E2_ALU_OUT[47]_PCOUT[47])
                                                      0.167     5.829 r  bd_0_i/hls_inst/U0/grp_hls_filter_2d_Pipeline_VITIS_LOOP_50_1_fu_364/mul_21s_32s_52_1_1_U1/tmp_product/DSP_OUTPUT_INST/PCOUT[47]
                         net (fo=1, routed)           0.014     5.843    bd_0_i/hls_inst/U0/grp_hls_filter_2d_Pipeline_VITIS_LOOP_50_1_fu_364/mul_ln121_reg_2916_reg/PCIN[47]
    DSP48E2_X8Y45        DSP_ALU (Prop_DSP_ALU_DSP48E2_PCIN[47]_ALU_OUT[14])
                                                      0.739     6.582 r  bd_0_i/hls_inst/U0/grp_hls_filter_2d_Pipeline_VITIS_LOOP_50_1_fu_364/mul_ln121_reg_2916_reg/DSP_ALU_INST/ALU_OUT[14]
                         net (fo=1, routed)           0.000     6.582    bd_0_i/hls_inst/U0/grp_hls_filter_2d_Pipeline_VITIS_LOOP_50_1_fu_364/mul_ln121_reg_2916_reg/DSP_ALU.ALU_OUT<14>
    DSP48E2_X8Y45        DSP_OUTPUT                                   r  bd_0_i/hls_inst/U0/grp_hls_filter_2d_Pipeline_VITIS_LOOP_50_1_fu_364/mul_ln121_reg_2916_reg/DSP_OUTPUT_INST/ALU_OUT[14]
  -------------------------------------------------------------------    -------------------

                         (clock ap_clk rise edge)    10.000    10.000 r  
                                                      0.000    10.000 r  ap_clk (IN)
                         net (fo=1441, unset)         0.055    10.055    bd_0_i/hls_inst/U0/grp_hls_filter_2d_Pipeline_VITIS_LOOP_50_1_fu_364/mul_ln121_reg_2916_reg/CLK
    DSP48E2_X8Y45        DSP_OUTPUT                                   r  bd_0_i/hls_inst/U0/grp_hls_filter_2d_Pipeline_VITIS_LOOP_50_1_fu_364/mul_ln121_reg_2916_reg/DSP_OUTPUT_INST/CLK
                         clock pessimism              0.000    10.055    
                         clock uncertainty           -0.035    10.020    
    DSP48E2_X8Y45        DSP_OUTPUT (Setup_DSP_OUTPUT_DSP48E2_CLK_ALU_OUT[14])
                                                      0.014    10.034    bd_0_i/hls_inst/U0/grp_hls_filter_2d_Pipeline_VITIS_LOOP_50_1_fu_364/mul_ln121_reg_2916_reg/DSP_OUTPUT_INST
  -------------------------------------------------------------------
                         required time                         10.034    
                         arrival time                          -6.582    
  -------------------------------------------------------------------
                         slack                                  3.452    

Slack (MET) :             3.452ns  (required time - arrival time)
  Source:                 bd_0_i/hls_inst/U0/grp_hls_filter_2d_Pipeline_VITIS_LOOP_50_1_fu_364/mac_muladd_8ns_8s_17s_18_4_1_U21/hls_filter_2d_mac_muladd_8ns_8s_17s_18_4_1_DSP48_0_U/p_reg_reg/DSP_OUTPUT_INST/CLK
                            (rising edge-triggered cell DSP_OUTPUT clocked by ap_clk  {rise@0.000ns fall@5.000ns period=10.000ns})
  Destination:            bd_0_i/hls_inst/U0/grp_hls_filter_2d_Pipeline_VITIS_LOOP_50_1_fu_364/mul_ln121_reg_2916_reg/DSP_OUTPUT_INST/ALU_OUT[15]
                            (rising edge-triggered cell DSP_OUTPUT clocked by ap_clk  {rise@0.000ns fall@5.000ns period=10.000ns})
  Path Group:             ap_clk
  Path Type:              Setup (Max at Slow Process Corner)
  Requirement:            10.000ns  (ap_clk rise@10.000ns - ap_clk rise@0.000ns)
  Data Path Delay:        6.505ns  (logic 4.711ns (72.422%)  route 1.794ns (27.578%))
  Logic Levels:           15  (CARRY8=5 DSP_A_B_DATA=1 DSP_ALU=2 DSP_M_DATA=1 DSP_MULTIPLIER=1 DSP_OUTPUT=1 DSP_PREADD_DATA=1 LUT2=3)
  Clock Path Skew:        -0.022ns (DCD - SCD + CPR)
    Destination Clock Delay (DCD):    0.055ns = ( 10.055 - 10.000 ) 
    Source Clock Delay      (SCD):    0.077ns
    Clock Pessimism Removal (CPR):    0.000ns
  Clock Uncertainty:      0.035ns  ((TSJ^2 + TIJ^2)^1/2 + DJ) / 2 + PE
    Total System Jitter     (TSJ):    0.071ns
    Total Input Jitter      (TIJ):    0.000ns
    Discrete Jitter          (DJ):    0.000ns
    Phase Error              (PE):    0.000ns

    Location             Delay type                Incr(ns)  Path(ns)    Netlist Resource(s)
  -------------------------------------------------------------------    -------------------
                         (clock ap_clk rise edge)     0.000     0.000 r  
                                                      0.000     0.000 r  ap_clk (IN)
                         net (fo=1441, unset)         0.077     0.077    bd_0_i/hls_inst/U0/grp_hls_filter_2d_Pipeline_VITIS_LOOP_50_1_fu_364/mac_muladd_8ns_8s_17s_18_4_1_U21/hls_filter_2d_mac_muladd_8ns_8s_17s_18_4_1_DSP48_0_U/p_reg_reg/CLK
    DSP48E2_X9Y40        DSP_OUTPUT                                   r  bd_0_i/hls_inst/U0/grp_hls_filter_2d_Pipeline_VITIS_LOOP_50_1_fu_364/mac_muladd_8ns_8s_17s_18_4_1_U21/hls_filter_2d_mac_muladd_8ns_8s_17s_18_4_1_DSP48_0_U/p_reg_reg/DSP_OUTPUT_INST/CLK
  -------------------------------------------------------------------    -------------------
    DSP48E2_X9Y40        DSP_OUTPUT (Prop_DSP_OUTPUT_DSP48E2_CLK_P[5])
                                                      0.275     0.352 r  bd_0_i/hls_inst/U0/grp_hls_filter_2d_Pipeline_VITIS_LOOP_50_1_fu_364/mac_muladd_8ns_8s_17s_18_4_1_U21/hls_filter_2d_mac_muladd_8ns_8s_17s_18_4_1_DSP48_0_U/p_reg_reg/DSP_OUTPUT_INST/P[5]
                         net (fo=2, routed)           0.401     0.753    bd_0_i/hls_inst/U0/grp_hls_filter_2d_Pipeline_VITIS_LOOP_50_1_fu_364/mac_muladd_8ns_8s_17s_18_4_1_U21_n_16
    SLICE_X31Y100        LUT2 (Prop_F6LUT_SLICEM_I0_O)
                                                      0.224     0.977 r  bd_0_i/hls_inst/U0/grp_hls_filter_2d_Pipeline_VITIS_LOOP_50_1_fu_364/tmp_product_i_130/O
                         net (fo=1, routed)           0.029     1.006    bd_0_i/hls_inst/U0/grp_hls_filter_2d_Pipeline_VITIS_LOOP_50_1_fu_364/tmp_product_i_130_n_4
    SLICE_X31Y100        CARRY8 (Prop_CARRY8_SLICEM_S[5]_CO[7])
                                                      0.238     1.244 r  bd_0_i/hls_inst/U0/grp_hls_filter_2d_Pipeline_VITIS_LOOP_50_1_fu_364/tmp_product_i_87/CO[7]
                         net (fo=1, routed)           0.030     1.274    bd_0_i/hls_inst/U0/grp_hls_filter_2d_Pipeline_VITIS_LOOP_50_1_fu_364/tmp_product_i_87_n_4
    SLICE_X31Y101        CARRY8 (Prop_CARRY8_SLICEM_CI_O[5])
                                                      0.161     1.435 r  bd_0_i/hls_inst/U0/grp_hls_filter_2d_Pipeline_VITIS_LOOP_50_1_fu_364/tmp_product_i_69/O[5]
                         net (fo=2, routed)           0.251     1.686    bd_0_i/hls_inst/U0/grp_hls_filter_2d_Pipeline_VITIS_LOOP_50_1_fu_364/tmp_product_i_69_n_14
    SLICE_X29Y101        LUT2 (Prop_F6LUT_SLICEM_I0_O)
                                                      0.186     1.872 r  bd_0_i/hls_inst/U0/grp_hls_filter_2d_Pipeline_VITIS_LOOP_50_1_fu_364/tmp_product_i_72/O
                         net (fo=1, routed)           0.029     1.901    bd_0_i/hls_inst/U0/grp_hls_filter_2d_Pipeline_VITIS_LOOP_50_1_fu_364/tmp_product_i_72_n_4
    SLICE_X29Y101        CARRY8 (Prop_CARRY8_SLICEM_S[5]_CO[7])
                                                      0.238     2.139 r  bd_0_i/hls_inst/U0/grp_hls_filter_2d_Pipeline_VITIS_LOOP_50_1_fu_364/tmp_product_i_41/CO[7]
                         net (fo=1, routed)           0.030     2.169    bd_0_i/hls_inst/U0/grp_hls_filter_2d_Pipeline_VITIS_LOOP_50_1_fu_364/tmp_product_i_41_n_4
    SLICE_X29Y102        CARRY8 (Prop_CARRY8_SLICEM_CI_O[1])
                                                      0.106     2.275 r  bd_0_i/hls_inst/U0/grp_hls_filter_2d_Pipeline_VITIS_LOOP_50_1_fu_364/tmp_product_i_31/O[1]
                         net (fo=1, routed)           0.417     2.692    bd_0_i/hls_inst/U0/grp_hls_filter_2d_Pipeline_VITIS_LOOP_50_1_fu_364/tmp_product_i_31_n_18
    SLICE_X28Y112        LUT2 (Prop_B6LUT_SLICEM_I1_O)
                                                      0.225     2.917 r  bd_0_i/hls_inst/U0/grp_hls_filter_2d_Pipeline_VITIS_LOOP_50_1_fu_364/tmp_product_i_7/O
                         net (fo=1, routed)           0.022     2.939    bd_0_i/hls_inst/U0/grp_hls_filter_2d_Pipeline_VITIS_LOOP_50_1_fu_364/tmp_product_i_7_n_4
    SLICE_X28Y112        CARRY8 (Prop_CARRY8_SLICEM_S[1]_O[4])
                                                      0.286     3.225 f  bd_0_i/hls_inst/U0/grp_hls_filter_2d_Pipeline_VITIS_LOOP_50_1_fu_364/tmp_product_i_1__5/O[4]
                         net (fo=10, routed)          0.571     3.796    bd_0_i/hls_inst/U0/grp_hls_filter_2d_Pipeline_VITIS_LOOP_50_1_fu_364/mul_21s_32s_52_1_1_U1/tmp_product/A[26]
    DSP48E2_X8Y44        DSP_A_B_DATA (Prop_DSP_A_B_DATA_DSP48E2_A[26]_A2_DATA[26])
                                                      0.258     4.054 r  bd_0_i/hls_inst/U0/grp_hls_filter_2d_Pipeline_VITIS_LOOP_50_1_fu_364/mul_21s_32s_52_1_1_U1/tmp_product/DSP_A_B_DATA_INST/A2_DATA[26]
                         net (fo=1, routed)           0.000     4.054    bd_0_i/hls_inst/U0/grp_hls_filter_2d_Pipeline_VITIS_LOOP_50_1_fu_364/mul_21s_32s_52_1_1_U1/tmp_product/DSP_A_B_DATA.A2_DATA<26>
    DSP48E2_X8Y44        DSP_PREADD_DATA (Prop_DSP_PREADD_DATA_DSP48E2_A2_DATA[26]_A2A1[26])
                                                      0.114     4.168 r  bd_0_i/hls_inst/U0/grp_hls_filter_2d_Pipeline_VITIS_LOOP_50_1_fu_364/mul_21s_32s_52_1_1_U1/tmp_product/DSP_PREADD_DATA_INST/A2A1[26]
                         net (fo=1, routed)           0.000     4.168    bd_0_i/hls_inst/U0/grp_hls_filter_2d_Pipeline_VITIS_LOOP_50_1_fu_364/mul_21s_32s_52_1_1_U1/tmp_product/DSP_PREADD_DATA.A2A1<26>
    DSP48E2_X8Y44        DSP_MULTIPLIER (Prop_DSP_MULTIPLIER_DSP48E2_A2A1[26]_U[43])
                                                      0.700     4.868 f  bd_0_i/hls_inst/U0/grp_hls_filter_2d_Pipeline_VITIS_LOOP_50_1_fu_364/mul_21s_32s_52_1_1_U1/tmp_product/DSP_MULTIPLIER_INST/U[43]
                         net (fo=1, routed)           0.000     4.868    bd_0_i/hls_inst/U0/grp_hls_filter_2d_Pipeline_VITIS_LOOP_50_1_fu_364/mul_21s_32s_52_1_1_U1/tmp_product/DSP_MULTIPLIER.U<43>
    DSP48E2_X8Y44        DSP_M_DATA (Prop_DSP_M_DATA_DSP48E2_U[43]_U_DATA[43])
                                                      0.067     4.935 r  bd_0_i/hls_inst/U0/grp_hls_filter_2d_Pipeline_VITIS_LOOP_50_1_fu_364/mul_21s_32s_52_1_1_U1/tmp_product/DSP_M_DATA_INST/U_DATA[43]
                         net (fo=1, routed)           0.000     4.935    bd_0_i/hls_inst/U0/grp_hls_filter_2d_Pipeline_VITIS_LOOP_50_1_fu_364/mul_21s_32s_52_1_1_U1/tmp_product/DSP_M_DATA.U_DATA<43>
    DSP48E2_X8Y44        DSP_ALU (Prop_DSP_ALU_DSP48E2_U_DATA[43]_ALU_OUT[47])
                                                      0.727     5.662 f  bd_0_i/hls_inst/U0/grp_hls_filter_2d_Pipeline_VITIS_LOOP_50_1_fu_364/mul_21s_32s_52_1_1_U1/tmp_product/DSP_ALU_INST/ALU_OUT[47]
                         net (fo=1, routed)           0.000     5.662    bd_0_i/hls_inst/U0/grp_hls_filter_2d_Pipeline_VITIS_LOOP_50_1_fu_364/mul_21s_32s_52_1_1_U1/tmp_product/DSP_ALU.ALU_OUT<47>
    DSP48E2_X8Y44        DSP_OUTPUT (Prop_DSP_OUTPUT_DSP48E2_ALU_OUT[47]_PCOUT[47])
                                                      0.167     5.829 r  bd_0_i/hls_inst/U0/grp_hls_filter_2d_Pipeline_VITIS_LOOP_50_1_fu_364/mul_21s_32s_52_1_1_U1/tmp_product/DSP_OUTPUT_INST/PCOUT[47]
                         net (fo=1, routed)           0.014     5.843    bd_0_i/hls_inst/U0/grp_hls_filter_2d_Pipeline_VITIS_LOOP_50_1_fu_364/mul_ln121_reg_2916_reg/PCIN[47]
    DSP48E2_X8Y45        DSP_ALU (Prop_DSP_ALU_DSP48E2_PCIN[47]_ALU_OUT[15])
                                                      0.739     6.582 r  bd_0_i/hls_inst/U0/grp_hls_filter_2d_Pipeline_VITIS_LOOP_50_1_fu_364/mul_ln121_reg_2916_reg/DSP_ALU_INST/ALU_OUT[15]
                         net (fo=1, routed)           0.000     6.582    bd_0_i/hls_inst/U0/grp_hls_filter_2d_Pipeline_VITIS_LOOP_50_1_fu_364/mul_ln121_reg_2916_reg/DSP_ALU.ALU_OUT<15>
    DSP48E2_X8Y45        DSP_OUTPUT                                   r  bd_0_i/hls_inst/U0/grp_hls_filter_2d_Pipeline_VITIS_LOOP_50_1_fu_364/mul_ln121_reg_2916_reg/DSP_OUTPUT_INST/ALU_OUT[15]
  -------------------------------------------------------------------    -------------------

                         (clock ap_clk rise edge)    10.000    10.000 r  
                                                      0.000    10.000 r  ap_clk (IN)
                         net (fo=1441, unset)         0.055    10.055    bd_0_i/hls_inst/U0/grp_hls_filter_2d_Pipeline_VITIS_LOOP_50_1_fu_364/mul_ln121_reg_2916_reg/CLK
    DSP48E2_X8Y45        DSP_OUTPUT                                   r  bd_0_i/hls_inst/U0/grp_hls_filter_2d_Pipeline_VITIS_LOOP_50_1_fu_364/mul_ln121_reg_2916_reg/DSP_OUTPUT_INST/CLK
                         clock pessimism              0.000    10.055    
                         clock uncertainty           -0.035    10.020    
    DSP48E2_X8Y45        DSP_OUTPUT (Setup_DSP_OUTPUT_DSP48E2_CLK_ALU_OUT[15])
                                                      0.014    10.034    bd_0_i/hls_inst/U0/grp_hls_filter_2d_Pipeline_VITIS_LOOP_50_1_fu_364/mul_ln121_reg_2916_reg/DSP_OUTPUT_INST
  -------------------------------------------------------------------
                         required time                         10.034    
                         arrival time                          -6.582    
  -------------------------------------------------------------------
                         slack                                  3.452    

Slack (MET) :             3.452ns  (required time - arrival time)
  Source:                 bd_0_i/hls_inst/U0/grp_hls_filter_2d_Pipeline_VITIS_LOOP_50_1_fu_364/mac_muladd_8ns_8s_17s_18_4_1_U21/hls_filter_2d_mac_muladd_8ns_8s_17s_18_4_1_DSP48_0_U/p_reg_reg/DSP_OUTPUT_INST/CLK
                            (rising edge-triggered cell DSP_OUTPUT clocked by ap_clk  {rise@0.000ns fall@5.000ns period=10.000ns})
  Destination:            bd_0_i/hls_inst/U0/grp_hls_filter_2d_Pipeline_VITIS_LOOP_50_1_fu_364/mul_ln121_reg_2916_reg/DSP_OUTPUT_INST/ALU_OUT[16]
                            (rising edge-triggered cell DSP_OUTPUT clocked by ap_clk  {rise@0.000ns fall@5.000ns period=10.000ns})
  Path Group:             ap_clk
  Path Type:              Setup (Max at Slow Process Corner)
  Requirement:            10.000ns  (ap_clk rise@10.000ns - ap_clk rise@0.000ns)
  Data Path Delay:        6.505ns  (logic 4.711ns (72.422%)  route 1.794ns (27.578%))
  Logic Levels:           15  (CARRY8=5 DSP_A_B_DATA=1 DSP_ALU=2 DSP_M_DATA=1 DSP_MULTIPLIER=1 DSP_OUTPUT=1 DSP_PREADD_DATA=1 LUT2=3)
  Clock Path Skew:        -0.022ns (DCD - SCD + CPR)
    Destination Clock Delay (DCD):    0.055ns = ( 10.055 - 10.000 ) 
    Source Clock Delay      (SCD):    0.077ns
    Clock Pessimism Removal (CPR):    0.000ns
  Clock Uncertainty:      0.035ns  ((TSJ^2 + TIJ^2)^1/2 + DJ) / 2 + PE
    Total System Jitter     (TSJ):    0.071ns
    Total Input Jitter      (TIJ):    0.000ns
    Discrete Jitter          (DJ):    0.000ns
    Phase Error              (PE):    0.000ns

    Location             Delay type                Incr(ns)  Path(ns)    Netlist Resource(s)
  -------------------------------------------------------------------    -------------------
                         (clock ap_clk rise edge)     0.000     0.000 r  
                                                      0.000     0.000 r  ap_clk (IN)
                         net (fo=1441, unset)         0.077     0.077    bd_0_i/hls_inst/U0/grp_hls_filter_2d_Pipeline_VITIS_LOOP_50_1_fu_364/mac_muladd_8ns_8s_17s_18_4_1_U21/hls_filter_2d_mac_muladd_8ns_8s_17s_18_4_1_DSP48_0_U/p_reg_reg/CLK
    DSP48E2_X9Y40        DSP_OUTPUT                                   r  bd_0_i/hls_inst/U0/grp_hls_filter_2d_Pipeline_VITIS_LOOP_50_1_fu_364/mac_muladd_8ns_8s_17s_18_4_1_U21/hls_filter_2d_mac_muladd_8ns_8s_17s_18_4_1_DSP48_0_U/p_reg_reg/DSP_OUTPUT_INST/CLK
  -------------------------------------------------------------------    -------------------
    DSP48E2_X9Y40        DSP_OUTPUT (Prop_DSP_OUTPUT_DSP48E2_CLK_P[5])
                                                      0.275     0.352 r  bd_0_i/hls_inst/U0/grp_hls_filter_2d_Pipeline_VITIS_LOOP_50_1_fu_364/mac_muladd_8ns_8s_17s_18_4_1_U21/hls_filter_2d_mac_muladd_8ns_8s_17s_18_4_1_DSP48_0_U/p_reg_reg/DSP_OUTPUT_INST/P[5]
                         net (fo=2, routed)           0.401     0.753    bd_0_i/hls_inst/U0/grp_hls_filter_2d_Pipeline_VITIS_LOOP_50_1_fu_364/mac_muladd_8ns_8s_17s_18_4_1_U21_n_16
    SLICE_X31Y100        LUT2 (Prop_F6LUT_SLICEM_I0_O)
                                                      0.224     0.977 r  bd_0_i/hls_inst/U0/grp_hls_filter_2d_Pipeline_VITIS_LOOP_50_1_fu_364/tmp_product_i_130/O
                         net (fo=1, routed)           0.029     1.006    bd_0_i/hls_inst/U0/grp_hls_filter_2d_Pipeline_VITIS_LOOP_50_1_fu_364/tmp_product_i_130_n_4
    SLICE_X31Y100        CARRY8 (Prop_CARRY8_SLICEM_S[5]_CO[7])
                                                      0.238     1.244 r  bd_0_i/hls_inst/U0/grp_hls_filter_2d_Pipeline_VITIS_LOOP_50_1_fu_364/tmp_product_i_87/CO[7]
                         net (fo=1, routed)           0.030     1.274    bd_0_i/hls_inst/U0/grp_hls_filter_2d_Pipeline_VITIS_LOOP_50_1_fu_364/tmp_product_i_87_n_4
    SLICE_X31Y101        CARRY8 (Prop_CARRY8_SLICEM_CI_O[5])
                                                      0.161     1.435 r  bd_0_i/hls_inst/U0/grp_hls_filter_2d_Pipeline_VITIS_LOOP_50_1_fu_364/tmp_product_i_69/O[5]
                         net (fo=2, routed)           0.251     1.686    bd_0_i/hls_inst/U0/grp_hls_filter_2d_Pipeline_VITIS_LOOP_50_1_fu_364/tmp_product_i_69_n_14
    SLICE_X29Y101        LUT2 (Prop_F6LUT_SLICEM_I0_O)
                                                      0.186     1.872 r  bd_0_i/hls_inst/U0/grp_hls_filter_2d_Pipeline_VITIS_LOOP_50_1_fu_364/tmp_product_i_72/O
                         net (fo=1, routed)           0.029     1.901    bd_0_i/hls_inst/U0/grp_hls_filter_2d_Pipeline_VITIS_LOOP_50_1_fu_364/tmp_product_i_72_n_4
    SLICE_X29Y101        CARRY8 (Prop_CARRY8_SLICEM_S[5]_CO[7])
                                                      0.238     2.139 r  bd_0_i/hls_inst/U0/grp_hls_filter_2d_Pipeline_VITIS_LOOP_50_1_fu_364/tmp_product_i_41/CO[7]
                         net (fo=1, routed)           0.030     2.169    bd_0_i/hls_inst/U0/grp_hls_filter_2d_Pipeline_VITIS_LOOP_50_1_fu_364/tmp_product_i_41_n_4
    SLICE_X29Y102        CARRY8 (Prop_CARRY8_SLICEM_CI_O[1])
                                                      0.106     2.275 r  bd_0_i/hls_inst/U0/grp_hls_filter_2d_Pipeline_VITIS_LOOP_50_1_fu_364/tmp_product_i_31/O[1]
                         net (fo=1, routed)           0.417     2.692    bd_0_i/hls_inst/U0/grp_hls_filter_2d_Pipeline_VITIS_LOOP_50_1_fu_364/tmp_product_i_31_n_18
    SLICE_X28Y112        LUT2 (Prop_B6LUT_SLICEM_I1_O)
                                                      0.225     2.917 r  bd_0_i/hls_inst/U0/grp_hls_filter_2d_Pipeline_VITIS_LOOP_50_1_fu_364/tmp_product_i_7/O
                         net (fo=1, routed)           0.022     2.939    bd_0_i/hls_inst/U0/grp_hls_filter_2d_Pipeline_VITIS_LOOP_50_1_fu_364/tmp_product_i_7_n_4
    SLICE_X28Y112        CARRY8 (Prop_CARRY8_SLICEM_S[1]_O[4])
                                                      0.286     3.225 f  bd_0_i/hls_inst/U0/grp_hls_filter_2d_Pipeline_VITIS_LOOP_50_1_fu_364/tmp_product_i_1__5/O[4]
                         net (fo=10, routed)          0.571     3.796    bd_0_i/hls_inst/U0/grp_hls_filter_2d_Pipeline_VITIS_LOOP_50_1_fu_364/mul_21s_32s_52_1_1_U1/tmp_product/A[26]
    DSP48E2_X8Y44        DSP_A_B_DATA (Prop_DSP_A_B_DATA_DSP48E2_A[26]_A2_DATA[26])
                                                      0.258     4.054 r  bd_0_i/hls_inst/U0/grp_hls_filter_2d_Pipeline_VITIS_LOOP_50_1_fu_364/mul_21s_32s_52_1_1_U1/tmp_product/DSP_A_B_DATA_INST/A2_DATA[26]
                         net (fo=1, routed)           0.000     4.054    bd_0_i/hls_inst/U0/grp_hls_filter_2d_Pipeline_VITIS_LOOP_50_1_fu_364/mul_21s_32s_52_1_1_U1/tmp_product/DSP_A_B_DATA.A2_DATA<26>
    DSP48E2_X8Y44        DSP_PREADD_DATA (Prop_DSP_PREADD_DATA_DSP48E2_A2_DATA[26]_A2A1[26])
                                                      0.114     4.168 r  bd_0_i/hls_inst/U0/grp_hls_filter_2d_Pipeline_VITIS_LOOP_50_1_fu_364/mul_21s_32s_52_1_1_U1/tmp_product/DSP_PREADD_DATA_INST/A2A1[26]
                         net (fo=1, routed)           0.000     4.168    bd_0_i/hls_inst/U0/grp_hls_filter_2d_Pipeline_VITIS_LOOP_50_1_fu_364/mul_21s_32s_52_1_1_U1/tmp_product/DSP_PREADD_DATA.A2A1<26>
    DSP48E2_X8Y44        DSP_MULTIPLIER (Prop_DSP_MULTIPLIER_DSP48E2_A2A1[26]_U[43])
                                                      0.700     4.868 f  bd_0_i/hls_inst/U0/grp_hls_filter_2d_Pipeline_VITIS_LOOP_50_1_fu_364/mul_21s_32s_52_1_1_U1/tmp_product/DSP_MULTIPLIER_INST/U[43]
                         net (fo=1, routed)           0.000     4.868    bd_0_i/hls_inst/U0/grp_hls_filter_2d_Pipeline_VITIS_LOOP_50_1_fu_364/mul_21s_32s_52_1_1_U1/tmp_product/DSP_MULTIPLIER.U<43>
    DSP48E2_X8Y44        DSP_M_DATA (Prop_DSP_M_DATA_DSP48E2_U[43]_U_DATA[43])
                                                      0.067     4.935 r  bd_0_i/hls_inst/U0/grp_hls_filter_2d_Pipeline_VITIS_LOOP_50_1_fu_364/mul_21s_32s_52_1_1_U1/tmp_product/DSP_M_DATA_INST/U_DATA[43]
                         net (fo=1, routed)           0.000     4.935    bd_0_i/hls_inst/U0/grp_hls_filter_2d_Pipeline_VITIS_LOOP_50_1_fu_364/mul_21s_32s_52_1_1_U1/tmp_product/DSP_M_DATA.U_DATA<43>
    DSP48E2_X8Y44        DSP_ALU (Prop_DSP_ALU_DSP48E2_U_DATA[43]_ALU_OUT[47])
                                                      0.727     5.662 f  bd_0_i/hls_inst/U0/grp_hls_filter_2d_Pipeline_VITIS_LOOP_50_1_fu_364/mul_21s_32s_52_1_1_U1/tmp_product/DSP_ALU_INST/ALU_OUT[47]
                         net (fo=1, routed)           0.000     5.662    bd_0_i/hls_inst/U0/grp_hls_filter_2d_Pipeline_VITIS_LOOP_50_1_fu_364/mul_21s_32s_52_1_1_U1/tmp_product/DSP_ALU.ALU_OUT<47>
    DSP48E2_X8Y44        DSP_OUTPUT (Prop_DSP_OUTPUT_DSP48E2_ALU_OUT[47]_PCOUT[47])
                                                      0.167     5.829 r  bd_0_i/hls_inst/U0/grp_hls_filter_2d_Pipeline_VITIS_LOOP_50_1_fu_364/mul_21s_32s_52_1_1_U1/tmp_product/DSP_OUTPUT_INST/PCOUT[47]
                         net (fo=1, routed)           0.014     5.843    bd_0_i/hls_inst/U0/grp_hls_filter_2d_Pipeline_VITIS_LOOP_50_1_fu_364/mul_ln121_reg_2916_reg/PCIN[47]
    DSP48E2_X8Y45        DSP_ALU (Prop_DSP_ALU_DSP48E2_PCIN[47]_ALU_OUT[16])
                                                      0.739     6.582 r  bd_0_i/hls_inst/U0/grp_hls_filter_2d_Pipeline_VITIS_LOOP_50_1_fu_364/mul_ln121_reg_2916_reg/DSP_ALU_INST/ALU_OUT[16]
                         net (fo=1, routed)           0.000     6.582    bd_0_i/hls_inst/U0/grp_hls_filter_2d_Pipeline_VITIS_LOOP_50_1_fu_364/mul_ln121_reg_2916_reg/DSP_ALU.ALU_OUT<16>
    DSP48E2_X8Y45        DSP_OUTPUT                                   r  bd_0_i/hls_inst/U0/grp_hls_filter_2d_Pipeline_VITIS_LOOP_50_1_fu_364/mul_ln121_reg_2916_reg/DSP_OUTPUT_INST/ALU_OUT[16]
  -------------------------------------------------------------------    -------------------

                         (clock ap_clk rise edge)    10.000    10.000 r  
                                                      0.000    10.000 r  ap_clk (IN)
                         net (fo=1441, unset)         0.055    10.055    bd_0_i/hls_inst/U0/grp_hls_filter_2d_Pipeline_VITIS_LOOP_50_1_fu_364/mul_ln121_reg_2916_reg/CLK
    DSP48E2_X8Y45        DSP_OUTPUT                                   r  bd_0_i/hls_inst/U0/grp_hls_filter_2d_Pipeline_VITIS_LOOP_50_1_fu_364/mul_ln121_reg_2916_reg/DSP_OUTPUT_INST/CLK
                         clock pessimism              0.000    10.055    
                         clock uncertainty           -0.035    10.020    
    DSP48E2_X8Y45        DSP_OUTPUT (Setup_DSP_OUTPUT_DSP48E2_CLK_ALU_OUT[16])
                                                      0.014    10.034    bd_0_i/hls_inst/U0/grp_hls_filter_2d_Pipeline_VITIS_LOOP_50_1_fu_364/mul_ln121_reg_2916_reg/DSP_OUTPUT_INST
  -------------------------------------------------------------------
                         required time                         10.034    
                         arrival time                          -6.582    
  -------------------------------------------------------------------
                         slack                                  3.452    

Slack (MET) :             3.452ns  (required time - arrival time)
  Source:                 bd_0_i/hls_inst/U0/grp_hls_filter_2d_Pipeline_VITIS_LOOP_50_1_fu_364/mac_muladd_8ns_8s_17s_18_4_1_U21/hls_filter_2d_mac_muladd_8ns_8s_17s_18_4_1_DSP48_0_U/p_reg_reg/DSP_OUTPUT_INST/CLK
                            (rising edge-triggered cell DSP_OUTPUT clocked by ap_clk  {rise@0.000ns fall@5.000ns period=10.000ns})
  Destination:            bd_0_i/hls_inst/U0/grp_hls_filter_2d_Pipeline_VITIS_LOOP_50_1_fu_364/mul_ln121_reg_2916_reg/DSP_OUTPUT_INST/ALU_OUT[17]
                            (rising edge-triggered cell DSP_OUTPUT clocked by ap_clk  {rise@0.000ns fall@5.000ns period=10.000ns})
  Path Group:             ap_clk
  Path Type:              Setup (Max at Slow Process Corner)
  Requirement:            10.000ns  (ap_clk rise@10.000ns - ap_clk rise@0.000ns)
  Data Path Delay:        6.505ns  (logic 4.711ns (72.422%)  route 1.794ns (27.578%))
  Logic Levels:           15  (CARRY8=5 DSP_A_B_DATA=1 DSP_ALU=2 DSP_M_DATA=1 DSP_MULTIPLIER=1 DSP_OUTPUT=1 DSP_PREADD_DATA=1 LUT2=3)
  Clock Path Skew:        -0.022ns (DCD - SCD + CPR)
    Destination Clock Delay (DCD):    0.055ns = ( 10.055 - 10.000 ) 
    Source Clock Delay      (SCD):    0.077ns
    Clock Pessimism Removal (CPR):    0.000ns
  Clock Uncertainty:      0.035ns  ((TSJ^2 + TIJ^2)^1/2 + DJ) / 2 + PE
    Total System Jitter     (TSJ):    0.071ns
    Total Input Jitter      (TIJ):    0.000ns
    Discrete Jitter          (DJ):    0.000ns
    Phase Error              (PE):    0.000ns

    Location             Delay type                Incr(ns)  Path(ns)    Netlist Resource(s)
  -------------------------------------------------------------------    -------------------
                         (clock ap_clk rise edge)     0.000     0.000 r  
                                                      0.000     0.000 r  ap_clk (IN)
                         net (fo=1441, unset)         0.077     0.077    bd_0_i/hls_inst/U0/grp_hls_filter_2d_Pipeline_VITIS_LOOP_50_1_fu_364/mac_muladd_8ns_8s_17s_18_4_1_U21/hls_filter_2d_mac_muladd_8ns_8s_17s_18_4_1_DSP48_0_U/p_reg_reg/CLK
    DSP48E2_X9Y40        DSP_OUTPUT                                   r  bd_0_i/hls_inst/U0/grp_hls_filter_2d_Pipeline_VITIS_LOOP_50_1_fu_364/mac_muladd_8ns_8s_17s_18_4_1_U21/hls_filter_2d_mac_muladd_8ns_8s_17s_18_4_1_DSP48_0_U/p_reg_reg/DSP_OUTPUT_INST/CLK
  -------------------------------------------------------------------    -------------------
    DSP48E2_X9Y40        DSP_OUTPUT (Prop_DSP_OUTPUT_DSP48E2_CLK_P[5])
                                                      0.275     0.352 r  bd_0_i/hls_inst/U0/grp_hls_filter_2d_Pipeline_VITIS_LOOP_50_1_fu_364/mac_muladd_8ns_8s_17s_18_4_1_U21/hls_filter_2d_mac_muladd_8ns_8s_17s_18_4_1_DSP48_0_U/p_reg_reg/DSP_OUTPUT_INST/P[5]
                         net (fo=2, routed)           0.401     0.753    bd_0_i/hls_inst/U0/grp_hls_filter_2d_Pipeline_VITIS_LOOP_50_1_fu_364/mac_muladd_8ns_8s_17s_18_4_1_U21_n_16
    SLICE_X31Y100        LUT2 (Prop_F6LUT_SLICEM_I0_O)
                                                      0.224     0.977 r  bd_0_i/hls_inst/U0/grp_hls_filter_2d_Pipeline_VITIS_LOOP_50_1_fu_364/tmp_product_i_130/O
                         net (fo=1, routed)           0.029     1.006    bd_0_i/hls_inst/U0/grp_hls_filter_2d_Pipeline_VITIS_LOOP_50_1_fu_364/tmp_product_i_130_n_4
    SLICE_X31Y100        CARRY8 (Prop_CARRY8_SLICEM_S[5]_CO[7])
                                                      0.238     1.244 r  bd_0_i/hls_inst/U0/grp_hls_filter_2d_Pipeline_VITIS_LOOP_50_1_fu_364/tmp_product_i_87/CO[7]
                         net (fo=1, routed)           0.030     1.274    bd_0_i/hls_inst/U0/grp_hls_filter_2d_Pipeline_VITIS_LOOP_50_1_fu_364/tmp_product_i_87_n_4
    SLICE_X31Y101        CARRY8 (Prop_CARRY8_SLICEM_CI_O[5])
                                                      0.161     1.435 r  bd_0_i/hls_inst/U0/grp_hls_filter_2d_Pipeline_VITIS_LOOP_50_1_fu_364/tmp_product_i_69/O[5]
                         net (fo=2, routed)           0.251     1.686    bd_0_i/hls_inst/U0/grp_hls_filter_2d_Pipeline_VITIS_LOOP_50_1_fu_364/tmp_product_i_69_n_14
    SLICE_X29Y101        LUT2 (Prop_F6LUT_SLICEM_I0_O)
                                                      0.186     1.872 r  bd_0_i/hls_inst/U0/grp_hls_filter_2d_Pipeline_VITIS_LOOP_50_1_fu_364/tmp_product_i_72/O
                         net (fo=1, routed)           0.029     1.901    bd_0_i/hls_inst/U0/grp_hls_filter_2d_Pipeline_VITIS_LOOP_50_1_fu_364/tmp_product_i_72_n_4
    SLICE_X29Y101        CARRY8 (Prop_CARRY8_SLICEM_S[5]_CO[7])
                                                      0.238     2.139 r  bd_0_i/hls_inst/U0/grp_hls_filter_2d_Pipeline_VITIS_LOOP_50_1_fu_364/tmp_product_i_41/CO[7]
                         net (fo=1, routed)           0.030     2.169    bd_0_i/hls_inst/U0/grp_hls_filter_2d_Pipeline_VITIS_LOOP_50_1_fu_364/tmp_product_i_41_n_4
    SLICE_X29Y102        CARRY8 (Prop_CARRY8_SLICEM_CI_O[1])
                                                      0.106     2.275 r  bd_0_i/hls_inst/U0/grp_hls_filter_2d_Pipeline_VITIS_LOOP_50_1_fu_364/tmp_product_i_31/O[1]
                         net (fo=1, routed)           0.417     2.692    bd_0_i/hls_inst/U0/grp_hls_filter_2d_Pipeline_VITIS_LOOP_50_1_fu_364/tmp_product_i_31_n_18
    SLICE_X28Y112        LUT2 (Prop_B6LUT_SLICEM_I1_O)
                                                      0.225     2.917 r  bd_0_i/hls_inst/U0/grp_hls_filter_2d_Pipeline_VITIS_LOOP_50_1_fu_364/tmp_product_i_7/O
                         net (fo=1, routed)           0.022     2.939    bd_0_i/hls_inst/U0/grp_hls_filter_2d_Pipeline_VITIS_LOOP_50_1_fu_364/tmp_product_i_7_n_4
    SLICE_X28Y112        CARRY8 (Prop_CARRY8_SLICEM_S[1]_O[4])
                                                      0.286     3.225 f  bd_0_i/hls_inst/U0/grp_hls_filter_2d_Pipeline_VITIS_LOOP_50_1_fu_364/tmp_product_i_1__5/O[4]
                         net (fo=10, routed)          0.571     3.796    bd_0_i/hls_inst/U0/grp_hls_filter_2d_Pipeline_VITIS_LOOP_50_1_fu_364/mul_21s_32s_52_1_1_U1/tmp_product/A[26]
    DSP48E2_X8Y44        DSP_A_B_DATA (Prop_DSP_A_B_DATA_DSP48E2_A[26]_A2_DATA[26])
                                                      0.258     4.054 r  bd_0_i/hls_inst/U0/grp_hls_filter_2d_Pipeline_VITIS_LOOP_50_1_fu_364/mul_21s_32s_52_1_1_U1/tmp_product/DSP_A_B_DATA_INST/A2_DATA[26]
                         net (fo=1, routed)           0.000     4.054    bd_0_i/hls_inst/U0/grp_hls_filter_2d_Pipeline_VITIS_LOOP_50_1_fu_364/mul_21s_32s_52_1_1_U1/tmp_product/DSP_A_B_DATA.A2_DATA<26>
    DSP48E2_X8Y44        DSP_PREADD_DATA (Prop_DSP_PREADD_DATA_DSP48E2_A2_DATA[26]_A2A1[26])
                                                      0.114     4.168 r  bd_0_i/hls_inst/U0/grp_hls_filter_2d_Pipeline_VITIS_LOOP_50_1_fu_364/mul_21s_32s_52_1_1_U1/tmp_product/DSP_PREADD_DATA_INST/A2A1[26]
                         net (fo=1, routed)           0.000     4.168    bd_0_i/hls_inst/U0/grp_hls_filter_2d_Pipeline_VITIS_LOOP_50_1_fu_364/mul_21s_32s_52_1_1_U1/tmp_product/DSP_PREADD_DATA.A2A1<26>
    DSP48E2_X8Y44        DSP_MULTIPLIER (Prop_DSP_MULTIPLIER_DSP48E2_A2A1[26]_U[43])
                                                      0.700     4.868 f  bd_0_i/hls_inst/U0/grp_hls_filter_2d_Pipeline_VITIS_LOOP_50_1_fu_364/mul_21s_32s_52_1_1_U1/tmp_product/DSP_MULTIPLIER_INST/U[43]
                         net (fo=1, routed)           0.000     4.868    bd_0_i/hls_inst/U0/grp_hls_filter_2d_Pipeline_VITIS_LOOP_50_1_fu_364/mul_21s_32s_52_1_1_U1/tmp_product/DSP_MULTIPLIER.U<43>
    DSP48E2_X8Y44        DSP_M_DATA (Prop_DSP_M_DATA_DSP48E2_U[43]_U_DATA[43])
                                                      0.067     4.935 r  bd_0_i/hls_inst/U0/grp_hls_filter_2d_Pipeline_VITIS_LOOP_50_1_fu_364/mul_21s_32s_52_1_1_U1/tmp_product/DSP_M_DATA_INST/U_DATA[43]
                         net (fo=1, routed)           0.000     4.935    bd_0_i/hls_inst/U0/grp_hls_filter_2d_Pipeline_VITIS_LOOP_50_1_fu_364/mul_21s_32s_52_1_1_U1/tmp_product/DSP_M_DATA.U_DATA<43>
    DSP48E2_X8Y44        DSP_ALU (Prop_DSP_ALU_DSP48E2_U_DATA[43]_ALU_OUT[47])
                                                      0.727     5.662 f  bd_0_i/hls_inst/U0/grp_hls_filter_2d_Pipeline_VITIS_LOOP_50_1_fu_364/mul_21s_32s_52_1_1_U1/tmp_product/DSP_ALU_INST/ALU_OUT[47]
                         net (fo=1, routed)           0.000     5.662    bd_0_i/hls_inst/U0/grp_hls_filter_2d_Pipeline_VITIS_LOOP_50_1_fu_364/mul_21s_32s_52_1_1_U1/tmp_product/DSP_ALU.ALU_OUT<47>
    DSP48E2_X8Y44        DSP_OUTPUT (Prop_DSP_OUTPUT_DSP48E2_ALU_OUT[47]_PCOUT[47])
                                                      0.167     5.829 r  bd_0_i/hls_inst/U0/grp_hls_filter_2d_Pipeline_VITIS_LOOP_50_1_fu_364/mul_21s_32s_52_1_1_U1/tmp_product/DSP_OUTPUT_INST/PCOUT[47]
                         net (fo=1, routed)           0.014     5.843    bd_0_i/hls_inst/U0/grp_hls_filter_2d_Pipeline_VITIS_LOOP_50_1_fu_364/mul_ln121_reg_2916_reg/PCIN[47]
    DSP48E2_X8Y45        DSP_ALU (Prop_DSP_ALU_DSP48E2_PCIN[47]_ALU_OUT[17])
                                                      0.739     6.582 r  bd_0_i/hls_inst/U0/grp_hls_filter_2d_Pipeline_VITIS_LOOP_50_1_fu_364/mul_ln121_reg_2916_reg/DSP_ALU_INST/ALU_OUT[17]
                         net (fo=1, routed)           0.000     6.582    bd_0_i/hls_inst/U0/grp_hls_filter_2d_Pipeline_VITIS_LOOP_50_1_fu_364/mul_ln121_reg_2916_reg/DSP_ALU.ALU_OUT<17>
    DSP48E2_X8Y45        DSP_OUTPUT                                   r  bd_0_i/hls_inst/U0/grp_hls_filter_2d_Pipeline_VITIS_LOOP_50_1_fu_364/mul_ln121_reg_2916_reg/DSP_OUTPUT_INST/ALU_OUT[17]
  -------------------------------------------------------------------    -------------------

                         (clock ap_clk rise edge)    10.000    10.000 r  
                                                      0.000    10.000 r  ap_clk (IN)
                         net (fo=1441, unset)         0.055    10.055    bd_0_i/hls_inst/U0/grp_hls_filter_2d_Pipeline_VITIS_LOOP_50_1_fu_364/mul_ln121_reg_2916_reg/CLK
    DSP48E2_X8Y45        DSP_OUTPUT                                   r  bd_0_i/hls_inst/U0/grp_hls_filter_2d_Pipeline_VITIS_LOOP_50_1_fu_364/mul_ln121_reg_2916_reg/DSP_OUTPUT_INST/CLK
                         clock pessimism              0.000    10.055    
                         clock uncertainty           -0.035    10.020    
    DSP48E2_X8Y45        DSP_OUTPUT (Setup_DSP_OUTPUT_DSP48E2_CLK_ALU_OUT[17])
                                                      0.014    10.034    bd_0_i/hls_inst/U0/grp_hls_filter_2d_Pipeline_VITIS_LOOP_50_1_fu_364/mul_ln121_reg_2916_reg/DSP_OUTPUT_INST
  -------------------------------------------------------------------
                         required time                         10.034    
                         arrival time                          -6.582    
  -------------------------------------------------------------------
                         slack                                  3.452    

Slack (MET) :             3.452ns  (required time - arrival time)
  Source:                 bd_0_i/hls_inst/U0/grp_hls_filter_2d_Pipeline_VITIS_LOOP_50_1_fu_364/mac_muladd_8ns_8s_17s_18_4_1_U21/hls_filter_2d_mac_muladd_8ns_8s_17s_18_4_1_DSP48_0_U/p_reg_reg/DSP_OUTPUT_INST/CLK
                            (rising edge-triggered cell DSP_OUTPUT clocked by ap_clk  {rise@0.000ns fall@5.000ns period=10.000ns})
  Destination:            bd_0_i/hls_inst/U0/grp_hls_filter_2d_Pipeline_VITIS_LOOP_50_1_fu_364/mul_ln121_reg_2916_reg/DSP_OUTPUT_INST/ALU_OUT[18]
                            (rising edge-triggered cell DSP_OUTPUT clocked by ap_clk  {rise@0.000ns fall@5.000ns period=10.000ns})
  Path Group:             ap_clk
  Path Type:              Setup (Max at Slow Process Corner)
  Requirement:            10.000ns  (ap_clk rise@10.000ns - ap_clk rise@0.000ns)
  Data Path Delay:        6.505ns  (logic 4.711ns (72.422%)  route 1.794ns (27.578%))
  Logic Levels:           15  (CARRY8=5 DSP_A_B_DATA=1 DSP_ALU=2 DSP_M_DATA=1 DSP_MULTIPLIER=1 DSP_OUTPUT=1 DSP_PREADD_DATA=1 LUT2=3)
  Clock Path Skew:        -0.022ns (DCD - SCD + CPR)
    Destination Clock Delay (DCD):    0.055ns = ( 10.055 - 10.000 ) 
    Source Clock Delay      (SCD):    0.077ns
    Clock Pessimism Removal (CPR):    0.000ns
  Clock Uncertainty:      0.035ns  ((TSJ^2 + TIJ^2)^1/2 + DJ) / 2 + PE
    Total System Jitter     (TSJ):    0.071ns
    Total Input Jitter      (TIJ):    0.000ns
    Discrete Jitter          (DJ):    0.000ns
    Phase Error              (PE):    0.000ns

    Location             Delay type                Incr(ns)  Path(ns)    Netlist Resource(s)
  -------------------------------------------------------------------    -------------------
                         (clock ap_clk rise edge)     0.000     0.000 r  
                                                      0.000     0.000 r  ap_clk (IN)
                         net (fo=1441, unset)         0.077     0.077    bd_0_i/hls_inst/U0/grp_hls_filter_2d_Pipeline_VITIS_LOOP_50_1_fu_364/mac_muladd_8ns_8s_17s_18_4_1_U21/hls_filter_2d_mac_muladd_8ns_8s_17s_18_4_1_DSP48_0_U/p_reg_reg/CLK
    DSP48E2_X9Y40        DSP_OUTPUT                                   r  bd_0_i/hls_inst/U0/grp_hls_filter_2d_Pipeline_VITIS_LOOP_50_1_fu_364/mac_muladd_8ns_8s_17s_18_4_1_U21/hls_filter_2d_mac_muladd_8ns_8s_17s_18_4_1_DSP48_0_U/p_reg_reg/DSP_OUTPUT_INST/CLK
  -------------------------------------------------------------------    -------------------
    DSP48E2_X9Y40        DSP_OUTPUT (Prop_DSP_OUTPUT_DSP48E2_CLK_P[5])
                                                      0.275     0.352 r  bd_0_i/hls_inst/U0/grp_hls_filter_2d_Pipeline_VITIS_LOOP_50_1_fu_364/mac_muladd_8ns_8s_17s_18_4_1_U21/hls_filter_2d_mac_muladd_8ns_8s_17s_18_4_1_DSP48_0_U/p_reg_reg/DSP_OUTPUT_INST/P[5]
                         net (fo=2, routed)           0.401     0.753    bd_0_i/hls_inst/U0/grp_hls_filter_2d_Pipeline_VITIS_LOOP_50_1_fu_364/mac_muladd_8ns_8s_17s_18_4_1_U21_n_16
    SLICE_X31Y100        LUT2 (Prop_F6LUT_SLICEM_I0_O)
                                                      0.224     0.977 r  bd_0_i/hls_inst/U0/grp_hls_filter_2d_Pipeline_VITIS_LOOP_50_1_fu_364/tmp_product_i_130/O
                         net (fo=1, routed)           0.029     1.006    bd_0_i/hls_inst/U0/grp_hls_filter_2d_Pipeline_VITIS_LOOP_50_1_fu_364/tmp_product_i_130_n_4
    SLICE_X31Y100        CARRY8 (Prop_CARRY8_SLICEM_S[5]_CO[7])
                                                      0.238     1.244 r  bd_0_i/hls_inst/U0/grp_hls_filter_2d_Pipeline_VITIS_LOOP_50_1_fu_364/tmp_product_i_87/CO[7]
                         net (fo=1, routed)           0.030     1.274    bd_0_i/hls_inst/U0/grp_hls_filter_2d_Pipeline_VITIS_LOOP_50_1_fu_364/tmp_product_i_87_n_4
    SLICE_X31Y101        CARRY8 (Prop_CARRY8_SLICEM_CI_O[5])
                                                      0.161     1.435 r  bd_0_i/hls_inst/U0/grp_hls_filter_2d_Pipeline_VITIS_LOOP_50_1_fu_364/tmp_product_i_69/O[5]
                         net (fo=2, routed)           0.251     1.686    bd_0_i/hls_inst/U0/grp_hls_filter_2d_Pipeline_VITIS_LOOP_50_1_fu_364/tmp_product_i_69_n_14
    SLICE_X29Y101        LUT2 (Prop_F6LUT_SLICEM_I0_O)
                                                      0.186     1.872 r  bd_0_i/hls_inst/U0/grp_hls_filter_2d_Pipeline_VITIS_LOOP_50_1_fu_364/tmp_product_i_72/O
                         net (fo=1, routed)           0.029     1.901    bd_0_i/hls_inst/U0/grp_hls_filter_2d_Pipeline_VITIS_LOOP_50_1_fu_364/tmp_product_i_72_n_4
    SLICE_X29Y101        CARRY8 (Prop_CARRY8_SLICEM_S[5]_CO[7])
                                                      0.238     2.139 r  bd_0_i/hls_inst/U0/grp_hls_filter_2d_Pipeline_VITIS_LOOP_50_1_fu_364/tmp_product_i_41/CO[7]
                         net (fo=1, routed)           0.030     2.169    bd_0_i/hls_inst/U0/grp_hls_filter_2d_Pipeline_VITIS_LOOP_50_1_fu_364/tmp_product_i_41_n_4
    SLICE_X29Y102        CARRY8 (Prop_CARRY8_SLICEM_CI_O[1])
                                                      0.106     2.275 r  bd_0_i/hls_inst/U0/grp_hls_filter_2d_Pipeline_VITIS_LOOP_50_1_fu_364/tmp_product_i_31/O[1]
                         net (fo=1, routed)           0.417     2.692    bd_0_i/hls_inst/U0/grp_hls_filter_2d_Pipeline_VITIS_LOOP_50_1_fu_364/tmp_product_i_31_n_18
    SLICE_X28Y112        LUT2 (Prop_B6LUT_SLICEM_I1_O)
                                                      0.225     2.917 r  bd_0_i/hls_inst/U0/grp_hls_filter_2d_Pipeline_VITIS_LOOP_50_1_fu_364/tmp_product_i_7/O
                         net (fo=1, routed)           0.022     2.939    bd_0_i/hls_inst/U0/grp_hls_filter_2d_Pipeline_VITIS_LOOP_50_1_fu_364/tmp_product_i_7_n_4
    SLICE_X28Y112        CARRY8 (Prop_CARRY8_SLICEM_S[1]_O[4])
                                                      0.286     3.225 f  bd_0_i/hls_inst/U0/grp_hls_filter_2d_Pipeline_VITIS_LOOP_50_1_fu_364/tmp_product_i_1__5/O[4]
                         net (fo=10, routed)          0.571     3.796    bd_0_i/hls_inst/U0/grp_hls_filter_2d_Pipeline_VITIS_LOOP_50_1_fu_364/mul_21s_32s_52_1_1_U1/tmp_product/A[26]
    DSP48E2_X8Y44        DSP_A_B_DATA (Prop_DSP_A_B_DATA_DSP48E2_A[26]_A2_DATA[26])
                                                      0.258     4.054 r  bd_0_i/hls_inst/U0/grp_hls_filter_2d_Pipeline_VITIS_LOOP_50_1_fu_364/mul_21s_32s_52_1_1_U1/tmp_product/DSP_A_B_DATA_INST/A2_DATA[26]
                         net (fo=1, routed)           0.000     4.054    bd_0_i/hls_inst/U0/grp_hls_filter_2d_Pipeline_VITIS_LOOP_50_1_fu_364/mul_21s_32s_52_1_1_U1/tmp_product/DSP_A_B_DATA.A2_DATA<26>
    DSP48E2_X8Y44        DSP_PREADD_DATA (Prop_DSP_PREADD_DATA_DSP48E2_A2_DATA[26]_A2A1[26])
                                                      0.114     4.168 r  bd_0_i/hls_inst/U0/grp_hls_filter_2d_Pipeline_VITIS_LOOP_50_1_fu_364/mul_21s_32s_52_1_1_U1/tmp_product/DSP_PREADD_DATA_INST/A2A1[26]
                         net (fo=1, routed)           0.000     4.168    bd_0_i/hls_inst/U0/grp_hls_filter_2d_Pipeline_VITIS_LOOP_50_1_fu_364/mul_21s_32s_52_1_1_U1/tmp_product/DSP_PREADD_DATA.A2A1<26>
    DSP48E2_X8Y44        DSP_MULTIPLIER (Prop_DSP_MULTIPLIER_DSP48E2_A2A1[26]_U[43])
                                                      0.700     4.868 f  bd_0_i/hls_inst/U0/grp_hls_filter_2d_Pipeline_VITIS_LOOP_50_1_fu_364/mul_21s_32s_52_1_1_U1/tmp_product/DSP_MULTIPLIER_INST/U[43]
                         net (fo=1, routed)           0.000     4.868    bd_0_i/hls_inst/U0/grp_hls_filter_2d_Pipeline_VITIS_LOOP_50_1_fu_364/mul_21s_32s_52_1_1_U1/tmp_product/DSP_MULTIPLIER.U<43>
    DSP48E2_X8Y44        DSP_M_DATA (Prop_DSP_M_DATA_DSP48E2_U[43]_U_DATA[43])
                                                      0.067     4.935 r  bd_0_i/hls_inst/U0/grp_hls_filter_2d_Pipeline_VITIS_LOOP_50_1_fu_364/mul_21s_32s_52_1_1_U1/tmp_product/DSP_M_DATA_INST/U_DATA[43]
                         net (fo=1, routed)           0.000     4.935    bd_0_i/hls_inst/U0/grp_hls_filter_2d_Pipeline_VITIS_LOOP_50_1_fu_364/mul_21s_32s_52_1_1_U1/tmp_product/DSP_M_DATA.U_DATA<43>
    DSP48E2_X8Y44        DSP_ALU (Prop_DSP_ALU_DSP48E2_U_DATA[43]_ALU_OUT[47])
                                                      0.727     5.662 f  bd_0_i/hls_inst/U0/grp_hls_filter_2d_Pipeline_VITIS_LOOP_50_1_fu_364/mul_21s_32s_52_1_1_U1/tmp_product/DSP_ALU_INST/ALU_OUT[47]
                         net (fo=1, routed)           0.000     5.662    bd_0_i/hls_inst/U0/grp_hls_filter_2d_Pipeline_VITIS_LOOP_50_1_fu_364/mul_21s_32s_52_1_1_U1/tmp_product/DSP_ALU.ALU_OUT<47>
    DSP48E2_X8Y44        DSP_OUTPUT (Prop_DSP_OUTPUT_DSP48E2_ALU_OUT[47]_PCOUT[47])
                                                      0.167     5.829 r  bd_0_i/hls_inst/U0/grp_hls_filter_2d_Pipeline_VITIS_LOOP_50_1_fu_364/mul_21s_32s_52_1_1_U1/tmp_product/DSP_OUTPUT_INST/PCOUT[47]
                         net (fo=1, routed)           0.014     5.843    bd_0_i/hls_inst/U0/grp_hls_filter_2d_Pipeline_VITIS_LOOP_50_1_fu_364/mul_ln121_reg_2916_reg/PCIN[47]
    DSP48E2_X8Y45        DSP_ALU (Prop_DSP_ALU_DSP48E2_PCIN[47]_ALU_OUT[18])
                                                      0.739     6.582 r  bd_0_i/hls_inst/U0/grp_hls_filter_2d_Pipeline_VITIS_LOOP_50_1_fu_364/mul_ln121_reg_2916_reg/DSP_ALU_INST/ALU_OUT[18]
                         net (fo=1, routed)           0.000     6.582    bd_0_i/hls_inst/U0/grp_hls_filter_2d_Pipeline_VITIS_LOOP_50_1_fu_364/mul_ln121_reg_2916_reg/DSP_ALU.ALU_OUT<18>
    DSP48E2_X8Y45        DSP_OUTPUT                                   r  bd_0_i/hls_inst/U0/grp_hls_filter_2d_Pipeline_VITIS_LOOP_50_1_fu_364/mul_ln121_reg_2916_reg/DSP_OUTPUT_INST/ALU_OUT[18]
  -------------------------------------------------------------------    -------------------

                         (clock ap_clk rise edge)    10.000    10.000 r  
                                                      0.000    10.000 r  ap_clk (IN)
                         net (fo=1441, unset)         0.055    10.055    bd_0_i/hls_inst/U0/grp_hls_filter_2d_Pipeline_VITIS_LOOP_50_1_fu_364/mul_ln121_reg_2916_reg/CLK
    DSP48E2_X8Y45        DSP_OUTPUT                                   r  bd_0_i/hls_inst/U0/grp_hls_filter_2d_Pipeline_VITIS_LOOP_50_1_fu_364/mul_ln121_reg_2916_reg/DSP_OUTPUT_INST/CLK
                         clock pessimism              0.000    10.055    
                         clock uncertainty           -0.035    10.020    
    DSP48E2_X8Y45        DSP_OUTPUT (Setup_DSP_OUTPUT_DSP48E2_CLK_ALU_OUT[18])
                                                      0.014    10.034    bd_0_i/hls_inst/U0/grp_hls_filter_2d_Pipeline_VITIS_LOOP_50_1_fu_364/mul_ln121_reg_2916_reg/DSP_OUTPUT_INST
  -------------------------------------------------------------------
                         required time                         10.034    
                         arrival time                          -6.582    
  -------------------------------------------------------------------
                         slack                                  3.452    





Min Delay Paths
--------------------------------------------------------------------------------------
Slack (MET) :             0.069ns  (arrival time - required time)
  Source:                 bd_0_i/hls_inst/U0/grp_hls_filter_2d_Pipeline_VITIS_LOOP_50_1_fu_364/val_30_fu_248_reg[6]/C
                            (rising edge-triggered cell FDRE clocked by ap_clk  {rise@0.000ns fall@5.000ns period=10.000ns})
  Destination:            bd_0_i/hls_inst/U0/grp_hls_filter_2d_Pipeline_VITIS_LOOP_50_1_fu_364/val_6_fu_204_reg[6]/D
                            (rising edge-triggered cell FDRE clocked by ap_clk  {rise@0.000ns fall@5.000ns period=10.000ns})
  Path Group:             ap_clk
  Path Type:              Hold (Min at Slow Process Corner)
  Requirement:            0.000ns  (ap_clk rise@0.000ns - ap_clk rise@0.000ns)
  Data Path Delay:        0.182ns  (logic 0.112ns (61.538%)  route 0.070ns (38.462%))
  Logic Levels:           0  
  Clock Path Skew:        0.012ns (DCD - SCD - CPR)
    Destination Clock Delay (DCD):    0.041ns
    Source Clock Delay      (SCD):    0.029ns
    Clock Pessimism Removal (CPR):    -0.000ns

    Location             Delay type                Incr(ns)  Path(ns)    Netlist Resource(s)
  -------------------------------------------------------------------    -------------------
                         (clock ap_clk rise edge)     0.000     0.000 r  
                                                      0.000     0.000 r  ap_clk (IN)
                         net (fo=1441, unset)         0.029     0.029    bd_0_i/hls_inst/U0/grp_hls_filter_2d_Pipeline_VITIS_LOOP_50_1_fu_364/ap_clk
    SLICE_X33Y96         FDRE                                         r  bd_0_i/hls_inst/U0/grp_hls_filter_2d_Pipeline_VITIS_LOOP_50_1_fu_364/val_30_fu_248_reg[6]/C
  -------------------------------------------------------------------    -------------------
    SLICE_X33Y96         FDRE (Prop_BFF_SLICEL_C_Q)
                                                      0.112     0.141 r  bd_0_i/hls_inst/U0/grp_hls_filter_2d_Pipeline_VITIS_LOOP_50_1_fu_364/val_30_fu_248_reg[6]/Q
                         net (fo=2, routed)           0.070     0.211    bd_0_i/hls_inst/U0/grp_hls_filter_2d_Pipeline_VITIS_LOOP_50_1_fu_364/val_30_fu_248[6]
    SLICE_X33Y96         FDRE                                         r  bd_0_i/hls_inst/U0/grp_hls_filter_2d_Pipeline_VITIS_LOOP_50_1_fu_364/val_6_fu_204_reg[6]/D
  -------------------------------------------------------------------    -------------------

                         (clock ap_clk rise edge)     0.000     0.000 r  
                                                      0.000     0.000 r  ap_clk (IN)
                         net (fo=1441, unset)         0.041     0.041    bd_0_i/hls_inst/U0/grp_hls_filter_2d_Pipeline_VITIS_LOOP_50_1_fu_364/ap_clk
    SLICE_X33Y96         FDRE                                         r  bd_0_i/hls_inst/U0/grp_hls_filter_2d_Pipeline_VITIS_LOOP_50_1_fu_364/val_6_fu_204_reg[6]/C
                         clock pessimism              0.000     0.041    
    SLICE_X33Y96         FDRE (Hold_DFF_SLICEL_C_D)
                                                      0.101     0.142    bd_0_i/hls_inst/U0/grp_hls_filter_2d_Pipeline_VITIS_LOOP_50_1_fu_364/val_6_fu_204_reg[6]
  -------------------------------------------------------------------
                         required time                         -0.142    
                         arrival time                           0.211    
  -------------------------------------------------------------------
                         slack                                  0.069    

Slack (MET) :             0.073ns  (arrival time - required time)
  Source:                 bd_0_i/hls_inst/U0/grp_hls_filter_2d_Pipeline_VITIS_LOOP_50_1_fu_364/val_22_fu_236_reg[2]/C
                            (rising edge-triggered cell FDRE clocked by ap_clk  {rise@0.000ns fall@5.000ns period=10.000ns})
  Destination:            bd_0_i/hls_inst/U0/grp_hls_filter_2d_Pipeline_VITIS_LOOP_50_1_fu_364/val_fu_192_reg[2]/D
                            (rising edge-triggered cell FDRE clocked by ap_clk  {rise@0.000ns fall@5.000ns period=10.000ns})
  Path Group:             ap_clk
  Path Type:              Hold (Min at Slow Process Corner)
  Requirement:            0.000ns  (ap_clk rise@0.000ns - ap_clk rise@0.000ns)
  Data Path Delay:        0.188ns  (logic 0.112ns (59.553%)  route 0.076ns (40.447%))
  Logic Levels:           0  
  Clock Path Skew:        0.013ns (DCD - SCD - CPR)
    Destination Clock Delay (DCD):    0.043ns
    Source Clock Delay      (SCD):    0.030ns
    Clock Pessimism Removal (CPR):    -0.000ns

    Location             Delay type                Incr(ns)  Path(ns)    Netlist Resource(s)
  -------------------------------------------------------------------    -------------------
                         (clock ap_clk rise edge)     0.000     0.000 r  
                                                      0.000     0.000 r  ap_clk (IN)
                         net (fo=1441, unset)         0.030     0.030    bd_0_i/hls_inst/U0/grp_hls_filter_2d_Pipeline_VITIS_LOOP_50_1_fu_364/ap_clk
    SLICE_X31Y97         FDRE                                         r  bd_0_i/hls_inst/U0/grp_hls_filter_2d_Pipeline_VITIS_LOOP_50_1_fu_364/val_22_fu_236_reg[2]/C
  -------------------------------------------------------------------    -------------------
    SLICE_X31Y97         FDRE (Prop_AFF_SLICEM_C_Q)
                                                      0.112     0.142 r  bd_0_i/hls_inst/U0/grp_hls_filter_2d_Pipeline_VITIS_LOOP_50_1_fu_364/val_22_fu_236_reg[2]/Q
                         net (fo=2, routed)           0.076     0.218    bd_0_i/hls_inst/U0/grp_hls_filter_2d_Pipeline_VITIS_LOOP_50_1_fu_364/val_22_fu_236[2]
    SLICE_X31Y97         FDRE                                         r  bd_0_i/hls_inst/U0/grp_hls_filter_2d_Pipeline_VITIS_LOOP_50_1_fu_364/val_fu_192_reg[2]/D
  -------------------------------------------------------------------    -------------------

                         (clock ap_clk rise edge)     0.000     0.000 r  
                                                      0.000     0.000 r  ap_clk (IN)
                         net (fo=1441, unset)         0.043     0.043    bd_0_i/hls_inst/U0/grp_hls_filter_2d_Pipeline_VITIS_LOOP_50_1_fu_364/ap_clk
    SLICE_X31Y97         FDRE                                         r  bd_0_i/hls_inst/U0/grp_hls_filter_2d_Pipeline_VITIS_LOOP_50_1_fu_364/val_fu_192_reg[2]/C
                         clock pessimism              0.000     0.043    
    SLICE_X31Y97         FDRE (Hold_CFF2_SLICEM_C_D)
                                                      0.102     0.145    bd_0_i/hls_inst/U0/grp_hls_filter_2d_Pipeline_VITIS_LOOP_50_1_fu_364/val_fu_192_reg[2]
  -------------------------------------------------------------------
                         required time                         -0.145    
                         arrival time                           0.218    
  -------------------------------------------------------------------
                         slack                                  0.073    

Slack (MET) :             0.075ns  (arrival time - required time)
  Source:                 bd_0_i/hls_inst/U0/grp_hls_filter_2d_Pipeline_VITIS_LOOP_50_1_fu_364/val_36_fu_260_reg[0]/C
                            (rising edge-triggered cell FDRE clocked by ap_clk  {rise@0.000ns fall@5.000ns period=10.000ns})
  Destination:            bd_0_i/hls_inst/U0/grp_hls_filter_2d_Pipeline_VITIS_LOOP_50_1_fu_364/val_14_fu_216_reg[0]/D
                            (rising edge-triggered cell FDRE clocked by ap_clk  {rise@0.000ns fall@5.000ns period=10.000ns})
  Path Group:             ap_clk
  Path Type:              Hold (Min at Slow Process Corner)
  Requirement:            0.000ns  (ap_clk rise@0.000ns - ap_clk rise@0.000ns)
  Data Path Delay:        0.189ns  (logic 0.112ns (59.259%)  route 0.077ns (40.741%))
  Logic Levels:           0  
  Clock Path Skew:        0.013ns (DCD - SCD - CPR)
    Destination Clock Delay (DCD):    0.042ns
    Source Clock Delay      (SCD):    0.029ns
    Clock Pessimism Removal (CPR):    -0.000ns

    Location             Delay type                Incr(ns)  Path(ns)    Netlist Resource(s)
  -------------------------------------------------------------------    -------------------
                         (clock ap_clk rise edge)     0.000     0.000 r  
                                                      0.000     0.000 r  ap_clk (IN)
                         net (fo=1441, unset)         0.029     0.029    bd_0_i/hls_inst/U0/grp_hls_filter_2d_Pipeline_VITIS_LOOP_50_1_fu_364/ap_clk
    SLICE_X27Y102        FDRE                                         r  bd_0_i/hls_inst/U0/grp_hls_filter_2d_Pipeline_VITIS_LOOP_50_1_fu_364/val_36_fu_260_reg[0]/C
  -------------------------------------------------------------------    -------------------
    SLICE_X27Y102        FDRE (Prop_GFF_SLICEL_C_Q)
                                                      0.112     0.141 r  bd_0_i/hls_inst/U0/grp_hls_filter_2d_Pipeline_VITIS_LOOP_50_1_fu_364/val_36_fu_260_reg[0]/Q
                         net (fo=2, routed)           0.077     0.218    bd_0_i/hls_inst/U0/grp_hls_filter_2d_Pipeline_VITIS_LOOP_50_1_fu_364/val_36_fu_260[0]
    SLICE_X27Y102        FDRE                                         r  bd_0_i/hls_inst/U0/grp_hls_filter_2d_Pipeline_VITIS_LOOP_50_1_fu_364/val_14_fu_216_reg[0]/D
  -------------------------------------------------------------------    -------------------

                         (clock ap_clk rise edge)     0.000     0.000 r  
                                                      0.000     0.000 r  ap_clk (IN)
                         net (fo=1441, unset)         0.042     0.042    bd_0_i/hls_inst/U0/grp_hls_filter_2d_Pipeline_VITIS_LOOP_50_1_fu_364/ap_clk
    SLICE_X27Y102        FDRE                                         r  bd_0_i/hls_inst/U0/grp_hls_filter_2d_Pipeline_VITIS_LOOP_50_1_fu_364/val_14_fu_216_reg[0]/C
                         clock pessimism              0.000     0.042    
    SLICE_X27Y102        FDRE (Hold_EFF_SLICEL_C_D)
                                                      0.101     0.143    bd_0_i/hls_inst/U0/grp_hls_filter_2d_Pipeline_VITIS_LOOP_50_1_fu_364/val_14_fu_216_reg[0]
  -------------------------------------------------------------------
                         required time                         -0.143    
                         arrival time                           0.218    
  -------------------------------------------------------------------
                         slack                                  0.075    

Slack (MET) :             0.075ns  (arrival time - required time)
  Source:                 bd_0_i/hls_inst/U0/grp_hls_filter_2d_Pipeline_VITIS_LOOP_50_1_fu_364/val_42_fu_268_reg[5]/C
                            (rising edge-triggered cell FDRE clocked by ap_clk  {rise@0.000ns fall@5.000ns period=10.000ns})
  Destination:            bd_0_i/hls_inst/U0/grp_hls_filter_2d_Pipeline_VITIS_LOOP_50_1_fu_364/val_20_fu_224_reg[5]/D
                            (rising edge-triggered cell FDRE clocked by ap_clk  {rise@0.000ns fall@5.000ns period=10.000ns})
  Path Group:             ap_clk
  Path Type:              Hold (Min at Fast Process Corner)
  Requirement:            0.000ns  (ap_clk rise@0.000ns - ap_clk rise@0.000ns)
  Data Path Delay:        0.127ns  (logic 0.083ns (65.354%)  route 0.044ns (34.646%))
  Logic Levels:           0  
  Clock Path Skew:        0.007ns (DCD - SCD - CPR)
    Destination Clock Delay (DCD):    0.021ns
    Source Clock Delay      (SCD):    0.014ns
    Clock Pessimism Removal (CPR):    -0.000ns

    Location             Delay type                Incr(ns)  Path(ns)    Netlist Resource(s)
  -------------------------------------------------------------------    -------------------
                         (clock ap_clk rise edge)     0.000     0.000 r  
                                                      0.000     0.000 r  ap_clk (IN)
                         net (fo=1441, unset)         0.014     0.014    bd_0_i/hls_inst/U0/grp_hls_filter_2d_Pipeline_VITIS_LOOP_50_1_fu_364/ap_clk
    SLICE_X29Y106        FDRE                                         r  bd_0_i/hls_inst/U0/grp_hls_filter_2d_Pipeline_VITIS_LOOP_50_1_fu_364/val_42_fu_268_reg[5]/C
  -------------------------------------------------------------------    -------------------
    SLICE_X29Y106        FDRE (Prop_GFF_SLICEM_C_Q)
                                                      0.083     0.097 r  bd_0_i/hls_inst/U0/grp_hls_filter_2d_Pipeline_VITIS_LOOP_50_1_fu_364/val_42_fu_268_reg[5]/Q
                         net (fo=1, routed)           0.044     0.141    bd_0_i/hls_inst/U0/grp_hls_filter_2d_Pipeline_VITIS_LOOP_50_1_fu_364/val_42_fu_268[5]
    SLICE_X29Y106        FDRE                                         r  bd_0_i/hls_inst/U0/grp_hls_filter_2d_Pipeline_VITIS_LOOP_50_1_fu_364/val_20_fu_224_reg[5]/D
  -------------------------------------------------------------------    -------------------

                         (clock ap_clk rise edge)     0.000     0.000 r  
                                                      0.000     0.000 r  ap_clk (IN)
                         net (fo=1441, unset)         0.021     0.021    bd_0_i/hls_inst/U0/grp_hls_filter_2d_Pipeline_VITIS_LOOP_50_1_fu_364/ap_clk
    SLICE_X29Y106        FDRE                                         r  bd_0_i/hls_inst/U0/grp_hls_filter_2d_Pipeline_VITIS_LOOP_50_1_fu_364/val_20_fu_224_reg[5]/C
                         clock pessimism              0.000     0.021    
    SLICE_X29Y106        FDRE (Hold_EFF2_SLICEM_C_D)
                                                      0.045     0.066    bd_0_i/hls_inst/U0/grp_hls_filter_2d_Pipeline_VITIS_LOOP_50_1_fu_364/val_20_fu_224_reg[5]
  -------------------------------------------------------------------
                         required time                         -0.066    
                         arrival time                           0.141    
  -------------------------------------------------------------------
                         slack                                  0.075    

Slack (MET) :             0.075ns  (arrival time - required time)
  Source:                 bd_0_i/hls_inst/U0/grp_hls_filter_2d_Pipeline_VITIS_LOOP_50_1_fu_364/val_10_fu_208_reg[2]/C
                            (rising edge-triggered cell FDRE clocked by ap_clk  {rise@0.000ns fall@5.000ns period=10.000ns})
  Destination:            bd_0_i/hls_inst/U0/grp_hls_filter_2d_Pipeline_VITIS_LOOP_50_1_fu_364/val_34_fu_256_reg[2]/D
                            (rising edge-triggered cell FDRE clocked by ap_clk  {rise@0.000ns fall@5.000ns period=10.000ns})
  Path Group:             ap_clk
  Path Type:              Hold (Min at Slow Process Corner)
  Requirement:            0.000ns  (ap_clk rise@0.000ns - ap_clk rise@0.000ns)
  Data Path Delay:        0.189ns  (logic 0.112ns (59.164%)  route 0.077ns (40.836%))
  Logic Levels:           0  
  Clock Path Skew:        0.012ns (DCD - SCD - CPR)
    Destination Clock Delay (DCD):    0.043ns
    Source Clock Delay      (SCD):    0.031ns
    Clock Pessimism Removal (CPR):    -0.000ns

    Location             Delay type                Incr(ns)  Path(ns)    Netlist Resource(s)
  -------------------------------------------------------------------    -------------------
                         (clock ap_clk rise edge)     0.000     0.000 r  
                                                      0.000     0.000 r  ap_clk (IN)
                         net (fo=1441, unset)         0.031     0.031    bd_0_i/hls_inst/U0/grp_hls_filter_2d_Pipeline_VITIS_LOOP_50_1_fu_364/ap_clk
    SLICE_X34Y97         FDRE                                         r  bd_0_i/hls_inst/U0/grp_hls_filter_2d_Pipeline_VITIS_LOOP_50_1_fu_364/val_10_fu_208_reg[2]/C
  -------------------------------------------------------------------    -------------------
    SLICE_X34Y97         FDRE (Prop_EFF_SLICEM_C_Q)
                                                      0.112     0.143 r  bd_0_i/hls_inst/U0/grp_hls_filter_2d_Pipeline_VITIS_LOOP_50_1_fu_364/val_10_fu_208_reg[2]/Q
                         net (fo=2, routed)           0.077     0.220    bd_0_i/hls_inst/U0/grp_hls_filter_2d_Pipeline_VITIS_LOOP_50_1_fu_364/val_10_fu_208[2]
    SLICE_X34Y97         FDRE                                         r  bd_0_i/hls_inst/U0/grp_hls_filter_2d_Pipeline_VITIS_LOOP_50_1_fu_364/val_34_fu_256_reg[2]/D
  -------------------------------------------------------------------    -------------------

                         (clock ap_clk rise edge)     0.000     0.000 r  
                                                      0.000     0.000 r  ap_clk (IN)
                         net (fo=1441, unset)         0.043     0.043    bd_0_i/hls_inst/U0/grp_hls_filter_2d_Pipeline_VITIS_LOOP_50_1_fu_364/ap_clk
    SLICE_X34Y97         FDRE                                         r  bd_0_i/hls_inst/U0/grp_hls_filter_2d_Pipeline_VITIS_LOOP_50_1_fu_364/val_34_fu_256_reg[2]/C
                         clock pessimism              0.000     0.043    
    SLICE_X34Y97         FDRE (Hold_GFF2_SLICEM_C_D)
                                                      0.102     0.145    bd_0_i/hls_inst/U0/grp_hls_filter_2d_Pipeline_VITIS_LOOP_50_1_fu_364/val_34_fu_256_reg[2]
  -------------------------------------------------------------------
                         required time                         -0.145    
                         arrival time                           0.220    
  -------------------------------------------------------------------
                         slack                                  0.075    

Slack (MET) :             0.079ns  (arrival time - required time)
  Source:                 bd_0_i/hls_inst/U0/grp_hls_filter_2d_Pipeline_VITIS_LOOP_50_1_fu_364/val_40_fu_264_reg[5]/C
                            (rising edge-triggered cell FDRE clocked by ap_clk  {rise@0.000ns fall@5.000ns period=10.000ns})
  Destination:            bd_0_i/hls_inst/U0/grp_hls_filter_2d_Pipeline_VITIS_LOOP_50_1_fu_364/val_16_fu_220_reg[5]/D
                            (rising edge-triggered cell FDRE clocked by ap_clk  {rise@0.000ns fall@5.000ns period=10.000ns})
  Path Group:             ap_clk
  Path Type:              Hold (Min at Fast Process Corner)
  Requirement:            0.000ns  (ap_clk rise@0.000ns - ap_clk rise@0.000ns)
  Data Path Delay:        0.131ns  (logic 0.083ns (63.535%)  route 0.048ns (36.465%))
  Logic Levels:           0  
  Clock Path Skew:        0.007ns (DCD - SCD - CPR)
    Destination Clock Delay (DCD):    0.021ns
    Source Clock Delay      (SCD):    0.014ns
    Clock Pessimism Removal (CPR):    -0.000ns

    Location             Delay type                Incr(ns)  Path(ns)    Netlist Resource(s)
  -------------------------------------------------------------------    -------------------
                         (clock ap_clk rise edge)     0.000     0.000 r  
                                                      0.000     0.000 r  ap_clk (IN)
                         net (fo=1441, unset)         0.014     0.014    bd_0_i/hls_inst/U0/grp_hls_filter_2d_Pipeline_VITIS_LOOP_50_1_fu_364/ap_clk
    SLICE_X34Y102        FDRE                                         r  bd_0_i/hls_inst/U0/grp_hls_filter_2d_Pipeline_VITIS_LOOP_50_1_fu_364/val_40_fu_264_reg[5]/C
  -------------------------------------------------------------------    -------------------
    SLICE_X34Y102        FDRE (Prop_GFF_SLICEM_C_Q)
                                                      0.083     0.097 r  bd_0_i/hls_inst/U0/grp_hls_filter_2d_Pipeline_VITIS_LOOP_50_1_fu_364/val_40_fu_264_reg[5]/Q
                         net (fo=2, routed)           0.048     0.145    bd_0_i/hls_inst/U0/grp_hls_filter_2d_Pipeline_VITIS_LOOP_50_1_fu_364/val_40_fu_264[5]
    SLICE_X34Y102        FDRE                                         r  bd_0_i/hls_inst/U0/grp_hls_filter_2d_Pipeline_VITIS_LOOP_50_1_fu_364/val_16_fu_220_reg[5]/D
  -------------------------------------------------------------------    -------------------

                         (clock ap_clk rise edge)     0.000     0.000 r  
                                                      0.000     0.000 r  ap_clk (IN)
                         net (fo=1441, unset)         0.021     0.021    bd_0_i/hls_inst/U0/grp_hls_filter_2d_Pipeline_VITIS_LOOP_50_1_fu_364/ap_clk
    SLICE_X34Y102        FDRE                                         r  bd_0_i/hls_inst/U0/grp_hls_filter_2d_Pipeline_VITIS_LOOP_50_1_fu_364/val_16_fu_220_reg[5]/C
                         clock pessimism              0.000     0.021    
    SLICE_X34Y102        FDRE (Hold_EFF2_SLICEM_C_D)
                                                      0.045     0.066    bd_0_i/hls_inst/U0/grp_hls_filter_2d_Pipeline_VITIS_LOOP_50_1_fu_364/val_16_fu_220_reg[5]
  -------------------------------------------------------------------
                         required time                         -0.066    
                         arrival time                           0.145    
  -------------------------------------------------------------------
                         slack                                  0.079    

Slack (MET) :             0.086ns  (arrival time - required time)
  Source:                 bd_0_i/hls_inst/U0/grp_hls_filter_2d_Pipeline_VITIS_LOOP_50_1_fu_364/new_pixel_reg_601_pp0_iter2_reg_reg[6]/C
                            (rising edge-triggered cell FDRE clocked by ap_clk  {rise@0.000ns fall@5.000ns period=10.000ns})
  Destination:            bd_0_i/hls_inst/U0/grp_hls_filter_2d_Pipeline_VITIS_LOOP_50_1_fu_364/new_pixel_reg_601_pp0_iter3_reg_reg[6]/D
                            (rising edge-triggered cell FDRE clocked by ap_clk  {rise@0.000ns fall@5.000ns period=10.000ns})
  Path Group:             ap_clk
  Path Type:              Hold (Min at Fast Process Corner)
  Requirement:            0.000ns  (ap_clk rise@0.000ns - ap_clk rise@0.000ns)
  Data Path Delay:        0.137ns  (logic 0.083ns (60.584%)  route 0.054ns (39.416%))
  Logic Levels:           0  
  Clock Path Skew:        0.007ns (DCD - SCD - CPR)
    Destination Clock Delay (DCD):    0.021ns
    Source Clock Delay      (SCD):    0.014ns
    Clock Pessimism Removal (CPR):    -0.000ns

    Location             Delay type                Incr(ns)  Path(ns)    Netlist Resource(s)
  -------------------------------------------------------------------    -------------------
                         (clock ap_clk rise edge)     0.000     0.000 r  
                                                      0.000     0.000 r  ap_clk (IN)
                         net (fo=1441, unset)         0.014     0.014    bd_0_i/hls_inst/U0/grp_hls_filter_2d_Pipeline_VITIS_LOOP_50_1_fu_364/ap_clk
    SLICE_X31Y86         FDRE                                         r  bd_0_i/hls_inst/U0/grp_hls_filter_2d_Pipeline_VITIS_LOOP_50_1_fu_364/new_pixel_reg_601_pp0_iter2_reg_reg[6]/C
  -------------------------------------------------------------------    -------------------
    SLICE_X31Y86         FDRE (Prop_CFF_SLICEM_C_Q)
                                                      0.083     0.097 r  bd_0_i/hls_inst/U0/grp_hls_filter_2d_Pipeline_VITIS_LOOP_50_1_fu_364/new_pixel_reg_601_pp0_iter2_reg_reg[6]/Q
                         net (fo=1, routed)           0.054     0.151    bd_0_i/hls_inst/U0/grp_hls_filter_2d_Pipeline_VITIS_LOOP_50_1_fu_364/new_pixel_reg_601_pp0_iter2_reg[6]
    SLICE_X31Y86         FDRE                                         r  bd_0_i/hls_inst/U0/grp_hls_filter_2d_Pipeline_VITIS_LOOP_50_1_fu_364/new_pixel_reg_601_pp0_iter3_reg_reg[6]/D
  -------------------------------------------------------------------    -------------------

                         (clock ap_clk rise edge)     0.000     0.000 r  
                                                      0.000     0.000 r  ap_clk (IN)
                         net (fo=1441, unset)         0.021     0.021    bd_0_i/hls_inst/U0/grp_hls_filter_2d_Pipeline_VITIS_LOOP_50_1_fu_364/ap_clk
    SLICE_X31Y86         FDRE                                         r  bd_0_i/hls_inst/U0/grp_hls_filter_2d_Pipeline_VITIS_LOOP_50_1_fu_364/new_pixel_reg_601_pp0_iter3_reg_reg[6]/C
                         clock pessimism              0.000     0.021    
    SLICE_X31Y86         FDRE (Hold_AFF_SLICEM_C_D)
                                                      0.044     0.065    bd_0_i/hls_inst/U0/grp_hls_filter_2d_Pipeline_VITIS_LOOP_50_1_fu_364/new_pixel_reg_601_pp0_iter3_reg_reg[6]
  -------------------------------------------------------------------
                         required time                         -0.065    
                         arrival time                           0.151    
  -------------------------------------------------------------------
                         slack                                  0.086    

Slack (MET) :             0.086ns  (arrival time - required time)
  Source:                 bd_0_i/hls_inst/U0/grp_hls_filter_2d_Pipeline_VITIS_LOOP_50_1_fu_364/val_22_fu_236_reg[6]/C
                            (rising edge-triggered cell FDRE clocked by ap_clk  {rise@0.000ns fall@5.000ns period=10.000ns})
  Destination:            bd_0_i/hls_inst/U0/grp_hls_filter_2d_Pipeline_VITIS_LOOP_50_1_fu_364/val_fu_192_reg[6]/D
                            (rising edge-triggered cell FDRE clocked by ap_clk  {rise@0.000ns fall@5.000ns period=10.000ns})
  Path Group:             ap_clk
  Path Type:              Hold (Min at Fast Process Corner)
  Requirement:            0.000ns  (ap_clk rise@0.000ns - ap_clk rise@0.000ns)
  Data Path Delay:        0.137ns  (logic 0.082ns (59.854%)  route 0.055ns (40.146%))
  Logic Levels:           0  
  Clock Path Skew:        0.007ns (DCD - SCD - CPR)
    Destination Clock Delay (DCD):    0.021ns
    Source Clock Delay      (SCD):    0.014ns
    Clock Pessimism Removal (CPR):    -0.000ns

    Location             Delay type                Incr(ns)  Path(ns)    Netlist Resource(s)
  -------------------------------------------------------------------    -------------------
                         (clock ap_clk rise edge)     0.000     0.000 r  
                                                      0.000     0.000 r  ap_clk (IN)
                         net (fo=1441, unset)         0.014     0.014    bd_0_i/hls_inst/U0/grp_hls_filter_2d_Pipeline_VITIS_LOOP_50_1_fu_364/ap_clk
    SLICE_X31Y99         FDRE                                         r  bd_0_i/hls_inst/U0/grp_hls_filter_2d_Pipeline_VITIS_LOOP_50_1_fu_364/val_22_fu_236_reg[6]/C
  -------------------------------------------------------------------    -------------------
    SLICE_X31Y99         FDRE (Prop_BFF_SLICEM_C_Q)
                                                      0.082     0.096 r  bd_0_i/hls_inst/U0/grp_hls_filter_2d_Pipeline_VITIS_LOOP_50_1_fu_364/val_22_fu_236_reg[6]/Q
                         net (fo=2, routed)           0.055     0.151    bd_0_i/hls_inst/U0/grp_hls_filter_2d_Pipeline_VITIS_LOOP_50_1_fu_364/val_22_fu_236[6]
    SLICE_X31Y99         FDRE                                         r  bd_0_i/hls_inst/U0/grp_hls_filter_2d_Pipeline_VITIS_LOOP_50_1_fu_364/val_fu_192_reg[6]/D
  -------------------------------------------------------------------    -------------------

                         (clock ap_clk rise edge)     0.000     0.000 r  
                                                      0.000     0.000 r  ap_clk (IN)
                         net (fo=1441, unset)         0.021     0.021    bd_0_i/hls_inst/U0/grp_hls_filter_2d_Pipeline_VITIS_LOOP_50_1_fu_364/ap_clk
    SLICE_X31Y99         FDRE                                         r  bd_0_i/hls_inst/U0/grp_hls_filter_2d_Pipeline_VITIS_LOOP_50_1_fu_364/val_fu_192_reg[6]/C
                         clock pessimism              0.000     0.021    
    SLICE_X31Y99         FDRE (Hold_DFF_SLICEM_C_D)
                                                      0.044     0.065    bd_0_i/hls_inst/U0/grp_hls_filter_2d_Pipeline_VITIS_LOOP_50_1_fu_364/val_fu_192_reg[6]
  -------------------------------------------------------------------
                         required time                         -0.065    
                         arrival time                           0.151    
  -------------------------------------------------------------------
                         slack                                  0.086    

Slack (MET) :             0.087ns  (arrival time - required time)
  Source:                 bd_0_i/hls_inst/U0/grp_hls_filter_2d_Pipeline_VITIS_LOOP_50_1_fu_364/new_pixel_reg_601_pp0_iter2_reg_reg[7]/C
                            (rising edge-triggered cell FDRE clocked by ap_clk  {rise@0.000ns fall@5.000ns period=10.000ns})
  Destination:            bd_0_i/hls_inst/U0/grp_hls_filter_2d_Pipeline_VITIS_LOOP_50_1_fu_364/new_pixel_reg_601_pp0_iter3_reg_reg[7]/D
                            (rising edge-triggered cell FDRE clocked by ap_clk  {rise@0.000ns fall@5.000ns period=10.000ns})
  Path Group:             ap_clk
  Path Type:              Hold (Min at Fast Process Corner)
  Requirement:            0.000ns  (ap_clk rise@0.000ns - ap_clk rise@0.000ns)
  Data Path Delay:        0.138ns  (logic 0.083ns (60.145%)  route 0.055ns (39.855%))
  Logic Levels:           0  
  Clock Path Skew:        0.007ns (DCD - SCD - CPR)
    Destination Clock Delay (DCD):    0.021ns
    Source Clock Delay      (SCD):    0.014ns
    Clock Pessimism Removal (CPR):    -0.000ns

    Location             Delay type                Incr(ns)  Path(ns)    Netlist Resource(s)
  -------------------------------------------------------------------    -------------------
                         (clock ap_clk rise edge)     0.000     0.000 r  
                                                      0.000     0.000 r  ap_clk (IN)
                         net (fo=1441, unset)         0.014     0.014    bd_0_i/hls_inst/U0/grp_hls_filter_2d_Pipeline_VITIS_LOOP_50_1_fu_364/ap_clk
    SLICE_X31Y86         FDRE                                         r  bd_0_i/hls_inst/U0/grp_hls_filter_2d_Pipeline_VITIS_LOOP_50_1_fu_364/new_pixel_reg_601_pp0_iter2_reg_reg[7]/C
  -------------------------------------------------------------------    -------------------
    SLICE_X31Y86         FDRE (Prop_GFF_SLICEM_C_Q)
                                                      0.083     0.097 r  bd_0_i/hls_inst/U0/grp_hls_filter_2d_Pipeline_VITIS_LOOP_50_1_fu_364/new_pixel_reg_601_pp0_iter2_reg_reg[7]/Q
                         net (fo=1, routed)           0.055     0.152    bd_0_i/hls_inst/U0/grp_hls_filter_2d_Pipeline_VITIS_LOOP_50_1_fu_364/new_pixel_reg_601_pp0_iter2_reg[7]
    SLICE_X31Y86         FDRE                                         r  bd_0_i/hls_inst/U0/grp_hls_filter_2d_Pipeline_VITIS_LOOP_50_1_fu_364/new_pixel_reg_601_pp0_iter3_reg_reg[7]/D
  -------------------------------------------------------------------    -------------------

                         (clock ap_clk rise edge)     0.000     0.000 r  
                                                      0.000     0.000 r  ap_clk (IN)
                         net (fo=1441, unset)         0.021     0.021    bd_0_i/hls_inst/U0/grp_hls_filter_2d_Pipeline_VITIS_LOOP_50_1_fu_364/ap_clk
    SLICE_X31Y86         FDRE                                         r  bd_0_i/hls_inst/U0/grp_hls_filter_2d_Pipeline_VITIS_LOOP_50_1_fu_364/new_pixel_reg_601_pp0_iter3_reg_reg[7]/C
                         clock pessimism              0.000     0.021    
    SLICE_X31Y86         FDRE (Hold_EFF_SLICEM_C_D)
                                                      0.044     0.065    bd_0_i/hls_inst/U0/grp_hls_filter_2d_Pipeline_VITIS_LOOP_50_1_fu_364/new_pixel_reg_601_pp0_iter3_reg_reg[7]
  -------------------------------------------------------------------
                         required time                         -0.065    
                         arrival time                           0.152    
  -------------------------------------------------------------------
                         slack                                  0.087    

Slack (MET) :             0.090ns  (arrival time - required time)
  Source:                 bd_0_i/hls_inst/U0/grp_hls_filter_2d_Pipeline_VITIS_LOOP_50_1_fu_364/val_36_fu_260_reg[5]/C
                            (rising edge-triggered cell FDRE clocked by ap_clk  {rise@0.000ns fall@5.000ns period=10.000ns})
  Destination:            bd_0_i/hls_inst/U0/grp_hls_filter_2d_Pipeline_VITIS_LOOP_50_1_fu_364/val_14_fu_216_reg[5]/D
                            (rising edge-triggered cell FDRE clocked by ap_clk  {rise@0.000ns fall@5.000ns period=10.000ns})
  Path Group:             ap_clk
  Path Type:              Hold (Min at Fast Process Corner)
  Requirement:            0.000ns  (ap_clk rise@0.000ns - ap_clk rise@0.000ns)
  Data Path Delay:        0.141ns  (logic 0.082ns (58.307%)  route 0.059ns (41.693%))
  Logic Levels:           0  
  Clock Path Skew:        0.007ns (DCD - SCD - CPR)
    Destination Clock Delay (DCD):    0.021ns
    Source Clock Delay      (SCD):    0.014ns
    Clock Pessimism Removal (CPR):    -0.000ns

    Location             Delay type                Incr(ns)  Path(ns)    Netlist Resource(s)
  -------------------------------------------------------------------    -------------------
                         (clock ap_clk rise edge)     0.000     0.000 r  
                                                      0.000     0.000 r  ap_clk (IN)
                         net (fo=1441, unset)         0.014     0.014    bd_0_i/hls_inst/U0/grp_hls_filter_2d_Pipeline_VITIS_LOOP_50_1_fu_364/ap_clk
    SLICE_X28Y103        FDRE                                         r  bd_0_i/hls_inst/U0/grp_hls_filter_2d_Pipeline_VITIS_LOOP_50_1_fu_364/val_36_fu_260_reg[5]/C
  -------------------------------------------------------------------    -------------------
    SLICE_X28Y103        FDRE (Prop_BFF_SLICEM_C_Q)
                                                      0.082     0.096 r  bd_0_i/hls_inst/U0/grp_hls_filter_2d_Pipeline_VITIS_LOOP_50_1_fu_364/val_36_fu_260_reg[5]/Q
                         net (fo=2, routed)           0.059     0.155    bd_0_i/hls_inst/U0/grp_hls_filter_2d_Pipeline_VITIS_LOOP_50_1_fu_364/val_36_fu_260[5]
    SLICE_X28Y103        FDRE                                         r  bd_0_i/hls_inst/U0/grp_hls_filter_2d_Pipeline_VITIS_LOOP_50_1_fu_364/val_14_fu_216_reg[5]/D
  -------------------------------------------------------------------    -------------------

                         (clock ap_clk rise edge)     0.000     0.000 r  
                                                      0.000     0.000 r  ap_clk (IN)
                         net (fo=1441, unset)         0.021     0.021    bd_0_i/hls_inst/U0/grp_hls_filter_2d_Pipeline_VITIS_LOOP_50_1_fu_364/ap_clk
    SLICE_X28Y103        FDRE                                         r  bd_0_i/hls_inst/U0/grp_hls_filter_2d_Pipeline_VITIS_LOOP_50_1_fu_364/val_14_fu_216_reg[5]/C
                         clock pessimism              0.000     0.021    
    SLICE_X28Y103        FDRE (Hold_DFF_SLICEM_C_D)
                                                      0.044     0.065    bd_0_i/hls_inst/U0/grp_hls_filter_2d_Pipeline_VITIS_LOOP_50_1_fu_364/val_14_fu_216_reg[5]
  -------------------------------------------------------------------
                         required time                         -0.065    
                         arrival time                           0.155    
  -------------------------------------------------------------------
                         slack                                  0.090    





Pulse Width Checks
--------------------------------------------------------------------------------------
Clock Name:         ap_clk
Waveform(ns):       { 0.000 5.000 }
Period(ns):         10.000
Sources:            { ap_clk }

Check Type        Corner  Lib Pin             Reference Pin  Required(ns)  Actual(ns)  Slack(ns)  Location      Pin
Min Period        n/a     RAMB36E2/CLKARDCLK  n/a            1.960         10.000      8.040      RAMB36_X0Y18  bd_0_i/hls_inst/U0/grp_hls_filter_2d_Pipeline_VITIS_LOOP_50_1_fu_364/line_buffer_1_U/ram_reg_bram_0/CLKARDCLK
Min Period        n/a     RAMB36E2/CLKARDCLK  n/a            1.960         10.000      8.040      RAMB36_X0Y19  bd_0_i/hls_inst/U0/grp_hls_filter_2d_Pipeline_VITIS_LOOP_50_1_fu_364/line_buffer_1_U/ram_reg_bram_1/CLKARDCLK
Min Period        n/a     RAMB36E2/CLKARDCLK  n/a            1.960         10.000      8.040      RAMB36_X0Y16  bd_0_i/hls_inst/U0/grp_hls_filter_2d_Pipeline_VITIS_LOOP_50_1_fu_364/line_buffer_2_U/ram_reg_bram_0/CLKARDCLK
Min Period        n/a     RAMB36E2/CLKARDCLK  n/a            1.960         10.000      8.040      RAMB36_X0Y17  bd_0_i/hls_inst/U0/grp_hls_filter_2d_Pipeline_VITIS_LOOP_50_1_fu_364/line_buffer_2_U/ram_reg_bram_1/CLKARDCLK
Min Period        n/a     RAMB36E2/CLKARDCLK  n/a            1.960         10.000      8.040      RAMB36_X0Y14  bd_0_i/hls_inst/U0/grp_hls_filter_2d_Pipeline_VITIS_LOOP_50_1_fu_364/line_buffer_3_U/ram_reg_bram_0/CLKARDCLK
Min Period        n/a     RAMB36E2/CLKARDCLK  n/a            1.960         10.000      8.040      RAMB36_X0Y15  bd_0_i/hls_inst/U0/grp_hls_filter_2d_Pipeline_VITIS_LOOP_50_1_fu_364/line_buffer_3_U/ram_reg_bram_1/CLKARDCLK
Min Period        n/a     RAMB36E2/CLKARDCLK  n/a            1.960         10.000      8.040      RAMB36_X0Y20  bd_0_i/hls_inst/U0/grp_hls_filter_2d_Pipeline_VITIS_LOOP_50_1_fu_364/line_buffer_U/ram_reg_bram_0/CLKARDCLK
Min Period        n/a     RAMB36E2/CLKARDCLK  n/a            1.960         10.000      8.040      RAMB36_X0Y21  bd_0_i/hls_inst/U0/grp_hls_filter_2d_Pipeline_VITIS_LOOP_50_1_fu_364/line_buffer_U/ram_reg_bram_1/CLKARDCLK
Min Period        n/a     SRL16E/CLK          n/a            1.524         10.000      8.476      SLICE_X28Y99  bd_0_i/hls_inst/U0/grp_hls_filter_2d_Pipeline_VITIS_LOOP_50_1_fu_364/and_ln139_2_reg_2642_pp0_iter7_reg_reg[0]_srl5/CLK
Min Period        n/a     SRL16E/CLK          n/a            1.524         10.000      8.476      SLICE_X28Y95  bd_0_i/hls_inst/U0/grp_hls_filter_2d_Pipeline_VITIS_LOOP_50_1_fu_364/ap_loop_exit_ready_pp0_iter7_reg_reg_srl7/CLK
Low Pulse Width   Slow    SRL16E/CLK          n/a            0.762         5.000       4.238      SLICE_X28Y99  bd_0_i/hls_inst/U0/grp_hls_filter_2d_Pipeline_VITIS_LOOP_50_1_fu_364/and_ln139_2_reg_2642_pp0_iter7_reg_reg[0]_srl5/CLK
Low Pulse Width   Fast    SRL16E/CLK          n/a            0.762         5.000       4.238      SLICE_X28Y99  bd_0_i/hls_inst/U0/grp_hls_filter_2d_Pipeline_VITIS_LOOP_50_1_fu_364/and_ln139_2_reg_2642_pp0_iter7_reg_reg[0]_srl5/CLK
Low Pulse Width   Slow    SRL16E/CLK          n/a            0.762         5.000       4.238      SLICE_X28Y95  bd_0_i/hls_inst/U0/grp_hls_filter_2d_Pipeline_VITIS_LOOP_50_1_fu_364/ap_loop_exit_ready_pp0_iter7_reg_reg_srl7/CLK
Low Pulse Width   Fast    SRL16E/CLK          n/a            0.762         5.000       4.238      SLICE_X28Y95  bd_0_i/hls_inst/U0/grp_hls_filter_2d_Pipeline_VITIS_LOOP_50_1_fu_364/ap_loop_exit_ready_pp0_iter7_reg_reg_srl7/CLK
Low Pulse Width   Slow    SRL16E/CLK          n/a            0.762         5.000       4.238      SLICE_X28Y88  bd_0_i/hls_inst/U0/grp_hls_filter_2d_Pipeline_VITIS_LOOP_50_1_fu_364/icmp_ln154_reg_2776_pp0_iter7_reg_reg[0]_srl4/CLK
Low Pulse Width   Fast    SRL16E/CLK          n/a            0.762         5.000       4.238      SLICE_X28Y88  bd_0_i/hls_inst/U0/grp_hls_filter_2d_Pipeline_VITIS_LOOP_50_1_fu_364/icmp_ln154_reg_2776_pp0_iter7_reg_reg[0]_srl4/CLK
Low Pulse Width   Slow    SRL16E/CLK          n/a            0.762         5.000       4.238      SLICE_X28Y93  bd_0_i/hls_inst/U0/grp_hls_filter_2d_Pipeline_VITIS_LOOP_50_1_fu_364/icmp_ln96_reg_2547_pp0_iter7_reg_reg[0]_srl5/CLK
Low Pulse Width   Fast    SRL16E/CLK          n/a            0.762         5.000       4.238      SLICE_X28Y93  bd_0_i/hls_inst/U0/grp_hls_filter_2d_Pipeline_VITIS_LOOP_50_1_fu_364/icmp_ln96_reg_2547_pp0_iter7_reg_reg[0]_srl5/CLK
Low Pulse Width   Slow    SRL16E/CLK          n/a            0.762         5.000       4.238      SLICE_X28Y93  bd_0_i/hls_inst/U0/grp_hls_filter_2d_Pipeline_VITIS_LOOP_50_1_fu_364/out_paket_user_reg_2646_pp0_iter7_reg_reg[0]_srl4/CLK
Low Pulse Width   Fast    SRL16E/CLK          n/a            0.762         5.000       4.238      SLICE_X28Y93  bd_0_i/hls_inst/U0/grp_hls_filter_2d_Pipeline_VITIS_LOOP_50_1_fu_364/out_paket_user_reg_2646_pp0_iter7_reg_reg[0]_srl4/CLK
High Pulse Width  Slow    SRL16E/CLK          n/a            0.762         5.000       4.238      SLICE_X28Y99  bd_0_i/hls_inst/U0/grp_hls_filter_2d_Pipeline_VITIS_LOOP_50_1_fu_364/and_ln139_2_reg_2642_pp0_iter7_reg_reg[0]_srl5/CLK
High Pulse Width  Fast    SRL16E/CLK          n/a            0.762         5.000       4.238      SLICE_X28Y99  bd_0_i/hls_inst/U0/grp_hls_filter_2d_Pipeline_VITIS_LOOP_50_1_fu_364/and_ln139_2_reg_2642_pp0_iter7_reg_reg[0]_srl5/CLK
High Pulse Width  Slow    SRL16E/CLK          n/a            0.762         5.000       4.238      SLICE_X28Y95  bd_0_i/hls_inst/U0/grp_hls_filter_2d_Pipeline_VITIS_LOOP_50_1_fu_364/ap_loop_exit_ready_pp0_iter7_reg_reg_srl7/CLK
High Pulse Width  Fast    SRL16E/CLK          n/a            0.762         5.000       4.238      SLICE_X28Y95  bd_0_i/hls_inst/U0/grp_hls_filter_2d_Pipeline_VITIS_LOOP_50_1_fu_364/ap_loop_exit_ready_pp0_iter7_reg_reg_srl7/CLK
High Pulse Width  Slow    SRL16E/CLK          n/a            0.762         5.000       4.238      SLICE_X28Y88  bd_0_i/hls_inst/U0/grp_hls_filter_2d_Pipeline_VITIS_LOOP_50_1_fu_364/icmp_ln154_reg_2776_pp0_iter7_reg_reg[0]_srl4/CLK
High Pulse Width  Fast    SRL16E/CLK          n/a            0.762         5.000       4.238      SLICE_X28Y88  bd_0_i/hls_inst/U0/grp_hls_filter_2d_Pipeline_VITIS_LOOP_50_1_fu_364/icmp_ln154_reg_2776_pp0_iter7_reg_reg[0]_srl4/CLK
High Pulse Width  Slow    SRL16E/CLK          n/a            0.762         5.000       4.238      SLICE_X28Y93  bd_0_i/hls_inst/U0/grp_hls_filter_2d_Pipeline_VITIS_LOOP_50_1_fu_364/icmp_ln96_reg_2547_pp0_iter7_reg_reg[0]_srl5/CLK
High Pulse Width  Fast    SRL16E/CLK          n/a            0.762         5.000       4.238      SLICE_X28Y93  bd_0_i/hls_inst/U0/grp_hls_filter_2d_Pipeline_VITIS_LOOP_50_1_fu_364/icmp_ln96_reg_2547_pp0_iter7_reg_reg[0]_srl5/CLK
High Pulse Width  Slow    SRL16E/CLK          n/a            0.762         5.000       4.238      SLICE_X28Y93  bd_0_i/hls_inst/U0/grp_hls_filter_2d_Pipeline_VITIS_LOOP_50_1_fu_364/out_paket_user_reg_2646_pp0_iter7_reg_reg[0]_srl4/CLK
High Pulse Width  Fast    SRL16E/CLK          n/a            0.762         5.000       4.238      SLICE_X28Y93  bd_0_i/hls_inst/U0/grp_hls_filter_2d_Pipeline_VITIS_LOOP_50_1_fu_364/out_paket_user_reg_2646_pp0_iter7_reg_reg[0]_srl4/CLK



--------------------------------------------------------------------------------------
Path Group:  (none)
From Clock:  ap_clk
  To Clock:  

Max Delay            50 Endpoints
Min Delay            50 Endpoints
--------------------------------------------------------------------------------------


Max Delay Paths
--------------------------------------------------------------------------------------
Slack:                    inf
  Source:                 bd_0_i/hls_inst/U0/control_s_axi_U/rdata_data_reg[31]/C
                            (rising edge-triggered cell FDRE clocked by ap_clk  {rise@0.000ns fall@5.000ns period=10.000ns})
  Destination:            s_axi_control_rdata[31]
                            (output port)
  Path Group:             (none)
  Path Type:              Max at Slow Process Corner
  Data Path Delay:        0.118ns  (logic 0.118ns (100.000%)  route 0.000ns (0.000%))
  Logic Levels:           0  
  Clock Uncertainty:      0.025ns  ((TSJ^2 + TIJ^2)^1/2 + DJ) / 2 + PE
    Total System Jitter     (TSJ):    0.050ns
    Total Input Jitter      (TIJ):    0.000ns
    Discrete Jitter          (DJ):    0.000ns
    Phase Error              (PE):    0.000ns

    Location             Delay type                Incr(ns)  Path(ns)    Netlist Resource(s)
  -------------------------------------------------------------------    -------------------
                         (clock ap_clk rise edge)     0.000     0.000 r  
                                                      0.000     0.000 r  ap_clk (IN)
                         net (fo=1441, unset)         0.043     0.043    bd_0_i/hls_inst/U0/control_s_axi_U/ap_clk
    SLICE_X28Y114        FDRE                                         r  bd_0_i/hls_inst/U0/control_s_axi_U/rdata_data_reg[31]/C
  -------------------------------------------------------------------    -------------------
    SLICE_X28Y114        FDRE (Prop_GFF2_SLICEM_C_Q)
                                                      0.118     0.161 r  bd_0_i/hls_inst/U0/control_s_axi_U/rdata_data_reg[31]/Q
                         net (fo=0)                   0.000     0.161    s_axi_control_rdata[31]
                                                                      r  s_axi_control_rdata[31] (OUT)
  -------------------------------------------------------------------    -------------------

Slack:                    inf
  Source:                 bd_0_i/hls_inst/U0/regslice_both_m_axis_video_U/state_reg[0]/C
                            (rising edge-triggered cell FDRE clocked by ap_clk  {rise@0.000ns fall@5.000ns period=10.000ns})
  Destination:            m_axis_video_tvalid
                            (output port)
  Path Group:             (none)
  Path Type:              Max at Slow Process Corner
  Data Path Delay:        0.116ns  (logic 0.116ns (100.000%)  route 0.000ns (0.000%))
  Logic Levels:           0  
  Clock Uncertainty:      0.025ns  ((TSJ^2 + TIJ^2)^1/2 + DJ) / 2 + PE
    Total System Jitter     (TSJ):    0.050ns
    Total Input Jitter      (TIJ):    0.000ns
    Discrete Jitter          (DJ):    0.000ns
    Phase Error              (PE):    0.000ns

    Location             Delay type                Incr(ns)  Path(ns)    Netlist Resource(s)
  -------------------------------------------------------------------    -------------------
                         (clock ap_clk rise edge)     0.000     0.000 r  
                                                      0.000     0.000 r  ap_clk (IN)
                         net (fo=1441, unset)         0.043     0.043    bd_0_i/hls_inst/U0/regslice_both_m_axis_video_U/ap_clk
    SLICE_X24Y97         FDRE                                         r  bd_0_i/hls_inst/U0/regslice_both_m_axis_video_U/state_reg[0]/C
  -------------------------------------------------------------------    -------------------
    SLICE_X24Y97         FDRE (Prop_DFF_SLICEM_C_Q)
                                                      0.116     0.159 r  bd_0_i/hls_inst/U0/regslice_both_m_axis_video_U/state_reg[0]/Q
                         net (fo=2, unset)            0.000     0.159    m_axis_video_tvalid
                                                                      r  m_axis_video_tvalid (OUT)
  -------------------------------------------------------------------    -------------------

Slack:                    inf
  Source:                 bd_0_i/hls_inst/U0/control_s_axi_U/FSM_onehot_rstate_reg[1]/C
                            (rising edge-triggered cell FDRE clocked by ap_clk  {rise@0.000ns fall@5.000ns period=10.000ns})
  Destination:            s_axi_control_arready
                            (output port)
  Path Group:             (none)
  Path Type:              Max at Slow Process Corner
  Data Path Delay:        0.116ns  (logic 0.116ns (100.000%)  route 0.000ns (0.000%))
  Logic Levels:           0  
  Clock Uncertainty:      0.025ns  ((TSJ^2 + TIJ^2)^1/2 + DJ) / 2 + PE
    Total System Jitter     (TSJ):    0.050ns
    Total Input Jitter      (TIJ):    0.000ns
    Discrete Jitter          (DJ):    0.000ns
    Phase Error              (PE):    0.000ns

    Location             Delay type                Incr(ns)  Path(ns)    Netlist Resource(s)
  -------------------------------------------------------------------    -------------------
                         (clock ap_clk rise edge)     0.000     0.000 r  
                                                      0.000     0.000 r  ap_clk (IN)
                         net (fo=1441, unset)         0.043     0.043    bd_0_i/hls_inst/U0/control_s_axi_U/ap_clk
    SLICE_X28Y105        FDRE                                         r  bd_0_i/hls_inst/U0/control_s_axi_U/FSM_onehot_rstate_reg[1]/C
  -------------------------------------------------------------------    -------------------
    SLICE_X28Y105        FDRE (Prop_DFF_SLICEM_C_Q)
                                                      0.116     0.159 r  bd_0_i/hls_inst/U0/control_s_axi_U/FSM_onehot_rstate_reg[1]/Q
                         net (fo=4, unset)            0.000     0.159    s_axi_control_arready
                                                                      r  s_axi_control_arready (OUT)
  -------------------------------------------------------------------    -------------------

Slack:                    inf
  Source:                 bd_0_i/hls_inst/U0/control_s_axi_U/rdata_data_reg[0]/C
                            (rising edge-triggered cell FDRE clocked by ap_clk  {rise@0.000ns fall@5.000ns period=10.000ns})
  Destination:            s_axi_control_rdata[0]
                            (output port)
  Path Group:             (none)
  Path Type:              Max at Slow Process Corner
  Data Path Delay:        0.116ns  (logic 0.116ns (100.000%)  route 0.000ns (0.000%))
  Logic Levels:           0  
  Clock Uncertainty:      0.025ns  ((TSJ^2 + TIJ^2)^1/2 + DJ) / 2 + PE
    Total System Jitter     (TSJ):    0.050ns
    Total Input Jitter      (TIJ):    0.000ns
    Discrete Jitter          (DJ):    0.000ns
    Phase Error              (PE):    0.000ns

    Location             Delay type                Incr(ns)  Path(ns)    Netlist Resource(s)
  -------------------------------------------------------------------    -------------------
                         (clock ap_clk rise edge)     0.000     0.000 r  
                                                      0.000     0.000 r  ap_clk (IN)
                         net (fo=1441, unset)         0.043     0.043    bd_0_i/hls_inst/U0/control_s_axi_U/ap_clk
    SLICE_X32Y105        FDRE                                         r  bd_0_i/hls_inst/U0/control_s_axi_U/rdata_data_reg[0]/C
  -------------------------------------------------------------------    -------------------
    SLICE_X32Y105        FDRE (Prop_CFF_SLICEM_C_Q)
                                                      0.116     0.159 r  bd_0_i/hls_inst/U0/control_s_axi_U/rdata_data_reg[0]/Q
                         net (fo=0)                   0.000     0.159    s_axi_control_rdata[0]
                                                                      r  s_axi_control_rdata[0] (OUT)
  -------------------------------------------------------------------    -------------------

Slack:                    inf
  Source:                 bd_0_i/hls_inst/U0/control_s_axi_U/rdata_data_reg[10]/C
                            (rising edge-triggered cell FDRE clocked by ap_clk  {rise@0.000ns fall@5.000ns period=10.000ns})
  Destination:            s_axi_control_rdata[10]
                            (output port)
  Path Group:             (none)
  Path Type:              Max at Slow Process Corner
  Data Path Delay:        0.116ns  (logic 0.116ns (100.000%)  route 0.000ns (0.000%))
  Logic Levels:           0  
  Clock Uncertainty:      0.025ns  ((TSJ^2 + TIJ^2)^1/2 + DJ) / 2 + PE
    Total System Jitter     (TSJ):    0.050ns
    Total Input Jitter      (TIJ):    0.000ns
    Discrete Jitter          (DJ):    0.000ns
    Phase Error              (PE):    0.000ns

    Location             Delay type                Incr(ns)  Path(ns)    Netlist Resource(s)
  -------------------------------------------------------------------    -------------------
                         (clock ap_clk rise edge)     0.000     0.000 r  
                                                      0.000     0.000 r  ap_clk (IN)
                         net (fo=1441, unset)         0.043     0.043    bd_0_i/hls_inst/U0/control_s_axi_U/ap_clk
    SLICE_X28Y105        FDRE                                         r  bd_0_i/hls_inst/U0/control_s_axi_U/rdata_data_reg[10]/C
  -------------------------------------------------------------------    -------------------
    SLICE_X28Y105        FDRE (Prop_GFF_SLICEM_C_Q)
                                                      0.116     0.159 r  bd_0_i/hls_inst/U0/control_s_axi_U/rdata_data_reg[10]/Q
                         net (fo=0)                   0.000     0.159    s_axi_control_rdata[10]
                                                                      r  s_axi_control_rdata[10] (OUT)
  -------------------------------------------------------------------    -------------------

Slack:                    inf
  Source:                 bd_0_i/hls_inst/U0/control_s_axi_U/rdata_data_reg[1]/C
                            (rising edge-triggered cell FDRE clocked by ap_clk  {rise@0.000ns fall@5.000ns period=10.000ns})
  Destination:            s_axi_control_rdata[1]
                            (output port)
  Path Group:             (none)
  Path Type:              Max at Slow Process Corner
  Data Path Delay:        0.116ns  (logic 0.116ns (100.000%)  route 0.000ns (0.000%))
  Logic Levels:           0  
  Clock Uncertainty:      0.025ns  ((TSJ^2 + TIJ^2)^1/2 + DJ) / 2 + PE
    Total System Jitter     (TSJ):    0.050ns
    Total Input Jitter      (TIJ):    0.000ns
    Discrete Jitter          (DJ):    0.000ns
    Phase Error              (PE):    0.000ns

    Location             Delay type                Incr(ns)  Path(ns)    Netlist Resource(s)
  -------------------------------------------------------------------    -------------------
                         (clock ap_clk rise edge)     0.000     0.000 r  
                                                      0.000     0.000 r  ap_clk (IN)
                         net (fo=1441, unset)         0.043     0.043    bd_0_i/hls_inst/U0/control_s_axi_U/ap_clk
    SLICE_X31Y105        FDRE                                         r  bd_0_i/hls_inst/U0/control_s_axi_U/rdata_data_reg[1]/C
  -------------------------------------------------------------------    -------------------
    SLICE_X31Y105        FDRE (Prop_CFF_SLICEM_C_Q)
                                                      0.116     0.159 r  bd_0_i/hls_inst/U0/control_s_axi_U/rdata_data_reg[1]/Q
                         net (fo=0)                   0.000     0.159    s_axi_control_rdata[1]
                                                                      r  s_axi_control_rdata[1] (OUT)
  -------------------------------------------------------------------    -------------------

Slack:                    inf
  Source:                 bd_0_i/hls_inst/U0/control_s_axi_U/rdata_data_reg[22]/C
                            (rising edge-triggered cell FDRE clocked by ap_clk  {rise@0.000ns fall@5.000ns period=10.000ns})
  Destination:            s_axi_control_rdata[22]
                            (output port)
  Path Group:             (none)
  Path Type:              Max at Slow Process Corner
  Data Path Delay:        0.116ns  (logic 0.116ns (100.000%)  route 0.000ns (0.000%))
  Logic Levels:           0  
  Clock Uncertainty:      0.025ns  ((TSJ^2 + TIJ^2)^1/2 + DJ) / 2 + PE
    Total System Jitter     (TSJ):    0.050ns
    Total Input Jitter      (TIJ):    0.000ns
    Discrete Jitter          (DJ):    0.000ns
    Phase Error              (PE):    0.000ns

    Location             Delay type                Incr(ns)  Path(ns)    Netlist Resource(s)
  -------------------------------------------------------------------    -------------------
                         (clock ap_clk rise edge)     0.000     0.000 r  
                                                      0.000     0.000 r  ap_clk (IN)
                         net (fo=1441, unset)         0.043     0.043    bd_0_i/hls_inst/U0/control_s_axi_U/ap_clk
    SLICE_X29Y114        FDRE                                         r  bd_0_i/hls_inst/U0/control_s_axi_U/rdata_data_reg[22]/C
  -------------------------------------------------------------------    -------------------
    SLICE_X29Y114        FDRE (Prop_DFF_SLICEM_C_Q)
                                                      0.116     0.159 r  bd_0_i/hls_inst/U0/control_s_axi_U/rdata_data_reg[22]/Q
                         net (fo=0)                   0.000     0.159    s_axi_control_rdata[22]
                                                                      r  s_axi_control_rdata[22] (OUT)
  -------------------------------------------------------------------    -------------------

Slack:                    inf
  Source:                 bd_0_i/hls_inst/U0/control_s_axi_U/rdata_data_reg[30]/C
                            (rising edge-triggered cell FDRE clocked by ap_clk  {rise@0.000ns fall@5.000ns period=10.000ns})
  Destination:            s_axi_control_rdata[30]
                            (output port)
  Path Group:             (none)
  Path Type:              Max at Slow Process Corner
  Data Path Delay:        0.116ns  (logic 0.116ns (100.000%)  route 0.000ns (0.000%))
  Logic Levels:           0  
  Clock Uncertainty:      0.025ns  ((TSJ^2 + TIJ^2)^1/2 + DJ) / 2 + PE
    Total System Jitter     (TSJ):    0.050ns
    Total Input Jitter      (TIJ):    0.000ns
    Discrete Jitter          (DJ):    0.000ns
    Phase Error              (PE):    0.000ns

    Location             Delay type                Incr(ns)  Path(ns)    Netlist Resource(s)
  -------------------------------------------------------------------    -------------------
                         (clock ap_clk rise edge)     0.000     0.000 r  
                                                      0.000     0.000 r  ap_clk (IN)
                         net (fo=1441, unset)         0.043     0.043    bd_0_i/hls_inst/U0/control_s_axi_U/ap_clk
    SLICE_X28Y114        FDRE                                         r  bd_0_i/hls_inst/U0/control_s_axi_U/rdata_data_reg[30]/C
  -------------------------------------------------------------------    -------------------
    SLICE_X28Y114        FDRE (Prop_GFF_SLICEM_C_Q)
                                                      0.116     0.159 r  bd_0_i/hls_inst/U0/control_s_axi_U/rdata_data_reg[30]/Q
                         net (fo=0)                   0.000     0.159    s_axi_control_rdata[30]
                                                                      r  s_axi_control_rdata[30] (OUT)
  -------------------------------------------------------------------    -------------------

Slack:                    inf
  Source:                 bd_0_i/hls_inst/U0/control_s_axi_U/rdata_data_reg[6]/C
                            (rising edge-triggered cell FDRE clocked by ap_clk  {rise@0.000ns fall@5.000ns period=10.000ns})
  Destination:            s_axi_control_rdata[6]
                            (output port)
  Path Group:             (none)
  Path Type:              Max at Slow Process Corner
  Data Path Delay:        0.116ns  (logic 0.116ns (100.000%)  route 0.000ns (0.000%))
  Logic Levels:           0  
  Clock Uncertainty:      0.025ns  ((TSJ^2 + TIJ^2)^1/2 + DJ) / 2 + PE
    Total System Jitter     (TSJ):    0.050ns
    Total Input Jitter      (TIJ):    0.000ns
    Discrete Jitter          (DJ):    0.000ns
    Phase Error              (PE):    0.000ns

    Location             Delay type                Incr(ns)  Path(ns)    Netlist Resource(s)
  -------------------------------------------------------------------    -------------------
                         (clock ap_clk rise edge)     0.000     0.000 r  
                                                      0.000     0.000 r  ap_clk (IN)
                         net (fo=1441, unset)         0.043     0.043    bd_0_i/hls_inst/U0/control_s_axi_U/ap_clk
    SLICE_X34Y106        FDRE                                         r  bd_0_i/hls_inst/U0/control_s_axi_U/rdata_data_reg[6]/C
  -------------------------------------------------------------------    -------------------
    SLICE_X34Y106        FDRE (Prop_CFF_SLICEM_C_Q)
                                                      0.116     0.159 r  bd_0_i/hls_inst/U0/control_s_axi_U/rdata_data_reg[6]/Q
                         net (fo=0)                   0.000     0.159    s_axi_control_rdata[6]
                                                                      r  s_axi_control_rdata[6] (OUT)
  -------------------------------------------------------------------    -------------------

Slack:                    inf
  Source:                 bd_0_i/hls_inst/U0/control_s_axi_U/int_interrupt_reg/C
                            (rising edge-triggered cell FDRE clocked by ap_clk  {rise@0.000ns fall@5.000ns period=10.000ns})
  Destination:            interrupt
                            (output port)
  Path Group:             (none)
  Path Type:              Max at Slow Process Corner
  Data Path Delay:        0.116ns  (logic 0.116ns (100.000%)  route 0.000ns (0.000%))
  Logic Levels:           0  
  Clock Uncertainty:      0.025ns  ((TSJ^2 + TIJ^2)^1/2 + DJ) / 2 + PE
    Total System Jitter     (TSJ):    0.050ns
    Total Input Jitter      (TIJ):    0.000ns
    Discrete Jitter          (DJ):    0.000ns
    Phase Error              (PE):    0.000ns

    Location             Delay type                Incr(ns)  Path(ns)    Netlist Resource(s)
  -------------------------------------------------------------------    -------------------
                         (clock ap_clk rise edge)     0.000     0.000 r  
                                                      0.000     0.000 r  ap_clk (IN)
                         net (fo=1441, unset)         0.042     0.042    bd_0_i/hls_inst/U0/control_s_axi_U/ap_clk
    SLICE_X30Y105        FDRE                                         r  bd_0_i/hls_inst/U0/control_s_axi_U/int_interrupt_reg/C
  -------------------------------------------------------------------    -------------------
    SLICE_X30Y105        FDRE (Prop_GFF2_SLICEL_C_Q)
                                                      0.116     0.158 r  bd_0_i/hls_inst/U0/control_s_axi_U/int_interrupt_reg/Q
                         net (fo=1, unset)            0.000     0.158    interrupt
                                                                      r  interrupt (OUT)
  -------------------------------------------------------------------    -------------------





Min Delay Paths
--------------------------------------------------------------------------------------
Slack:                    inf
  Source:                 bd_0_i/hls_inst/U0/control_s_axi_U/FSM_onehot_wstate_reg[3]/C
                            (rising edge-triggered cell FDRE clocked by ap_clk  {rise@0.000ns fall@5.000ns period=10.000ns})
  Destination:            s_axi_control_bvalid
                            (output port)
  Path Group:             (none)
  Path Type:              Min at Fast Process Corner
  Data Path Delay:        0.082ns  (logic 0.082ns (100.000%)  route 0.000ns (0.000%))
  Logic Levels:           0  
  Clock Uncertainty:      0.025ns  ((TSJ^2 + TIJ^2)^1/2 + DJ) / 2 + PE
    Total System Jitter     (TSJ):    0.050ns
    Total Input Jitter      (TIJ):    0.000ns
    Discrete Jitter          (DJ):    0.000ns
    Phase Error              (PE):    0.000ns

    Location             Delay type                Incr(ns)  Path(ns)    Netlist Resource(s)
  -------------------------------------------------------------------    -------------------
                         (clock ap_clk rise edge)     0.000     0.000 r  
                                                      0.000     0.000 r  ap_clk (IN)
                         net (fo=1441, unset)         0.014     0.014    bd_0_i/hls_inst/U0/control_s_axi_U/ap_clk
    SLICE_X34Y105        FDRE                                         r  bd_0_i/hls_inst/U0/control_s_axi_U/FSM_onehot_wstate_reg[3]/C
  -------------------------------------------------------------------    -------------------
    SLICE_X34Y105        FDRE (Prop_EFF_SLICEM_C_Q)
                                                      0.082     0.096 r  bd_0_i/hls_inst/U0/control_s_axi_U/FSM_onehot_wstate_reg[3]/Q
                         net (fo=2, unset)            0.000     0.096    s_axi_control_bvalid
                                                                      r  s_axi_control_bvalid (OUT)
  -------------------------------------------------------------------    -------------------

Slack:                    inf
  Source:                 bd_0_i/hls_inst/U0/control_s_axi_U/rdata_data_reg[3]/C
                            (rising edge-triggered cell FDRE clocked by ap_clk  {rise@0.000ns fall@5.000ns period=10.000ns})
  Destination:            s_axi_control_rdata[3]
                            (output port)
  Path Group:             (none)
  Path Type:              Min at Fast Process Corner
  Data Path Delay:        0.082ns  (logic 0.082ns (100.000%)  route 0.000ns (0.000%))
  Logic Levels:           0  
  Clock Uncertainty:      0.025ns  ((TSJ^2 + TIJ^2)^1/2 + DJ) / 2 + PE
    Total System Jitter     (TSJ):    0.050ns
    Total Input Jitter      (TIJ):    0.000ns
    Discrete Jitter          (DJ):    0.000ns
    Phase Error              (PE):    0.000ns

    Location             Delay type                Incr(ns)  Path(ns)    Netlist Resource(s)
  -------------------------------------------------------------------    -------------------
                         (clock ap_clk rise edge)     0.000     0.000 r  
                                                      0.000     0.000 r  ap_clk (IN)
                         net (fo=1441, unset)         0.014     0.014    bd_0_i/hls_inst/U0/control_s_axi_U/ap_clk
    SLICE_X31Y105        FDRE                                         r  bd_0_i/hls_inst/U0/control_s_axi_U/rdata_data_reg[3]/C
  -------------------------------------------------------------------    -------------------
    SLICE_X31Y105        FDRE (Prop_BFF_SLICEM_C_Q)
                                                      0.082     0.096 r  bd_0_i/hls_inst/U0/control_s_axi_U/rdata_data_reg[3]/Q
                         net (fo=0)                   0.000     0.096    s_axi_control_rdata[3]
                                                                      r  s_axi_control_rdata[3] (OUT)
  -------------------------------------------------------------------    -------------------

Slack:                    inf
  Source:                 bd_0_i/hls_inst/U0/control_s_axi_U/FSM_onehot_wstate_reg[2]/C
                            (rising edge-triggered cell FDRE clocked by ap_clk  {rise@0.000ns fall@5.000ns period=10.000ns})
  Destination:            s_axi_control_wready
                            (output port)
  Path Group:             (none)
  Path Type:              Min at Fast Process Corner
  Data Path Delay:        0.082ns  (logic 0.082ns (100.000%)  route 0.000ns (0.000%))
  Logic Levels:           0  
  Clock Uncertainty:      0.025ns  ((TSJ^2 + TIJ^2)^1/2 + DJ) / 2 + PE
    Total System Jitter     (TSJ):    0.050ns
    Total Input Jitter      (TIJ):    0.000ns
    Discrete Jitter          (DJ):    0.000ns
    Phase Error              (PE):    0.000ns

    Location             Delay type                Incr(ns)  Path(ns)    Netlist Resource(s)
  -------------------------------------------------------------------    -------------------
                         (clock ap_clk rise edge)     0.000     0.000 r  
                                                      0.000     0.000 r  ap_clk (IN)
                         net (fo=1441, unset)         0.014     0.014    bd_0_i/hls_inst/U0/control_s_axi_U/ap_clk
    SLICE_X32Y106        FDRE                                         r  bd_0_i/hls_inst/U0/control_s_axi_U/FSM_onehot_wstate_reg[2]/C
  -------------------------------------------------------------------    -------------------
    SLICE_X32Y106        FDRE (Prop_EFF_SLICEM_C_Q)
                                                      0.082     0.096 r  bd_0_i/hls_inst/U0/control_s_axi_U/FSM_onehot_wstate_reg[2]/Q
                         net (fo=15, unset)           0.000     0.096    s_axi_control_wready
                                                                      r  s_axi_control_wready (OUT)
  -------------------------------------------------------------------    -------------------

Slack:                    inf
  Source:                 bd_0_i/hls_inst/U0/regslice_both_m_axis_video_U/state_reg[0]/C
                            (rising edge-triggered cell FDRE clocked by ap_clk  {rise@0.000ns fall@5.000ns period=10.000ns})
  Destination:            m_axis_video_tvalid
                            (output port)
  Path Group:             (none)
  Path Type:              Min at Fast Process Corner
  Data Path Delay:        0.083ns  (logic 0.083ns (100.000%)  route 0.000ns (0.000%))
  Logic Levels:           0  
  Clock Uncertainty:      0.025ns  ((TSJ^2 + TIJ^2)^1/2 + DJ) / 2 + PE
    Total System Jitter     (TSJ):    0.050ns
    Total Input Jitter      (TIJ):    0.000ns
    Discrete Jitter          (DJ):    0.000ns
    Phase Error              (PE):    0.000ns

    Location             Delay type                Incr(ns)  Path(ns)    Netlist Resource(s)
  -------------------------------------------------------------------    -------------------
                         (clock ap_clk rise edge)     0.000     0.000 r  
                                                      0.000     0.000 r  ap_clk (IN)
                         net (fo=1441, unset)         0.014     0.014    bd_0_i/hls_inst/U0/regslice_both_m_axis_video_U/ap_clk
    SLICE_X24Y97         FDRE                                         r  bd_0_i/hls_inst/U0/regslice_both_m_axis_video_U/state_reg[0]/C
  -------------------------------------------------------------------    -------------------
    SLICE_X24Y97         FDRE (Prop_DFF_SLICEM_C_Q)
                                                      0.083     0.097 r  bd_0_i/hls_inst/U0/regslice_both_m_axis_video_U/state_reg[0]/Q
                         net (fo=2, unset)            0.000     0.097    m_axis_video_tvalid
                                                                      r  m_axis_video_tvalid (OUT)
  -------------------------------------------------------------------    -------------------

Slack:                    inf
  Source:                 bd_0_i/hls_inst/U0/control_s_axi_U/FSM_onehot_rstate_reg[1]/C
                            (rising edge-triggered cell FDRE clocked by ap_clk  {rise@0.000ns fall@5.000ns period=10.000ns})
  Destination:            s_axi_control_arready
                            (output port)
  Path Group:             (none)
  Path Type:              Min at Fast Process Corner
  Data Path Delay:        0.083ns  (logic 0.083ns (100.000%)  route 0.000ns (0.000%))
  Logic Levels:           0  
  Clock Uncertainty:      0.025ns  ((TSJ^2 + TIJ^2)^1/2 + DJ) / 2 + PE
    Total System Jitter     (TSJ):    0.050ns
    Total Input Jitter      (TIJ):    0.000ns
    Discrete Jitter          (DJ):    0.000ns
    Phase Error              (PE):    0.000ns

    Location             Delay type                Incr(ns)  Path(ns)    Netlist Resource(s)
  -------------------------------------------------------------------    -------------------
                         (clock ap_clk rise edge)     0.000     0.000 r  
                                                      0.000     0.000 r  ap_clk (IN)
                         net (fo=1441, unset)         0.014     0.014    bd_0_i/hls_inst/U0/control_s_axi_U/ap_clk
    SLICE_X28Y105        FDRE                                         r  bd_0_i/hls_inst/U0/control_s_axi_U/FSM_onehot_rstate_reg[1]/C
  -------------------------------------------------------------------    -------------------
    SLICE_X28Y105        FDRE (Prop_DFF_SLICEM_C_Q)
                                                      0.083     0.097 r  bd_0_i/hls_inst/U0/control_s_axi_U/FSM_onehot_rstate_reg[1]/Q
                         net (fo=4, unset)            0.000     0.097    s_axi_control_arready
                                                                      r  s_axi_control_arready (OUT)
  -------------------------------------------------------------------    -------------------

Slack:                    inf
  Source:                 bd_0_i/hls_inst/U0/control_s_axi_U/FSM_onehot_wstate_reg[1]/C
                            (rising edge-triggered cell FDRE clocked by ap_clk  {rise@0.000ns fall@5.000ns period=10.000ns})
  Destination:            s_axi_control_awready
                            (output port)
  Path Group:             (none)
  Path Type:              Min at Fast Process Corner
  Data Path Delay:        0.083ns  (logic 0.083ns (100.000%)  route 0.000ns (0.000%))
  Logic Levels:           0  
  Clock Uncertainty:      0.025ns  ((TSJ^2 + TIJ^2)^1/2 + DJ) / 2 + PE
    Total System Jitter     (TSJ):    0.050ns
    Total Input Jitter      (TIJ):    0.000ns
    Discrete Jitter          (DJ):    0.000ns
    Phase Error              (PE):    0.000ns

    Location             Delay type                Incr(ns)  Path(ns)    Netlist Resource(s)
  -------------------------------------------------------------------    -------------------
                         (clock ap_clk rise edge)     0.000     0.000 r  
                                                      0.000     0.000 r  ap_clk (IN)
                         net (fo=1441, unset)         0.014     0.014    bd_0_i/hls_inst/U0/control_s_axi_U/ap_clk
    SLICE_X34Y106        FDRE                                         r  bd_0_i/hls_inst/U0/control_s_axi_U/FSM_onehot_wstate_reg[1]/C
  -------------------------------------------------------------------    -------------------
    SLICE_X34Y106        FDRE (Prop_HFF2_SLICEM_C_Q)
                                                      0.083     0.097 r  bd_0_i/hls_inst/U0/control_s_axi_U/FSM_onehot_wstate_reg[1]/Q
                         net (fo=3, unset)            0.000     0.097    s_axi_control_awready
                                                                      r  s_axi_control_awready (OUT)
  -------------------------------------------------------------------    -------------------

Slack:                    inf
  Source:                 bd_0_i/hls_inst/U0/control_s_axi_U/rdata_data_reg[0]/C
                            (rising edge-triggered cell FDRE clocked by ap_clk  {rise@0.000ns fall@5.000ns period=10.000ns})
  Destination:            s_axi_control_rdata[0]
                            (output port)
  Path Group:             (none)
  Path Type:              Min at Fast Process Corner
  Data Path Delay:        0.083ns  (logic 0.083ns (100.000%)  route 0.000ns (0.000%))
  Logic Levels:           0  
  Clock Uncertainty:      0.025ns  ((TSJ^2 + TIJ^2)^1/2 + DJ) / 2 + PE
    Total System Jitter     (TSJ):    0.050ns
    Total Input Jitter      (TIJ):    0.000ns
    Discrete Jitter          (DJ):    0.000ns
    Phase Error              (PE):    0.000ns

    Location             Delay type                Incr(ns)  Path(ns)    Netlist Resource(s)
  -------------------------------------------------------------------    -------------------
                         (clock ap_clk rise edge)     0.000     0.000 r  
                                                      0.000     0.000 r  ap_clk (IN)
                         net (fo=1441, unset)         0.014     0.014    bd_0_i/hls_inst/U0/control_s_axi_U/ap_clk
    SLICE_X32Y105        FDRE                                         r  bd_0_i/hls_inst/U0/control_s_axi_U/rdata_data_reg[0]/C
  -------------------------------------------------------------------    -------------------
    SLICE_X32Y105        FDRE (Prop_CFF_SLICEM_C_Q)
                                                      0.083     0.097 r  bd_0_i/hls_inst/U0/control_s_axi_U/rdata_data_reg[0]/Q
                         net (fo=0)                   0.000     0.097    s_axi_control_rdata[0]
                                                                      r  s_axi_control_rdata[0] (OUT)
  -------------------------------------------------------------------    -------------------

Slack:                    inf
  Source:                 bd_0_i/hls_inst/U0/control_s_axi_U/rdata_data_reg[10]/C
                            (rising edge-triggered cell FDRE clocked by ap_clk  {rise@0.000ns fall@5.000ns period=10.000ns})
  Destination:            s_axi_control_rdata[10]
                            (output port)
  Path Group:             (none)
  Path Type:              Min at Fast Process Corner
  Data Path Delay:        0.083ns  (logic 0.083ns (100.000%)  route 0.000ns (0.000%))
  Logic Levels:           0  
  Clock Uncertainty:      0.025ns  ((TSJ^2 + TIJ^2)^1/2 + DJ) / 2 + PE
    Total System Jitter     (TSJ):    0.050ns
    Total Input Jitter      (TIJ):    0.000ns
    Discrete Jitter          (DJ):    0.000ns
    Phase Error              (PE):    0.000ns

    Location             Delay type                Incr(ns)  Path(ns)    Netlist Resource(s)
  -------------------------------------------------------------------    -------------------
                         (clock ap_clk rise edge)     0.000     0.000 r  
                                                      0.000     0.000 r  ap_clk (IN)
                         net (fo=1441, unset)         0.014     0.014    bd_0_i/hls_inst/U0/control_s_axi_U/ap_clk
    SLICE_X28Y105        FDRE                                         r  bd_0_i/hls_inst/U0/control_s_axi_U/rdata_data_reg[10]/C
  -------------------------------------------------------------------    -------------------
    SLICE_X28Y105        FDRE (Prop_GFF_SLICEM_C_Q)
                                                      0.083     0.097 r  bd_0_i/hls_inst/U0/control_s_axi_U/rdata_data_reg[10]/Q
                         net (fo=0)                   0.000     0.097    s_axi_control_rdata[10]
                                                                      r  s_axi_control_rdata[10] (OUT)
  -------------------------------------------------------------------    -------------------

Slack:                    inf
  Source:                 bd_0_i/hls_inst/U0/control_s_axi_U/rdata_data_reg[11]/C
                            (rising edge-triggered cell FDRE clocked by ap_clk  {rise@0.000ns fall@5.000ns period=10.000ns})
  Destination:            s_axi_control_rdata[11]
                            (output port)
  Path Group:             (none)
  Path Type:              Min at Fast Process Corner
  Data Path Delay:        0.083ns  (logic 0.083ns (100.000%)  route 0.000ns (0.000%))
  Logic Levels:           0  
  Clock Uncertainty:      0.025ns  ((TSJ^2 + TIJ^2)^1/2 + DJ) / 2 + PE
    Total System Jitter     (TSJ):    0.050ns
    Total Input Jitter      (TIJ):    0.000ns
    Discrete Jitter          (DJ):    0.000ns
    Phase Error              (PE):    0.000ns

    Location             Delay type                Incr(ns)  Path(ns)    Netlist Resource(s)
  -------------------------------------------------------------------    -------------------
                         (clock ap_clk rise edge)     0.000     0.000 r  
                                                      0.000     0.000 r  ap_clk (IN)
                         net (fo=1441, unset)         0.014     0.014    bd_0_i/hls_inst/U0/control_s_axi_U/ap_clk
    SLICE_X28Y105        FDRE                                         r  bd_0_i/hls_inst/U0/control_s_axi_U/rdata_data_reg[11]/C
  -------------------------------------------------------------------    -------------------
    SLICE_X28Y105        FDRE (Prop_HFF_SLICEM_C_Q)
                                                      0.083     0.097 r  bd_0_i/hls_inst/U0/control_s_axi_U/rdata_data_reg[11]/Q
                         net (fo=0)                   0.000     0.097    s_axi_control_rdata[11]
                                                                      r  s_axi_control_rdata[11] (OUT)
  -------------------------------------------------------------------    -------------------

Slack:                    inf
  Source:                 bd_0_i/hls_inst/U0/control_s_axi_U/rdata_data_reg[18]/C
                            (rising edge-triggered cell FDRE clocked by ap_clk  {rise@0.000ns fall@5.000ns period=10.000ns})
  Destination:            s_axi_control_rdata[18]
                            (output port)
  Path Group:             (none)
  Path Type:              Min at Fast Process Corner
  Data Path Delay:        0.083ns  (logic 0.083ns (100.000%)  route 0.000ns (0.000%))
  Logic Levels:           0  
  Clock Uncertainty:      0.025ns  ((TSJ^2 + TIJ^2)^1/2 + DJ) / 2 + PE
    Total System Jitter     (TSJ):    0.050ns
    Total Input Jitter      (TIJ):    0.000ns
    Discrete Jitter          (DJ):    0.000ns
    Phase Error              (PE):    0.000ns

    Location             Delay type                Incr(ns)  Path(ns)    Netlist Resource(s)
  -------------------------------------------------------------------    -------------------
                         (clock ap_clk rise edge)     0.000     0.000 r  
                                                      0.000     0.000 r  ap_clk (IN)
                         net (fo=1441, unset)         0.014     0.014    bd_0_i/hls_inst/U0/control_s_axi_U/ap_clk
    SLICE_X28Y114        FDRE                                         r  bd_0_i/hls_inst/U0/control_s_axi_U/rdata_data_reg[18]/C
  -------------------------------------------------------------------    -------------------
    SLICE_X28Y114        FDRE (Prop_HFF_SLICEM_C_Q)
                                                      0.083     0.097 r  bd_0_i/hls_inst/U0/control_s_axi_U/rdata_data_reg[18]/Q
                         net (fo=0)                   0.000     0.097    s_axi_control_rdata[18]
                                                                      r  s_axi_control_rdata[18] (OUT)
  -------------------------------------------------------------------    -------------------





--------------------------------------------------------------------------------------
Path Group:  (none)
From Clock:  
  To Clock:  ap_clk

Max Delay           740 Endpoints
Min Delay           740 Endpoints
--------------------------------------------------------------------------------------


Max Delay Paths
--------------------------------------------------------------------------------------
Slack:                    inf
  Source:                 s_axi_control_wvalid
                            (input port)
  Destination:            bd_0_i/hls_inst/U0/control_s_axi_U/int_width_reg[10]/CE
                            (rising edge-triggered cell FDRE clocked by ap_clk  {rise@0.000ns fall@5.000ns period=10.000ns})
  Path Group:             (none)
  Path Type:              Setup (Max at Slow Process Corner)
  Data Path Delay:        2.619ns  (logic 0.382ns (14.584%)  route 2.237ns (85.416%))
  Logic Levels:           2  (LUT3=1 LUT5=1)
  Clock Path Skew:        0.031ns (DCD - SCD + CPR)
    Destination Clock Delay (DCD):    0.031ns
    Source Clock Delay      (SCD):    0.000ns
    Clock Pessimism Removal (CPR):    0.000ns
  Clock Uncertainty:      0.025ns  ((TSJ^2 + TIJ^2)^1/2 + DJ) / 2 + PE
    Total System Jitter     (TSJ):    0.050ns
    Total Input Jitter      (TIJ):    0.000ns
    Discrete Jitter          (DJ):    0.000ns
    Phase Error              (PE):    0.000ns

    Location             Delay type                Incr(ns)  Path(ns)    Netlist Resource(s)
  -------------------------------------------------------------------    -------------------
                                                      0.000     0.000 r  s_axi_control_wvalid (IN)
                         net (fo=13, unset)           0.000     0.000    bd_0_i/hls_inst/U0/control_s_axi_U/s_axi_control_WVALID
    SLICE_X34Y105        LUT3 (Prop_D5LUT_SLICEM_I0_O)
                                                      0.190     0.190 r  bd_0_i/hls_inst/U0/control_s_axi_U/int_width[12]_i_3/O
                         net (fo=12, routed)          0.449     0.639    bd_0_i/hls_inst/U0/control_s_axi_U/int_width[12]_i_3_n_4
    SLICE_X29Y104        LUT5 (Prop_G5LUT_SLICEM_I3_O)
                                                      0.192     0.831 r  bd_0_i/hls_inst/U0/control_s_axi_U/int_width[12]_i_1/O
                         net (fo=15, routed)          1.788     2.619    bd_0_i/hls_inst/U0/control_s_axi_U/waddr_reg[3]_0[0]
    SLICE_X28Y97         FDRE                                         r  bd_0_i/hls_inst/U0/control_s_axi_U/int_width_reg[10]/CE
  -------------------------------------------------------------------    -------------------

                         (clock ap_clk rise edge)     0.000     0.000 r  
                                                      0.000     0.000 r  ap_clk (IN)
                         net (fo=1441, unset)         0.031     0.031    bd_0_i/hls_inst/U0/control_s_axi_U/ap_clk
    SLICE_X28Y97         FDRE                                         r  bd_0_i/hls_inst/U0/control_s_axi_U/int_width_reg[10]/C

Slack:                    inf
  Source:                 s_axi_control_wvalid
                            (input port)
  Destination:            bd_0_i/hls_inst/U0/control_s_axi_U/int_width_reg[4]/CE
                            (rising edge-triggered cell FDRE clocked by ap_clk  {rise@0.000ns fall@5.000ns period=10.000ns})
  Path Group:             (none)
  Path Type:              Setup (Max at Slow Process Corner)
  Data Path Delay:        2.619ns  (logic 0.382ns (14.584%)  route 2.237ns (85.416%))
  Logic Levels:           2  (LUT3=1 LUT5=1)
  Clock Path Skew:        0.031ns (DCD - SCD + CPR)
    Destination Clock Delay (DCD):    0.031ns
    Source Clock Delay      (SCD):    0.000ns
    Clock Pessimism Removal (CPR):    0.000ns
  Clock Uncertainty:      0.025ns  ((TSJ^2 + TIJ^2)^1/2 + DJ) / 2 + PE
    Total System Jitter     (TSJ):    0.050ns
    Total Input Jitter      (TIJ):    0.000ns
    Discrete Jitter          (DJ):    0.000ns
    Phase Error              (PE):    0.000ns

    Location             Delay type                Incr(ns)  Path(ns)    Netlist Resource(s)
  -------------------------------------------------------------------    -------------------
                                                      0.000     0.000 r  s_axi_control_wvalid (IN)
                         net (fo=13, unset)           0.000     0.000    bd_0_i/hls_inst/U0/control_s_axi_U/s_axi_control_WVALID
    SLICE_X34Y105        LUT3 (Prop_D5LUT_SLICEM_I0_O)
                                                      0.190     0.190 r  bd_0_i/hls_inst/U0/control_s_axi_U/int_width[12]_i_3/O
                         net (fo=12, routed)          0.449     0.639    bd_0_i/hls_inst/U0/control_s_axi_U/int_width[12]_i_3_n_4
    SLICE_X29Y104        LUT5 (Prop_G5LUT_SLICEM_I3_O)
                                                      0.192     0.831 r  bd_0_i/hls_inst/U0/control_s_axi_U/int_width[12]_i_1/O
                         net (fo=15, routed)          1.788     2.619    bd_0_i/hls_inst/U0/control_s_axi_U/waddr_reg[3]_0[0]
    SLICE_X28Y97         FDRE                                         r  bd_0_i/hls_inst/U0/control_s_axi_U/int_width_reg[4]/CE
  -------------------------------------------------------------------    -------------------

                         (clock ap_clk rise edge)     0.000     0.000 r  
                                                      0.000     0.000 r  ap_clk (IN)
                         net (fo=1441, unset)         0.031     0.031    bd_0_i/hls_inst/U0/control_s_axi_U/ap_clk
    SLICE_X28Y97         FDRE                                         r  bd_0_i/hls_inst/U0/control_s_axi_U/int_width_reg[4]/C

Slack:                    inf
  Source:                 s_axi_control_wvalid
                            (input port)
  Destination:            bd_0_i/hls_inst/U0/control_s_axi_U/int_width_reg[5]/CE
                            (rising edge-triggered cell FDRE clocked by ap_clk  {rise@0.000ns fall@5.000ns period=10.000ns})
  Path Group:             (none)
  Path Type:              Setup (Max at Slow Process Corner)
  Data Path Delay:        2.619ns  (logic 0.382ns (14.584%)  route 2.237ns (85.416%))
  Logic Levels:           2  (LUT3=1 LUT5=1)
  Clock Path Skew:        0.031ns (DCD - SCD + CPR)
    Destination Clock Delay (DCD):    0.031ns
    Source Clock Delay      (SCD):    0.000ns
    Clock Pessimism Removal (CPR):    0.000ns
  Clock Uncertainty:      0.025ns  ((TSJ^2 + TIJ^2)^1/2 + DJ) / 2 + PE
    Total System Jitter     (TSJ):    0.050ns
    Total Input Jitter      (TIJ):    0.000ns
    Discrete Jitter          (DJ):    0.000ns
    Phase Error              (PE):    0.000ns

    Location             Delay type                Incr(ns)  Path(ns)    Netlist Resource(s)
  -------------------------------------------------------------------    -------------------
                                                      0.000     0.000 r  s_axi_control_wvalid (IN)
                         net (fo=13, unset)           0.000     0.000    bd_0_i/hls_inst/U0/control_s_axi_U/s_axi_control_WVALID
    SLICE_X34Y105        LUT3 (Prop_D5LUT_SLICEM_I0_O)
                                                      0.190     0.190 r  bd_0_i/hls_inst/U0/control_s_axi_U/int_width[12]_i_3/O
                         net (fo=12, routed)          0.449     0.639    bd_0_i/hls_inst/U0/control_s_axi_U/int_width[12]_i_3_n_4
    SLICE_X29Y104        LUT5 (Prop_G5LUT_SLICEM_I3_O)
                                                      0.192     0.831 r  bd_0_i/hls_inst/U0/control_s_axi_U/int_width[12]_i_1/O
                         net (fo=15, routed)          1.788     2.619    bd_0_i/hls_inst/U0/control_s_axi_U/waddr_reg[3]_0[0]
    SLICE_X28Y97         FDRE                                         r  bd_0_i/hls_inst/U0/control_s_axi_U/int_width_reg[5]/CE
  -------------------------------------------------------------------    -------------------

                         (clock ap_clk rise edge)     0.000     0.000 r  
                                                      0.000     0.000 r  ap_clk (IN)
                         net (fo=1441, unset)         0.031     0.031    bd_0_i/hls_inst/U0/control_s_axi_U/ap_clk
    SLICE_X28Y97         FDRE                                         r  bd_0_i/hls_inst/U0/control_s_axi_U/int_width_reg[5]/C

Slack:                    inf
  Source:                 s_axi_control_wvalid
                            (input port)
  Destination:            bd_0_i/hls_inst/U0/control_s_axi_U/int_width_reg[6]/CE
                            (rising edge-triggered cell FDRE clocked by ap_clk  {rise@0.000ns fall@5.000ns period=10.000ns})
  Path Group:             (none)
  Path Type:              Setup (Max at Slow Process Corner)
  Data Path Delay:        2.619ns  (logic 0.382ns (14.584%)  route 2.237ns (85.416%))
  Logic Levels:           2  (LUT3=1 LUT5=1)
  Clock Path Skew:        0.031ns (DCD - SCD + CPR)
    Destination Clock Delay (DCD):    0.031ns
    Source Clock Delay      (SCD):    0.000ns
    Clock Pessimism Removal (CPR):    0.000ns
  Clock Uncertainty:      0.025ns  ((TSJ^2 + TIJ^2)^1/2 + DJ) / 2 + PE
    Total System Jitter     (TSJ):    0.050ns
    Total Input Jitter      (TIJ):    0.000ns
    Discrete Jitter          (DJ):    0.000ns
    Phase Error              (PE):    0.000ns

    Location             Delay type                Incr(ns)  Path(ns)    Netlist Resource(s)
  -------------------------------------------------------------------    -------------------
                                                      0.000     0.000 r  s_axi_control_wvalid (IN)
                         net (fo=13, unset)           0.000     0.000    bd_0_i/hls_inst/U0/control_s_axi_U/s_axi_control_WVALID
    SLICE_X34Y105        LUT3 (Prop_D5LUT_SLICEM_I0_O)
                                                      0.190     0.190 r  bd_0_i/hls_inst/U0/control_s_axi_U/int_width[12]_i_3/O
                         net (fo=12, routed)          0.449     0.639    bd_0_i/hls_inst/U0/control_s_axi_U/int_width[12]_i_3_n_4
    SLICE_X29Y104        LUT5 (Prop_G5LUT_SLICEM_I3_O)
                                                      0.192     0.831 r  bd_0_i/hls_inst/U0/control_s_axi_U/int_width[12]_i_1/O
                         net (fo=15, routed)          1.788     2.619    bd_0_i/hls_inst/U0/control_s_axi_U/waddr_reg[3]_0[0]
    SLICE_X28Y97         FDRE                                         r  bd_0_i/hls_inst/U0/control_s_axi_U/int_width_reg[6]/CE
  -------------------------------------------------------------------    -------------------

                         (clock ap_clk rise edge)     0.000     0.000 r  
                                                      0.000     0.000 r  ap_clk (IN)
                         net (fo=1441, unset)         0.031     0.031    bd_0_i/hls_inst/U0/control_s_axi_U/ap_clk
    SLICE_X28Y97         FDRE                                         r  bd_0_i/hls_inst/U0/control_s_axi_U/int_width_reg[6]/C

Slack:                    inf
  Source:                 s_axi_control_wvalid
                            (input port)
  Destination:            bd_0_i/hls_inst/U0/control_s_axi_U/int_width_reg[11]/CE
                            (rising edge-triggered cell FDRE clocked by ap_clk  {rise@0.000ns fall@5.000ns period=10.000ns})
  Path Group:             (none)
  Path Type:              Setup (Max at Slow Process Corner)
  Data Path Delay:        2.611ns  (logic 0.382ns (14.629%)  route 2.229ns (85.371%))
  Logic Levels:           2  (LUT3=1 LUT5=1)
  Clock Path Skew:        0.031ns (DCD - SCD + CPR)
    Destination Clock Delay (DCD):    0.031ns
    Source Clock Delay      (SCD):    0.000ns
    Clock Pessimism Removal (CPR):    0.000ns
  Clock Uncertainty:      0.025ns  ((TSJ^2 + TIJ^2)^1/2 + DJ) / 2 + PE
    Total System Jitter     (TSJ):    0.050ns
    Total Input Jitter      (TIJ):    0.000ns
    Discrete Jitter          (DJ):    0.000ns
    Phase Error              (PE):    0.000ns

    Location             Delay type                Incr(ns)  Path(ns)    Netlist Resource(s)
  -------------------------------------------------------------------    -------------------
                                                      0.000     0.000 r  s_axi_control_wvalid (IN)
                         net (fo=13, unset)           0.000     0.000    bd_0_i/hls_inst/U0/control_s_axi_U/s_axi_control_WVALID
    SLICE_X34Y105        LUT3 (Prop_D5LUT_SLICEM_I0_O)
                                                      0.190     0.190 r  bd_0_i/hls_inst/U0/control_s_axi_U/int_width[12]_i_3/O
                         net (fo=12, routed)          0.449     0.639    bd_0_i/hls_inst/U0/control_s_axi_U/int_width[12]_i_3_n_4
    SLICE_X29Y104        LUT5 (Prop_G5LUT_SLICEM_I3_O)
                                                      0.192     0.831 r  bd_0_i/hls_inst/U0/control_s_axi_U/int_width[12]_i_1/O
                         net (fo=15, routed)          1.780     2.611    bd_0_i/hls_inst/U0/control_s_axi_U/waddr_reg[3]_0[0]
    SLICE_X28Y96         FDRE                                         r  bd_0_i/hls_inst/U0/control_s_axi_U/int_width_reg[11]/CE
  -------------------------------------------------------------------    -------------------

                         (clock ap_clk rise edge)     0.000     0.000 r  
                                                      0.000     0.000 r  ap_clk (IN)
                         net (fo=1441, unset)         0.031     0.031    bd_0_i/hls_inst/U0/control_s_axi_U/ap_clk
    SLICE_X28Y96         FDRE                                         r  bd_0_i/hls_inst/U0/control_s_axi_U/int_width_reg[11]/C

Slack:                    inf
  Source:                 s_axi_control_wvalid
                            (input port)
  Destination:            bd_0_i/hls_inst/U0/control_s_axi_U/int_width_reg[1]/CE
                            (rising edge-triggered cell FDRE clocked by ap_clk  {rise@0.000ns fall@5.000ns period=10.000ns})
  Path Group:             (none)
  Path Type:              Setup (Max at Slow Process Corner)
  Data Path Delay:        2.549ns  (logic 0.382ns (14.985%)  route 2.167ns (85.015%))
  Logic Levels:           2  (LUT3=1 LUT5=1)
  Clock Path Skew:        0.030ns (DCD - SCD + CPR)
    Destination Clock Delay (DCD):    0.030ns
    Source Clock Delay      (SCD):    0.000ns
    Clock Pessimism Removal (CPR):    0.000ns
  Clock Uncertainty:      0.025ns  ((TSJ^2 + TIJ^2)^1/2 + DJ) / 2 + PE
    Total System Jitter     (TSJ):    0.050ns
    Total Input Jitter      (TIJ):    0.000ns
    Discrete Jitter          (DJ):    0.000ns
    Phase Error              (PE):    0.000ns

    Location             Delay type                Incr(ns)  Path(ns)    Netlist Resource(s)
  -------------------------------------------------------------------    -------------------
                                                      0.000     0.000 r  s_axi_control_wvalid (IN)
                         net (fo=13, unset)           0.000     0.000    bd_0_i/hls_inst/U0/control_s_axi_U/s_axi_control_WVALID
    SLICE_X34Y105        LUT3 (Prop_D5LUT_SLICEM_I0_O)
                                                      0.190     0.190 r  bd_0_i/hls_inst/U0/control_s_axi_U/int_width[12]_i_3/O
                         net (fo=12, routed)          0.449     0.639    bd_0_i/hls_inst/U0/control_s_axi_U/int_width[12]_i_3_n_4
    SLICE_X29Y104        LUT5 (Prop_G5LUT_SLICEM_I3_O)
                                                      0.192     0.831 r  bd_0_i/hls_inst/U0/control_s_axi_U/int_width[12]_i_1/O
                         net (fo=15, routed)          1.718     2.549    bd_0_i/hls_inst/U0/control_s_axi_U/waddr_reg[3]_0[0]
    SLICE_X28Y95         FDRE                                         r  bd_0_i/hls_inst/U0/control_s_axi_U/int_width_reg[1]/CE
  -------------------------------------------------------------------    -------------------

                         (clock ap_clk rise edge)     0.000     0.000 r  
                                                      0.000     0.000 r  ap_clk (IN)
                         net (fo=1441, unset)         0.030     0.030    bd_0_i/hls_inst/U0/control_s_axi_U/ap_clk
    SLICE_X28Y95         FDRE                                         r  bd_0_i/hls_inst/U0/control_s_axi_U/int_width_reg[1]/C

Slack:                    inf
  Source:                 s_axi_control_wvalid
                            (input port)
  Destination:            bd_0_i/hls_inst/U0/control_s_axi_U/int_width_reg[12]/CE
                            (rising edge-triggered cell FDRE clocked by ap_clk  {rise@0.000ns fall@5.000ns period=10.000ns})
  Path Group:             (none)
  Path Type:              Setup (Max at Slow Process Corner)
  Data Path Delay:        2.480ns  (logic 0.382ns (15.404%)  route 2.098ns (84.596%))
  Logic Levels:           2  (LUT3=1 LUT5=1)
  Clock Path Skew:        0.029ns (DCD - SCD + CPR)
    Destination Clock Delay (DCD):    0.029ns
    Source Clock Delay      (SCD):    0.000ns
    Clock Pessimism Removal (CPR):    0.000ns
  Clock Uncertainty:      0.025ns  ((TSJ^2 + TIJ^2)^1/2 + DJ) / 2 + PE
    Total System Jitter     (TSJ):    0.050ns
    Total Input Jitter      (TIJ):    0.000ns
    Discrete Jitter          (DJ):    0.000ns
    Phase Error              (PE):    0.000ns

    Location             Delay type                Incr(ns)  Path(ns)    Netlist Resource(s)
  -------------------------------------------------------------------    -------------------
                                                      0.000     0.000 r  s_axi_control_wvalid (IN)
                         net (fo=13, unset)           0.000     0.000    bd_0_i/hls_inst/U0/control_s_axi_U/s_axi_control_WVALID
    SLICE_X34Y105        LUT3 (Prop_D5LUT_SLICEM_I0_O)
                                                      0.190     0.190 r  bd_0_i/hls_inst/U0/control_s_axi_U/int_width[12]_i_3/O
                         net (fo=12, routed)          0.449     0.639    bd_0_i/hls_inst/U0/control_s_axi_U/int_width[12]_i_3_n_4
    SLICE_X29Y104        LUT5 (Prop_G5LUT_SLICEM_I3_O)
                                                      0.192     0.831 r  bd_0_i/hls_inst/U0/control_s_axi_U/int_width[12]_i_1/O
                         net (fo=15, routed)          1.649     2.480    bd_0_i/hls_inst/U0/control_s_axi_U/waddr_reg[3]_0[0]
    SLICE_X26Y97         FDRE                                         r  bd_0_i/hls_inst/U0/control_s_axi_U/int_width_reg[12]/CE
  -------------------------------------------------------------------    -------------------

                         (clock ap_clk rise edge)     0.000     0.000 r  
                                                      0.000     0.000 r  ap_clk (IN)
                         net (fo=1441, unset)         0.029     0.029    bd_0_i/hls_inst/U0/control_s_axi_U/ap_clk
    SLICE_X26Y97         FDRE                                         r  bd_0_i/hls_inst/U0/control_s_axi_U/int_width_reg[12]/C

Slack:                    inf
  Source:                 s_axi_control_wvalid
                            (input port)
  Destination:            bd_0_i/hls_inst/U0/control_s_axi_U/int_width_reg[8]/CE
                            (rising edge-triggered cell FDRE clocked by ap_clk  {rise@0.000ns fall@5.000ns period=10.000ns})
  Path Group:             (none)
  Path Type:              Setup (Max at Slow Process Corner)
  Data Path Delay:        2.480ns  (logic 0.382ns (15.404%)  route 2.098ns (84.596%))
  Logic Levels:           2  (LUT3=1 LUT5=1)
  Clock Path Skew:        0.029ns (DCD - SCD + CPR)
    Destination Clock Delay (DCD):    0.029ns
    Source Clock Delay      (SCD):    0.000ns
    Clock Pessimism Removal (CPR):    0.000ns
  Clock Uncertainty:      0.025ns  ((TSJ^2 + TIJ^2)^1/2 + DJ) / 2 + PE
    Total System Jitter     (TSJ):    0.050ns
    Total Input Jitter      (TIJ):    0.000ns
    Discrete Jitter          (DJ):    0.000ns
    Phase Error              (PE):    0.000ns

    Location             Delay type                Incr(ns)  Path(ns)    Netlist Resource(s)
  -------------------------------------------------------------------    -------------------
                                                      0.000     0.000 r  s_axi_control_wvalid (IN)
                         net (fo=13, unset)           0.000     0.000    bd_0_i/hls_inst/U0/control_s_axi_U/s_axi_control_WVALID
    SLICE_X34Y105        LUT3 (Prop_D5LUT_SLICEM_I0_O)
                                                      0.190     0.190 r  bd_0_i/hls_inst/U0/control_s_axi_U/int_width[12]_i_3/O
                         net (fo=12, routed)          0.449     0.639    bd_0_i/hls_inst/U0/control_s_axi_U/int_width[12]_i_3_n_4
    SLICE_X29Y104        LUT5 (Prop_G5LUT_SLICEM_I3_O)
                                                      0.192     0.831 r  bd_0_i/hls_inst/U0/control_s_axi_U/int_width[12]_i_1/O
                         net (fo=15, routed)          1.649     2.480    bd_0_i/hls_inst/U0/control_s_axi_U/waddr_reg[3]_0[0]
    SLICE_X26Y97         FDRE                                         r  bd_0_i/hls_inst/U0/control_s_axi_U/int_width_reg[8]/CE
  -------------------------------------------------------------------    -------------------

                         (clock ap_clk rise edge)     0.000     0.000 r  
                                                      0.000     0.000 r  ap_clk (IN)
                         net (fo=1441, unset)         0.029     0.029    bd_0_i/hls_inst/U0/control_s_axi_U/ap_clk
    SLICE_X26Y97         FDRE                                         r  bd_0_i/hls_inst/U0/control_s_axi_U/int_width_reg[8]/C

Slack:                    inf
  Source:                 s_axi_control_wvalid
                            (input port)
  Destination:            bd_0_i/hls_inst/U0/control_s_axi_U/int_width_reg[9]/CE
                            (rising edge-triggered cell FDRE clocked by ap_clk  {rise@0.000ns fall@5.000ns period=10.000ns})
  Path Group:             (none)
  Path Type:              Setup (Max at Slow Process Corner)
  Data Path Delay:        2.480ns  (logic 0.382ns (15.404%)  route 2.098ns (84.596%))
  Logic Levels:           2  (LUT3=1 LUT5=1)
  Clock Path Skew:        0.029ns (DCD - SCD + CPR)
    Destination Clock Delay (DCD):    0.029ns
    Source Clock Delay      (SCD):    0.000ns
    Clock Pessimism Removal (CPR):    0.000ns
  Clock Uncertainty:      0.025ns  ((TSJ^2 + TIJ^2)^1/2 + DJ) / 2 + PE
    Total System Jitter     (TSJ):    0.050ns
    Total Input Jitter      (TIJ):    0.000ns
    Discrete Jitter          (DJ):    0.000ns
    Phase Error              (PE):    0.000ns

    Location             Delay type                Incr(ns)  Path(ns)    Netlist Resource(s)
  -------------------------------------------------------------------    -------------------
                                                      0.000     0.000 r  s_axi_control_wvalid (IN)
                         net (fo=13, unset)           0.000     0.000    bd_0_i/hls_inst/U0/control_s_axi_U/s_axi_control_WVALID
    SLICE_X34Y105        LUT3 (Prop_D5LUT_SLICEM_I0_O)
                                                      0.190     0.190 r  bd_0_i/hls_inst/U0/control_s_axi_U/int_width[12]_i_3/O
                         net (fo=12, routed)          0.449     0.639    bd_0_i/hls_inst/U0/control_s_axi_U/int_width[12]_i_3_n_4
    SLICE_X29Y104        LUT5 (Prop_G5LUT_SLICEM_I3_O)
                                                      0.192     0.831 r  bd_0_i/hls_inst/U0/control_s_axi_U/int_width[12]_i_1/O
                         net (fo=15, routed)          1.649     2.480    bd_0_i/hls_inst/U0/control_s_axi_U/waddr_reg[3]_0[0]
    SLICE_X26Y97         FDRE                                         r  bd_0_i/hls_inst/U0/control_s_axi_U/int_width_reg[9]/CE
  -------------------------------------------------------------------    -------------------

                         (clock ap_clk rise edge)     0.000     0.000 r  
                                                      0.000     0.000 r  ap_clk (IN)
                         net (fo=1441, unset)         0.029     0.029    bd_0_i/hls_inst/U0/control_s_axi_U/ap_clk
    SLICE_X26Y97         FDRE                                         r  bd_0_i/hls_inst/U0/control_s_axi_U/int_width_reg[9]/C

Slack:                    inf
  Source:                 s_axi_control_wvalid
                            (input port)
  Destination:            bd_0_i/hls_inst/U0/control_s_axi_U/int_delta_reg[24]/CE
                            (rising edge-triggered cell FDRE clocked by ap_clk  {rise@0.000ns fall@5.000ns period=10.000ns})
  Path Group:             (none)
  Path Type:              Setup (Max at Slow Process Corner)
  Data Path Delay:        2.084ns  (logic 0.363ns (17.420%)  route 1.721ns (82.580%))
  Logic Levels:           2  (LUT3=1 LUT6=1)
  Clock Path Skew:        0.029ns (DCD - SCD + CPR)
    Destination Clock Delay (DCD):    0.029ns
    Source Clock Delay      (SCD):    0.000ns
    Clock Pessimism Removal (CPR):    0.000ns
  Clock Uncertainty:      0.025ns  ((TSJ^2 + TIJ^2)^1/2 + DJ) / 2 + PE
    Total System Jitter     (TSJ):    0.050ns
    Total Input Jitter      (TIJ):    0.000ns
    Discrete Jitter          (DJ):    0.000ns
    Phase Error              (PE):    0.000ns

    Location             Delay type                Incr(ns)  Path(ns)    Netlist Resource(s)
  -------------------------------------------------------------------    -------------------
                                                      0.000     0.000 r  s_axi_control_wvalid (IN)
                         net (fo=13, unset)           0.000     0.000    bd_0_i/hls_inst/U0/control_s_axi_U/s_axi_control_WVALID
    SLICE_X32Y106        LUT3 (Prop_B6LUT_SLICEM_I1_O)
                                                      0.137     0.137 f  bd_0_i/hls_inst/U0/control_s_axi_U/int_kernel_4_4[7]_i_3/O
                         net (fo=4, routed)           0.363     0.500    bd_0_i/hls_inst/U0/control_s_axi_U/int_kernel_4_4[7]_i_3_n_4
    SLICE_X30Y106        LUT6 (Prop_G6LUT_SLICEL_I5_O)
                                                      0.226     0.726 r  bd_0_i/hls_inst/U0/control_s_axi_U/int_delta[31]_i_1/O
                         net (fo=32, routed)          1.358     2.084    bd_0_i/hls_inst/U0/control_s_axi_U/int_delta
    SLICE_X30Y114        FDRE                                         r  bd_0_i/hls_inst/U0/control_s_axi_U/int_delta_reg[24]/CE
  -------------------------------------------------------------------    -------------------

                         (clock ap_clk rise edge)     0.000     0.000 r  
                                                      0.000     0.000 r  ap_clk (IN)
                         net (fo=1441, unset)         0.029     0.029    bd_0_i/hls_inst/U0/control_s_axi_U/ap_clk
    SLICE_X30Y114        FDRE                                         r  bd_0_i/hls_inst/U0/control_s_axi_U/int_delta_reg[24]/C





Min Delay Paths
--------------------------------------------------------------------------------------
Slack:                    inf
  Source:                 s_axi_control_wdata[0]
                            (input port)
  Destination:            bd_0_i/hls_inst/U0/control_s_axi_U/int_ier_reg[0]/D
                            (rising edge-triggered cell FDRE clocked by ap_clk  {rise@0.000ns fall@5.000ns period=10.000ns})
  Path Group:             (none)
  Path Type:              Hold (Min at Fast Process Corner)
  Data Path Delay:        0.008ns  (logic 0.000ns (0.000%)  route 0.008ns (100.000%))
  Logic Levels:           0  
  Clock Path Skew:        0.019ns (DCD - SCD - CPR)
    Destination Clock Delay (DCD):    0.019ns
    Source Clock Delay      (SCD):    0.000ns
    Clock Pessimism Removal (CPR):    -0.000ns

    Location             Delay type                Incr(ns)  Path(ns)    Netlist Resource(s)
  -------------------------------------------------------------------    -------------------
                                                      0.000     0.000 r  s_axi_control_wdata[0] (IN)
                         net (fo=34, unset)           0.008     0.008    bd_0_i/hls_inst/U0/control_s_axi_U/s_axi_control_WDATA[0]
    SLICE_X30Y104        FDRE                                         r  bd_0_i/hls_inst/U0/control_s_axi_U/int_ier_reg[0]/D
  -------------------------------------------------------------------    -------------------

                         (clock ap_clk rise edge)     0.000     0.000 r  
                                                      0.000     0.000 r  ap_clk (IN)
                         net (fo=1441, unset)         0.019     0.019    bd_0_i/hls_inst/U0/control_s_axi_U/ap_clk
    SLICE_X30Y104        FDRE                                         r  bd_0_i/hls_inst/U0/control_s_axi_U/int_ier_reg[0]/C

Slack:                    inf
  Source:                 s_axi_control_wdata[1]
                            (input port)
  Destination:            bd_0_i/hls_inst/U0/control_s_axi_U/int_ier_reg[1]/D
                            (rising edge-triggered cell FDRE clocked by ap_clk  {rise@0.000ns fall@5.000ns period=10.000ns})
  Path Group:             (none)
  Path Type:              Hold (Min at Fast Process Corner)
  Data Path Delay:        0.008ns  (logic 0.000ns (0.000%)  route 0.008ns (100.000%))
  Logic Levels:           0  
  Clock Path Skew:        0.019ns (DCD - SCD - CPR)
    Destination Clock Delay (DCD):    0.019ns
    Source Clock Delay      (SCD):    0.000ns
    Clock Pessimism Removal (CPR):    -0.000ns

    Location             Delay type                Incr(ns)  Path(ns)    Netlist Resource(s)
  -------------------------------------------------------------------    -------------------
                                                      0.000     0.000 r  s_axi_control_wdata[1] (IN)
                         net (fo=31, unset)           0.008     0.008    bd_0_i/hls_inst/U0/control_s_axi_U/s_axi_control_WDATA[1]
    SLICE_X30Y104        FDRE                                         r  bd_0_i/hls_inst/U0/control_s_axi_U/int_ier_reg[1]/D
  -------------------------------------------------------------------    -------------------

                         (clock ap_clk rise edge)     0.000     0.000 r  
                                                      0.000     0.000 r  ap_clk (IN)
                         net (fo=1441, unset)         0.019     0.019    bd_0_i/hls_inst/U0/control_s_axi_U/ap_clk
    SLICE_X30Y104        FDRE                                         r  bd_0_i/hls_inst/U0/control_s_axi_U/int_ier_reg[1]/C

Slack:                    inf
  Source:                 s_axis_video_tdata[1]
                            (input port)
  Destination:            bd_0_i/hls_inst/U0/regslice_both_s_axis_video_U/data_p2_reg[1]/D
                            (rising edge-triggered cell FDRE clocked by ap_clk  {rise@0.000ns fall@5.000ns period=10.000ns})
  Path Group:             (none)
  Path Type:              Hold (Min at Fast Process Corner)
  Data Path Delay:        0.008ns  (logic 0.000ns (0.000%)  route 0.008ns (100.000%))
  Logic Levels:           0  
  Clock Path Skew:        0.021ns (DCD - SCD - CPR)
    Destination Clock Delay (DCD):    0.021ns
    Source Clock Delay      (SCD):    0.000ns
    Clock Pessimism Removal (CPR):    -0.000ns

    Location             Delay type                Incr(ns)  Path(ns)    Netlist Resource(s)
  -------------------------------------------------------------------    -------------------
                                                      0.000     0.000 r  s_axis_video_tdata[1] (IN)
                         net (fo=1, unset)            0.008     0.008    bd_0_i/hls_inst/U0/regslice_both_s_axis_video_U/s_axis_video_TDATA[1]
    SLICE_X29Y85         FDRE                                         r  bd_0_i/hls_inst/U0/regslice_both_s_axis_video_U/data_p2_reg[1]/D
  -------------------------------------------------------------------    -------------------

                         (clock ap_clk rise edge)     0.000     0.000 r  
                                                      0.000     0.000 r  ap_clk (IN)
                         net (fo=1441, unset)         0.021     0.021    bd_0_i/hls_inst/U0/regslice_both_s_axis_video_U/ap_clk
    SLICE_X29Y85         FDRE                                         r  bd_0_i/hls_inst/U0/regslice_both_s_axis_video_U/data_p2_reg[1]/C

Slack:                    inf
  Source:                 s_axis_video_tdata[3]
                            (input port)
  Destination:            bd_0_i/hls_inst/U0/regslice_both_s_axis_video_U/data_p2_reg[3]/D
                            (rising edge-triggered cell FDRE clocked by ap_clk  {rise@0.000ns fall@5.000ns period=10.000ns})
  Path Group:             (none)
  Path Type:              Hold (Min at Fast Process Corner)
  Data Path Delay:        0.008ns  (logic 0.000ns (0.000%)  route 0.008ns (100.000%))
  Logic Levels:           0  
  Clock Path Skew:        0.021ns (DCD - SCD - CPR)
    Destination Clock Delay (DCD):    0.021ns
    Source Clock Delay      (SCD):    0.000ns
    Clock Pessimism Removal (CPR):    -0.000ns

    Location             Delay type                Incr(ns)  Path(ns)    Netlist Resource(s)
  -------------------------------------------------------------------    -------------------
                                                      0.000     0.000 r  s_axis_video_tdata[3] (IN)
                         net (fo=1, unset)            0.008     0.008    bd_0_i/hls_inst/U0/regslice_both_s_axis_video_U/s_axis_video_TDATA[3]
    SLICE_X29Y84         FDRE                                         r  bd_0_i/hls_inst/U0/regslice_both_s_axis_video_U/data_p2_reg[3]/D
  -------------------------------------------------------------------    -------------------

                         (clock ap_clk rise edge)     0.000     0.000 r  
                                                      0.000     0.000 r  ap_clk (IN)
                         net (fo=1441, unset)         0.021     0.021    bd_0_i/hls_inst/U0/regslice_both_s_axis_video_U/ap_clk
    SLICE_X29Y84         FDRE                                         r  bd_0_i/hls_inst/U0/regslice_both_s_axis_video_U/data_p2_reg[3]/C

Slack:                    inf
  Source:                 s_axi_control_awaddr[3]
                            (input port)
  Destination:            bd_0_i/hls_inst/U0/control_s_axi_U/waddr_reg[3]/D
                            (rising edge-triggered cell FDRE clocked by ap_clk  {rise@0.000ns fall@5.000ns period=10.000ns})
  Path Group:             (none)
  Path Type:              Hold (Min at Fast Process Corner)
  Data Path Delay:        0.009ns  (logic 0.000ns (0.000%)  route 0.009ns (100.000%))
  Logic Levels:           0  
  Clock Path Skew:        0.021ns (DCD - SCD - CPR)
    Destination Clock Delay (DCD):    0.021ns
    Source Clock Delay      (SCD):    0.000ns
    Clock Pessimism Removal (CPR):    -0.000ns

    Location             Delay type                Incr(ns)  Path(ns)    Netlist Resource(s)
  -------------------------------------------------------------------    -------------------
                                                      0.000     0.000 r  s_axi_control_awaddr[3] (IN)
                         net (fo=0)                   0.009     0.009    bd_0_i/hls_inst/U0/control_s_axi_U/s_axi_control_AWADDR[1]
    SLICE_X31Y105        FDRE                                         r  bd_0_i/hls_inst/U0/control_s_axi_U/waddr_reg[3]/D
  -------------------------------------------------------------------    -------------------

                         (clock ap_clk rise edge)     0.000     0.000 r  
                                                      0.000     0.000 r  ap_clk (IN)
                         net (fo=1441, unset)         0.021     0.021    bd_0_i/hls_inst/U0/control_s_axi_U/ap_clk
    SLICE_X31Y105        FDRE                                         r  bd_0_i/hls_inst/U0/control_s_axi_U/waddr_reg[3]/C

Slack:                    inf
  Source:                 s_axi_control_awaddr[5]
                            (input port)
  Destination:            bd_0_i/hls_inst/U0/control_s_axi_U/waddr_reg[5]/D
                            (rising edge-triggered cell FDRE clocked by ap_clk  {rise@0.000ns fall@5.000ns period=10.000ns})
  Path Group:             (none)
  Path Type:              Hold (Min at Fast Process Corner)
  Data Path Delay:        0.009ns  (logic 0.000ns (0.000%)  route 0.009ns (100.000%))
  Logic Levels:           0  
  Clock Path Skew:        0.021ns (DCD - SCD - CPR)
    Destination Clock Delay (DCD):    0.021ns
    Source Clock Delay      (SCD):    0.000ns
    Clock Pessimism Removal (CPR):    -0.000ns

    Location             Delay type                Incr(ns)  Path(ns)    Netlist Resource(s)
  -------------------------------------------------------------------    -------------------
                                                      0.000     0.000 r  s_axi_control_awaddr[5] (IN)
                         net (fo=0)                   0.009     0.009    bd_0_i/hls_inst/U0/control_s_axi_U/s_axi_control_AWADDR[3]
    SLICE_X31Y105        FDRE                                         r  bd_0_i/hls_inst/U0/control_s_axi_U/waddr_reg[5]/D
  -------------------------------------------------------------------    -------------------

                         (clock ap_clk rise edge)     0.000     0.000 r  
                                                      0.000     0.000 r  ap_clk (IN)
                         net (fo=1441, unset)         0.021     0.021    bd_0_i/hls_inst/U0/control_s_axi_U/ap_clk
    SLICE_X31Y105        FDRE                                         r  bd_0_i/hls_inst/U0/control_s_axi_U/waddr_reg[5]/C

Slack:                    inf
  Source:                 s_axi_control_awaddr[7]
                            (input port)
  Destination:            bd_0_i/hls_inst/U0/control_s_axi_U/waddr_reg[7]/D
                            (rising edge-triggered cell FDRE clocked by ap_clk  {rise@0.000ns fall@5.000ns period=10.000ns})
  Path Group:             (none)
  Path Type:              Hold (Min at Fast Process Corner)
  Data Path Delay:        0.009ns  (logic 0.000ns (0.000%)  route 0.009ns (100.000%))
  Logic Levels:           0  
  Clock Path Skew:        0.021ns (DCD - SCD - CPR)
    Destination Clock Delay (DCD):    0.021ns
    Source Clock Delay      (SCD):    0.000ns
    Clock Pessimism Removal (CPR):    -0.000ns

    Location             Delay type                Incr(ns)  Path(ns)    Netlist Resource(s)
  -------------------------------------------------------------------    -------------------
                                                      0.000     0.000 r  s_axi_control_awaddr[7] (IN)
                         net (fo=0)                   0.009     0.009    bd_0_i/hls_inst/U0/control_s_axi_U/s_axi_control_AWADDR[5]
    SLICE_X31Y105        FDRE                                         r  bd_0_i/hls_inst/U0/control_s_axi_U/waddr_reg[7]/D
  -------------------------------------------------------------------    -------------------

                         (clock ap_clk rise edge)     0.000     0.000 r  
                                                      0.000     0.000 r  ap_clk (IN)
                         net (fo=1441, unset)         0.021     0.021    bd_0_i/hls_inst/U0/control_s_axi_U/ap_clk
    SLICE_X31Y105        FDRE                                         r  bd_0_i/hls_inst/U0/control_s_axi_U/waddr_reg[7]/C

Slack:                    inf
  Source:                 s_axis_video_tdata[0]
                            (input port)
  Destination:            bd_0_i/hls_inst/U0/regslice_both_s_axis_video_U/data_p2_reg[0]/D
                            (rising edge-triggered cell FDRE clocked by ap_clk  {rise@0.000ns fall@5.000ns period=10.000ns})
  Path Group:             (none)
  Path Type:              Hold (Min at Fast Process Corner)
  Data Path Delay:        0.009ns  (logic 0.000ns (0.000%)  route 0.009ns (100.000%))
  Logic Levels:           0  
  Clock Path Skew:        0.021ns (DCD - SCD - CPR)
    Destination Clock Delay (DCD):    0.021ns
    Source Clock Delay      (SCD):    0.000ns
    Clock Pessimism Removal (CPR):    -0.000ns

    Location             Delay type                Incr(ns)  Path(ns)    Netlist Resource(s)
  -------------------------------------------------------------------    -------------------
                                                      0.000     0.000 r  s_axis_video_tdata[0] (IN)
                         net (fo=1, unset)            0.009     0.009    bd_0_i/hls_inst/U0/regslice_both_s_axis_video_U/s_axis_video_TDATA[0]
    SLICE_X29Y84         FDRE                                         r  bd_0_i/hls_inst/U0/regslice_both_s_axis_video_U/data_p2_reg[0]/D
  -------------------------------------------------------------------    -------------------

                         (clock ap_clk rise edge)     0.000     0.000 r  
                                                      0.000     0.000 r  ap_clk (IN)
                         net (fo=1441, unset)         0.021     0.021    bd_0_i/hls_inst/U0/regslice_both_s_axis_video_U/ap_clk
    SLICE_X29Y84         FDRE                                         r  bd_0_i/hls_inst/U0/regslice_both_s_axis_video_U/data_p2_reg[0]/C

Slack:                    inf
  Source:                 s_axis_video_tdata[2]
                            (input port)
  Destination:            bd_0_i/hls_inst/U0/regslice_both_s_axis_video_U/data_p2_reg[2]/D
                            (rising edge-triggered cell FDRE clocked by ap_clk  {rise@0.000ns fall@5.000ns period=10.000ns})
  Path Group:             (none)
  Path Type:              Hold (Min at Fast Process Corner)
  Data Path Delay:        0.009ns  (logic 0.000ns (0.000%)  route 0.009ns (100.000%))
  Logic Levels:           0  
  Clock Path Skew:        0.021ns (DCD - SCD - CPR)
    Destination Clock Delay (DCD):    0.021ns
    Source Clock Delay      (SCD):    0.000ns
    Clock Pessimism Removal (CPR):    -0.000ns

    Location             Delay type                Incr(ns)  Path(ns)    Netlist Resource(s)
  -------------------------------------------------------------------    -------------------
                                                      0.000     0.000 r  s_axis_video_tdata[2] (IN)
                         net (fo=1, unset)            0.009     0.009    bd_0_i/hls_inst/U0/regslice_both_s_axis_video_U/s_axis_video_TDATA[2]
    SLICE_X29Y84         FDRE                                         r  bd_0_i/hls_inst/U0/regslice_both_s_axis_video_U/data_p2_reg[2]/D
  -------------------------------------------------------------------    -------------------

                         (clock ap_clk rise edge)     0.000     0.000 r  
                                                      0.000     0.000 r  ap_clk (IN)
                         net (fo=1441, unset)         0.021     0.021    bd_0_i/hls_inst/U0/regslice_both_s_axis_video_U/ap_clk
    SLICE_X29Y84         FDRE                                         r  bd_0_i/hls_inst/U0/regslice_both_s_axis_video_U/data_p2_reg[2]/C

Slack:                    inf
  Source:                 s_axis_video_tdata[4]
                            (input port)
  Destination:            bd_0_i/hls_inst/U0/regslice_both_s_axis_video_U/data_p2_reg[4]/D
                            (rising edge-triggered cell FDRE clocked by ap_clk  {rise@0.000ns fall@5.000ns period=10.000ns})
  Path Group:             (none)
  Path Type:              Hold (Min at Fast Process Corner)
  Data Path Delay:        0.009ns  (logic 0.000ns (0.000%)  route 0.009ns (100.000%))
  Logic Levels:           0  
  Clock Path Skew:        0.021ns (DCD - SCD - CPR)
    Destination Clock Delay (DCD):    0.021ns
    Source Clock Delay      (SCD):    0.000ns
    Clock Pessimism Removal (CPR):    -0.000ns

    Location             Delay type                Incr(ns)  Path(ns)    Netlist Resource(s)
  -------------------------------------------------------------------    -------------------
                                                      0.000     0.000 r  s_axis_video_tdata[4] (IN)
                         net (fo=1, unset)            0.009     0.009    bd_0_i/hls_inst/U0/regslice_both_s_axis_video_U/s_axis_video_TDATA[4]
    SLICE_X29Y85         FDRE                                         r  bd_0_i/hls_inst/U0/regslice_both_s_axis_video_U/data_p2_reg[4]/D
  -------------------------------------------------------------------    -------------------

                         (clock ap_clk rise edge)     0.000     0.000 r  
                                                      0.000     0.000 r  ap_clk (IN)
                         net (fo=1441, unset)         0.021     0.021    bd_0_i/hls_inst/U0/regslice_both_s_axis_video_U/ap_clk
    SLICE_X29Y85         FDRE                                         r  bd_0_i/hls_inst/U0/regslice_both_s_axis_video_U/data_p2_reg[4]/C





