

================================================================
== Vitis HLS Report for 'hls_filter_2d_Pipeline_VITIS_LOOP_50_1'
================================================================
* Date:           Tue Mar 31 11:30:34 2026

* Version:        2025.2 (Build 6295257 on Nov 14 2025)
* Project:        filter_2d
* Solution:       hls (Vivado IP Flow Target)
* Product family: zynquplus
* Target device:  xck26-sfvc784-2LV-c


================================================================
== Performance Estimates
================================================================
+ Timing: 
    * Summary: 
    +--------+----------+----------+------------+
    |  Clock |  Target  | Estimated| Uncertainty|
    +--------+----------+----------+------------+
    |ap_clk  |  10.00 ns|  6.716 ns|     2.70 ns|
    +--------+----------+----------+------------+

+ Latency: 
    * Summary: 
    +---------+----------+----------+-----------+-----+-----+-------------------+
    |  Latency (cycles)  |  Latency (absolute)  |  Interval |      Pipeline     |
    |   min   |    max   |    min   |    max    | min | max |        Type       |
    +---------+----------+----------+-----------+-----+-----+-------------------+
    |       12|  67108875|  0.120 us|  0.671 sec|    0|    0|  loop pipeline stp|
    +---------+----------+----------+-----------+-----+-----+-------------------+

    + Detail: 
        * Instance: 
        N/A

        * Loop: 
        +-------------------+---------+----------+----------+-----------+-----------+--------------+----------+
        |                   |  Latency (cycles)  | Iteration|  Initiation Interval  |     Trip     |          |
        |     Loop Name     |   min   |    max   |  Latency |  achieved |   target  |     Count    | Pipelined|
        +-------------------+---------+----------+----------+-----------+-----------+--------------+----------+
        |- VITIS_LOOP_50_1  |       10|  67108873|        10|          1|          1|  2 ~ 67108865|       yes|
        +-------------------+---------+----------+----------+-----------+-----------+--------------+----------+

============================================================
+ Verbose Summary: Synthesis Manager
============================================================
InlineROM: 1
ExposeGlobal: 0
============================================================
+ Verbose Summary: CDFG Model
============================================================
IsTopModel: 0
ResetActiveHigh: 1
IsCombinational: 0
IsDatapathOnly: 0
HasWiredReturn: 1
HasMFsm: 2
HasVarLatency: 1
IsPipeline: 0
IsRtlPipelined: 0
IsInstanceOverlapped: 0
IsDontTouch: 0
HasImplIP: 0
IsGatedGlobalClock: 0

+ Individual pipeline summary: 
  * Pipeline-0: initiation interval (II) = 1, depth = 10


============================================================
+ Verbose Summary: Schedule
============================================================
* Number of FSM states : 10
* Pipeline : 1
  Pipeline-0 : II = 1, D = 10, States = { 1 2 3 4 5 6 7 8 9 10 }
* Dataflow Pipeline: 0

* FSM state transitions: 
1 --> 2 
2 --> 3 
3 --> 4 
4 --> 5 
5 --> 6 
6 --> 7 
7 --> 8 
8 --> 9 
9 --> 10 
10 --> 

* FSM state operations: 

State 1 <SV = 0> <Delay = 2.35>
ST_1 : Operation 13 [1/1] (0.00ns)   --->   "%i = alloca i32 1" [hls_filter_2d.cpp:50]   --->   Operation 13 'alloca' 'i' <Predicate = true> <Delay = 0.00>
ST_1 : Operation 14 [1/1] (0.00ns)   --->   "%val = alloca i32 1" [hls_filter_2d.cpp:108]   --->   Operation 14 'alloca' 'val' <Predicate = true> <Delay = 0.00>
ST_1 : Operation 15 [1/1] (0.00ns)   --->   "%val_2 = alloca i32 1" [hls_filter_2d.cpp:108]   --->   Operation 15 'alloca' 'val_2' <Predicate = true> <Delay = 0.00>
ST_1 : Operation 16 [1/1] (0.00ns)   --->   "%val_4 = alloca i32 1" [hls_filter_2d.cpp:108]   --->   Operation 16 'alloca' 'val_4' <Predicate = true> <Delay = 0.00>
ST_1 : Operation 17 [1/1] (0.00ns)   --->   "%val_6 = alloca i32 1" [hls_filter_2d.cpp:108]   --->   Operation 17 'alloca' 'val_6' <Predicate = true> <Delay = 0.00>
ST_1 : Operation 18 [1/1] (0.00ns)   --->   "%val_10 = alloca i32 1" [hls_filter_2d.cpp:108]   --->   Operation 18 'alloca' 'val_10' <Predicate = true> <Delay = 0.00>
ST_1 : Operation 19 [1/1] (0.00ns)   --->   "%val_12 = alloca i32 1" [hls_filter_2d.cpp:108]   --->   Operation 19 'alloca' 'val_12' <Predicate = true> <Delay = 0.00>
ST_1 : Operation 20 [1/1] (0.00ns)   --->   "%val_14 = alloca i32 1" [hls_filter_2d.cpp:108]   --->   Operation 20 'alloca' 'val_14' <Predicate = true> <Delay = 0.00>
ST_1 : Operation 21 [1/1] (0.00ns)   --->   "%val_16 = alloca i32 1" [hls_filter_2d.cpp:108]   --->   Operation 21 'alloca' 'val_16' <Predicate = true> <Delay = 0.00>
ST_1 : Operation 22 [1/1] (0.00ns)   --->   "%val_20 = alloca i32 1" [hls_filter_2d.cpp:108]   --->   Operation 22 'alloca' 'val_20' <Predicate = true> <Delay = 0.00>
ST_1 : Operation 23 [1/1] (0.00ns)   --->   "%val21 = alloca i32 1" [hls_filter_2d.cpp:108]   --->   Operation 23 'alloca' 'val21' <Predicate = true> <Delay = 0.00>
ST_1 : Operation 24 [1/1] (0.00ns)   --->   "%x = alloca i32 1" [hls_filter_2d.cpp:46]   --->   Operation 24 'alloca' 'x' <Predicate = true> <Delay = 0.00>
ST_1 : Operation 25 [1/1] (0.00ns)   --->   "%val_22 = alloca i32 1" [hls_filter_2d.cpp:108]   --->   Operation 25 'alloca' 'val_22' <Predicate = true> <Delay = 0.00>
ST_1 : Operation 26 [1/1] (0.00ns)   --->   "%val_24 = alloca i32 1" [hls_filter_2d.cpp:108]   --->   Operation 26 'alloca' 'val_24' <Predicate = true> <Delay = 0.00>
ST_1 : Operation 27 [1/1] (0.00ns)   --->   "%val_26 = alloca i32 1" [hls_filter_2d.cpp:108]   --->   Operation 27 'alloca' 'val_26' <Predicate = true> <Delay = 0.00>
ST_1 : Operation 28 [1/1] (0.00ns)   --->   "%val_30 = alloca i32 1" [hls_filter_2d.cpp:108]   --->   Operation 28 'alloca' 'val_30' <Predicate = true> <Delay = 0.00>
ST_1 : Operation 29 [1/1] (0.00ns)   --->   "%val_32 = alloca i32 1" [hls_filter_2d.cpp:108]   --->   Operation 29 'alloca' 'val_32' <Predicate = true> <Delay = 0.00>
ST_1 : Operation 30 [1/1] (0.00ns)   --->   "%val_34 = alloca i32 1" [hls_filter_2d.cpp:108]   --->   Operation 30 'alloca' 'val_34' <Predicate = true> <Delay = 0.00>
ST_1 : Operation 31 [1/1] (0.00ns)   --->   "%val_36 = alloca i32 1" [hls_filter_2d.cpp:108]   --->   Operation 31 'alloca' 'val_36' <Predicate = true> <Delay = 0.00>
ST_1 : Operation 32 [1/1] (0.00ns)   --->   "%val_40 = alloca i32 1" [hls_filter_2d.cpp:108]   --->   Operation 32 'alloca' 'val_40' <Predicate = true> <Delay = 0.00>
ST_1 : Operation 33 [1/1] (0.00ns)   --->   "%val_42 = alloca i32 1" [hls_filter_2d.cpp:108]   --->   Operation 33 'alloca' 'val_42' <Predicate = true> <Delay = 0.00>
ST_1 : Operation 34 [1/1] (0.00ns)   --->   "%val_44 = alloca i32 1" [hls_filter_2d.cpp:108]   --->   Operation 34 'alloca' 'val_44' <Predicate = true> <Delay = 0.00>
ST_1 : Operation 35 [1/1] (0.00ns)   --->   "%img_y_2 = alloca i32 1" [hls_filter_2d.cpp:105]   --->   Operation 35 'alloca' 'img_y_2' <Predicate = true> <Delay = 0.00>
ST_1 : Operation 36 [1/1] (0.00ns)   --->   "%img_x_2 = alloca i32 1" [hls_filter_2d.cpp:103]   --->   Operation 36 'alloca' 'img_x_2' <Predicate = true> <Delay = 0.00>
ST_1 : Operation 37 [1/1] (0.00ns)   --->   "%add_ln154_read = read i14 @_ssdm_op_Read.ap_auto.i14, i14 %add_ln154"   --->   Operation 37 'read' 'add_ln154_read' <Predicate = true> <Delay = 0.00>
ST_1 : Operation 38 [1/1] (0.00ns)   --->   "%borderType_read = read i1 @_ssdm_op_Read.ap_auto.i1, i1 %borderType"   --->   Operation 38 'read' 'borderType_read' <Predicate = true> <Delay = 0.00>
ST_1 : Operation 39 [1/1] (0.00ns)   --->   "%delta_read = read i32 @_ssdm_op_Read.ap_auto.i32, i32 %delta"   --->   Operation 39 'read' 'delta_read' <Predicate = true> <Delay = 0.00>
ST_1 : Operation 40 [1/1] (0.00ns)   --->   "%zext_ln139_read = read i5 @_ssdm_op_Read.ap_auto.i5, i5 %zext_ln139"   --->   Operation 40 'read' 'zext_ln139_read' <Predicate = true> <Delay = 0.00>
ST_1 : Operation 41 [1/1] (0.00ns)   --->   "%sext_ln121_read = read i32 @_ssdm_op_Read.ap_auto.i32, i32 %sext_ln121"   --->   Operation 41 'read' 'sext_ln121_read' <Predicate = true> <Delay = 0.00>
ST_1 : Operation 42 [1/1] (0.00ns)   --->   "%sext_ln116_18_read = read i8 @_ssdm_op_Read.ap_auto.i8, i8 %sext_ln116_18"   --->   Operation 42 'read' 'sext_ln116_18_read' <Predicate = true> <Delay = 0.00>
ST_1 : Operation 43 [1/1] (0.00ns)   --->   "%sext_ln116_19_read = read i8 @_ssdm_op_Read.ap_auto.i8, i8 %sext_ln116_19"   --->   Operation 43 'read' 'sext_ln116_19_read' <Predicate = true> <Delay = 0.00>
ST_1 : Operation 44 [1/1] (0.00ns)   --->   "%sext_ln116_20_read = read i8 @_ssdm_op_Read.ap_auto.i8, i8 %sext_ln116_20"   --->   Operation 44 'read' 'sext_ln116_20_read' <Predicate = true> <Delay = 0.00>
ST_1 : Operation 45 [1/1] (0.00ns)   --->   "%sext_ln116_21_read = read i8 @_ssdm_op_Read.ap_auto.i8, i8 %sext_ln116_21"   --->   Operation 45 'read' 'sext_ln116_21_read' <Predicate = true> <Delay = 0.00>
ST_1 : Operation 46 [1/1] (0.00ns)   --->   "%sext_ln116_22_read = read i8 @_ssdm_op_Read.ap_auto.i8, i8 %sext_ln116_22"   --->   Operation 46 'read' 'sext_ln116_22_read' <Predicate = true> <Delay = 0.00>
ST_1 : Operation 47 [1/1] (0.00ns)   --->   "%sext_ln116_23_read = read i8 @_ssdm_op_Read.ap_auto.i8, i8 %sext_ln116_23"   --->   Operation 47 'read' 'sext_ln116_23_read' <Predicate = true> <Delay = 0.00>
ST_1 : Operation 48 [1/1] (0.00ns)   --->   "%sext_ln50_read = read i8 @_ssdm_op_Read.ap_auto.i8, i8 %sext_ln50"   --->   Operation 48 'read' 'sext_ln50_read' <Predicate = true> <Delay = 0.00>
ST_1 : Operation 49 [1/1] (0.00ns)   --->   "%sext_ln116_1_read = read i8 @_ssdm_op_Read.ap_auto.i8, i8 %sext_ln116_1"   --->   Operation 49 'read' 'sext_ln116_1_read' <Predicate = true> <Delay = 0.00>
ST_1 : Operation 50 [1/1] (0.00ns)   --->   "%sext_ln116_read = read i8 @_ssdm_op_Read.ap_auto.i8, i8 %sext_ln116"   --->   Operation 50 'read' 'sext_ln116_read' <Predicate = true> <Delay = 0.00>
ST_1 : Operation 51 [1/1] (0.00ns)   --->   "%sext_ln116_2_read = read i8 @_ssdm_op_Read.ap_auto.i8, i8 %sext_ln116_2"   --->   Operation 51 'read' 'sext_ln116_2_read' <Predicate = true> <Delay = 0.00>
ST_1 : Operation 52 [1/1] (0.00ns)   --->   "%sext_ln116_3_read = read i8 @_ssdm_op_Read.ap_auto.i8, i8 %sext_ln116_3"   --->   Operation 52 'read' 'sext_ln116_3_read' <Predicate = true> <Delay = 0.00>
ST_1 : Operation 53 [1/1] (0.00ns)   --->   "%sext_ln116_4_read = read i8 @_ssdm_op_Read.ap_auto.i8, i8 %sext_ln116_4"   --->   Operation 53 'read' 'sext_ln116_4_read' <Predicate = true> <Delay = 0.00>
ST_1 : Operation 54 [1/1] (0.00ns)   --->   "%sext_ln116_5_read = read i8 @_ssdm_op_Read.ap_auto.i8, i8 %sext_ln116_5"   --->   Operation 54 'read' 'sext_ln116_5_read' <Predicate = true> <Delay = 0.00>
ST_1 : Operation 55 [1/1] (0.00ns)   --->   "%sext_ln116_6_read = read i8 @_ssdm_op_Read.ap_auto.i8, i8 %sext_ln116_6"   --->   Operation 55 'read' 'sext_ln116_6_read' <Predicate = true> <Delay = 0.00>
ST_1 : Operation 56 [1/1] (0.00ns)   --->   "%sext_ln116_7_read = read i8 @_ssdm_op_Read.ap_auto.i8, i8 %sext_ln116_7"   --->   Operation 56 'read' 'sext_ln116_7_read' <Predicate = true> <Delay = 0.00>
ST_1 : Operation 57 [1/1] (0.00ns)   --->   "%sext_ln116_8_read = read i8 @_ssdm_op_Read.ap_auto.i8, i8 %sext_ln116_8"   --->   Operation 57 'read' 'sext_ln116_8_read' <Predicate = true> <Delay = 0.00>
ST_1 : Operation 58 [1/1] (0.00ns)   --->   "%sext_ln116_9_read = read i8 @_ssdm_op_Read.ap_auto.i8, i8 %sext_ln116_9"   --->   Operation 58 'read' 'sext_ln116_9_read' <Predicate = true> <Delay = 0.00>
ST_1 : Operation 59 [1/1] (0.00ns)   --->   "%sext_ln116_10_read = read i8 @_ssdm_op_Read.ap_auto.i8, i8 %sext_ln116_10"   --->   Operation 59 'read' 'sext_ln116_10_read' <Predicate = true> <Delay = 0.00>
ST_1 : Operation 60 [1/1] (0.00ns)   --->   "%sext_ln116_11_read = read i8 @_ssdm_op_Read.ap_auto.i8, i8 %sext_ln116_11"   --->   Operation 60 'read' 'sext_ln116_11_read' <Predicate = true> <Delay = 0.00>
ST_1 : Operation 61 [1/1] (0.00ns)   --->   "%sext_ln116_12_read = read i8 @_ssdm_op_Read.ap_auto.i8, i8 %sext_ln116_12"   --->   Operation 61 'read' 'sext_ln116_12_read' <Predicate = true> <Delay = 0.00>
ST_1 : Operation 62 [1/1] (0.00ns)   --->   "%sext_ln116_13_read = read i8 @_ssdm_op_Read.ap_auto.i8, i8 %sext_ln116_13"   --->   Operation 62 'read' 'sext_ln116_13_read' <Predicate = true> <Delay = 0.00>
ST_1 : Operation 63 [1/1] (0.00ns)   --->   "%sext_ln116_14_read = read i8 @_ssdm_op_Read.ap_auto.i8, i8 %sext_ln116_14"   --->   Operation 63 'read' 'sext_ln116_14_read' <Predicate = true> <Delay = 0.00>
ST_1 : Operation 64 [1/1] (0.00ns)   --->   "%sext_ln116_15_read = read i8 @_ssdm_op_Read.ap_auto.i8, i8 %sext_ln116_15"   --->   Operation 64 'read' 'sext_ln116_15_read' <Predicate = true> <Delay = 0.00>
ST_1 : Operation 65 [1/1] (0.00ns)   --->   "%sext_ln116_16_read = read i8 @_ssdm_op_Read.ap_auto.i8, i8 %sext_ln116_16"   --->   Operation 65 'read' 'sext_ln116_16_read' <Predicate = true> <Delay = 0.00>
ST_1 : Operation 66 [1/1] (0.00ns)   --->   "%sext_ln116_17_read = read i8 @_ssdm_op_Read.ap_auto.i8, i8 %sext_ln116_17"   --->   Operation 66 'read' 'sext_ln116_17_read' <Predicate = true> <Delay = 0.00>
ST_1 : Operation 67 [1/1] (0.00ns)   --->   "%height_read = read i13 @_ssdm_op_Read.ap_auto.i13, i13 %height"   --->   Operation 67 'read' 'height_read' <Predicate = true> <Delay = 0.00>
ST_1 : Operation 68 [1/1] (0.00ns)   --->   "%zext_ln42_read = read i13 @_ssdm_op_Read.ap_auto.i13, i13 %zext_ln42"   --->   Operation 68 'read' 'zext_ln42_read' <Predicate = true> <Delay = 0.00>
ST_1 : Operation 69 [1/1] (0.00ns)   --->   "%zext_ln121_read = read i13 @_ssdm_op_Read.ap_auto.i13, i13 %zext_ln121"   --->   Operation 69 'read' 'zext_ln121_read' <Predicate = true> <Delay = 0.00>
ST_1 : Operation 70 [1/1] (0.00ns)   --->   "%add_ln140_read = read i14 @_ssdm_op_Read.ap_auto.i14, i14 %add_ln140"   --->   Operation 70 'read' 'add_ln140_read' <Predicate = true> <Delay = 0.00>
ST_1 : Operation 71 [1/1] (0.00ns)   --->   "%add_ln139_read = read i14 @_ssdm_op_Read.ap_auto.i14, i14 %add_ln139"   --->   Operation 71 'read' 'add_ln139_read' <Predicate = true> <Delay = 0.00>
ST_1 : Operation 72 [1/1] (0.00ns)   --->   "%width_read = read i13 @_ssdm_op_Read.ap_auto.i13, i13 %width"   --->   Operation 72 'read' 'width_read' <Predicate = true> <Delay = 0.00>
ST_1 : Operation 73 [1/1] (0.00ns)   --->   "%add_ln87_read = read i14 @_ssdm_op_Read.ap_auto.i14, i14 %add_ln87"   --->   Operation 73 'read' 'add_ln87_read' <Predicate = true> <Delay = 0.00>
ST_1 : Operation 74 [1/1] (0.00ns)   --->   "%total_cycles_read = read i27 @_ssdm_op_Read.ap_auto.i27, i27 %total_cycles"   --->   Operation 74 'read' 'total_cycles_read' <Predicate = true> <Delay = 0.00>
ST_1 : Operation 75 [1/1] (0.00ns)   --->   "%flush_cycles_read = read i15 @_ssdm_op_Read.ap_auto.i15, i15 %flush_cycles"   --->   Operation 75 'read' 'flush_cycles_read' <Predicate = true> <Delay = 0.00>
ST_1 : Operation 76 [1/1] (0.00ns)   --->   "%total_pixels_read = read i26 @_ssdm_op_Read.ap_auto.i26, i26 %total_pixels"   --->   Operation 76 'read' 'total_pixels_read' <Predicate = true> <Delay = 0.00>
ST_1 : Operation 77 [1/1] (0.00ns)   --->   "%zext_ln139_cast = zext i5 %zext_ln139_read"   --->   Operation 77 'zext' 'zext_ln139_cast' <Predicate = true> <Delay = 0.00>
ST_1 : Operation 78 [1/1] (0.00ns)   --->   "%sext_ln121_cast = sext i32 %sext_ln121_read"   --->   Operation 78 'sext' 'sext_ln121_cast' <Predicate = true> <Delay = 0.00>
ST_1 : Operation 79 [1/1] (0.00ns)   --->   "%sext_ln116_18_cast = sext i8 %sext_ln116_18_read"   --->   Operation 79 'sext' 'sext_ln116_18_cast' <Predicate = true> <Delay = 0.00>
ST_1 : Operation 80 [1/1] (0.00ns)   --->   "%sext_ln116_19_cast = sext i8 %sext_ln116_19_read"   --->   Operation 80 'sext' 'sext_ln116_19_cast' <Predicate = true> <Delay = 0.00>
ST_1 : Operation 81 [1/1] (0.00ns)   --->   "%sext_ln116_20_cast = sext i8 %sext_ln116_20_read"   --->   Operation 81 'sext' 'sext_ln116_20_cast' <Predicate = true> <Delay = 0.00>
ST_1 : Operation 82 [1/1] (0.00ns)   --->   "%sext_ln116_21_cast = sext i8 %sext_ln116_21_read"   --->   Operation 82 'sext' 'sext_ln116_21_cast' <Predicate = true> <Delay = 0.00>
ST_1 : Operation 83 [1/1] (0.00ns)   --->   "%sext_ln116_22_cast = sext i8 %sext_ln116_22_read"   --->   Operation 83 'sext' 'sext_ln116_22_cast' <Predicate = true> <Delay = 0.00>
ST_1 : Operation 84 [1/1] (0.00ns)   --->   "%sext_ln116_23_cast = sext i8 %sext_ln116_23_read"   --->   Operation 84 'sext' 'sext_ln116_23_cast' <Predicate = true> <Delay = 0.00>
ST_1 : Operation 85 [1/1] (0.00ns)   --->   "%sext_ln50_cast = sext i8 %sext_ln50_read"   --->   Operation 85 'sext' 'sext_ln50_cast' <Predicate = true> <Delay = 0.00>
ST_1 : Operation 86 [1/1] (0.00ns)   --->   "%sext_ln116_1_cast = sext i8 %sext_ln116_1_read"   --->   Operation 86 'sext' 'sext_ln116_1_cast' <Predicate = true> <Delay = 0.00>
ST_1 : Operation 87 [1/1] (0.00ns)   --->   "%sext_ln116_cast = sext i8 %sext_ln116_read"   --->   Operation 87 'sext' 'sext_ln116_cast' <Predicate = true> <Delay = 0.00>
ST_1 : Operation 88 [1/1] (0.00ns)   --->   "%sext_ln116_2_cast = sext i8 %sext_ln116_2_read"   --->   Operation 88 'sext' 'sext_ln116_2_cast' <Predicate = true> <Delay = 0.00>
ST_1 : Operation 89 [1/1] (0.00ns)   --->   "%sext_ln116_3_cast = sext i8 %sext_ln116_3_read"   --->   Operation 89 'sext' 'sext_ln116_3_cast' <Predicate = true> <Delay = 0.00>
ST_1 : Operation 90 [1/1] (0.00ns)   --->   "%sext_ln116_4_cast = sext i8 %sext_ln116_4_read"   --->   Operation 90 'sext' 'sext_ln116_4_cast' <Predicate = true> <Delay = 0.00>
ST_1 : Operation 91 [1/1] (0.00ns)   --->   "%sext_ln116_5_cast = sext i8 %sext_ln116_5_read"   --->   Operation 91 'sext' 'sext_ln116_5_cast' <Predicate = true> <Delay = 0.00>
ST_1 : Operation 92 [1/1] (0.00ns)   --->   "%sext_ln116_6_cast = sext i8 %sext_ln116_6_read"   --->   Operation 92 'sext' 'sext_ln116_6_cast' <Predicate = true> <Delay = 0.00>
ST_1 : Operation 93 [1/1] (0.00ns)   --->   "%sext_ln116_7_cast = sext i8 %sext_ln116_7_read"   --->   Operation 93 'sext' 'sext_ln116_7_cast' <Predicate = true> <Delay = 0.00>
ST_1 : Operation 94 [1/1] (0.00ns)   --->   "%sext_ln116_8_cast = sext i8 %sext_ln116_8_read"   --->   Operation 94 'sext' 'sext_ln116_8_cast' <Predicate = true> <Delay = 0.00>
ST_1 : Operation 95 [1/1] (0.00ns)   --->   "%sext_ln116_9_cast = sext i8 %sext_ln116_9_read"   --->   Operation 95 'sext' 'sext_ln116_9_cast' <Predicate = true> <Delay = 0.00>
ST_1 : Operation 96 [1/1] (0.00ns)   --->   "%sext_ln116_10_cast = sext i8 %sext_ln116_10_read"   --->   Operation 96 'sext' 'sext_ln116_10_cast' <Predicate = true> <Delay = 0.00>
ST_1 : Operation 97 [1/1] (0.00ns)   --->   "%sext_ln116_11_cast = sext i8 %sext_ln116_11_read"   --->   Operation 97 'sext' 'sext_ln116_11_cast' <Predicate = true> <Delay = 0.00>
ST_1 : Operation 98 [1/1] (0.00ns)   --->   "%sext_ln116_12_cast = sext i8 %sext_ln116_12_read"   --->   Operation 98 'sext' 'sext_ln116_12_cast' <Predicate = true> <Delay = 0.00>
ST_1 : Operation 99 [1/1] (0.00ns)   --->   "%sext_ln116_13_cast = sext i8 %sext_ln116_13_read"   --->   Operation 99 'sext' 'sext_ln116_13_cast' <Predicate = true> <Delay = 0.00>
ST_1 : Operation 100 [1/1] (0.00ns)   --->   "%sext_ln116_14_cast = sext i8 %sext_ln116_14_read"   --->   Operation 100 'sext' 'sext_ln116_14_cast' <Predicate = true> <Delay = 0.00>
ST_1 : Operation 101 [1/1] (0.00ns)   --->   "%sext_ln116_15_cast = sext i8 %sext_ln116_15_read"   --->   Operation 101 'sext' 'sext_ln116_15_cast' <Predicate = true> <Delay = 0.00>
ST_1 : Operation 102 [1/1] (0.00ns)   --->   "%sext_ln116_16_cast = sext i8 %sext_ln116_16_read"   --->   Operation 102 'sext' 'sext_ln116_16_cast' <Predicate = true> <Delay = 0.00>
ST_1 : Operation 103 [1/1] (0.00ns)   --->   "%sext_ln116_17_cast = sext i8 %sext_ln116_17_read"   --->   Operation 103 'sext' 'sext_ln116_17_cast' <Predicate = true> <Delay = 0.00>
ST_1 : Operation 104 [1/1] (0.00ns)   --->   "%zext_ln42_cast = zext i13 %zext_ln42_read"   --->   Operation 104 'zext' 'zext_ln42_cast' <Predicate = true> <Delay = 0.00>
ST_1 : Operation 105 [1/1] (0.00ns)   --->   "%zext_ln121_cast = zext i13 %zext_ln121_read"   --->   Operation 105 'zext' 'zext_ln121_cast' <Predicate = true> <Delay = 0.00>
ST_1 : Operation 106 [1/1] (0.00ns)   --->   "%specinterface_ln0 = specinterface void @_ssdm_op_SpecInterface, i24 %m_axis_video, void @empty_17, i32 0, i32 0, void @empty_36, i32 0, i32 0, void @empty, void @empty, void @empty, i32 0, i32 0, i32 0, i32 0, void @empty, void @empty, i32 4294967295, i32 0, i32 0, i32 0"   --->   Operation 106 'specinterface' 'specinterface_ln0' <Predicate = true> <Delay = 0.00>
ST_1 : Operation 107 [1/1] (0.00ns)   --->   "%specinterface_ln0 = specinterface void @_ssdm_op_SpecInterface, i24 %s_axis_video, void @empty_17, i32 0, i32 0, void @empty_36, i32 0, i32 0, void @empty, void @empty, void @empty, i32 0, i32 0, i32 0, i32 0, void @empty, void @empty, i32 4294967295, i32 0, i32 0, i32 0"   --->   Operation 107 'specinterface' 'specinterface_ln0' <Predicate = true> <Delay = 0.00>
ST_1 : Operation 108 [1/1] (0.00ns)   --->   "%line_buffer_3 = alloca i64 1" [hls_filter_2d.cpp:33]   --->   Operation 108 'alloca' 'line_buffer_3' <Predicate = true> <Delay = 0.00> <CoreInst = "RAM">   --->   Core 82 'RAM' <Latency = 1> <II = 1> <Delay = 1.23> <Storage> <Opcode : 'load' 'store'> <Ports = 2> <Width = 8> <Depth = 7680> <RAM>
ST_1 : Operation 109 [1/1] (0.00ns)   --->   "%line_buffer_2 = alloca i64 1" [hls_filter_2d.cpp:33]   --->   Operation 109 'alloca' 'line_buffer_2' <Predicate = true> <Delay = 0.00> <CoreInst = "RAM">   --->   Core 82 'RAM' <Latency = 1> <II = 1> <Delay = 1.23> <Storage> <Opcode : 'load' 'store'> <Ports = 2> <Width = 8> <Depth = 7680> <RAM>
ST_1 : Operation 110 [1/1] (0.00ns)   --->   "%line_buffer_1 = alloca i64 1" [hls_filter_2d.cpp:33]   --->   Operation 110 'alloca' 'line_buffer_1' <Predicate = true> <Delay = 0.00> <CoreInst = "RAM">   --->   Core 82 'RAM' <Latency = 1> <II = 1> <Delay = 1.23> <Storage> <Opcode : 'load' 'store'> <Ports = 2> <Width = 8> <Depth = 7680> <RAM>
ST_1 : Operation 111 [1/1] (0.00ns)   --->   "%line_buffer = alloca i64 1" [hls_filter_2d.cpp:33]   --->   Operation 111 'alloca' 'line_buffer' <Predicate = true> <Delay = 0.00> <CoreInst = "RAM">   --->   Core 82 'RAM' <Latency = 1> <II = 1> <Delay = 1.23> <Storage> <Opcode : 'load' 'store'> <Ports = 2> <Width = 8> <Depth = 7680> <RAM>
ST_1 : Operation 112 [1/1] (0.00ns)   --->   "%zext_ln43 = zext i26 %total_pixels_read" [hls_filter_2d.cpp:43]   --->   Operation 112 'zext' 'zext_ln43' <Predicate = true> <Delay = 0.00>
ST_1 : Operation 113 [1/1] (0.00ns)   --->   "%zext_ln43_1 = zext i15 %flush_cycles_read" [hls_filter_2d.cpp:43]   --->   Operation 113 'zext' 'zext_ln43_1' <Predicate = true> <Delay = 0.00>
ST_1 : Operation 114 [1/1] (0.42ns)   --->   "%store_ln103 = store i13 0, i13 %img_x_2" [hls_filter_2d.cpp:103]   --->   Operation 114 'store' 'store_ln103' <Predicate = true> <Delay = 0.42>
ST_1 : Operation 115 [1/1] (0.42ns)   --->   "%store_ln105 = store i13 0, i13 %img_y_2" [hls_filter_2d.cpp:105]   --->   Operation 115 'store' 'store_ln105' <Predicate = true> <Delay = 0.42>
ST_1 : Operation 116 [1/1] (0.42ns)   --->   "%store_ln46 = store i13 0, i13 %x" [hls_filter_2d.cpp:46]   --->   Operation 116 'store' 'store_ln46' <Predicate = true> <Delay = 0.42>
ST_1 : Operation 117 [1/1] (0.42ns)   --->   "%store_ln50 = store i27 0, i27 %i" [hls_filter_2d.cpp:50]   --->   Operation 117 'store' 'store_ln50' <Predicate = true> <Delay = 0.42>
ST_1 : Operation 118 [1/1] (0.00ns)   --->   "%br_ln50 = br void %for.body.split" [hls_filter_2d.cpp:50]   --->   Operation 118 'br' 'br_ln50' <Predicate = true> <Delay = 0.00>
ST_1 : Operation 119 [1/1] (0.00ns)   --->   "%i_1 = load i27 %i" [hls_filter_2d.cpp:50]   --->   Operation 119 'load' 'i_1' <Predicate = true> <Delay = 0.00>
ST_1 : Operation 120 [1/1] (0.96ns)   --->   "%icmp_ln60 = icmp_ult  i27 %i_1, i27 %zext_ln43" [hls_filter_2d.cpp:60]   --->   Operation 120 'icmp' 'icmp_ln60' <Predicate = true> <Delay = 0.96> <CoreInst = "Cmp">   --->   Core 9 'Cmp' <Latency = 0> <II = 1> <Delay = 0.96> <FuncUnit> <Opcode : 'seteq' 'setne' 'setle' 'setge' 'setlt' 'setgt'> <InPorts = 2> <OutPorts = 1>
ST_1 : Operation 121 [1/1] (0.96ns)   --->   "%i_3 = add i27 %i_1, i27 1" [hls_filter_2d.cpp:50]   --->   Operation 121 'add' 'i_3' <Predicate = true> <Delay = 0.96> <CoreInst = "Adder">   --->   Core 1 'Adder' <Latency = 0> <II = 1> <Delay = 0.96> <FuncUnit> <Opcode : 'add' 'sub'> <InPorts = 2> <OutPorts = 1>
ST_1 : Operation 122 [1/1] (0.42ns)   --->   "%br_ln60 = br i1 %icmp_ln60, void %for.inc, void %if.then" [hls_filter_2d.cpp:60]   --->   Operation 122 'br' 'br_ln60' <Predicate = true> <Delay = 0.42>
ST_1 : Operation 123 [1/1] (0.42ns)   --->   "%br_ln66 = br void %for.inc" [hls_filter_2d.cpp:66]   --->   Operation 123 'br' 'br_ln66' <Predicate = (icmp_ln60)> <Delay = 0.42>
ST_1 : Operation 124 [1/1] (0.96ns)   --->   "%icmp_ln96 = icmp_ult  i27 %i_1, i27 %zext_ln43_1" [hls_filter_2d.cpp:96]   --->   Operation 124 'icmp' 'icmp_ln96' <Predicate = true> <Delay = 0.96> <CoreInst = "Cmp">   --->   Core 9 'Cmp' <Latency = 0> <II = 1> <Delay = 0.96> <FuncUnit> <Opcode : 'seteq' 'setne' 'setle' 'setge' 'setlt' 'setgt'> <InPorts = 2> <OutPorts = 1>
ST_1 : Operation 125 [1/1] (0.00ns)   --->   "%br_ln96 = br i1 %icmp_ln96, void %VITIS_LOOP_99_6, void %for.inc163" [hls_filter_2d.cpp:96]   --->   Operation 125 'br' 'br_ln96' <Predicate = true> <Delay = 0.00>
ST_1 : Operation 126 [1/1] (0.42ns)   --->   "%br_ln136 = br i1 %borderType_read, void %if.else119, void %if.end152" [hls_filter_2d.cpp:136]   --->   Operation 126 'br' 'br_ln136' <Predicate = (!icmp_ln96)> <Delay = 0.42>
ST_1 : Operation 127 [1/1] (0.96ns)   --->   "%icmp_ln50 = icmp_eq  i27 %i_3, i27 %total_cycles_read" [hls_filter_2d.cpp:50]   --->   Operation 127 'icmp' 'icmp_ln50' <Predicate = true> <Delay = 0.96> <CoreInst = "Cmp">   --->   Core 9 'Cmp' <Latency = 0> <II = 1> <Delay = 0.96> <FuncUnit> <Opcode : 'seteq' 'setne' 'setle' 'setge' 'setlt' 'setgt'> <InPorts = 2> <OutPorts = 1>
ST_1 : Operation 128 [1/1] (0.42ns)   --->   "%store_ln50 = store i27 %i_3, i27 %i" [hls_filter_2d.cpp:50]   --->   Operation 128 'store' 'store_ln50' <Predicate = true> <Delay = 0.42>
ST_1 : Operation 129 [1/1] (0.00ns)   --->   "%br_ln50 = br i1 %icmp_ln50, void %for.body.split, void %for.end165.exitStub" [hls_filter_2d.cpp:50]   --->   Operation 129 'br' 'br_ln50' <Predicate = true> <Delay = 0.00>

State 2 <SV = 1> <Delay = 2.05>
ST_2 : Operation 130 [1/1] (0.00ns)   --->   "%x_3 = load i13 %x" [hls_filter_2d.cpp:90]   --->   Operation 130 'load' 'x_3' <Predicate = true> <Delay = 0.00>
ST_2 : Operation 131 [1/1] ( I:0.07ns O:0.07ns )   --->   "%s_axis_video_read = read i24 @_ssdm_op_Read.axis.volatile.i24P128A, i24 %s_axis_video" [hls_filter_2d.cpp:64]   --->   Operation 131 'read' 's_axis_video_read' <Predicate = (icmp_ln60)> <Delay = 0.07> <CoreInst = "regslice">   --->   Core 147 'regslice' <Latency = 0> <II = 1> <Delay = 0.62> <Adapter> <Opcode : 'read' 'write'>
ST_2 : Operation 132 [1/1] (0.00ns)   --->   "%trunc_ln64 = trunc i24 %s_axis_video_read" [hls_filter_2d.cpp:64]   --->   Operation 132 'trunc' 'trunc_ln64' <Predicate = (icmp_ln60)> <Delay = 0.00>
ST_2 : Operation 133 [1/1] (0.00ns)   --->   "%new_pixel = phi i8 %trunc_ln64, void %if.then, i8 0, void %for.body.split" [hls_filter_2d.cpp:64]   --->   Operation 133 'phi' 'new_pixel' <Predicate = true> <Delay = 0.00>
ST_2 : Operation 134 [1/1] (0.00ns)   --->   "%zext_ln76 = zext i13 %x_3" [hls_filter_2d.cpp:76]   --->   Operation 134 'zext' 'zext_ln76' <Predicate = true> <Delay = 0.00>
ST_2 : Operation 135 [1/1] (0.00ns)   --->   "%line_buffer_addr = getelementptr i8 %line_buffer, i64 0, i64 %zext_ln76" [hls_filter_2d.cpp:76]   --->   Operation 135 'getelementptr' 'line_buffer_addr' <Predicate = true> <Delay = 0.00>
ST_2 : Operation 136 [1/1] (0.00ns)   --->   "%line_buffer_1_addr = getelementptr i8 %line_buffer_1, i64 0, i64 %zext_ln76" [hls_filter_2d.cpp:76]   --->   Operation 136 'getelementptr' 'line_buffer_1_addr' <Predicate = true> <Delay = 0.00>
ST_2 : Operation 137 [1/1] (0.00ns)   --->   "%line_buffer_2_addr = getelementptr i8 %line_buffer_2, i64 0, i64 %zext_ln76" [hls_filter_2d.cpp:76]   --->   Operation 137 'getelementptr' 'line_buffer_2_addr' <Predicate = true> <Delay = 0.00>
ST_2 : Operation 138 [1/1] (0.00ns)   --->   "%line_buffer_3_addr = getelementptr i8 %line_buffer_3, i64 0, i64 %zext_ln76" [hls_filter_2d.cpp:76]   --->   Operation 138 'getelementptr' 'line_buffer_3_addr' <Predicate = true> <Delay = 0.00>
ST_2 : Operation 139 [2/2] (1.23ns)   --->   "%val_79 = load i13 %line_buffer_3_addr" [hls_filter_2d.cpp:76]   --->   Operation 139 'load' 'val_79' <Predicate = true> <Delay = 1.23> <CoreInst = "RAM">   --->   Core 82 'RAM' <Latency = 1> <II = 1> <Delay = 1.23> <Storage> <Opcode : 'load' 'store'> <Ports = 2> <Width = 8> <Depth = 7680> <RAM>
ST_2 : Operation 140 [1/1] (0.82ns)   --->   "%icmp_ln80 = icmp_ult  i13 %x_3, i13 %width_read" [hls_filter_2d.cpp:80]   --->   Operation 140 'icmp' 'icmp_ln80' <Predicate = true> <Delay = 0.82> <CoreInst = "Cmp">   --->   Core 9 'Cmp' <Latency = 0> <II = 1> <Delay = 0.82> <FuncUnit> <Opcode : 'seteq' 'setne' 'setle' 'setge' 'setlt' 'setgt'> <InPorts = 2> <OutPorts = 1>
ST_2 : Operation 141 [1/1] (0.00ns)   --->   "%br_ln80 = br i1 %icmp_ln80, void %if.end59, void %VITIS_LOOP_81_5" [hls_filter_2d.cpp:80]   --->   Operation 141 'br' 'br_ln80' <Predicate = true> <Delay = 0.00>
ST_2 : Operation 142 [1/1] ( I:1.23ns O:1.23ns )   --->   "%store_ln84 = store i8 %new_pixel, i13 %line_buffer_3_addr" [hls_filter_2d.cpp:84]   --->   Operation 142 'store' 'store_ln84' <Predicate = (icmp_ln80)> <Delay = 1.23> <CoreInst = "RAM">   --->   Core 82 'RAM' <Latency = 1> <II = 1> <Delay = 1.23> <Storage> <Opcode : 'load' 'store'> <Ports = 2> <Width = 8> <Depth = 7680> <RAM>
ST_2 : Operation 143 [1/1] (0.00ns)   --->   "%zext_ln87 = zext i13 %x_3" [hls_filter_2d.cpp:87]   --->   Operation 143 'zext' 'zext_ln87' <Predicate = true> <Delay = 0.00>
ST_2 : Operation 144 [1/1] (0.83ns)   --->   "%icmp_ln87 = icmp_eq  i14 %add_ln87_read, i14 %zext_ln87" [hls_filter_2d.cpp:87]   --->   Operation 144 'icmp' 'icmp_ln87' <Predicate = true> <Delay = 0.83> <CoreInst = "Cmp">   --->   Core 9 'Cmp' <Latency = 0> <II = 1> <Delay = 0.83> <FuncUnit> <Opcode : 'seteq' 'setne' 'setle' 'setge' 'setlt' 'setgt'> <InPorts = 2> <OutPorts = 1>
ST_2 : Operation 145 [1/1] (0.82ns)   --->   "%x_4 = add i13 %x_3, i13 1" [hls_filter_2d.cpp:90]   --->   Operation 145 'add' 'x_4' <Predicate = true> <Delay = 0.82> <CoreInst = "Adder">   --->   Core 1 'Adder' <Latency = 0> <II = 1> <Delay = 0.82> <FuncUnit> <Opcode : 'add' 'sub'> <InPorts = 2> <OutPorts = 1>
ST_2 : Operation 146 [1/1] (0.30ns)   --->   "%x_5 = select i1 %icmp_ln87, i13 0, i13 %x_4" [hls_filter_2d.cpp:87]   --->   Operation 146 'select' 'x_5' <Predicate = true> <Delay = 0.30> <CoreInst = "Sel">   --->   Core 73 'Sel' <Latency = 0> <II = 1> <Delay = 0.30> <FuncUnit> <Opcode : 'select'> <InPorts = 3> <OutPorts = 1>
ST_2 : Operation 147 [1/1] (0.42ns)   --->   "%store_ln46 = store i13 %x_5, i13 %x" [hls_filter_2d.cpp:46]   --->   Operation 147 'store' 'store_ln46' <Predicate = true> <Delay = 0.42>

State 3 <SV = 2> <Delay = 2.47>
ST_3 : Operation 148 [2/2] (1.23ns)   --->   "%val_73 = load i13 %line_buffer_2_addr" [hls_filter_2d.cpp:76]   --->   Operation 148 'load' 'val_73' <Predicate = true> <Delay = 1.23> <CoreInst = "RAM">   --->   Core 82 'RAM' <Latency = 1> <II = 1> <Delay = 1.23> <Storage> <Opcode : 'load' 'store'> <Ports = 2> <Width = 8> <Depth = 7680> <RAM>
ST_3 : Operation 149 [1/2] ( I:1.23ns O:1.23ns )   --->   "%val_79 = load i13 %line_buffer_3_addr" [hls_filter_2d.cpp:76]   --->   Operation 149 'load' 'val_79' <Predicate = true> <Delay = 1.23> <CoreInst = "RAM">   --->   Core 82 'RAM' <Latency = 1> <II = 1> <Delay = 1.23> <Storage> <Opcode : 'load' 'store'> <Ports = 2> <Width = 8> <Depth = 7680> <RAM>
ST_3 : Operation 150 [1/1] ( I:1.23ns O:1.23ns )   --->   "%store_ln82 = store i8 %val_79, i13 %line_buffer_2_addr" [hls_filter_2d.cpp:82]   --->   Operation 150 'store' 'store_ln82' <Predicate = (icmp_ln80)> <Delay = 1.23> <CoreInst = "RAM">   --->   Core 82 'RAM' <Latency = 1> <II = 1> <Delay = 1.23> <Storage> <Opcode : 'load' 'store'> <Ports = 2> <Width = 8> <Depth = 7680> <RAM>

State 4 <SV = 3> <Delay = 2.47>
ST_4 : Operation 151 [1/1] (0.00ns)   --->   "%img_y_5 = load i13 %img_y_2" [hls_filter_2d.cpp:163]   --->   Operation 151 'load' 'img_y_5' <Predicate = true> <Delay = 0.00>
ST_4 : Operation 152 [1/1] (0.00ns)   --->   "%img_x_5 = load i13 %img_x_2" [hls_filter_2d.cpp:165]   --->   Operation 152 'load' 'img_x_5' <Predicate = true> <Delay = 0.00>
ST_4 : Operation 153 [2/2] (1.23ns)   --->   "%val_67 = load i13 %line_buffer_1_addr" [hls_filter_2d.cpp:76]   --->   Operation 153 'load' 'val_67' <Predicate = true> <Delay = 1.23> <CoreInst = "RAM">   --->   Core 82 'RAM' <Latency = 1> <II = 1> <Delay = 1.23> <Storage> <Opcode : 'load' 'store'> <Ports = 2> <Width = 8> <Depth = 7680> <RAM>
ST_4 : Operation 154 [1/2] ( I:1.23ns O:1.23ns )   --->   "%val_73 = load i13 %line_buffer_2_addr" [hls_filter_2d.cpp:76]   --->   Operation 154 'load' 'val_73' <Predicate = true> <Delay = 1.23> <CoreInst = "RAM">   --->   Core 82 'RAM' <Latency = 1> <II = 1> <Delay = 1.23> <Storage> <Opcode : 'load' 'store'> <Ports = 2> <Width = 8> <Depth = 7680> <RAM>
ST_4 : Operation 155 [1/1] ( I:1.23ns O:1.23ns )   --->   "%store_ln82 = store i8 %val_73, i13 %line_buffer_1_addr" [hls_filter_2d.cpp:82]   --->   Operation 155 'store' 'store_ln82' <Predicate = (icmp_ln80)> <Delay = 1.23> <CoreInst = "RAM">   --->   Core 82 'RAM' <Latency = 1> <II = 1> <Delay = 1.23> <Storage> <Opcode : 'load' 'store'> <Ports = 2> <Width = 8> <Depth = 7680> <RAM>
ST_4 : Operation 156 [1/1] (0.00ns)   --->   "%zext_ln104 = zext i13 %img_x_5" [hls_filter_2d.cpp:104]   --->   Operation 156 'zext' 'zext_ln104' <Predicate = (!icmp_ln96)> <Delay = 0.00>
ST_4 : Operation 157 [1/1] (0.00ns)   --->   "%zext_ln106 = zext i13 %img_y_5" [hls_filter_2d.cpp:106]   --->   Operation 157 'zext' 'zext_ln106' <Predicate = (!icmp_ln96)> <Delay = 0.00>
ST_4 : Operation 158 [1/1] (0.82ns)   --->   "%img_y = add i14 %zext_ln106, i14 16382" [hls_filter_2d.cpp:106]   --->   Operation 158 'add' 'img_y' <Predicate = (!icmp_ln96)> <Delay = 0.82> <CoreInst = "Adder">   --->   Core 1 'Adder' <Latency = 0> <II = 1> <Delay = 0.82> <FuncUnit> <Opcode : 'add' 'sub'> <InPorts = 2> <OutPorts = 1>
ST_4 : Operation 159 [1/1] (0.00ns) (grouped into LUT with out node or_ln111_1)   --->   "%tmp_1 = bitselect i1 @_ssdm_op_BitSelect.i1.i14.i32, i14 %img_y, i32 13" [hls_filter_2d.cpp:111]   --->   Operation 159 'bitselect' 'tmp_1' <Predicate = (!icmp_ln96)> <Delay = 0.00>
ST_4 : Operation 160 [1/1] (0.83ns)   --->   "%icmp_ln111 = icmp_slt  i14 %img_y, i14 %zext_ln121_cast" [hls_filter_2d.cpp:111]   --->   Operation 160 'icmp' 'icmp_ln111' <Predicate = (!icmp_ln96)> <Delay = 0.83> <CoreInst = "Cmp">   --->   Core 9 'Cmp' <Latency = 0> <II = 1> <Delay = 0.83> <FuncUnit> <Opcode : 'seteq' 'setne' 'setle' 'setge' 'setlt' 'setgt'> <InPorts = 2> <OutPorts = 1>
ST_4 : Operation 161 [1/1] (0.00ns) (grouped into LUT with out node or_ln111_1)   --->   "%xor_ln111 = xor i1 %icmp_ln111, i1 1" [hls_filter_2d.cpp:111]   --->   Operation 161 'xor' 'xor_ln111' <Predicate = (!icmp_ln96)> <Delay = 0.00> <CoreInst = "LogicGate">   --->   Core 74 'LogicGate' <Latency = 0> <II = 1> <Delay = 0.28> <FuncUnit> <Opcode : 'and' 'or' 'xor'> <InPorts = 2> <OutPorts = 1>
ST_4 : Operation 162 [1/1] (0.28ns) (out node of the LUT)   --->   "%or_ln111_1 = or i1 %tmp_1, i1 %xor_ln111" [hls_filter_2d.cpp:111]   --->   Operation 162 'or' 'or_ln111_1' <Predicate = (!icmp_ln96)> <Delay = 0.28> <CoreInst = "LogicGate">   --->   Core 74 'LogicGate' <Latency = 0> <II = 1> <Delay = 0.28> <FuncUnit> <Opcode : 'and' 'or' 'xor'> <InPorts = 2> <OutPorts = 1>
ST_4 : Operation 163 [1/1] (0.82ns)   --->   "%icmp_ln111_3 = icmp_ult  i13 %img_x_5, i13 %width_read" [hls_filter_2d.cpp:111]   --->   Operation 163 'icmp' 'icmp_ln111_3' <Predicate = (!icmp_ln96)> <Delay = 0.82> <CoreInst = "Cmp">   --->   Core 9 'Cmp' <Latency = 0> <II = 1> <Delay = 0.82> <FuncUnit> <Opcode : 'seteq' 'setne' 'setle' 'setge' 'setlt' 'setgt'> <InPorts = 2> <OutPorts = 1>
ST_4 : Operation 164 [1/1] (0.82ns)   --->   "%img_y_6 = add i14 %zext_ln106, i14 16383" [hls_filter_2d.cpp:106]   --->   Operation 164 'add' 'img_y_6' <Predicate = (!icmp_ln96)> <Delay = 0.82> <CoreInst = "Adder">   --->   Core 1 'Adder' <Latency = 0> <II = 1> <Delay = 0.82> <FuncUnit> <Opcode : 'add' 'sub'> <InPorts = 2> <OutPorts = 1>
ST_4 : Operation 165 [1/1] (0.00ns) (grouped into LUT with out node or_ln111_8)   --->   "%tmp_4 = bitselect i1 @_ssdm_op_BitSelect.i1.i14.i32, i14 %img_y_6, i32 13" [hls_filter_2d.cpp:111]   --->   Operation 165 'bitselect' 'tmp_4' <Predicate = (!icmp_ln96)> <Delay = 0.00>
ST_4 : Operation 166 [1/1] (0.83ns)   --->   "%icmp_ln111_6 = icmp_slt  i14 %img_y_6, i14 %zext_ln121_cast" [hls_filter_2d.cpp:111]   --->   Operation 166 'icmp' 'icmp_ln111_6' <Predicate = (!icmp_ln96)> <Delay = 0.83> <CoreInst = "Cmp">   --->   Core 9 'Cmp' <Latency = 0> <II = 1> <Delay = 0.83> <FuncUnit> <Opcode : 'seteq' 'setne' 'setle' 'setge' 'setlt' 'setgt'> <InPorts = 2> <OutPorts = 1>
ST_4 : Operation 167 [1/1] (0.00ns) (grouped into LUT with out node or_ln111_8)   --->   "%xor_ln111_6 = xor i1 %icmp_ln111_6, i1 1" [hls_filter_2d.cpp:111]   --->   Operation 167 'xor' 'xor_ln111_6' <Predicate = (!icmp_ln96)> <Delay = 0.00> <CoreInst = "LogicGate">   --->   Core 74 'LogicGate' <Latency = 0> <II = 1> <Delay = 0.28> <FuncUnit> <Opcode : 'and' 'or' 'xor'> <InPorts = 2> <OutPorts = 1>
ST_4 : Operation 168 [1/1] (0.28ns) (out node of the LUT)   --->   "%or_ln111_8 = or i1 %tmp_4, i1 %xor_ln111_6" [hls_filter_2d.cpp:111]   --->   Operation 168 'or' 'or_ln111_8' <Predicate = (!icmp_ln96)> <Delay = 0.28> <CoreInst = "LogicGate">   --->   Core 74 'LogicGate' <Latency = 0> <II = 1> <Delay = 0.28> <FuncUnit> <Opcode : 'and' 'or' 'xor'> <InPorts = 2> <OutPorts = 1>
ST_4 : Operation 169 [1/1] (0.82ns)   --->   "%icmp_ln111_7 = icmp_ult  i13 %img_y_5, i13 %height_read" [hls_filter_2d.cpp:111]   --->   Operation 169 'icmp' 'icmp_ln111_7' <Predicate = (!icmp_ln96)> <Delay = 0.82> <CoreInst = "Cmp">   --->   Core 9 'Cmp' <Latency = 0> <II = 1> <Delay = 0.82> <FuncUnit> <Opcode : 'seteq' 'setne' 'setle' 'setge' 'setlt' 'setgt'> <InPorts = 2> <OutPorts = 1>
ST_4 : Operation 170 [1/1] (0.82ns)   --->   "%img_y_7 = add i14 %zext_ln106, i14 1" [hls_filter_2d.cpp:106]   --->   Operation 170 'add' 'img_y_7' <Predicate = (!icmp_ln96)> <Delay = 0.82> <CoreInst = "Adder">   --->   Core 1 'Adder' <Latency = 0> <II = 1> <Delay = 0.82> <FuncUnit> <Opcode : 'add' 'sub'> <InPorts = 2> <OutPorts = 1>
ST_4 : Operation 171 [1/1] (0.83ns)   --->   "%icmp_ln111_8 = icmp_ult  i14 %img_y_7, i14 %zext_ln121_cast" [hls_filter_2d.cpp:111]   --->   Operation 171 'icmp' 'icmp_ln111_8' <Predicate = (!icmp_ln96)> <Delay = 0.83> <CoreInst = "Cmp">   --->   Core 9 'Cmp' <Latency = 0> <II = 1> <Delay = 0.83> <FuncUnit> <Opcode : 'seteq' 'setne' 'setle' 'setge' 'setlt' 'setgt'> <InPorts = 2> <OutPorts = 1>
ST_4 : Operation 172 [1/1] (0.82ns)   --->   "%img_y_8 = add i14 %zext_ln106, i14 2" [hls_filter_2d.cpp:106]   --->   Operation 172 'add' 'img_y_8' <Predicate = (!icmp_ln96)> <Delay = 0.82> <CoreInst = "Adder">   --->   Core 1 'Adder' <Latency = 0> <II = 1> <Delay = 0.82> <FuncUnit> <Opcode : 'add' 'sub'> <InPorts = 2> <OutPorts = 1>
ST_4 : Operation 173 [1/1] (0.83ns)   --->   "%icmp_ln111_9 = icmp_ult  i14 %img_y_8, i14 %zext_ln121_cast" [hls_filter_2d.cpp:111]   --->   Operation 173 'icmp' 'icmp_ln111_9' <Predicate = (!icmp_ln96)> <Delay = 0.83> <CoreInst = "Cmp">   --->   Core 9 'Cmp' <Latency = 0> <II = 1> <Delay = 0.83> <FuncUnit> <Opcode : 'seteq' 'setne' 'setle' 'setge' 'setlt' 'setgt'> <InPorts = 2> <OutPorts = 1>
ST_4 : Operation 174 [1/1] (0.28ns)   --->   "%xor_ln111_9 = xor i1 %icmp_ln111_9, i1 1" [hls_filter_2d.cpp:111]   --->   Operation 174 'xor' 'xor_ln111_9' <Predicate = (!icmp_ln96)> <Delay = 0.28> <CoreInst = "LogicGate">   --->   Core 74 'LogicGate' <Latency = 0> <II = 1> <Delay = 0.28> <FuncUnit> <Opcode : 'and' 'or' 'xor'> <InPorts = 2> <OutPorts = 1>
ST_4 : Operation 175 [1/1] (0.00ns)   --->   "%tmp_7 = partselect i12 @_ssdm_op_PartSelect.i12.i13.i32.i32, i13 %img_x_5, i32 1, i32 12" [hls_filter_2d.cpp:139]   --->   Operation 175 'partselect' 'tmp_7' <Predicate = (!icmp_ln96 & !borderType_read)> <Delay = 0.00>
ST_4 : Operation 176 [1/1] (0.80ns)   --->   "%icmp_ln139 = icmp_ne  i12 %tmp_7, i12 0" [hls_filter_2d.cpp:139]   --->   Operation 176 'icmp' 'icmp_ln139' <Predicate = (!icmp_ln96 & !borderType_read)> <Delay = 0.80> <CoreInst = "Cmp">   --->   Core 9 'Cmp' <Latency = 0> <II = 1> <Delay = 0.80> <FuncUnit> <Opcode : 'seteq' 'setne' 'setle' 'setge' 'setlt' 'setgt'> <InPorts = 2> <OutPorts = 1>
ST_4 : Operation 177 [1/1] (0.83ns)   --->   "%icmp_ln139_1 = icmp_sgt  i14 %add_ln139_read, i14 %zext_ln104" [hls_filter_2d.cpp:139]   --->   Operation 177 'icmp' 'icmp_ln139_1' <Predicate = (!icmp_ln96 & !borderType_read)> <Delay = 0.83> <CoreInst = "Cmp">   --->   Core 9 'Cmp' <Latency = 0> <II = 1> <Delay = 0.83> <FuncUnit> <Opcode : 'seteq' 'setne' 'setle' 'setge' 'setlt' 'setgt'> <InPorts = 2> <OutPorts = 1>
ST_4 : Operation 178 [1/1] (0.00ns)   --->   "%tmp_8 = partselect i12 @_ssdm_op_PartSelect.i12.i13.i32.i32, i13 %img_y_5, i32 1, i32 12" [hls_filter_2d.cpp:139]   --->   Operation 178 'partselect' 'tmp_8' <Predicate = (!icmp_ln96 & !borderType_read)> <Delay = 0.00>
ST_4 : Operation 179 [1/1] (0.80ns)   --->   "%icmp_ln139_2 = icmp_ne  i12 %tmp_8, i12 0" [hls_filter_2d.cpp:139]   --->   Operation 179 'icmp' 'icmp_ln139_2' <Predicate = (!icmp_ln96 & !borderType_read)> <Delay = 0.80> <CoreInst = "Cmp">   --->   Core 9 'Cmp' <Latency = 0> <II = 1> <Delay = 0.80> <FuncUnit> <Opcode : 'seteq' 'setne' 'setle' 'setge' 'setlt' 'setgt'> <InPorts = 2> <OutPorts = 1>
ST_4 : Operation 180 [1/1] (0.83ns)   --->   "%icmp_ln140 = icmp_sgt  i14 %add_ln140_read, i14 %zext_ln106" [hls_filter_2d.cpp:140]   --->   Operation 180 'icmp' 'icmp_ln140' <Predicate = (!icmp_ln96 & !borderType_read)> <Delay = 0.83> <CoreInst = "Cmp">   --->   Core 9 'Cmp' <Latency = 0> <II = 1> <Delay = 0.83> <FuncUnit> <Opcode : 'seteq' 'setne' 'setle' 'setge' 'setlt' 'setgt'> <InPorts = 2> <OutPorts = 1>
ST_4 : Operation 181 [1/1] (0.00ns) (grouped into LUT with out node and_ln139_2)   --->   "%and_ln139 = and i1 %icmp_ln140, i1 %icmp_ln139_2" [hls_filter_2d.cpp:139]   --->   Operation 181 'and' 'and_ln139' <Predicate = (!icmp_ln96 & !borderType_read)> <Delay = 0.00> <CoreInst = "LogicGate">   --->   Core 74 'LogicGate' <Latency = 0> <II = 1> <Delay = 0.28> <FuncUnit> <Opcode : 'and' 'or' 'xor'> <InPorts = 2> <OutPorts = 1>
ST_4 : Operation 182 [1/1] (0.00ns) (grouped into LUT with out node and_ln139_2)   --->   "%and_ln139_1 = and i1 %icmp_ln139_1, i1 %icmp_ln139" [hls_filter_2d.cpp:139]   --->   Operation 182 'and' 'and_ln139_1' <Predicate = (!icmp_ln96 & !borderType_read)> <Delay = 0.00> <CoreInst = "LogicGate">   --->   Core 74 'LogicGate' <Latency = 0> <II = 1> <Delay = 0.28> <FuncUnit> <Opcode : 'and' 'or' 'xor'> <InPorts = 2> <OutPorts = 1>
ST_4 : Operation 183 [1/1] (0.28ns) (out node of the LUT)   --->   "%and_ln139_2 = and i1 %and_ln139_1, i1 %and_ln139" [hls_filter_2d.cpp:139]   --->   Operation 183 'and' 'and_ln139_2' <Predicate = (!icmp_ln96 & !borderType_read)> <Delay = 0.28> <CoreInst = "LogicGate">   --->   Core 74 'LogicGate' <Latency = 0> <II = 1> <Delay = 0.28> <FuncUnit> <Opcode : 'and' 'or' 'xor'> <InPorts = 2> <OutPorts = 1>
ST_4 : Operation 184 [1/1] (0.42ns)   --->   "%br_ln139 = br i1 %and_ln139_2, void %if.end153, void %if.end152" [hls_filter_2d.cpp:139]   --->   Operation 184 'br' 'br_ln139' <Predicate = (!icmp_ln96 & !borderType_read)> <Delay = 0.42>
ST_4 : Operation 185 [1/1] (0.00ns) (grouped into LUT with out node out_paket_user)   --->   "%or_ln149 = or i13 %img_x_5, i13 %img_y_5" [hls_filter_2d.cpp:149]   --->   Operation 185 'or' 'or_ln149' <Predicate = (!icmp_ln96 & and_ln139_2) | (!icmp_ln96 & borderType_read)> <Delay = 0.00> <CoreInst = "LogicGate">   --->   Core 74 'LogicGate' <Latency = 0> <II = 1> <Delay = 0.33> <FuncUnit> <Opcode : 'and' 'or' 'xor'> <InPorts = 2> <OutPorts = 1>
ST_4 : Operation 186 [1/1] (0.82ns) (out node of the LUT)   --->   "%out_paket_user = icmp_eq  i13 %or_ln149, i13 0" [hls_filter_2d.cpp:149]   --->   Operation 186 'icmp' 'out_paket_user' <Predicate = (!icmp_ln96 & and_ln139_2) | (!icmp_ln96 & borderType_read)> <Delay = 0.82> <CoreInst = "Cmp">   --->   Core 9 'Cmp' <Latency = 0> <II = 1> <Delay = 0.82> <FuncUnit> <Opcode : 'seteq' 'setne' 'setle' 'setge' 'setlt' 'setgt'> <InPorts = 2> <OutPorts = 1>
ST_4 : Operation 187 [1/1] (0.83ns)   --->   "%icmp_ln161 = icmp_eq  i14 %add_ln87_read, i14 %zext_ln104" [hls_filter_2d.cpp:161]   --->   Operation 187 'icmp' 'icmp_ln161' <Predicate = (!icmp_ln96)> <Delay = 0.83> <CoreInst = "Cmp">   --->   Core 9 'Cmp' <Latency = 0> <II = 1> <Delay = 0.83> <FuncUnit> <Opcode : 'seteq' 'setne' 'setle' 'setge' 'setlt' 'setgt'> <InPorts = 2> <OutPorts = 1>
ST_4 : Operation 188 [1/1] (0.82ns)   --->   "%out_y = add i13 %img_y_5, i13 1" [hls_filter_2d.cpp:163]   --->   Operation 188 'add' 'out_y' <Predicate = (!icmp_ln96)> <Delay = 0.82> <CoreInst = "Adder">   --->   Core 1 'Adder' <Latency = 0> <II = 1> <Delay = 0.82> <FuncUnit> <Opcode : 'add' 'sub'> <InPorts = 2> <OutPorts = 1>
ST_4 : Operation 189 [1/1] (0.82ns)   --->   "%out_x = add i13 %img_x_5, i13 1" [hls_filter_2d.cpp:165]   --->   Operation 189 'add' 'out_x' <Predicate = (!icmp_ln96)> <Delay = 0.82> <CoreInst = "Adder">   --->   Core 1 'Adder' <Latency = 0> <II = 1> <Delay = 0.82> <FuncUnit> <Opcode : 'add' 'sub'> <InPorts = 2> <OutPorts = 1>
ST_4 : Operation 190 [1/1] (0.30ns)   --->   "%out_x_1 = select i1 %icmp_ln161, i13 0, i13 %out_x" [hls_filter_2d.cpp:161]   --->   Operation 190 'select' 'out_x_1' <Predicate = (!icmp_ln96)> <Delay = 0.30> <CoreInst = "Sel">   --->   Core 73 'Sel' <Latency = 0> <II = 1> <Delay = 0.30> <FuncUnit> <Opcode : 'select'> <InPorts = 3> <OutPorts = 1>
ST_4 : Operation 191 [1/1] (0.30ns)   --->   "%out_y_1 = select i1 %icmp_ln161, i13 %out_y, i13 %img_y_5" [hls_filter_2d.cpp:161]   --->   Operation 191 'select' 'out_y_1' <Predicate = (!icmp_ln96)> <Delay = 0.30> <CoreInst = "Sel">   --->   Core 73 'Sel' <Latency = 0> <II = 1> <Delay = 0.30> <FuncUnit> <Opcode : 'select'> <InPorts = 3> <OutPorts = 1>
ST_4 : Operation 192 [1/1] (0.42ns)   --->   "%store_ln103 = store i13 %out_x_1, i13 %img_x_2" [hls_filter_2d.cpp:103]   --->   Operation 192 'store' 'store_ln103' <Predicate = (!icmp_ln96)> <Delay = 0.42>
ST_4 : Operation 193 [1/1] (0.42ns)   --->   "%store_ln105 = store i13 %out_y_1, i13 %img_y_2" [hls_filter_2d.cpp:105]   --->   Operation 193 'store' 'store_ln105' <Predicate = (!icmp_ln96)> <Delay = 0.42>
ST_4 : Operation 194 [1/1] (0.00ns)   --->   "%br_ln167 = br void %for.inc163" [hls_filter_2d.cpp:167]   --->   Operation 194 'br' 'br_ln167' <Predicate = (!icmp_ln96)> <Delay = 0.00>

State 5 <SV = 4> <Delay = 3.61>
ST_5 : Operation 195 [1/1] (0.00ns)   --->   "%val_46 = load i8 %val_22"   --->   Operation 195 'load' 'val_46' <Predicate = true> <Delay = 0.00>
ST_5 : Operation 196 [1/1] (0.00ns)   --->   "%val_48 = load i8 %val_24"   --->   Operation 196 'load' 'val_48' <Predicate = true> <Delay = 0.00>
ST_5 : Operation 197 [1/1] (0.00ns)   --->   "%val_50 = load i8 %val_26"   --->   Operation 197 'load' 'val_50' <Predicate = true> <Delay = 0.00>
ST_5 : Operation 198 [1/1] (0.00ns)   --->   "%val_51 = load i8 %val_30"   --->   Operation 198 'load' 'val_51' <Predicate = true> <Delay = 0.00>
ST_5 : Operation 199 [1/1] (0.00ns)   --->   "%val_52 = load i8 %val_32"   --->   Operation 199 'load' 'val_52' <Predicate = true> <Delay = 0.00>
ST_5 : Operation 200 [1/1] (0.00ns)   --->   "%val_53 = load i8 %val_34"   --->   Operation 200 'load' 'val_53' <Predicate = true> <Delay = 0.00>
ST_5 : Operation 201 [1/1] (0.00ns)   --->   "%val_54 = load i8 %val_36"   --->   Operation 201 'load' 'val_54' <Predicate = true> <Delay = 0.00>
ST_5 : Operation 202 [1/1] (0.00ns)   --->   "%val_55 = load i8 %val_40"   --->   Operation 202 'load' 'val_55' <Predicate = true> <Delay = 0.00>
ST_5 : Operation 203 [2/2] (1.23ns)   --->   "%val_61 = load i13 %line_buffer_addr" [hls_filter_2d.cpp:76]   --->   Operation 203 'load' 'val_61' <Predicate = true> <Delay = 1.23> <CoreInst = "RAM">   --->   Core 82 'RAM' <Latency = 1> <II = 1> <Delay = 1.23> <Storage> <Opcode : 'load' 'store'> <Ports = 2> <Width = 8> <Depth = 7680> <RAM>
ST_5 : Operation 204 [1/2] ( I:1.23ns O:1.23ns )   --->   "%val_67 = load i13 %line_buffer_1_addr" [hls_filter_2d.cpp:76]   --->   Operation 204 'load' 'val_67' <Predicate = true> <Delay = 1.23> <CoreInst = "RAM">   --->   Core 82 'RAM' <Latency = 1> <II = 1> <Delay = 1.23> <Storage> <Opcode : 'load' 'store'> <Ports = 2> <Width = 8> <Depth = 7680> <RAM>
ST_5 : Operation 205 [1/1] ( I:1.23ns O:1.23ns )   --->   "%store_ln82 = store i8 %val_67, i13 %line_buffer_addr" [hls_filter_2d.cpp:82]   --->   Operation 205 'store' 'store_ln82' <Predicate = (icmp_ln80)> <Delay = 1.23> <CoreInst = "RAM">   --->   Core 82 'RAM' <Latency = 1> <II = 1> <Delay = 1.23> <Storage> <Opcode : 'load' 'store'> <Ports = 2> <Width = 8> <Depth = 7680> <RAM>
ST_5 : Operation 206 [1/1] (0.00ns)   --->   "%br_ln85 = br void %if.end59" [hls_filter_2d.cpp:85]   --->   Operation 206 'br' 'br_ln85' <Predicate = (icmp_ln80)> <Delay = 0.00>
ST_5 : Operation 207 [1/1] (0.00ns)   --->   "%val_load = load i8 %val" [hls_filter_2d.cpp:111]   --->   Operation 207 'load' 'val_load' <Predicate = (!icmp_ln96)> <Delay = 0.00>
ST_5 : Operation 208 [1/1] (0.00ns)   --->   "%val_2_load = load i8 %val_2" [hls_filter_2d.cpp:111]   --->   Operation 208 'load' 'val_2_load' <Predicate = (!icmp_ln96)> <Delay = 0.00>
ST_5 : Operation 209 [1/1] (0.00ns)   --->   "%val_4_load = load i8 %val_4" [hls_filter_2d.cpp:111]   --->   Operation 209 'load' 'val_4_load' <Predicate = (!icmp_ln96)> <Delay = 0.00>
ST_5 : Operation 210 [1/1] (0.00ns)   --->   "%val_6_load = load i8 %val_6" [hls_filter_2d.cpp:111]   --->   Operation 210 'load' 'val_6_load' <Predicate = (!icmp_ln96)> <Delay = 0.00>
ST_5 : Operation 211 [1/1] (0.00ns)   --->   "%val_10_load = load i8 %val_10" [hls_filter_2d.cpp:111]   --->   Operation 211 'load' 'val_10_load' <Predicate = (!icmp_ln96)> <Delay = 0.00>
ST_5 : Operation 212 [1/1] (0.00ns)   --->   "%val_12_load = load i8 %val_12" [hls_filter_2d.cpp:111]   --->   Operation 212 'load' 'val_12_load' <Predicate = (!icmp_ln96)> <Delay = 0.00>
ST_5 : Operation 213 [1/1] (0.00ns)   --->   "%val_14_load = load i8 %val_14" [hls_filter_2d.cpp:111]   --->   Operation 213 'load' 'val_14_load' <Predicate = (!icmp_ln96)> <Delay = 0.00>
ST_5 : Operation 214 [1/1] (0.00ns)   --->   "%val_16_load = load i8 %val_16" [hls_filter_2d.cpp:111]   --->   Operation 214 'load' 'val_16_load' <Predicate = (!icmp_ln96)> <Delay = 0.00>
ST_5 : Operation 215 [1/1] (0.82ns)   --->   "%img_x = add i14 %zext_ln104, i14 16382" [hls_filter_2d.cpp:104]   --->   Operation 215 'add' 'img_x' <Predicate = (!icmp_ln96)> <Delay = 0.82> <CoreInst = "Adder">   --->   Core 1 'Adder' <Latency = 0> <II = 1> <Delay = 0.82> <FuncUnit> <Opcode : 'add' 'sub'> <InPorts = 2> <OutPorts = 1>
ST_5 : Operation 216 [1/1] (0.00ns) (grouped into LUT with out node or_ln111)   --->   "%tmp_2 = bitselect i1 @_ssdm_op_BitSelect.i1.i14.i32, i14 %img_x, i32 13" [hls_filter_2d.cpp:111]   --->   Operation 216 'bitselect' 'tmp_2' <Predicate = (!icmp_ln96)> <Delay = 0.00>
ST_5 : Operation 217 [1/1] (0.83ns)   --->   "%icmp_ln111_1 = icmp_slt  i14 %img_x, i14 %zext_ln42_cast" [hls_filter_2d.cpp:111]   --->   Operation 217 'icmp' 'icmp_ln111_1' <Predicate = (!icmp_ln96)> <Delay = 0.83> <CoreInst = "Cmp">   --->   Core 9 'Cmp' <Latency = 0> <II = 1> <Delay = 0.83> <FuncUnit> <Opcode : 'seteq' 'setne' 'setle' 'setge' 'setlt' 'setgt'> <InPorts = 2> <OutPorts = 1>
ST_5 : Operation 218 [1/1] (0.00ns) (grouped into LUT with out node or_ln111)   --->   "%xor_ln111_1 = xor i1 %icmp_ln111_1, i1 1" [hls_filter_2d.cpp:111]   --->   Operation 218 'xor' 'xor_ln111_1' <Predicate = (!icmp_ln96)> <Delay = 0.00> <CoreInst = "LogicGate">   --->   Core 74 'LogicGate' <Latency = 0> <II = 1> <Delay = 0.28> <FuncUnit> <Opcode : 'and' 'or' 'xor'> <InPorts = 2> <OutPorts = 1>
ST_5 : Operation 219 [1/1] (0.28ns) (out node of the LUT)   --->   "%or_ln111 = or i1 %xor_ln111_1, i1 %tmp_2" [hls_filter_2d.cpp:111]   --->   Operation 219 'or' 'or_ln111' <Predicate = (!icmp_ln96)> <Delay = 0.28> <CoreInst = "LogicGate">   --->   Core 74 'LogicGate' <Latency = 0> <II = 1> <Delay = 0.28> <FuncUnit> <Opcode : 'and' 'or' 'xor'> <InPorts = 2> <OutPorts = 1>
ST_5 : Operation 220 [1/1] (0.82ns)   --->   "%img_x_6 = add i14 %zext_ln104, i14 16383" [hls_filter_2d.cpp:104]   --->   Operation 220 'add' 'img_x_6' <Predicate = (!icmp_ln96)> <Delay = 0.82> <CoreInst = "Adder">   --->   Core 1 'Adder' <Latency = 0> <II = 1> <Delay = 0.82> <FuncUnit> <Opcode : 'add' 'sub'> <InPorts = 2> <OutPorts = 1>
ST_5 : Operation 221 [1/1] (0.00ns) (grouped into LUT with out node or_ln111_3)   --->   "%tmp_3 = bitselect i1 @_ssdm_op_BitSelect.i1.i14.i32, i14 %img_x_6, i32 13" [hls_filter_2d.cpp:111]   --->   Operation 221 'bitselect' 'tmp_3' <Predicate = (!icmp_ln96)> <Delay = 0.00>
ST_5 : Operation 222 [1/1] (0.83ns)   --->   "%icmp_ln111_2 = icmp_slt  i14 %img_x_6, i14 %zext_ln42_cast" [hls_filter_2d.cpp:111]   --->   Operation 222 'icmp' 'icmp_ln111_2' <Predicate = (!icmp_ln96)> <Delay = 0.83> <CoreInst = "Cmp">   --->   Core 9 'Cmp' <Latency = 0> <II = 1> <Delay = 0.83> <FuncUnit> <Opcode : 'seteq' 'setne' 'setle' 'setge' 'setlt' 'setgt'> <InPorts = 2> <OutPorts = 1>
ST_5 : Operation 223 [1/1] (0.00ns) (grouped into LUT with out node or_ln111_3)   --->   "%xor_ln111_2 = xor i1 %icmp_ln111_2, i1 1" [hls_filter_2d.cpp:111]   --->   Operation 223 'xor' 'xor_ln111_2' <Predicate = (!icmp_ln96)> <Delay = 0.00> <CoreInst = "LogicGate">   --->   Core 74 'LogicGate' <Latency = 0> <II = 1> <Delay = 0.28> <FuncUnit> <Opcode : 'and' 'or' 'xor'> <InPorts = 2> <OutPorts = 1>
ST_5 : Operation 224 [1/1] (0.28ns) (out node of the LUT)   --->   "%or_ln111_3 = or i1 %xor_ln111_2, i1 %tmp_3" [hls_filter_2d.cpp:111]   --->   Operation 224 'or' 'or_ln111_3' <Predicate = (!icmp_ln96)> <Delay = 0.28> <CoreInst = "LogicGate">   --->   Core 74 'LogicGate' <Latency = 0> <II = 1> <Delay = 0.28> <FuncUnit> <Opcode : 'and' 'or' 'xor'> <InPorts = 2> <OutPorts = 1>
ST_5 : Operation 225 [1/1] (0.28ns)   --->   "%xor_ln111_3 = xor i1 %icmp_ln111_3, i1 1" [hls_filter_2d.cpp:111]   --->   Operation 225 'xor' 'xor_ln111_3' <Predicate = (!icmp_ln96)> <Delay = 0.28> <CoreInst = "LogicGate">   --->   Core 74 'LogicGate' <Latency = 0> <II = 1> <Delay = 0.28> <FuncUnit> <Opcode : 'and' 'or' 'xor'> <InPorts = 2> <OutPorts = 1>
ST_5 : Operation 226 [1/1] (0.82ns)   --->   "%img_x_7 = add i14 %zext_ln104, i14 1" [hls_filter_2d.cpp:104]   --->   Operation 226 'add' 'img_x_7' <Predicate = (!icmp_ln96)> <Delay = 0.82> <CoreInst = "Adder">   --->   Core 1 'Adder' <Latency = 0> <II = 1> <Delay = 0.82> <FuncUnit> <Opcode : 'add' 'sub'> <InPorts = 2> <OutPorts = 1>
ST_5 : Operation 227 [1/1] (0.83ns)   --->   "%icmp_ln111_4 = icmp_ult  i14 %img_x_7, i14 %zext_ln42_cast" [hls_filter_2d.cpp:111]   --->   Operation 227 'icmp' 'icmp_ln111_4' <Predicate = (!icmp_ln96)> <Delay = 0.83> <CoreInst = "Cmp">   --->   Core 9 'Cmp' <Latency = 0> <II = 1> <Delay = 0.83> <FuncUnit> <Opcode : 'seteq' 'setne' 'setle' 'setge' 'setlt' 'setgt'> <InPorts = 2> <OutPorts = 1>
ST_5 : Operation 228 [1/1] (0.28ns)   --->   "%xor_ln111_4 = xor i1 %icmp_ln111_4, i1 1" [hls_filter_2d.cpp:111]   --->   Operation 228 'xor' 'xor_ln111_4' <Predicate = (!icmp_ln96)> <Delay = 0.28> <CoreInst = "LogicGate">   --->   Core 74 'LogicGate' <Latency = 0> <II = 1> <Delay = 0.28> <FuncUnit> <Opcode : 'and' 'or' 'xor'> <InPorts = 2> <OutPorts = 1>
ST_5 : Operation 229 [1/1] (0.82ns)   --->   "%img_x_8 = add i14 %zext_ln104, i14 2" [hls_filter_2d.cpp:104]   --->   Operation 229 'add' 'img_x_8' <Predicate = (!icmp_ln96)> <Delay = 0.82> <CoreInst = "Adder">   --->   Core 1 'Adder' <Latency = 0> <II = 1> <Delay = 0.82> <FuncUnit> <Opcode : 'add' 'sub'> <InPorts = 2> <OutPorts = 1>
ST_5 : Operation 230 [1/1] (0.83ns)   --->   "%icmp_ln111_5 = icmp_ult  i14 %img_x_8, i14 %zext_ln42_cast" [hls_filter_2d.cpp:111]   --->   Operation 230 'icmp' 'icmp_ln111_5' <Predicate = (!icmp_ln96)> <Delay = 0.83> <CoreInst = "Cmp">   --->   Core 9 'Cmp' <Latency = 0> <II = 1> <Delay = 0.83> <FuncUnit> <Opcode : 'seteq' 'setne' 'setle' 'setge' 'setlt' 'setgt'> <InPorts = 2> <OutPorts = 1>
ST_5 : Operation 231 [1/1] (0.28ns)   --->   "%xor_ln111_5 = xor i1 %icmp_ln111_5, i1 1" [hls_filter_2d.cpp:111]   --->   Operation 231 'xor' 'xor_ln111_5' <Predicate = (!icmp_ln96)> <Delay = 0.28> <CoreInst = "LogicGate">   --->   Core 74 'LogicGate' <Latency = 0> <II = 1> <Delay = 0.28> <FuncUnit> <Opcode : 'and' 'or' 'xor'> <InPorts = 2> <OutPorts = 1>
ST_5 : Operation 232 [1/1] (0.00ns) (grouped into LUT with out node val_64)   --->   "%or_ln111_9 = or i1 %or_ln111_8, i1 %or_ln111" [hls_filter_2d.cpp:111]   --->   Operation 232 'or' 'or_ln111_9' <Predicate = (!icmp_ln96)> <Delay = 0.00> <CoreInst = "LogicGate">   --->   Core 74 'LogicGate' <Latency = 0> <II = 1> <Delay = 0.28> <FuncUnit> <Opcode : 'and' 'or' 'xor'> <InPorts = 2> <OutPorts = 1>
ST_5 : Operation 233 [1/1] (0.39ns) (out node of the LUT)   --->   "%val_64 = select i1 %or_ln111_9, i8 0, i8 %val_16_load" [hls_filter_2d.cpp:111]   --->   Operation 233 'select' 'val_64' <Predicate = (!icmp_ln96)> <Delay = 0.39> <CoreInst = "Sel">   --->   Core 73 'Sel' <Latency = 0> <II = 1> <Delay = 0.39> <FuncUnit> <Opcode : 'select'> <InPorts = 3> <OutPorts = 1>
ST_5 : Operation 234 [1/1] (0.00ns)   --->   "%zext_ln111 = zext i8 %val_64" [hls_filter_2d.cpp:111]   --->   Operation 234 'zext' 'zext_ln111' <Predicate = (!icmp_ln96)> <Delay = 0.00>
ST_5 : Operation 235 [1/1] (0.00ns) (grouped into LUT with out node val_65)   --->   "%or_ln111_10 = or i1 %or_ln111_8, i1 %or_ln111_3" [hls_filter_2d.cpp:111]   --->   Operation 235 'or' 'or_ln111_10' <Predicate = (!icmp_ln96)> <Delay = 0.00> <CoreInst = "LogicGate">   --->   Core 74 'LogicGate' <Latency = 0> <II = 1> <Delay = 0.28> <FuncUnit> <Opcode : 'and' 'or' 'xor'> <InPorts = 2> <OutPorts = 1>
ST_5 : Operation 236 [1/1] (0.39ns) (out node of the LUT)   --->   "%val_65 = select i1 %or_ln111_10, i8 0, i8 %val_55" [hls_filter_2d.cpp:111]   --->   Operation 236 'select' 'val_65' <Predicate = (!icmp_ln96)> <Delay = 0.39> <CoreInst = "Sel">   --->   Core 73 'Sel' <Latency = 0> <II = 1> <Delay = 0.39> <FuncUnit> <Opcode : 'select'> <InPorts = 3> <OutPorts = 1>
ST_5 : Operation 237 [1/1] (0.00ns) (grouped into LUT with out node val_66)   --->   "%or_ln111_11 = or i1 %or_ln111_8, i1 %xor_ln111_3" [hls_filter_2d.cpp:111]   --->   Operation 237 'or' 'or_ln111_11' <Predicate = (!icmp_ln96)> <Delay = 0.00> <CoreInst = "LogicGate">   --->   Core 74 'LogicGate' <Latency = 0> <II = 1> <Delay = 0.28> <FuncUnit> <Opcode : 'and' 'or' 'xor'> <InPorts = 2> <OutPorts = 1>
ST_5 : Operation 238 [1/1] (0.39ns) (out node of the LUT)   --->   "%val_66 = select i1 %or_ln111_11, i8 0, i8 %val_14_load" [hls_filter_2d.cpp:111]   --->   Operation 238 'select' 'val_66' <Predicate = (!icmp_ln96)> <Delay = 0.39> <CoreInst = "Sel">   --->   Core 73 'Sel' <Latency = 0> <II = 1> <Delay = 0.39> <FuncUnit> <Opcode : 'select'> <InPorts = 3> <OutPorts = 1>
ST_5 : Operation 239 [1/1] (0.00ns)   --->   "%zext_ln111_2 = zext i8 %val_66" [hls_filter_2d.cpp:111]   --->   Operation 239 'zext' 'zext_ln111_2' <Predicate = (!icmp_ln96)> <Delay = 0.00>
ST_5 : Operation 240 [1/1] (0.00ns) (grouped into LUT with out node val_68)   --->   "%or_ln111_12 = or i1 %or_ln111_8, i1 %xor_ln111_4" [hls_filter_2d.cpp:111]   --->   Operation 240 'or' 'or_ln111_12' <Predicate = (!icmp_ln96)> <Delay = 0.00> <CoreInst = "LogicGate">   --->   Core 74 'LogicGate' <Latency = 0> <II = 1> <Delay = 0.28> <FuncUnit> <Opcode : 'and' 'or' 'xor'> <InPorts = 2> <OutPorts = 1>
ST_5 : Operation 241 [1/1] (0.39ns) (out node of the LUT)   --->   "%val_68 = select i1 %or_ln111_12, i8 0, i8 %val_54" [hls_filter_2d.cpp:111]   --->   Operation 241 'select' 'val_68' <Predicate = (!icmp_ln96)> <Delay = 0.39> <CoreInst = "Sel">   --->   Core 73 'Sel' <Latency = 0> <II = 1> <Delay = 0.39> <FuncUnit> <Opcode : 'select'> <InPorts = 3> <OutPorts = 1>
ST_5 : Operation 242 [1/1] (0.28ns)   --->   "%or_ln111_13 = or i1 %or_ln111_8, i1 %xor_ln111_5" [hls_filter_2d.cpp:111]   --->   Operation 242 'or' 'or_ln111_13' <Predicate = (!icmp_ln96)> <Delay = 0.28> <CoreInst = "LogicGate">   --->   Core 74 'LogicGate' <Latency = 0> <II = 1> <Delay = 0.28> <FuncUnit> <Opcode : 'and' 'or' 'xor'> <InPorts = 2> <OutPorts = 1>
ST_5 : Operation 243 [1/1] (0.39ns)   --->   "%val_69 = select i1 %or_ln111_13, i8 0, i8 %val_67" [hls_filter_2d.cpp:111]   --->   Operation 243 'select' 'val_69' <Predicate = (!icmp_ln96)> <Delay = 0.39> <CoreInst = "Sel">   --->   Core 73 'Sel' <Latency = 0> <II = 1> <Delay = 0.39> <FuncUnit> <Opcode : 'select'> <InPorts = 3> <OutPorts = 1>
ST_5 : Operation 244 [1/1] (0.00ns)   --->   "%zext_ln111_4 = zext i8 %val_69" [hls_filter_2d.cpp:111]   --->   Operation 244 'zext' 'zext_ln111_4' <Predicate = (!icmp_ln96)> <Delay = 0.00>
ST_5 : Operation 245 [1/1] (0.28ns)   --->   "%xor_ln111_7 = xor i1 %icmp_ln111_7, i1 1" [hls_filter_2d.cpp:111]   --->   Operation 245 'xor' 'xor_ln111_7' <Predicate = (!icmp_ln96)> <Delay = 0.28> <CoreInst = "LogicGate">   --->   Core 74 'LogicGate' <Latency = 0> <II = 1> <Delay = 0.28> <FuncUnit> <Opcode : 'and' 'or' 'xor'> <InPorts = 2> <OutPorts = 1>
ST_5 : Operation 246 [1/1] (0.00ns) (grouped into LUT with out node val_70)   --->   "%or_ln111_14 = or i1 %or_ln111, i1 %xor_ln111_7" [hls_filter_2d.cpp:111]   --->   Operation 246 'or' 'or_ln111_14' <Predicate = (!icmp_ln96)> <Delay = 0.00> <CoreInst = "LogicGate">   --->   Core 74 'LogicGate' <Latency = 0> <II = 1> <Delay = 0.28> <FuncUnit> <Opcode : 'and' 'or' 'xor'> <InPorts = 2> <OutPorts = 1>
ST_5 : Operation 247 [1/1] (0.39ns) (out node of the LUT)   --->   "%val_70 = select i1 %or_ln111_14, i8 0, i8 %val_12_load" [hls_filter_2d.cpp:111]   --->   Operation 247 'select' 'val_70' <Predicate = (!icmp_ln96)> <Delay = 0.39> <CoreInst = "Sel">   --->   Core 73 'Sel' <Latency = 0> <II = 1> <Delay = 0.39> <FuncUnit> <Opcode : 'select'> <InPorts = 3> <OutPorts = 1>
ST_5 : Operation 248 [1/1] (0.00ns)   --->   "%zext_ln111_5 = zext i8 %val_70" [hls_filter_2d.cpp:111]   --->   Operation 248 'zext' 'zext_ln111_5' <Predicate = (!icmp_ln96)> <Delay = 0.00>
ST_5 : Operation 249 [1/1] (0.00ns) (grouped into LUT with out node val_71)   --->   "%or_ln111_15 = or i1 %or_ln111_3, i1 %xor_ln111_7" [hls_filter_2d.cpp:111]   --->   Operation 249 'or' 'or_ln111_15' <Predicate = (!icmp_ln96)> <Delay = 0.00> <CoreInst = "LogicGate">   --->   Core 74 'LogicGate' <Latency = 0> <II = 1> <Delay = 0.28> <FuncUnit> <Opcode : 'and' 'or' 'xor'> <InPorts = 2> <OutPorts = 1>
ST_5 : Operation 250 [1/1] (0.39ns) (out node of the LUT)   --->   "%val_71 = select i1 %or_ln111_15, i8 0, i8 %val_53" [hls_filter_2d.cpp:111]   --->   Operation 250 'select' 'val_71' <Predicate = (!icmp_ln96)> <Delay = 0.39> <CoreInst = "Sel">   --->   Core 73 'Sel' <Latency = 0> <II = 1> <Delay = 0.39> <FuncUnit> <Opcode : 'select'> <InPorts = 3> <OutPorts = 1>
ST_5 : Operation 251 [1/1] (0.00ns) (grouped into LUT with out node val_72)   --->   "%or_ln111_16 = or i1 %xor_ln111_3, i1 %xor_ln111_7" [hls_filter_2d.cpp:111]   --->   Operation 251 'or' 'or_ln111_16' <Predicate = (!icmp_ln96)> <Delay = 0.00> <CoreInst = "LogicGate">   --->   Core 74 'LogicGate' <Latency = 0> <II = 1> <Delay = 0.28> <FuncUnit> <Opcode : 'and' 'or' 'xor'> <InPorts = 2> <OutPorts = 1>
ST_5 : Operation 252 [1/1] (0.39ns) (out node of the LUT)   --->   "%val_72 = select i1 %or_ln111_16, i8 0, i8 %val_10_load" [hls_filter_2d.cpp:111]   --->   Operation 252 'select' 'val_72' <Predicate = (!icmp_ln96)> <Delay = 0.39> <CoreInst = "Sel">   --->   Core 73 'Sel' <Latency = 0> <II = 1> <Delay = 0.39> <FuncUnit> <Opcode : 'select'> <InPorts = 3> <OutPorts = 1>
ST_5 : Operation 253 [1/1] (0.00ns) (grouped into LUT with out node val_74)   --->   "%or_ln111_17 = or i1 %xor_ln111_4, i1 %xor_ln111_7" [hls_filter_2d.cpp:111]   --->   Operation 253 'or' 'or_ln111_17' <Predicate = (!icmp_ln96)> <Delay = 0.00> <CoreInst = "LogicGate">   --->   Core 74 'LogicGate' <Latency = 0> <II = 1> <Delay = 0.28> <FuncUnit> <Opcode : 'and' 'or' 'xor'> <InPorts = 2> <OutPorts = 1>
ST_5 : Operation 254 [1/1] (0.39ns) (out node of the LUT)   --->   "%val_74 = select i1 %or_ln111_17, i8 0, i8 %val_52" [hls_filter_2d.cpp:111]   --->   Operation 254 'select' 'val_74' <Predicate = (!icmp_ln96)> <Delay = 0.39> <CoreInst = "Sel">   --->   Core 73 'Sel' <Latency = 0> <II = 1> <Delay = 0.39> <FuncUnit> <Opcode : 'select'> <InPorts = 3> <OutPorts = 1>
ST_5 : Operation 255 [1/1] (0.00ns)   --->   "%zext_ln111_8 = zext i8 %val_74" [hls_filter_2d.cpp:111]   --->   Operation 255 'zext' 'zext_ln111_8' <Predicate = (!icmp_ln96)> <Delay = 0.00>
ST_5 : Operation 256 [1/1] (0.28ns)   --->   "%or_ln111_18 = or i1 %xor_ln111_5, i1 %xor_ln111_7" [hls_filter_2d.cpp:111]   --->   Operation 256 'or' 'or_ln111_18' <Predicate = (!icmp_ln96)> <Delay = 0.28> <CoreInst = "LogicGate">   --->   Core 74 'LogicGate' <Latency = 0> <II = 1> <Delay = 0.28> <FuncUnit> <Opcode : 'and' 'or' 'xor'> <InPorts = 2> <OutPorts = 1>
ST_5 : Operation 257 [1/1] (0.39ns)   --->   "%val_75 = select i1 %or_ln111_18, i8 0, i8 %val_73" [hls_filter_2d.cpp:111]   --->   Operation 257 'select' 'val_75' <Predicate = (!icmp_ln96)> <Delay = 0.39> <CoreInst = "Sel">   --->   Core 73 'Sel' <Latency = 0> <II = 1> <Delay = 0.39> <FuncUnit> <Opcode : 'select'> <InPorts = 3> <OutPorts = 1>
ST_5 : Operation 258 [1/1] (0.28ns)   --->   "%xor_ln111_8 = xor i1 %icmp_ln111_8, i1 1" [hls_filter_2d.cpp:111]   --->   Operation 258 'xor' 'xor_ln111_8' <Predicate = (!icmp_ln96)> <Delay = 0.28> <CoreInst = "LogicGate">   --->   Core 74 'LogicGate' <Latency = 0> <II = 1> <Delay = 0.28> <FuncUnit> <Opcode : 'and' 'or' 'xor'> <InPorts = 2> <OutPorts = 1>
ST_5 : Operation 259 [1/1] (0.00ns) (grouped into LUT with out node val_76)   --->   "%or_ln111_19 = or i1 %or_ln111, i1 %xor_ln111_8" [hls_filter_2d.cpp:111]   --->   Operation 259 'or' 'or_ln111_19' <Predicate = (!icmp_ln96)> <Delay = 0.00> <CoreInst = "LogicGate">   --->   Core 74 'LogicGate' <Latency = 0> <II = 1> <Delay = 0.28> <FuncUnit> <Opcode : 'and' 'or' 'xor'> <InPorts = 2> <OutPorts = 1>
ST_5 : Operation 260 [1/1] (0.39ns) (out node of the LUT)   --->   "%val_76 = select i1 %or_ln111_19, i8 0, i8 %val_6_load" [hls_filter_2d.cpp:111]   --->   Operation 260 'select' 'val_76' <Predicate = (!icmp_ln96)> <Delay = 0.39> <CoreInst = "Sel">   --->   Core 73 'Sel' <Latency = 0> <II = 1> <Delay = 0.39> <FuncUnit> <Opcode : 'select'> <InPorts = 3> <OutPorts = 1>
ST_5 : Operation 261 [1/1] (0.00ns)   --->   "%zext_ln111_9 = zext i8 %val_76" [hls_filter_2d.cpp:111]   --->   Operation 261 'zext' 'zext_ln111_9' <Predicate = (!icmp_ln96)> <Delay = 0.00>
ST_5 : Operation 262 [1/1] (0.00ns) (grouped into LUT with out node val_77)   --->   "%or_ln111_20 = or i1 %or_ln111_3, i1 %xor_ln111_8" [hls_filter_2d.cpp:111]   --->   Operation 262 'or' 'or_ln111_20' <Predicate = (!icmp_ln96)> <Delay = 0.00> <CoreInst = "LogicGate">   --->   Core 74 'LogicGate' <Latency = 0> <II = 1> <Delay = 0.28> <FuncUnit> <Opcode : 'and' 'or' 'xor'> <InPorts = 2> <OutPorts = 1>
ST_5 : Operation 263 [1/1] (0.39ns) (out node of the LUT)   --->   "%val_77 = select i1 %or_ln111_20, i8 0, i8 %val_51" [hls_filter_2d.cpp:111]   --->   Operation 263 'select' 'val_77' <Predicate = (!icmp_ln96)> <Delay = 0.39> <CoreInst = "Sel">   --->   Core 73 'Sel' <Latency = 0> <II = 1> <Delay = 0.39> <FuncUnit> <Opcode : 'select'> <InPorts = 3> <OutPorts = 1>
ST_5 : Operation 264 [1/1] (0.00ns) (grouped into LUT with out node val_78)   --->   "%or_ln111_21 = or i1 %xor_ln111_3, i1 %xor_ln111_8" [hls_filter_2d.cpp:111]   --->   Operation 264 'or' 'or_ln111_21' <Predicate = (!icmp_ln96)> <Delay = 0.00> <CoreInst = "LogicGate">   --->   Core 74 'LogicGate' <Latency = 0> <II = 1> <Delay = 0.28> <FuncUnit> <Opcode : 'and' 'or' 'xor'> <InPorts = 2> <OutPorts = 1>
ST_5 : Operation 265 [1/1] (0.39ns) (out node of the LUT)   --->   "%val_78 = select i1 %or_ln111_21, i8 0, i8 %val_4_load" [hls_filter_2d.cpp:111]   --->   Operation 265 'select' 'val_78' <Predicate = (!icmp_ln96)> <Delay = 0.39> <CoreInst = "Sel">   --->   Core 73 'Sel' <Latency = 0> <II = 1> <Delay = 0.39> <FuncUnit> <Opcode : 'select'> <InPorts = 3> <OutPorts = 1>
ST_5 : Operation 266 [1/1] (0.00ns) (grouped into LUT with out node val_80)   --->   "%or_ln111_22 = or i1 %xor_ln111_4, i1 %xor_ln111_8" [hls_filter_2d.cpp:111]   --->   Operation 266 'or' 'or_ln111_22' <Predicate = (!icmp_ln96)> <Delay = 0.00> <CoreInst = "LogicGate">   --->   Core 74 'LogicGate' <Latency = 0> <II = 1> <Delay = 0.28> <FuncUnit> <Opcode : 'and' 'or' 'xor'> <InPorts = 2> <OutPorts = 1>
ST_5 : Operation 267 [1/1] (0.39ns) (out node of the LUT)   --->   "%val_80 = select i1 %or_ln111_22, i8 0, i8 %val_50" [hls_filter_2d.cpp:111]   --->   Operation 267 'select' 'val_80' <Predicate = (!icmp_ln96)> <Delay = 0.39> <CoreInst = "Sel">   --->   Core 73 'Sel' <Latency = 0> <II = 1> <Delay = 0.39> <FuncUnit> <Opcode : 'select'> <InPorts = 3> <OutPorts = 1>
ST_5 : Operation 268 [1/1] (0.28ns)   --->   "%or_ln111_23 = or i1 %xor_ln111_5, i1 %xor_ln111_8" [hls_filter_2d.cpp:111]   --->   Operation 268 'or' 'or_ln111_23' <Predicate = (!icmp_ln96)> <Delay = 0.28> <CoreInst = "LogicGate">   --->   Core 74 'LogicGate' <Latency = 0> <II = 1> <Delay = 0.28> <FuncUnit> <Opcode : 'and' 'or' 'xor'> <InPorts = 2> <OutPorts = 1>
ST_5 : Operation 269 [1/1] (0.39ns)   --->   "%val_81 = select i1 %or_ln111_23, i8 0, i8 %val_79" [hls_filter_2d.cpp:111]   --->   Operation 269 'select' 'val_81' <Predicate = (!icmp_ln96)> <Delay = 0.39> <CoreInst = "Sel">   --->   Core 73 'Sel' <Latency = 0> <II = 1> <Delay = 0.39> <FuncUnit> <Opcode : 'select'> <InPorts = 3> <OutPorts = 1>
ST_5 : Operation 270 [1/1] (0.00ns)   --->   "%zext_ln106_3 = zext i8 %val_81" [hls_filter_2d.cpp:106]   --->   Operation 270 'zext' 'zext_ln106_3' <Predicate = (!icmp_ln96)> <Delay = 0.00>
ST_5 : Operation 271 [1/1] (0.00ns) (grouped into LUT with out node val_82)   --->   "%or_ln111_24 = or i1 %or_ln111, i1 %xor_ln111_9" [hls_filter_2d.cpp:111]   --->   Operation 271 'or' 'or_ln111_24' <Predicate = (!icmp_ln96)> <Delay = 0.00> <CoreInst = "LogicGate">   --->   Core 74 'LogicGate' <Latency = 0> <II = 1> <Delay = 0.28> <FuncUnit> <Opcode : 'and' 'or' 'xor'> <InPorts = 2> <OutPorts = 1>
ST_5 : Operation 272 [1/1] (0.39ns) (out node of the LUT)   --->   "%val_82 = select i1 %or_ln111_24, i8 0, i8 %val_2_load" [hls_filter_2d.cpp:111]   --->   Operation 272 'select' 'val_82' <Predicate = (!icmp_ln96)> <Delay = 0.39> <CoreInst = "Sel">   --->   Core 73 'Sel' <Latency = 0> <II = 1> <Delay = 0.39> <FuncUnit> <Opcode : 'select'> <InPorts = 3> <OutPorts = 1>
ST_5 : Operation 273 [1/1] (0.00ns)   --->   "%zext_ln111_13 = zext i8 %val_82" [hls_filter_2d.cpp:111]   --->   Operation 273 'zext' 'zext_ln111_13' <Predicate = (!icmp_ln96)> <Delay = 0.00>
ST_5 : Operation 274 [1/1] (0.00ns) (grouped into LUT with out node val_83)   --->   "%or_ln111_25 = or i1 %or_ln111_3, i1 %xor_ln111_9" [hls_filter_2d.cpp:111]   --->   Operation 274 'or' 'or_ln111_25' <Predicate = (!icmp_ln96)> <Delay = 0.00> <CoreInst = "LogicGate">   --->   Core 74 'LogicGate' <Latency = 0> <II = 1> <Delay = 0.28> <FuncUnit> <Opcode : 'and' 'or' 'xor'> <InPorts = 2> <OutPorts = 1>
ST_5 : Operation 275 [1/1] (0.39ns) (out node of the LUT)   --->   "%val_83 = select i1 %or_ln111_25, i8 0, i8 %val_48" [hls_filter_2d.cpp:111]   --->   Operation 275 'select' 'val_83' <Predicate = (!icmp_ln96)> <Delay = 0.39> <CoreInst = "Sel">   --->   Core 73 'Sel' <Latency = 0> <II = 1> <Delay = 0.39> <FuncUnit> <Opcode : 'select'> <InPorts = 3> <OutPorts = 1>
ST_5 : Operation 276 [1/1] (0.00ns) (grouped into LUT with out node val_84)   --->   "%or_ln111_26 = or i1 %xor_ln111_3, i1 %xor_ln111_9" [hls_filter_2d.cpp:111]   --->   Operation 276 'or' 'or_ln111_26' <Predicate = (!icmp_ln96)> <Delay = 0.00> <CoreInst = "LogicGate">   --->   Core 74 'LogicGate' <Latency = 0> <II = 1> <Delay = 0.28> <FuncUnit> <Opcode : 'and' 'or' 'xor'> <InPorts = 2> <OutPorts = 1>
ST_5 : Operation 277 [1/1] (0.39ns) (out node of the LUT)   --->   "%val_84 = select i1 %or_ln111_26, i8 0, i8 %val_load" [hls_filter_2d.cpp:111]   --->   Operation 277 'select' 'val_84' <Predicate = (!icmp_ln96)> <Delay = 0.39> <CoreInst = "Sel">   --->   Core 73 'Sel' <Latency = 0> <II = 1> <Delay = 0.39> <FuncUnit> <Opcode : 'select'> <InPorts = 3> <OutPorts = 1>
ST_5 : Operation 278 [1/1] (0.00ns) (grouped into LUT with out node val_86)   --->   "%or_ln111_27 = or i1 %xor_ln111_4, i1 %xor_ln111_9" [hls_filter_2d.cpp:111]   --->   Operation 278 'or' 'or_ln111_27' <Predicate = (!icmp_ln96)> <Delay = 0.00> <CoreInst = "LogicGate">   --->   Core 74 'LogicGate' <Latency = 0> <II = 1> <Delay = 0.28> <FuncUnit> <Opcode : 'and' 'or' 'xor'> <InPorts = 2> <OutPorts = 1>
ST_5 : Operation 279 [1/1] (0.39ns) (out node of the LUT)   --->   "%val_86 = select i1 %or_ln111_27, i8 0, i8 %val_46" [hls_filter_2d.cpp:111]   --->   Operation 279 'select' 'val_86' <Predicate = (!icmp_ln96)> <Delay = 0.39> <CoreInst = "Sel">   --->   Core 73 'Sel' <Latency = 0> <II = 1> <Delay = 0.39> <FuncUnit> <Opcode : 'select'> <InPorts = 3> <OutPorts = 1>
ST_5 : Operation 280 [1/1] (0.00ns) (grouped into LUT with out node val_87)   --->   "%or_ln111_28 = or i1 %xor_ln111_5, i1 %xor_ln111_9" [hls_filter_2d.cpp:111]   --->   Operation 280 'or' 'or_ln111_28' <Predicate = (!icmp_ln96)> <Delay = 0.00> <CoreInst = "LogicGate">   --->   Core 74 'LogicGate' <Latency = 0> <II = 1> <Delay = 0.28> <FuncUnit> <Opcode : 'and' 'or' 'xor'> <InPorts = 2> <OutPorts = 1>
ST_5 : Operation 281 [1/1] (0.39ns) (out node of the LUT)   --->   "%val_87 = select i1 %or_ln111_28, i8 0, i8 %new_pixel" [hls_filter_2d.cpp:111]   --->   Operation 281 'select' 'val_87' <Predicate = (!icmp_ln96)> <Delay = 0.39> <CoreInst = "Sel">   --->   Core 73 'Sel' <Latency = 0> <II = 1> <Delay = 0.39> <FuncUnit> <Opcode : 'select'> <InPorts = 3> <OutPorts = 1>
ST_5 : Operation 282 [1/1] (0.00ns)   --->   "%zext_ln115 = zext i8 %val_87" [hls_filter_2d.cpp:115]   --->   Operation 282 'zext' 'zext_ln115' <Predicate = (!icmp_ln96)> <Delay = 0.00>
ST_5 : Operation 283 [3/3] (0.99ns) (grouped into DSP with root node add_ln115_7)   --->   "%mul_ln115_2 = mul i16 %zext_ln111_9, i16 %sext_ln116_15_cast" [hls_filter_2d.cpp:115]   --->   Operation 283 'mul' 'mul_ln115_2' <Predicate = (!icmp_ln96)> <Delay = 0.99> <CoreInst = "DSP48">   --->   Core 124 'DSP48' <Latency = 3> <II = 1> <Delay = 0.53> <IPBlock> <Opcode : 'add' 'sub' 'mul' 'select'> <InPorts = 0> <OutPorts = 1> <Sync> <CReg>
ST_5 : Operation 284 [3/3] (0.99ns) (grouped into DSP with root node add_ln115_2)   --->   "%mul_ln115_4 = mul i16 %zext_ln111_8, i16 %sext_ln116_13_cast" [hls_filter_2d.cpp:115]   --->   Operation 284 'mul' 'mul_ln115_4' <Predicate = (!icmp_ln96)> <Delay = 0.99> <CoreInst = "DSP48">   --->   Core 124 'DSP48' <Latency = 3> <II = 1> <Delay = 0.53> <IPBlock> <Opcode : 'add' 'sub' 'mul' 'select'> <InPorts = 0> <OutPorts = 1> <Sync> <CReg>
ST_5 : Operation 285 [3/3] (0.99ns) (grouped into DSP with root node add_ln115_5)   --->   "%mul_ln115_7 = mul i16 %zext_ln111_5, i16 %sext_ln116_10_cast" [hls_filter_2d.cpp:115]   --->   Operation 285 'mul' 'mul_ln115_7' <Predicate = (!icmp_ln96)> <Delay = 0.99> <CoreInst = "DSP48">   --->   Core 124 'DSP48' <Latency = 3> <II = 1> <Delay = 0.53> <IPBlock> <Opcode : 'add' 'sub' 'mul' 'select'> <InPorts = 0> <OutPorts = 1> <Sync> <CReg>
ST_5 : Operation 286 [3/3] (0.99ns) (grouped into DSP with root node add_ln115_18)   --->   "%mul_ln115_8 = mul i16 %zext_ln111_4, i16 %sext_ln116_9_cast" [hls_filter_2d.cpp:115]   --->   Operation 286 'mul' 'mul_ln115_8' <Predicate = (!icmp_ln96)> <Delay = 0.99> <CoreInst = "DSP48">   --->   Core 124 'DSP48' <Latency = 3> <II = 1> <Delay = 0.53> <IPBlock> <Opcode : 'add' 'sub' 'mul' 'select'> <InPorts = 0> <OutPorts = 1> <Sync> <CReg>
ST_5 : Operation 287 [3/3] (0.99ns) (grouped into DSP with root node add_ln115)   --->   "%mul_ln115_10 = mul i16 %zext_ln111_2, i16 %sext_ln116_7_cast" [hls_filter_2d.cpp:115]   --->   Operation 287 'mul' 'mul_ln115_10' <Predicate = (!icmp_ln96)> <Delay = 0.99> <CoreInst = "DSP48">   --->   Core 124 'DSP48' <Latency = 3> <II = 1> <Delay = 0.53> <IPBlock> <Opcode : 'add' 'sub' 'mul' 'select'> <InPorts = 0> <OutPorts = 1> <Sync> <CReg>
ST_5 : Operation 288 [3/3] (0.99ns) (grouped into DSP with root node add_ln115_13)   --->   "%mul_ln115_12 = mul i16 %zext_ln111, i16 %sext_ln116_5_cast" [hls_filter_2d.cpp:115]   --->   Operation 288 'mul' 'mul_ln115_12' <Predicate = (!icmp_ln96)> <Delay = 0.99> <CoreInst = "DSP48">   --->   Core 124 'DSP48' <Latency = 3> <II = 1> <Delay = 0.53> <IPBlock> <Opcode : 'add' 'sub' 'mul' 'select'> <InPorts = 0> <OutPorts = 1> <Sync> <CReg>
ST_5 : Operation 289 [3/3] (0.99ns) (grouped into DSP with root node add_ln115_16)   --->   "%mul_ln115_18 = mul i16 %zext_ln115, i16 %sext_ln50_cast" [hls_filter_2d.cpp:115]   --->   Operation 289 'mul' 'mul_ln115_18' <Predicate = (!icmp_ln96)> <Delay = 0.99> <CoreInst = "DSP48">   --->   Core 124 'DSP48' <Latency = 3> <II = 1> <Delay = 0.53> <IPBlock> <Opcode : 'add' 'sub' 'mul' 'select'> <InPorts = 0> <OutPorts = 1> <Sync> <CReg>
ST_5 : Operation 290 [3/3] (0.99ns) (grouped into DSP with root node add_ln115_11)   --->   "%mul_ln115_22 = mul i16 %zext_ln111_13, i16 %sext_ln116_20_cast" [hls_filter_2d.cpp:115]   --->   Operation 290 'mul' 'mul_ln115_22' <Predicate = (!icmp_ln96)> <Delay = 0.99> <CoreInst = "DSP48">   --->   Core 124 'DSP48' <Latency = 3> <II = 1> <Delay = 0.53> <IPBlock> <Opcode : 'add' 'sub' 'mul' 'select'> <InPorts = 0> <OutPorts = 1> <Sync> <CReg>
ST_5 : Operation 291 [3/3] (0.99ns) (grouped into DSP with root node add_ln115_19)   --->   "%mul_ln115_23 = mul i16 %zext_ln106_3, i16 %sext_ln116_19_cast" [hls_filter_2d.cpp:115]   --->   Operation 291 'mul' 'mul_ln115_23' <Predicate = (!icmp_ln96)> <Delay = 0.99> <CoreInst = "DSP48">   --->   Core 124 'DSP48' <Latency = 3> <II = 1> <Delay = 0.53> <IPBlock> <Opcode : 'add' 'sub' 'mul' 'select'> <InPorts = 0> <OutPorts = 1> <Sync> <CReg>
ST_5 : Operation 292 [1/1] (0.00ns) (grouped into LUT with out node icmp_ln154)   --->   "%add_ln87_pn = phi i14 %add_ln87_read, void %VITIS_LOOP_99_6, i14 %add_ln154_read, void %if.else119"   --->   Operation 292 'phi' 'add_ln87_pn' <Predicate = (!icmp_ln96 & and_ln139_2) | (!icmp_ln96 & borderType_read)> <Delay = 0.00>
ST_5 : Operation 293 [1/1] (0.83ns) (out node of the LUT)   --->   "%icmp_ln154 = icmp_eq  i14 %add_ln87_pn, i14 %zext_ln104" [hls_filter_2d.cpp:154]   --->   Operation 293 'icmp' 'icmp_ln154' <Predicate = (!icmp_ln96 & and_ln139_2) | (!icmp_ln96 & borderType_read)> <Delay = 0.83> <CoreInst = "Cmp">   --->   Core 9 'Cmp' <Latency = 0> <II = 1> <Delay = 0.83> <FuncUnit> <Opcode : 'seteq' 'setne' 'setle' 'setge' 'setlt' 'setgt'> <InPorts = 2> <OutPorts = 1>
ST_5 : Operation 294 [1/1] (0.00ns)   --->   "%val_load_1 = load i8 %val" [hls_filter_2d.cpp:108]   --->   Operation 294 'load' 'val_load_1' <Predicate = true> <Delay = 0.00>
ST_5 : Operation 295 [1/1] (0.00ns)   --->   "%val_4_load_1 = load i8 %val_4" [hls_filter_2d.cpp:108]   --->   Operation 295 'load' 'val_4_load_1' <Predicate = true> <Delay = 0.00>
ST_5 : Operation 296 [1/1] (0.00ns)   --->   "%val_10_load_1 = load i8 %val_10" [hls_filter_2d.cpp:108]   --->   Operation 296 'load' 'val_10_load_1' <Predicate = true> <Delay = 0.00>
ST_5 : Operation 297 [1/1] (0.00ns)   --->   "%val_14_load_1 = load i8 %val_14" [hls_filter_2d.cpp:108]   --->   Operation 297 'load' 'val_14_load_1' <Predicate = true> <Delay = 0.00>
ST_5 : Operation 298 [1/1] (0.00ns)   --->   "%store_ln108 = store i8 %val_14_load_1, i8 %val_40" [hls_filter_2d.cpp:108]   --->   Operation 298 'store' 'store_ln108' <Predicate = true> <Delay = 0.00>
ST_5 : Operation 299 [1/1] (0.00ns)   --->   "%store_ln108 = store i8 %val_67, i8 %val_36" [hls_filter_2d.cpp:108]   --->   Operation 299 'store' 'store_ln108' <Predicate = true> <Delay = 0.00>
ST_5 : Operation 300 [1/1] (0.00ns)   --->   "%store_ln108 = store i8 %val_10_load_1, i8 %val_34" [hls_filter_2d.cpp:108]   --->   Operation 300 'store' 'store_ln108' <Predicate = true> <Delay = 0.00>
ST_5 : Operation 301 [1/1] (0.00ns)   --->   "%store_ln108 = store i8 %val_73, i8 %val_32" [hls_filter_2d.cpp:108]   --->   Operation 301 'store' 'store_ln108' <Predicate = true> <Delay = 0.00>
ST_5 : Operation 302 [1/1] (0.00ns)   --->   "%store_ln108 = store i8 %val_4_load_1, i8 %val_30" [hls_filter_2d.cpp:108]   --->   Operation 302 'store' 'store_ln108' <Predicate = true> <Delay = 0.00>
ST_5 : Operation 303 [1/1] (0.00ns)   --->   "%store_ln108 = store i8 %val_79, i8 %val_26" [hls_filter_2d.cpp:108]   --->   Operation 303 'store' 'store_ln108' <Predicate = true> <Delay = 0.00>
ST_5 : Operation 304 [1/1] (0.00ns)   --->   "%store_ln108 = store i8 %val_load_1, i8 %val_24" [hls_filter_2d.cpp:108]   --->   Operation 304 'store' 'store_ln108' <Predicate = true> <Delay = 0.00>
ST_5 : Operation 305 [1/1] (0.00ns)   --->   "%store_ln108 = store i8 %new_pixel, i8 %val_22" [hls_filter_2d.cpp:108]   --->   Operation 305 'store' 'store_ln108' <Predicate = true> <Delay = 0.00>
ST_5 : Operation 306 [1/1] (0.00ns)   --->   "%store_ln108 = store i8 %val_55, i8 %val_16" [hls_filter_2d.cpp:108]   --->   Operation 306 'store' 'store_ln108' <Predicate = true> <Delay = 0.00>
ST_5 : Operation 307 [1/1] (0.00ns)   --->   "%store_ln108 = store i8 %val_54, i8 %val_14" [hls_filter_2d.cpp:108]   --->   Operation 307 'store' 'store_ln108' <Predicate = true> <Delay = 0.00>
ST_5 : Operation 308 [1/1] (0.00ns)   --->   "%store_ln108 = store i8 %val_53, i8 %val_12" [hls_filter_2d.cpp:108]   --->   Operation 308 'store' 'store_ln108' <Predicate = true> <Delay = 0.00>
ST_5 : Operation 309 [1/1] (0.00ns)   --->   "%store_ln108 = store i8 %val_52, i8 %val_10" [hls_filter_2d.cpp:108]   --->   Operation 309 'store' 'store_ln108' <Predicate = true> <Delay = 0.00>
ST_5 : Operation 310 [1/1] (0.00ns)   --->   "%store_ln108 = store i8 %val_51, i8 %val_6" [hls_filter_2d.cpp:108]   --->   Operation 310 'store' 'store_ln108' <Predicate = true> <Delay = 0.00>
ST_5 : Operation 311 [1/1] (0.00ns)   --->   "%store_ln108 = store i8 %val_50, i8 %val_4" [hls_filter_2d.cpp:108]   --->   Operation 311 'store' 'store_ln108' <Predicate = true> <Delay = 0.00>
ST_5 : Operation 312 [1/1] (0.00ns)   --->   "%store_ln108 = store i8 %val_48, i8 %val_2" [hls_filter_2d.cpp:108]   --->   Operation 312 'store' 'store_ln108' <Predicate = true> <Delay = 0.00>
ST_5 : Operation 313 [1/1] (0.00ns)   --->   "%store_ln108 = store i8 %val_46, i8 %val" [hls_filter_2d.cpp:108]   --->   Operation 313 'store' 'store_ln108' <Predicate = true> <Delay = 0.00>

State 6 <SV = 5> <Delay = 1.63>
ST_6 : Operation 314 [1/1] (0.00ns)   --->   "%val_56 = load i8 %val_42"   --->   Operation 314 'load' 'val_56' <Predicate = true> <Delay = 0.00>
ST_6 : Operation 315 [1/1] (0.00ns)   --->   "%val_57 = load i8 %val_44"   --->   Operation 315 'load' 'val_57' <Predicate = true> <Delay = 0.00>
ST_6 : Operation 316 [1/1] (0.00ns)   --->   "%specpipeline_ln51 = specpipeline void @_ssdm_op_SpecPipeline, i32 1, i32 0, i32 0, i32 0, i32 4294967295, void @empty" [hls_filter_2d.cpp:51]   --->   Operation 316 'specpipeline' 'specpipeline_ln51' <Predicate = true> <Delay = 0.00>
ST_6 : Operation 317 [1/1] (0.00ns)   --->   "%speclooptripcount_ln46 = speclooptripcount void @_ssdm_op_SpecLoopTripCount, i64 2, i64 67108865, i64 33554433" [hls_filter_2d.cpp:46]   --->   Operation 317 'speclooptripcount' 'speclooptripcount_ln46' <Predicate = true> <Delay = 0.00>
ST_6 : Operation 318 [1/1] (0.00ns)   --->   "%specloopname_ln50 = specloopname void @_ssdm_op_SpecLoopName, void @empty_35" [hls_filter_2d.cpp:50]   --->   Operation 318 'specloopname' 'specloopname_ln50' <Predicate = true> <Delay = 0.00>
ST_6 : Operation 319 [1/2] ( I:1.23ns O:1.23ns )   --->   "%val_61 = load i13 %line_buffer_addr" [hls_filter_2d.cpp:76]   --->   Operation 319 'load' 'val_61' <Predicate = true> <Delay = 1.23> <CoreInst = "RAM">   --->   Core 82 'RAM' <Latency = 1> <II = 1> <Delay = 1.23> <Storage> <Opcode : 'load' 'store'> <Ports = 2> <Width = 8> <Depth = 7680> <RAM>
ST_6 : Operation 320 [1/1] (0.00ns)   --->   "%val_20_load = load i8 %val_20" [hls_filter_2d.cpp:111]   --->   Operation 320 'load' 'val_20_load' <Predicate = (!icmp_ln96)> <Delay = 0.00>
ST_6 : Operation 321 [1/1] (0.00ns)   --->   "%val21_load = load i8 %val21" [hls_filter_2d.cpp:111]   --->   Operation 321 'load' 'val21_load' <Predicate = (!icmp_ln96)> <Delay = 0.00>
ST_6 : Operation 322 [1/1] (0.00ns) (grouped into LUT with out node val_58)   --->   "%or_ln111_2 = or i1 %or_ln111_1, i1 %or_ln111" [hls_filter_2d.cpp:111]   --->   Operation 322 'or' 'or_ln111_2' <Predicate = (!icmp_ln96)> <Delay = 0.00> <CoreInst = "LogicGate">   --->   Core 74 'LogicGate' <Latency = 0> <II = 1> <Delay = 0.28> <FuncUnit> <Opcode : 'and' 'or' 'xor'> <InPorts = 2> <OutPorts = 1>
ST_6 : Operation 323 [1/1] (0.39ns) (out node of the LUT)   --->   "%val_58 = select i1 %or_ln111_2, i8 0, i8 %val21_load" [hls_filter_2d.cpp:111]   --->   Operation 323 'select' 'val_58' <Predicate = (!icmp_ln96)> <Delay = 0.39> <CoreInst = "Sel">   --->   Core 73 'Sel' <Latency = 0> <II = 1> <Delay = 0.39> <FuncUnit> <Opcode : 'select'> <InPorts = 3> <OutPorts = 1>
ST_6 : Operation 324 [1/1] (0.00ns) (grouped into LUT with out node val_59)   --->   "%or_ln111_4 = or i1 %or_ln111_1, i1 %or_ln111_3" [hls_filter_2d.cpp:111]   --->   Operation 324 'or' 'or_ln111_4' <Predicate = (!icmp_ln96)> <Delay = 0.00> <CoreInst = "LogicGate">   --->   Core 74 'LogicGate' <Latency = 0> <II = 1> <Delay = 0.28> <FuncUnit> <Opcode : 'and' 'or' 'xor'> <InPorts = 2> <OutPorts = 1>
ST_6 : Operation 325 [1/1] (0.39ns) (out node of the LUT)   --->   "%val_59 = select i1 %or_ln111_4, i8 0, i8 %val_57" [hls_filter_2d.cpp:111]   --->   Operation 325 'select' 'val_59' <Predicate = (!icmp_ln96)> <Delay = 0.39> <CoreInst = "Sel">   --->   Core 73 'Sel' <Latency = 0> <II = 1> <Delay = 0.39> <FuncUnit> <Opcode : 'select'> <InPorts = 3> <OutPorts = 1>
ST_6 : Operation 326 [1/1] (0.00ns)   --->   "%zext_ln103 = zext i8 %val_59" [hls_filter_2d.cpp:103]   --->   Operation 326 'zext' 'zext_ln103' <Predicate = (!icmp_ln96)> <Delay = 0.00>
ST_6 : Operation 327 [1/1] (0.00ns) (grouped into LUT with out node val_60)   --->   "%or_ln111_5 = or i1 %or_ln111_1, i1 %xor_ln111_3" [hls_filter_2d.cpp:111]   --->   Operation 327 'or' 'or_ln111_5' <Predicate = (!icmp_ln96)> <Delay = 0.00> <CoreInst = "LogicGate">   --->   Core 74 'LogicGate' <Latency = 0> <II = 1> <Delay = 0.28> <FuncUnit> <Opcode : 'and' 'or' 'xor'> <InPorts = 2> <OutPorts = 1>
ST_6 : Operation 328 [1/1] (0.39ns) (out node of the LUT)   --->   "%val_60 = select i1 %or_ln111_5, i8 0, i8 %val_20_load" [hls_filter_2d.cpp:111]   --->   Operation 328 'select' 'val_60' <Predicate = (!icmp_ln96)> <Delay = 0.39> <CoreInst = "Sel">   --->   Core 73 'Sel' <Latency = 0> <II = 1> <Delay = 0.39> <FuncUnit> <Opcode : 'select'> <InPorts = 3> <OutPorts = 1>
ST_6 : Operation 329 [1/1] (0.00ns)   --->   "%zext_ln104_2 = zext i8 %val_60" [hls_filter_2d.cpp:104]   --->   Operation 329 'zext' 'zext_ln104_2' <Predicate = (!icmp_ln96)> <Delay = 0.00>
ST_6 : Operation 330 [1/1] (0.00ns) (grouped into LUT with out node val_62)   --->   "%or_ln111_6 = or i1 %or_ln111_1, i1 %xor_ln111_4" [hls_filter_2d.cpp:111]   --->   Operation 330 'or' 'or_ln111_6' <Predicate = (!icmp_ln96)> <Delay = 0.00> <CoreInst = "LogicGate">   --->   Core 74 'LogicGate' <Latency = 0> <II = 1> <Delay = 0.28> <FuncUnit> <Opcode : 'and' 'or' 'xor'> <InPorts = 2> <OutPorts = 1>
ST_6 : Operation 331 [1/1] (0.39ns) (out node of the LUT)   --->   "%val_62 = select i1 %or_ln111_6, i8 0, i8 %val_56" [hls_filter_2d.cpp:111]   --->   Operation 331 'select' 'val_62' <Predicate = (!icmp_ln96)> <Delay = 0.39> <CoreInst = "Sel">   --->   Core 73 'Sel' <Latency = 0> <II = 1> <Delay = 0.39> <FuncUnit> <Opcode : 'select'> <InPorts = 3> <OutPorts = 1>
ST_6 : Operation 332 [1/1] (0.28ns)   --->   "%or_ln111_7 = or i1 %or_ln111_1, i1 %xor_ln111_5" [hls_filter_2d.cpp:111]   --->   Operation 332 'or' 'or_ln111_7' <Predicate = (!icmp_ln96)> <Delay = 0.28> <CoreInst = "LogicGate">   --->   Core 74 'LogicGate' <Latency = 0> <II = 1> <Delay = 0.28> <FuncUnit> <Opcode : 'and' 'or' 'xor'> <InPorts = 2> <OutPorts = 1>
ST_6 : Operation 333 [1/1] (0.39ns)   --->   "%val_63 = select i1 %or_ln111_7, i8 0, i8 %val_61" [hls_filter_2d.cpp:111]   --->   Operation 333 'select' 'val_63' <Predicate = (!icmp_ln96)> <Delay = 0.39> <CoreInst = "Sel">   --->   Core 73 'Sel' <Latency = 0> <II = 1> <Delay = 0.39> <FuncUnit> <Opcode : 'select'> <InPorts = 3> <OutPorts = 1>
ST_6 : Operation 334 [1/1] (0.00ns)   --->   "%zext_ln111_3 = zext i8 %val_68" [hls_filter_2d.cpp:111]   --->   Operation 334 'zext' 'zext_ln111_3' <Predicate = (!icmp_ln96)> <Delay = 0.00>
ST_6 : Operation 335 [1/1] (0.00ns)   --->   "%zext_ln111_6 = zext i8 %val_71" [hls_filter_2d.cpp:111]   --->   Operation 335 'zext' 'zext_ln111_6' <Predicate = (!icmp_ln96)> <Delay = 0.00>
ST_6 : Operation 336 [1/1] (0.00ns)   --->   "%zext_ln111_11 = zext i8 %val_78" [hls_filter_2d.cpp:111]   --->   Operation 336 'zext' 'zext_ln111_11' <Predicate = (!icmp_ln96)> <Delay = 0.00>
ST_6 : Operation 337 [1/1] (0.00ns)   --->   "%zext_ln111_14 = zext i8 %val_83" [hls_filter_2d.cpp:111]   --->   Operation 337 'zext' 'zext_ln111_14' <Predicate = (!icmp_ln96)> <Delay = 0.00>
ST_6 : Operation 338 [1/1] (0.00ns)   --->   "%zext_ln111_16 = zext i8 %val_86" [hls_filter_2d.cpp:111]   --->   Operation 338 'zext' 'zext_ln111_16' <Predicate = (!icmp_ln96)> <Delay = 0.00>
ST_6 : Operation 339 [3/3] (0.99ns) (grouped into DSP with root node add_ln115_1)   --->   "%mul_ln115 = mul i16 %zext_ln111_11, i16 %sext_ln116_17_cast" [hls_filter_2d.cpp:115]   --->   Operation 339 'mul' 'mul_ln115' <Predicate = (!icmp_ln96)> <Delay = 0.99> <CoreInst = "DSP48">   --->   Core 124 'DSP48' <Latency = 3> <II = 1> <Delay = 0.53> <IPBlock> <Opcode : 'add' 'sub' 'mul' 'select'> <InPorts = 0> <OutPorts = 1> <Sync> <CReg>
ST_6 : Operation 340 [2/3] (0.99ns) (grouped into DSP with root node add_ln115_7)   --->   "%mul_ln115_2 = mul i16 %zext_ln111_9, i16 %sext_ln116_15_cast" [hls_filter_2d.cpp:115]   --->   Operation 340 'mul' 'mul_ln115_2' <Predicate = (!icmp_ln96)> <Delay = 0.99> <CoreInst = "DSP48">   --->   Core 124 'DSP48' <Latency = 3> <II = 1> <Delay = 0.53> <IPBlock> <Opcode : 'add' 'sub' 'mul' 'select'> <InPorts = 0> <OutPorts = 1> <Sync> <CReg>
ST_6 : Operation 341 [2/3] (0.99ns) (grouped into DSP with root node add_ln115_2)   --->   "%mul_ln115_4 = mul i16 %zext_ln111_8, i16 %sext_ln116_13_cast" [hls_filter_2d.cpp:115]   --->   Operation 341 'mul' 'mul_ln115_4' <Predicate = (!icmp_ln96)> <Delay = 0.99> <CoreInst = "DSP48">   --->   Core 124 'DSP48' <Latency = 3> <II = 1> <Delay = 0.53> <IPBlock> <Opcode : 'add' 'sub' 'mul' 'select'> <InPorts = 0> <OutPorts = 1> <Sync> <CReg>
ST_6 : Operation 342 [3/3] (0.99ns) (grouped into DSP with root node add_ln115_8)   --->   "%mul_ln115_6 = mul i16 %zext_ln111_6, i16 %sext_ln116_11_cast" [hls_filter_2d.cpp:115]   --->   Operation 342 'mul' 'mul_ln115_6' <Predicate = (!icmp_ln96)> <Delay = 0.99> <CoreInst = "DSP48">   --->   Core 124 'DSP48' <Latency = 3> <II = 1> <Delay = 0.53> <IPBlock> <Opcode : 'add' 'sub' 'mul' 'select'> <InPorts = 0> <OutPorts = 1> <Sync> <CReg>
ST_6 : Operation 343 [2/3] (0.99ns) (grouped into DSP with root node add_ln115_5)   --->   "%mul_ln115_7 = mul i16 %zext_ln111_5, i16 %sext_ln116_10_cast" [hls_filter_2d.cpp:115]   --->   Operation 343 'mul' 'mul_ln115_7' <Predicate = (!icmp_ln96)> <Delay = 0.99> <CoreInst = "DSP48">   --->   Core 124 'DSP48' <Latency = 3> <II = 1> <Delay = 0.53> <IPBlock> <Opcode : 'add' 'sub' 'mul' 'select'> <InPorts = 0> <OutPorts = 1> <Sync> <CReg>
ST_6 : Operation 344 [2/3] (0.99ns) (grouped into DSP with root node add_ln115_18)   --->   "%mul_ln115_8 = mul i16 %zext_ln111_4, i16 %sext_ln116_9_cast" [hls_filter_2d.cpp:115]   --->   Operation 344 'mul' 'mul_ln115_8' <Predicate = (!icmp_ln96)> <Delay = 0.99> <CoreInst = "DSP48">   --->   Core 124 'DSP48' <Latency = 3> <II = 1> <Delay = 0.53> <IPBlock> <Opcode : 'add' 'sub' 'mul' 'select'> <InPorts = 0> <OutPorts = 1> <Sync> <CReg>
ST_6 : Operation 345 [3/3] (0.99ns) (grouped into DSP with root node add_ln115_12)   --->   "%mul_ln115_9 = mul i16 %zext_ln111_3, i16 %sext_ln116_8_cast" [hls_filter_2d.cpp:115]   --->   Operation 345 'mul' 'mul_ln115_9' <Predicate = (!icmp_ln96)> <Delay = 0.99> <CoreInst = "DSP48">   --->   Core 124 'DSP48' <Latency = 3> <II = 1> <Delay = 0.53> <IPBlock> <Opcode : 'add' 'sub' 'mul' 'select'> <InPorts = 0> <OutPorts = 1> <Sync> <CReg>
ST_6 : Operation 346 [2/3] (0.99ns) (grouped into DSP with root node add_ln115)   --->   "%mul_ln115_10 = mul i16 %zext_ln111_2, i16 %sext_ln116_7_cast" [hls_filter_2d.cpp:115]   --->   Operation 346 'mul' 'mul_ln115_10' <Predicate = (!icmp_ln96)> <Delay = 0.99> <CoreInst = "DSP48">   --->   Core 124 'DSP48' <Latency = 3> <II = 1> <Delay = 0.53> <IPBlock> <Opcode : 'add' 'sub' 'mul' 'select'> <InPorts = 0> <OutPorts = 1> <Sync> <CReg>
ST_6 : Operation 347 [2/3] (0.99ns) (grouped into DSP with root node add_ln115_13)   --->   "%mul_ln115_12 = mul i16 %zext_ln111, i16 %sext_ln116_5_cast" [hls_filter_2d.cpp:115]   --->   Operation 347 'mul' 'mul_ln115_12' <Predicate = (!icmp_ln96)> <Delay = 0.99> <CoreInst = "DSP48">   --->   Core 124 'DSP48' <Latency = 3> <II = 1> <Delay = 0.53> <IPBlock> <Opcode : 'add' 'sub' 'mul' 'select'> <InPorts = 0> <OutPorts = 1> <Sync> <CReg>
ST_6 : Operation 348 [3/3] (0.99ns) (grouped into DSP with root node add_ln115_3)   --->   "%mul_ln115_15 = mul i16 %zext_ln104_2, i16 %sext_ln116_2_cast" [hls_filter_2d.cpp:115]   --->   Operation 348 'mul' 'mul_ln115_15' <Predicate = (!icmp_ln96)> <Delay = 0.99> <CoreInst = "DSP48">   --->   Core 124 'DSP48' <Latency = 3> <II = 1> <Delay = 0.53> <IPBlock> <Opcode : 'add' 'sub' 'mul' 'select'> <InPorts = 0> <OutPorts = 1> <Sync> <CReg>
ST_6 : Operation 349 [3/3] (0.99ns) (grouped into DSP with root node add_ln115_17)   --->   "%mul_ln115_17 = mul i16 %zext_ln103, i16 %sext_ln116_1_cast" [hls_filter_2d.cpp:115]   --->   Operation 349 'mul' 'mul_ln115_17' <Predicate = (!icmp_ln96)> <Delay = 0.99> <CoreInst = "DSP48">   --->   Core 124 'DSP48' <Latency = 3> <II = 1> <Delay = 0.53> <IPBlock> <Opcode : 'add' 'sub' 'mul' 'select'> <InPorts = 0> <OutPorts = 1> <Sync> <CReg>
ST_6 : Operation 350 [2/3] (0.99ns) (grouped into DSP with root node add_ln115_16)   --->   "%mul_ln115_18 = mul i16 %zext_ln115, i16 %sext_ln50_cast" [hls_filter_2d.cpp:115]   --->   Operation 350 'mul' 'mul_ln115_18' <Predicate = (!icmp_ln96)> <Delay = 0.99> <CoreInst = "DSP48">   --->   Core 124 'DSP48' <Latency = 3> <II = 1> <Delay = 0.53> <IPBlock> <Opcode : 'add' 'sub' 'mul' 'select'> <InPorts = 0> <OutPorts = 1> <Sync> <CReg>
ST_6 : Operation 351 [3/3] (0.99ns) (grouped into DSP with root node add_ln115_6)   --->   "%mul_ln115_19 = mul i16 %zext_ln111_16, i16 %sext_ln116_23_cast" [hls_filter_2d.cpp:115]   --->   Operation 351 'mul' 'mul_ln115_19' <Predicate = (!icmp_ln96)> <Delay = 0.99> <CoreInst = "DSP48">   --->   Core 124 'DSP48' <Latency = 3> <II = 1> <Delay = 0.53> <IPBlock> <Opcode : 'add' 'sub' 'mul' 'select'> <InPorts = 0> <OutPorts = 1> <Sync> <CReg>
ST_6 : Operation 352 [3/3] (0.99ns) (grouped into DSP with root node add_ln115_14)   --->   "%mul_ln115_21 = mul i16 %zext_ln111_14, i16 %sext_ln116_21_cast" [hls_filter_2d.cpp:115]   --->   Operation 352 'mul' 'mul_ln115_21' <Predicate = (!icmp_ln96)> <Delay = 0.99> <CoreInst = "DSP48">   --->   Core 124 'DSP48' <Latency = 3> <II = 1> <Delay = 0.53> <IPBlock> <Opcode : 'add' 'sub' 'mul' 'select'> <InPorts = 0> <OutPorts = 1> <Sync> <CReg>
ST_6 : Operation 353 [2/3] (0.99ns) (grouped into DSP with root node add_ln115_11)   --->   "%mul_ln115_22 = mul i16 %zext_ln111_13, i16 %sext_ln116_20_cast" [hls_filter_2d.cpp:115]   --->   Operation 353 'mul' 'mul_ln115_22' <Predicate = (!icmp_ln96)> <Delay = 0.99> <CoreInst = "DSP48">   --->   Core 124 'DSP48' <Latency = 3> <II = 1> <Delay = 0.53> <IPBlock> <Opcode : 'add' 'sub' 'mul' 'select'> <InPorts = 0> <OutPorts = 1> <Sync> <CReg>
ST_6 : Operation 354 [2/3] (0.99ns) (grouped into DSP with root node add_ln115_19)   --->   "%mul_ln115_23 = mul i16 %zext_ln106_3, i16 %sext_ln116_19_cast" [hls_filter_2d.cpp:115]   --->   Operation 354 'mul' 'mul_ln115_23' <Predicate = (!icmp_ln96)> <Delay = 0.99> <CoreInst = "DSP48">   --->   Core 124 'DSP48' <Latency = 3> <II = 1> <Delay = 0.53> <IPBlock> <Opcode : 'add' 'sub' 'mul' 'select'> <InPorts = 0> <OutPorts = 1> <Sync> <CReg>
ST_6 : Operation 355 [1/1] (0.00ns)   --->   "%val_20_load_1 = load i8 %val_20" [hls_filter_2d.cpp:108]   --->   Operation 355 'load' 'val_20_load_1' <Predicate = true> <Delay = 0.00>
ST_6 : Operation 356 [1/1] (0.00ns)   --->   "%store_ln108 = store i8 %val_20_load_1, i8 %val_44" [hls_filter_2d.cpp:108]   --->   Operation 356 'store' 'store_ln108' <Predicate = true> <Delay = 0.00>
ST_6 : Operation 357 [1/1] (0.00ns)   --->   "%store_ln108 = store i8 %val_61, i8 %val_42" [hls_filter_2d.cpp:108]   --->   Operation 357 'store' 'store_ln108' <Predicate = true> <Delay = 0.00>
ST_6 : Operation 358 [1/1] (0.00ns)   --->   "%store_ln108 = store i8 %val_57, i8 %val21" [hls_filter_2d.cpp:108]   --->   Operation 358 'store' 'store_ln108' <Predicate = true> <Delay = 0.00>
ST_6 : Operation 359 [1/1] (0.00ns)   --->   "%store_ln108 = store i8 %val_56, i8 %val_20" [hls_filter_2d.cpp:108]   --->   Operation 359 'store' 'store_ln108' <Predicate = true> <Delay = 0.00>

State 7 <SV = 6> <Delay = 2.29>
ST_7 : Operation 360 [1/1] (0.00ns)   --->   "%zext_ln104_1 = zext i8 %val_58" [hls_filter_2d.cpp:104]   --->   Operation 360 'zext' 'zext_ln104_1' <Predicate = (!icmp_ln96)> <Delay = 0.00>
ST_7 : Operation 361 [1/1] (0.00ns)   --->   "%zext_ln104_3 = zext i8 %val_62" [hls_filter_2d.cpp:104]   --->   Operation 361 'zext' 'zext_ln104_3' <Predicate = (!icmp_ln96)> <Delay = 0.00>
ST_7 : Operation 362 [1/1] (0.00ns)   --->   "%zext_ln106_1 = zext i8 %val_63" [hls_filter_2d.cpp:106]   --->   Operation 362 'zext' 'zext_ln106_1' <Predicate = (!icmp_ln96)> <Delay = 0.00>
ST_7 : Operation 363 [1/1] (0.00ns)   --->   "%zext_ln111_1 = zext i8 %val_65" [hls_filter_2d.cpp:111]   --->   Operation 363 'zext' 'zext_ln111_1' <Predicate = (!icmp_ln96)> <Delay = 0.00>
ST_7 : Operation 364 [1/1] (0.00ns)   --->   "%zext_ln111_7 = zext i8 %val_72" [hls_filter_2d.cpp:111]   --->   Operation 364 'zext' 'zext_ln111_7' <Predicate = (!icmp_ln96)> <Delay = 0.00>
ST_7 : Operation 365 [1/1] (0.00ns)   --->   "%zext_ln106_2 = zext i8 %val_75" [hls_filter_2d.cpp:106]   --->   Operation 365 'zext' 'zext_ln106_2' <Predicate = (!icmp_ln96)> <Delay = 0.00>
ST_7 : Operation 366 [1/1] (0.00ns)   --->   "%zext_ln111_10 = zext i8 %val_77" [hls_filter_2d.cpp:111]   --->   Operation 366 'zext' 'zext_ln111_10' <Predicate = (!icmp_ln96)> <Delay = 0.00>
ST_7 : Operation 367 [1/1] (0.00ns)   --->   "%zext_ln111_12 = zext i8 %val_80" [hls_filter_2d.cpp:111]   --->   Operation 367 'zext' 'zext_ln111_12' <Predicate = (!icmp_ln96)> <Delay = 0.00>
ST_7 : Operation 368 [1/1] (0.00ns)   --->   "%zext_ln111_15 = zext i8 %val_84" [hls_filter_2d.cpp:111]   --->   Operation 368 'zext' 'zext_ln111_15' <Predicate = (!icmp_ln96)> <Delay = 0.00>
ST_7 : Operation 369 [2/3] (0.99ns) (grouped into DSP with root node add_ln115_1)   --->   "%mul_ln115 = mul i16 %zext_ln111_11, i16 %sext_ln116_17_cast" [hls_filter_2d.cpp:115]   --->   Operation 369 'mul' 'mul_ln115' <Predicate = (!icmp_ln96)> <Delay = 0.99> <CoreInst = "DSP48">   --->   Core 124 'DSP48' <Latency = 3> <II = 1> <Delay = 0.53> <IPBlock> <Opcode : 'add' 'sub' 'mul' 'select'> <InPorts = 0> <OutPorts = 1> <Sync> <CReg>
ST_7 : Operation 370 [1/1] (1.65ns)   --->   "%mul_ln115_1 = mul i16 %zext_ln111_10, i16 %sext_ln116_16_cast" [hls_filter_2d.cpp:115]   --->   Operation 370 'mul' 'mul_ln115_1' <Predicate = (!icmp_ln96)> <Delay = 1.65> <CoreInst = "Multiplier">   --->   Core 3 'Multiplier' <Latency = 0> <II = 1> <Delay = 1.65> <FuncUnit> <Opcode : 'mul'> <InPorts = 2> <OutPorts = 1>
ST_7 : Operation 371 [1/1] (0.00ns)   --->   "%sext_ln115_1 = sext i16 %mul_ln115_1" [hls_filter_2d.cpp:115]   --->   Operation 371 'sext' 'sext_ln115_1' <Predicate = (!icmp_ln96)> <Delay = 0.00>
ST_7 : Operation 372 [1/3] (0.00ns) (grouped into DSP with root node add_ln115_7)   --->   "%mul_ln115_2 = mul i16 %zext_ln111_9, i16 %sext_ln116_15_cast" [hls_filter_2d.cpp:115]   --->   Operation 372 'mul' 'mul_ln115_2' <Predicate = (!icmp_ln96)> <Delay = 0.00> <CoreInst = "DSP48">   --->   Core 124 'DSP48' <Latency = 3> <II = 1> <Delay = 0.53> <IPBlock> <Opcode : 'add' 'sub' 'mul' 'select'> <InPorts = 0> <OutPorts = 1> <Sync> <CReg>
ST_7 : Operation 373 [1/1] (0.00ns) (grouped into DSP with root node add_ln115_7)   --->   "%sext_ln115_2 = sext i16 %mul_ln115_2" [hls_filter_2d.cpp:115]   --->   Operation 373 'sext' 'sext_ln115_2' <Predicate = (!icmp_ln96)> <Delay = 0.00>
ST_7 : Operation 374 [1/1] (1.65ns)   --->   "%mul_ln115_3 = mul i16 %zext_ln106_2, i16 %sext_ln116_14_cast" [hls_filter_2d.cpp:115]   --->   Operation 374 'mul' 'mul_ln115_3' <Predicate = (!icmp_ln96)> <Delay = 1.65> <CoreInst = "Multiplier">   --->   Core 3 'Multiplier' <Latency = 0> <II = 1> <Delay = 1.65> <FuncUnit> <Opcode : 'mul'> <InPorts = 2> <OutPorts = 1>
ST_7 : Operation 375 [1/1] (0.00ns)   --->   "%sext_ln115_3 = sext i16 %mul_ln115_3" [hls_filter_2d.cpp:115]   --->   Operation 375 'sext' 'sext_ln115_3' <Predicate = (!icmp_ln96)> <Delay = 0.00>
ST_7 : Operation 376 [1/3] (0.00ns) (grouped into DSP with root node add_ln115_2)   --->   "%mul_ln115_4 = mul i16 %zext_ln111_8, i16 %sext_ln116_13_cast" [hls_filter_2d.cpp:115]   --->   Operation 376 'mul' 'mul_ln115_4' <Predicate = (!icmp_ln96)> <Delay = 0.00> <CoreInst = "DSP48">   --->   Core 124 'DSP48' <Latency = 3> <II = 1> <Delay = 0.53> <IPBlock> <Opcode : 'add' 'sub' 'mul' 'select'> <InPorts = 0> <OutPorts = 1> <Sync> <CReg>
ST_7 : Operation 377 [1/1] (0.00ns) (grouped into DSP with root node add_ln115_2)   --->   "%sext_ln115_4 = sext i16 %mul_ln115_4" [hls_filter_2d.cpp:115]   --->   Operation 377 'sext' 'sext_ln115_4' <Predicate = (!icmp_ln96)> <Delay = 0.00>
ST_7 : Operation 378 [1/1] (1.65ns)   --->   "%mul_ln115_5 = mul i16 %zext_ln111_7, i16 %sext_ln116_12_cast" [hls_filter_2d.cpp:115]   --->   Operation 378 'mul' 'mul_ln115_5' <Predicate = (!icmp_ln96)> <Delay = 1.65> <CoreInst = "Multiplier">   --->   Core 3 'Multiplier' <Latency = 0> <II = 1> <Delay = 1.65> <FuncUnit> <Opcode : 'mul'> <InPorts = 2> <OutPorts = 1>
ST_7 : Operation 379 [1/1] (0.00ns)   --->   "%sext_ln115_5 = sext i16 %mul_ln115_5" [hls_filter_2d.cpp:115]   --->   Operation 379 'sext' 'sext_ln115_5' <Predicate = (!icmp_ln96)> <Delay = 0.00>
ST_7 : Operation 380 [2/3] (0.99ns) (grouped into DSP with root node add_ln115_8)   --->   "%mul_ln115_6 = mul i16 %zext_ln111_6, i16 %sext_ln116_11_cast" [hls_filter_2d.cpp:115]   --->   Operation 380 'mul' 'mul_ln115_6' <Predicate = (!icmp_ln96)> <Delay = 0.99> <CoreInst = "DSP48">   --->   Core 124 'DSP48' <Latency = 3> <II = 1> <Delay = 0.53> <IPBlock> <Opcode : 'add' 'sub' 'mul' 'select'> <InPorts = 0> <OutPorts = 1> <Sync> <CReg>
ST_7 : Operation 381 [1/3] (0.00ns) (grouped into DSP with root node add_ln115_5)   --->   "%mul_ln115_7 = mul i16 %zext_ln111_5, i16 %sext_ln116_10_cast" [hls_filter_2d.cpp:115]   --->   Operation 381 'mul' 'mul_ln115_7' <Predicate = (!icmp_ln96)> <Delay = 0.00> <CoreInst = "DSP48">   --->   Core 124 'DSP48' <Latency = 3> <II = 1> <Delay = 0.53> <IPBlock> <Opcode : 'add' 'sub' 'mul' 'select'> <InPorts = 0> <OutPorts = 1> <Sync> <CReg>
ST_7 : Operation 382 [1/1] (0.00ns) (grouped into DSP with root node add_ln115_5)   --->   "%sext_ln115_7 = sext i16 %mul_ln115_7" [hls_filter_2d.cpp:115]   --->   Operation 382 'sext' 'sext_ln115_7' <Predicate = (!icmp_ln96)> <Delay = 0.00>
ST_7 : Operation 383 [1/3] (0.00ns) (grouped into DSP with root node add_ln115_18)   --->   "%mul_ln115_8 = mul i16 %zext_ln111_4, i16 %sext_ln116_9_cast" [hls_filter_2d.cpp:115]   --->   Operation 383 'mul' 'mul_ln115_8' <Predicate = (!icmp_ln96)> <Delay = 0.00> <CoreInst = "DSP48">   --->   Core 124 'DSP48' <Latency = 3> <II = 1> <Delay = 0.53> <IPBlock> <Opcode : 'add' 'sub' 'mul' 'select'> <InPorts = 0> <OutPorts = 1> <Sync> <CReg>
ST_7 : Operation 384 [1/1] (0.00ns) (grouped into DSP with root node add_ln115_18)   --->   "%sext_ln115_8 = sext i16 %mul_ln115_8" [hls_filter_2d.cpp:115]   --->   Operation 384 'sext' 'sext_ln115_8' <Predicate = (!icmp_ln96)> <Delay = 0.00>
ST_7 : Operation 385 [2/3] (0.99ns) (grouped into DSP with root node add_ln115_12)   --->   "%mul_ln115_9 = mul i16 %zext_ln111_3, i16 %sext_ln116_8_cast" [hls_filter_2d.cpp:115]   --->   Operation 385 'mul' 'mul_ln115_9' <Predicate = (!icmp_ln96)> <Delay = 0.99> <CoreInst = "DSP48">   --->   Core 124 'DSP48' <Latency = 3> <II = 1> <Delay = 0.53> <IPBlock> <Opcode : 'add' 'sub' 'mul' 'select'> <InPorts = 0> <OutPorts = 1> <Sync> <CReg>
ST_7 : Operation 386 [1/3] (0.00ns) (grouped into DSP with root node add_ln115)   --->   "%mul_ln115_10 = mul i16 %zext_ln111_2, i16 %sext_ln116_7_cast" [hls_filter_2d.cpp:115]   --->   Operation 386 'mul' 'mul_ln115_10' <Predicate = (!icmp_ln96)> <Delay = 0.00> <CoreInst = "DSP48">   --->   Core 124 'DSP48' <Latency = 3> <II = 1> <Delay = 0.53> <IPBlock> <Opcode : 'add' 'sub' 'mul' 'select'> <InPorts = 0> <OutPorts = 1> <Sync> <CReg>
ST_7 : Operation 387 [1/1] (0.00ns) (grouped into DSP with root node add_ln115)   --->   "%sext_ln115_10 = sext i16 %mul_ln115_10" [hls_filter_2d.cpp:115]   --->   Operation 387 'sext' 'sext_ln115_10' <Predicate = (!icmp_ln96)> <Delay = 0.00>
ST_7 : Operation 388 [1/1] (1.65ns)   --->   "%mul_ln115_11 = mul i16 %zext_ln111_1, i16 %sext_ln116_6_cast" [hls_filter_2d.cpp:115]   --->   Operation 388 'mul' 'mul_ln115_11' <Predicate = (!icmp_ln96)> <Delay = 1.65> <CoreInst = "Multiplier">   --->   Core 3 'Multiplier' <Latency = 0> <II = 1> <Delay = 1.65> <FuncUnit> <Opcode : 'mul'> <InPorts = 2> <OutPorts = 1>
ST_7 : Operation 389 [1/1] (0.00ns)   --->   "%sext_ln115_11 = sext i16 %mul_ln115_11" [hls_filter_2d.cpp:115]   --->   Operation 389 'sext' 'sext_ln115_11' <Predicate = (!icmp_ln96)> <Delay = 0.00>
ST_7 : Operation 390 [1/3] (0.00ns) (grouped into DSP with root node add_ln115_13)   --->   "%mul_ln115_12 = mul i16 %zext_ln111, i16 %sext_ln116_5_cast" [hls_filter_2d.cpp:115]   --->   Operation 390 'mul' 'mul_ln115_12' <Predicate = (!icmp_ln96)> <Delay = 0.00> <CoreInst = "DSP48">   --->   Core 124 'DSP48' <Latency = 3> <II = 1> <Delay = 0.53> <IPBlock> <Opcode : 'add' 'sub' 'mul' 'select'> <InPorts = 0> <OutPorts = 1> <Sync> <CReg>
ST_7 : Operation 391 [1/1] (0.00ns) (grouped into DSP with root node add_ln115_13)   --->   "%sext_ln115_12 = sext i16 %mul_ln115_12" [hls_filter_2d.cpp:115]   --->   Operation 391 'sext' 'sext_ln115_12' <Predicate = (!icmp_ln96)> <Delay = 0.00>
ST_7 : Operation 392 [1/1] (1.65ns)   --->   "%mul_ln115_13 = mul i16 %zext_ln106_1, i16 %sext_ln116_4_cast" [hls_filter_2d.cpp:115]   --->   Operation 392 'mul' 'mul_ln115_13' <Predicate = (!icmp_ln96)> <Delay = 1.65> <CoreInst = "Multiplier">   --->   Core 3 'Multiplier' <Latency = 0> <II = 1> <Delay = 1.65> <FuncUnit> <Opcode : 'mul'> <InPorts = 2> <OutPorts = 1>
ST_7 : Operation 393 [1/1] (0.00ns)   --->   "%sext_ln115_13 = sext i16 %mul_ln115_13" [hls_filter_2d.cpp:115]   --->   Operation 393 'sext' 'sext_ln115_13' <Predicate = (!icmp_ln96)> <Delay = 0.00>
ST_7 : Operation 394 [1/1] (1.65ns)   --->   "%mul_ln115_14 = mul i16 %zext_ln104_3, i16 %sext_ln116_3_cast" [hls_filter_2d.cpp:115]   --->   Operation 394 'mul' 'mul_ln115_14' <Predicate = (!icmp_ln96)> <Delay = 1.65> <CoreInst = "Multiplier">   --->   Core 3 'Multiplier' <Latency = 0> <II = 1> <Delay = 1.65> <FuncUnit> <Opcode : 'mul'> <InPorts = 2> <OutPorts = 1>
ST_7 : Operation 395 [1/1] (0.00ns)   --->   "%sext_ln115_14 = sext i16 %mul_ln115_14" [hls_filter_2d.cpp:115]   --->   Operation 395 'sext' 'sext_ln115_14' <Predicate = (!icmp_ln96)> <Delay = 0.00>
ST_7 : Operation 396 [2/3] (0.99ns) (grouped into DSP with root node add_ln115_3)   --->   "%mul_ln115_15 = mul i16 %zext_ln104_2, i16 %sext_ln116_2_cast" [hls_filter_2d.cpp:115]   --->   Operation 396 'mul' 'mul_ln115_15' <Predicate = (!icmp_ln96)> <Delay = 0.99> <CoreInst = "DSP48">   --->   Core 124 'DSP48' <Latency = 3> <II = 1> <Delay = 0.53> <IPBlock> <Opcode : 'add' 'sub' 'mul' 'select'> <InPorts = 0> <OutPorts = 1> <Sync> <CReg>
ST_7 : Operation 397 [1/1] (1.65ns)   --->   "%mul_ln115_16 = mul i16 %zext_ln104_1, i16 %sext_ln116_cast" [hls_filter_2d.cpp:115]   --->   Operation 397 'mul' 'mul_ln115_16' <Predicate = (!icmp_ln96)> <Delay = 1.65> <CoreInst = "Multiplier">   --->   Core 3 'Multiplier' <Latency = 0> <II = 1> <Delay = 1.65> <FuncUnit> <Opcode : 'mul'> <InPorts = 2> <OutPorts = 1>
ST_7 : Operation 398 [1/1] (0.00ns)   --->   "%sext_ln115_16 = sext i16 %mul_ln115_16" [hls_filter_2d.cpp:115]   --->   Operation 398 'sext' 'sext_ln115_16' <Predicate = (!icmp_ln96)> <Delay = 0.00>
ST_7 : Operation 399 [2/3] (0.99ns) (grouped into DSP with root node add_ln115_17)   --->   "%mul_ln115_17 = mul i16 %zext_ln103, i16 %sext_ln116_1_cast" [hls_filter_2d.cpp:115]   --->   Operation 399 'mul' 'mul_ln115_17' <Predicate = (!icmp_ln96)> <Delay = 0.99> <CoreInst = "DSP48">   --->   Core 124 'DSP48' <Latency = 3> <II = 1> <Delay = 0.53> <IPBlock> <Opcode : 'add' 'sub' 'mul' 'select'> <InPorts = 0> <OutPorts = 1> <Sync> <CReg>
ST_7 : Operation 400 [1/3] (0.00ns) (grouped into DSP with root node add_ln115_16)   --->   "%mul_ln115_18 = mul i16 %zext_ln115, i16 %sext_ln50_cast" [hls_filter_2d.cpp:115]   --->   Operation 400 'mul' 'mul_ln115_18' <Predicate = (!icmp_ln96)> <Delay = 0.00> <CoreInst = "DSP48">   --->   Core 124 'DSP48' <Latency = 3> <II = 1> <Delay = 0.53> <IPBlock> <Opcode : 'add' 'sub' 'mul' 'select'> <InPorts = 0> <OutPorts = 1> <Sync> <CReg>
ST_7 : Operation 401 [1/1] (0.00ns) (grouped into DSP with root node add_ln115_16)   --->   "%sext_ln115_18 = sext i16 %mul_ln115_18" [hls_filter_2d.cpp:115]   --->   Operation 401 'sext' 'sext_ln115_18' <Predicate = (!icmp_ln96)> <Delay = 0.00>
ST_7 : Operation 402 [2/3] (0.99ns) (grouped into DSP with root node add_ln115_6)   --->   "%mul_ln115_19 = mul i16 %zext_ln111_16, i16 %sext_ln116_23_cast" [hls_filter_2d.cpp:115]   --->   Operation 402 'mul' 'mul_ln115_19' <Predicate = (!icmp_ln96)> <Delay = 0.99> <CoreInst = "DSP48">   --->   Core 124 'DSP48' <Latency = 3> <II = 1> <Delay = 0.53> <IPBlock> <Opcode : 'add' 'sub' 'mul' 'select'> <InPorts = 0> <OutPorts = 1> <Sync> <CReg>
ST_7 : Operation 403 [1/1] (1.65ns)   --->   "%mul_ln115_20 = mul i16 %zext_ln111_15, i16 %sext_ln116_22_cast" [hls_filter_2d.cpp:115]   --->   Operation 403 'mul' 'mul_ln115_20' <Predicate = (!icmp_ln96)> <Delay = 1.65> <CoreInst = "Multiplier">   --->   Core 3 'Multiplier' <Latency = 0> <II = 1> <Delay = 1.65> <FuncUnit> <Opcode : 'mul'> <InPorts = 2> <OutPorts = 1>
ST_7 : Operation 404 [1/1] (0.00ns)   --->   "%sext_ln115_20 = sext i16 %mul_ln115_20" [hls_filter_2d.cpp:115]   --->   Operation 404 'sext' 'sext_ln115_20' <Predicate = (!icmp_ln96)> <Delay = 0.00>
ST_7 : Operation 405 [2/3] (0.99ns) (grouped into DSP with root node add_ln115_14)   --->   "%mul_ln115_21 = mul i16 %zext_ln111_14, i16 %sext_ln116_21_cast" [hls_filter_2d.cpp:115]   --->   Operation 405 'mul' 'mul_ln115_21' <Predicate = (!icmp_ln96)> <Delay = 0.99> <CoreInst = "DSP48">   --->   Core 124 'DSP48' <Latency = 3> <II = 1> <Delay = 0.53> <IPBlock> <Opcode : 'add' 'sub' 'mul' 'select'> <InPorts = 0> <OutPorts = 1> <Sync> <CReg>
ST_7 : Operation 406 [1/3] (0.00ns) (grouped into DSP with root node add_ln115_11)   --->   "%mul_ln115_22 = mul i16 %zext_ln111_13, i16 %sext_ln116_20_cast" [hls_filter_2d.cpp:115]   --->   Operation 406 'mul' 'mul_ln115_22' <Predicate = (!icmp_ln96)> <Delay = 0.00> <CoreInst = "DSP48">   --->   Core 124 'DSP48' <Latency = 3> <II = 1> <Delay = 0.53> <IPBlock> <Opcode : 'add' 'sub' 'mul' 'select'> <InPorts = 0> <OutPorts = 1> <Sync> <CReg>
ST_7 : Operation 407 [1/1] (0.00ns) (grouped into DSP with root node add_ln115_11)   --->   "%sext_ln115_22 = sext i16 %mul_ln115_22" [hls_filter_2d.cpp:115]   --->   Operation 407 'sext' 'sext_ln115_22' <Predicate = (!icmp_ln96)> <Delay = 0.00>
ST_7 : Operation 408 [1/3] (0.00ns) (grouped into DSP with root node add_ln115_19)   --->   "%mul_ln115_23 = mul i16 %zext_ln106_3, i16 %sext_ln116_19_cast" [hls_filter_2d.cpp:115]   --->   Operation 408 'mul' 'mul_ln115_23' <Predicate = (!icmp_ln96)> <Delay = 0.00> <CoreInst = "DSP48">   --->   Core 124 'DSP48' <Latency = 3> <II = 1> <Delay = 0.53> <IPBlock> <Opcode : 'add' 'sub' 'mul' 'select'> <InPorts = 0> <OutPorts = 1> <Sync> <CReg>
ST_7 : Operation 409 [1/1] (0.00ns) (grouped into DSP with root node add_ln115_19)   --->   "%sext_ln115_23 = sext i16 %mul_ln115_23" [hls_filter_2d.cpp:115]   --->   Operation 409 'sext' 'sext_ln115_23' <Predicate = (!icmp_ln96)> <Delay = 0.00>
ST_7 : Operation 410 [1/1] (1.65ns)   --->   "%mul_ln115_24 = mul i16 %zext_ln111_12, i16 %sext_ln116_18_cast" [hls_filter_2d.cpp:115]   --->   Operation 410 'mul' 'mul_ln115_24' <Predicate = (!icmp_ln96)> <Delay = 1.65> <CoreInst = "Multiplier">   --->   Core 3 'Multiplier' <Latency = 0> <II = 1> <Delay = 1.65> <FuncUnit> <Opcode : 'mul'> <InPorts = 2> <OutPorts = 1>
ST_7 : Operation 411 [1/1] (0.00ns)   --->   "%sext_ln115_24 = sext i16 %mul_ln115_24" [hls_filter_2d.cpp:115]   --->   Operation 411 'sext' 'sext_ln115_24' <Predicate = (!icmp_ln96)> <Delay = 0.00>
ST_7 : Operation 412 [2/2] (0.64ns) (root node of the DSP)   --->   "%add_ln115 = add i17 %sext_ln115_5, i17 %sext_ln115_10" [hls_filter_2d.cpp:115]   --->   Operation 412 'add' 'add_ln115' <Predicate = (!icmp_ln96)> <Delay = 0.64> <CoreInst = "DSP48">   --->   Core 124 'DSP48' <Latency = 3> <II = 1> <Delay = 0.53> <IPBlock> <Opcode : 'add' 'sub' 'mul' 'select'> <InPorts = 0> <OutPorts = 1> <Sync> <CReg>
ST_7 : Operation 413 [2/2] (0.64ns) (root node of the DSP)   --->   "%add_ln115_2 = add i17 %sext_ln115_20, i17 %sext_ln115_4" [hls_filter_2d.cpp:115]   --->   Operation 413 'add' 'add_ln115_2' <Predicate = (!icmp_ln96)> <Delay = 0.64> <CoreInst = "DSP48">   --->   Core 124 'DSP48' <Latency = 3> <II = 1> <Delay = 0.53> <IPBlock> <Opcode : 'add' 'sub' 'mul' 'select'> <InPorts = 0> <OutPorts = 1> <Sync> <CReg>
ST_7 : Operation 414 [2/2] (0.64ns) (root node of the DSP)   --->   "%add_ln115_5 = add i17 %sext_ln115_24, i17 %sext_ln115_7" [hls_filter_2d.cpp:115]   --->   Operation 414 'add' 'add_ln115_5' <Predicate = (!icmp_ln96)> <Delay = 0.64> <CoreInst = "DSP48">   --->   Core 124 'DSP48' <Latency = 3> <II = 1> <Delay = 0.53> <IPBlock> <Opcode : 'add' 'sub' 'mul' 'select'> <InPorts = 0> <OutPorts = 1> <Sync> <CReg>
ST_7 : Operation 415 [2/2] (0.64ns) (root node of the DSP)   --->   "%add_ln115_7 = add i17 %sext_ln115_1, i17 %sext_ln115_2" [hls_filter_2d.cpp:115]   --->   Operation 415 'add' 'add_ln115_7' <Predicate = (!icmp_ln96)> <Delay = 0.64> <CoreInst = "DSP48">   --->   Core 124 'DSP48' <Latency = 3> <II = 1> <Delay = 0.53> <IPBlock> <Opcode : 'add' 'sub' 'mul' 'select'> <InPorts = 0> <OutPorts = 1> <Sync> <CReg>
ST_7 : Operation 416 [2/2] (0.64ns) (root node of the DSP)   --->   "%add_ln115_11 = add i17 %sext_ln115_14, i17 %sext_ln115_22" [hls_filter_2d.cpp:115]   --->   Operation 416 'add' 'add_ln115_11' <Predicate = (!icmp_ln96)> <Delay = 0.64> <CoreInst = "DSP48">   --->   Core 124 'DSP48' <Latency = 3> <II = 1> <Delay = 0.53> <IPBlock> <Opcode : 'add' 'sub' 'mul' 'select'> <InPorts = 0> <OutPorts = 1> <Sync> <CReg>
ST_7 : Operation 417 [2/2] (0.64ns) (root node of the DSP)   --->   "%add_ln115_13 = add i17 %sext_ln115_11, i17 %sext_ln115_12" [hls_filter_2d.cpp:115]   --->   Operation 417 'add' 'add_ln115_13' <Predicate = (!icmp_ln96)> <Delay = 0.64> <CoreInst = "DSP48">   --->   Core 124 'DSP48' <Latency = 3> <II = 1> <Delay = 0.53> <IPBlock> <Opcode : 'add' 'sub' 'mul' 'select'> <InPorts = 0> <OutPorts = 1> <Sync> <CReg>
ST_7 : Operation 418 [2/2] (0.64ns) (root node of the DSP)   --->   "%add_ln115_16 = add i17 %sext_ln115_16, i17 %sext_ln115_18" [hls_filter_2d.cpp:115]   --->   Operation 418 'add' 'add_ln115_16' <Predicate = (!icmp_ln96)> <Delay = 0.64> <CoreInst = "DSP48">   --->   Core 124 'DSP48' <Latency = 3> <II = 1> <Delay = 0.53> <IPBlock> <Opcode : 'add' 'sub' 'mul' 'select'> <InPorts = 0> <OutPorts = 1> <Sync> <CReg>
ST_7 : Operation 419 [2/2] (0.64ns) (root node of the DSP)   --->   "%add_ln115_18 = add i17 %sext_ln115_13, i17 %sext_ln115_8" [hls_filter_2d.cpp:115]   --->   Operation 419 'add' 'add_ln115_18' <Predicate = (!icmp_ln96)> <Delay = 0.64> <CoreInst = "DSP48">   --->   Core 124 'DSP48' <Latency = 3> <II = 1> <Delay = 0.53> <IPBlock> <Opcode : 'add' 'sub' 'mul' 'select'> <InPorts = 0> <OutPorts = 1> <Sync> <CReg>
ST_7 : Operation 420 [2/2] (0.64ns) (root node of the DSP)   --->   "%add_ln115_19 = add i17 %sext_ln115_3, i17 %sext_ln115_23" [hls_filter_2d.cpp:115]   --->   Operation 420 'add' 'add_ln115_19' <Predicate = (!icmp_ln96)> <Delay = 0.64> <CoreInst = "DSP48">   --->   Core 124 'DSP48' <Latency = 3> <II = 1> <Delay = 0.53> <IPBlock> <Opcode : 'add' 'sub' 'mul' 'select'> <InPorts = 0> <OutPorts = 1> <Sync> <CReg>

State 8 <SV = 7> <Delay = 1.50>
ST_8 : Operation 421 [1/3] (0.00ns) (grouped into DSP with root node add_ln115_1)   --->   "%mul_ln115 = mul i16 %zext_ln111_11, i16 %sext_ln116_17_cast" [hls_filter_2d.cpp:115]   --->   Operation 421 'mul' 'mul_ln115' <Predicate = (!icmp_ln96)> <Delay = 0.00> <CoreInst = "DSP48">   --->   Core 124 'DSP48' <Latency = 3> <II = 1> <Delay = 0.53> <IPBlock> <Opcode : 'add' 'sub' 'mul' 'select'> <InPorts = 0> <OutPorts = 1> <Sync> <CReg>
ST_8 : Operation 422 [1/1] (0.00ns) (grouped into DSP with root node add_ln115_1)   --->   "%sext_ln115 = sext i16 %mul_ln115" [hls_filter_2d.cpp:115]   --->   Operation 422 'sext' 'sext_ln115' <Predicate = (!icmp_ln96)> <Delay = 0.00>
ST_8 : Operation 423 [1/3] (0.00ns) (grouped into DSP with root node add_ln115_8)   --->   "%mul_ln115_6 = mul i16 %zext_ln111_6, i16 %sext_ln116_11_cast" [hls_filter_2d.cpp:115]   --->   Operation 423 'mul' 'mul_ln115_6' <Predicate = (!icmp_ln96)> <Delay = 0.00> <CoreInst = "DSP48">   --->   Core 124 'DSP48' <Latency = 3> <II = 1> <Delay = 0.53> <IPBlock> <Opcode : 'add' 'sub' 'mul' 'select'> <InPorts = 0> <OutPorts = 1> <Sync> <CReg>
ST_8 : Operation 424 [1/1] (0.00ns) (grouped into DSP with root node add_ln115_8)   --->   "%sext_ln115_6 = sext i16 %mul_ln115_6" [hls_filter_2d.cpp:115]   --->   Operation 424 'sext' 'sext_ln115_6' <Predicate = (!icmp_ln96)> <Delay = 0.00>
ST_8 : Operation 425 [1/3] (0.00ns) (grouped into DSP with root node add_ln115_12)   --->   "%mul_ln115_9 = mul i16 %zext_ln111_3, i16 %sext_ln116_8_cast" [hls_filter_2d.cpp:115]   --->   Operation 425 'mul' 'mul_ln115_9' <Predicate = (!icmp_ln96)> <Delay = 0.00> <CoreInst = "DSP48">   --->   Core 124 'DSP48' <Latency = 3> <II = 1> <Delay = 0.53> <IPBlock> <Opcode : 'add' 'sub' 'mul' 'select'> <InPorts = 0> <OutPorts = 1> <Sync> <CReg>
ST_8 : Operation 426 [1/1] (0.00ns) (grouped into DSP with root node add_ln115_12)   --->   "%sext_ln115_9 = sext i16 %mul_ln115_9" [hls_filter_2d.cpp:115]   --->   Operation 426 'sext' 'sext_ln115_9' <Predicate = (!icmp_ln96)> <Delay = 0.00>
ST_8 : Operation 427 [1/3] (0.00ns) (grouped into DSP with root node add_ln115_3)   --->   "%mul_ln115_15 = mul i16 %zext_ln104_2, i16 %sext_ln116_2_cast" [hls_filter_2d.cpp:115]   --->   Operation 427 'mul' 'mul_ln115_15' <Predicate = (!icmp_ln96)> <Delay = 0.00> <CoreInst = "DSP48">   --->   Core 124 'DSP48' <Latency = 3> <II = 1> <Delay = 0.53> <IPBlock> <Opcode : 'add' 'sub' 'mul' 'select'> <InPorts = 0> <OutPorts = 1> <Sync> <CReg>
ST_8 : Operation 428 [1/1] (0.00ns) (grouped into DSP with root node add_ln115_3)   --->   "%sext_ln115_15 = sext i16 %mul_ln115_15" [hls_filter_2d.cpp:115]   --->   Operation 428 'sext' 'sext_ln115_15' <Predicate = (!icmp_ln96)> <Delay = 0.00>
ST_8 : Operation 429 [1/3] (0.00ns) (grouped into DSP with root node add_ln115_17)   --->   "%mul_ln115_17 = mul i16 %zext_ln103, i16 %sext_ln116_1_cast" [hls_filter_2d.cpp:115]   --->   Operation 429 'mul' 'mul_ln115_17' <Predicate = (!icmp_ln96)> <Delay = 0.00> <CoreInst = "DSP48">   --->   Core 124 'DSP48' <Latency = 3> <II = 1> <Delay = 0.53> <IPBlock> <Opcode : 'add' 'sub' 'mul' 'select'> <InPorts = 0> <OutPorts = 1> <Sync> <CReg>
ST_8 : Operation 430 [1/1] (0.00ns) (grouped into DSP with root node add_ln115_17)   --->   "%sext_ln115_17 = sext i16 %mul_ln115_17" [hls_filter_2d.cpp:115]   --->   Operation 430 'sext' 'sext_ln115_17' <Predicate = (!icmp_ln96)> <Delay = 0.00>
ST_8 : Operation 431 [1/3] (0.00ns) (grouped into DSP with root node add_ln115_6)   --->   "%mul_ln115_19 = mul i16 %zext_ln111_16, i16 %sext_ln116_23_cast" [hls_filter_2d.cpp:115]   --->   Operation 431 'mul' 'mul_ln115_19' <Predicate = (!icmp_ln96)> <Delay = 0.00> <CoreInst = "DSP48">   --->   Core 124 'DSP48' <Latency = 3> <II = 1> <Delay = 0.53> <IPBlock> <Opcode : 'add' 'sub' 'mul' 'select'> <InPorts = 0> <OutPorts = 1> <Sync> <CReg>
ST_8 : Operation 432 [1/1] (0.00ns) (grouped into DSP with root node add_ln115_6)   --->   "%sext_ln115_19 = sext i16 %mul_ln115_19" [hls_filter_2d.cpp:115]   --->   Operation 432 'sext' 'sext_ln115_19' <Predicate = (!icmp_ln96)> <Delay = 0.00>
ST_8 : Operation 433 [1/3] (0.00ns) (grouped into DSP with root node add_ln115_14)   --->   "%mul_ln115_21 = mul i16 %zext_ln111_14, i16 %sext_ln116_21_cast" [hls_filter_2d.cpp:115]   --->   Operation 433 'mul' 'mul_ln115_21' <Predicate = (!icmp_ln96)> <Delay = 0.00> <CoreInst = "DSP48">   --->   Core 124 'DSP48' <Latency = 3> <II = 1> <Delay = 0.53> <IPBlock> <Opcode : 'add' 'sub' 'mul' 'select'> <InPorts = 0> <OutPorts = 1> <Sync> <CReg>
ST_8 : Operation 434 [1/1] (0.00ns) (grouped into DSP with root node add_ln115_14)   --->   "%sext_ln115_21 = sext i16 %mul_ln115_21" [hls_filter_2d.cpp:115]   --->   Operation 434 'sext' 'sext_ln115_21' <Predicate = (!icmp_ln96)> <Delay = 0.00>
ST_8 : Operation 435 [1/2] (0.64ns) (root node of the DSP)   --->   "%add_ln115 = add i17 %sext_ln115_5, i17 %sext_ln115_10" [hls_filter_2d.cpp:115]   --->   Operation 435 'add' 'add_ln115' <Predicate = (!icmp_ln96)> <Delay = 0.64> <CoreInst = "DSP48">   --->   Core 124 'DSP48' <Latency = 3> <II = 1> <Delay = 0.53> <IPBlock> <Opcode : 'add' 'sub' 'mul' 'select'> <InPorts = 0> <OutPorts = 1> <Sync> <CReg>
ST_8 : Operation 436 [1/1] (0.00ns)   --->   "%sext_ln115_25 = sext i17 %add_ln115" [hls_filter_2d.cpp:115]   --->   Operation 436 'sext' 'sext_ln115_25' <Predicate = (!icmp_ln96)> <Delay = 0.00>
ST_8 : Operation 437 [2/2] (0.64ns) (root node of the DSP)   --->   "%add_ln115_1 = add i18 %sext_ln115_25, i18 %sext_ln115" [hls_filter_2d.cpp:115]   --->   Operation 437 'add' 'add_ln115_1' <Predicate = (!icmp_ln96)> <Delay = 0.64> <CoreInst = "DSP48">   --->   Core 124 'DSP48' <Latency = 3> <II = 1> <Delay = 0.53> <IPBlock> <Opcode : 'add' 'sub' 'mul' 'select'> <InPorts = 0> <OutPorts = 1> <Sync> <CReg>
ST_8 : Operation 438 [1/2] (0.64ns) (root node of the DSP)   --->   "%add_ln115_2 = add i17 %sext_ln115_20, i17 %sext_ln115_4" [hls_filter_2d.cpp:115]   --->   Operation 438 'add' 'add_ln115_2' <Predicate = (!icmp_ln96)> <Delay = 0.64> <CoreInst = "DSP48">   --->   Core 124 'DSP48' <Latency = 3> <II = 1> <Delay = 0.53> <IPBlock> <Opcode : 'add' 'sub' 'mul' 'select'> <InPorts = 0> <OutPorts = 1> <Sync> <CReg>
ST_8 : Operation 439 [1/1] (0.00ns)   --->   "%sext_ln115_27 = sext i17 %add_ln115_2" [hls_filter_2d.cpp:115]   --->   Operation 439 'sext' 'sext_ln115_27' <Predicate = (!icmp_ln96)> <Delay = 0.00>
ST_8 : Operation 440 [2/2] (0.64ns) (root node of the DSP)   --->   "%add_ln115_3 = add i18 %sext_ln115_27, i18 %sext_ln115_15" [hls_filter_2d.cpp:115]   --->   Operation 440 'add' 'add_ln115_3' <Predicate = (!icmp_ln96)> <Delay = 0.64> <CoreInst = "DSP48">   --->   Core 124 'DSP48' <Latency = 3> <II = 1> <Delay = 0.53> <IPBlock> <Opcode : 'add' 'sub' 'mul' 'select'> <InPorts = 0> <OutPorts = 1> <Sync> <CReg>
ST_8 : Operation 441 [1/2] (0.64ns) (root node of the DSP)   --->   "%add_ln115_5 = add i17 %sext_ln115_24, i17 %sext_ln115_7" [hls_filter_2d.cpp:115]   --->   Operation 441 'add' 'add_ln115_5' <Predicate = (!icmp_ln96)> <Delay = 0.64> <CoreInst = "DSP48">   --->   Core 124 'DSP48' <Latency = 3> <II = 1> <Delay = 0.53> <IPBlock> <Opcode : 'add' 'sub' 'mul' 'select'> <InPorts = 0> <OutPorts = 1> <Sync> <CReg>
ST_8 : Operation 442 [1/1] (0.00ns)   --->   "%sext_ln115_30 = sext i17 %add_ln115_5" [hls_filter_2d.cpp:115]   --->   Operation 442 'sext' 'sext_ln115_30' <Predicate = (!icmp_ln96)> <Delay = 0.00>
ST_8 : Operation 443 [2/2] (0.64ns) (root node of the DSP)   --->   "%add_ln115_6 = add i18 %sext_ln115_30, i18 %sext_ln115_19" [hls_filter_2d.cpp:115]   --->   Operation 443 'add' 'add_ln115_6' <Predicate = (!icmp_ln96)> <Delay = 0.64> <CoreInst = "DSP48">   --->   Core 124 'DSP48' <Latency = 3> <II = 1> <Delay = 0.53> <IPBlock> <Opcode : 'add' 'sub' 'mul' 'select'> <InPorts = 0> <OutPorts = 1> <Sync> <CReg>
ST_8 : Operation 444 [1/2] (0.64ns) (root node of the DSP)   --->   "%add_ln115_7 = add i17 %sext_ln115_1, i17 %sext_ln115_2" [hls_filter_2d.cpp:115]   --->   Operation 444 'add' 'add_ln115_7' <Predicate = (!icmp_ln96)> <Delay = 0.64> <CoreInst = "DSP48">   --->   Core 124 'DSP48' <Latency = 3> <II = 1> <Delay = 0.53> <IPBlock> <Opcode : 'add' 'sub' 'mul' 'select'> <InPorts = 0> <OutPorts = 1> <Sync> <CReg>
ST_8 : Operation 445 [1/1] (0.00ns)   --->   "%sext_ln115_32 = sext i17 %add_ln115_7" [hls_filter_2d.cpp:115]   --->   Operation 445 'sext' 'sext_ln115_32' <Predicate = (!icmp_ln96)> <Delay = 0.00>
ST_8 : Operation 446 [2/2] (0.64ns) (root node of the DSP)   --->   "%add_ln115_8 = add i18 %sext_ln115_32, i18 %sext_ln115_6" [hls_filter_2d.cpp:115]   --->   Operation 446 'add' 'add_ln115_8' <Predicate = (!icmp_ln96)> <Delay = 0.64> <CoreInst = "DSP48">   --->   Core 124 'DSP48' <Latency = 3> <II = 1> <Delay = 0.53> <IPBlock> <Opcode : 'add' 'sub' 'mul' 'select'> <InPorts = 0> <OutPorts = 1> <Sync> <CReg>
ST_8 : Operation 447 [1/2] (0.64ns) (root node of the DSP)   --->   "%add_ln115_11 = add i17 %sext_ln115_14, i17 %sext_ln115_22" [hls_filter_2d.cpp:115]   --->   Operation 447 'add' 'add_ln115_11' <Predicate = (!icmp_ln96)> <Delay = 0.64> <CoreInst = "DSP48">   --->   Core 124 'DSP48' <Latency = 3> <II = 1> <Delay = 0.53> <IPBlock> <Opcode : 'add' 'sub' 'mul' 'select'> <InPorts = 0> <OutPorts = 1> <Sync> <CReg>
ST_8 : Operation 448 [1/1] (0.00ns)   --->   "%sext_ln115_36 = sext i17 %add_ln115_11" [hls_filter_2d.cpp:115]   --->   Operation 448 'sext' 'sext_ln115_36' <Predicate = (!icmp_ln96)> <Delay = 0.00>
ST_8 : Operation 449 [2/2] (0.64ns) (root node of the DSP)   --->   "%add_ln115_12 = add i18 %sext_ln115_36, i18 %sext_ln115_9" [hls_filter_2d.cpp:115]   --->   Operation 449 'add' 'add_ln115_12' <Predicate = (!icmp_ln96)> <Delay = 0.64> <CoreInst = "DSP48">   --->   Core 124 'DSP48' <Latency = 3> <II = 1> <Delay = 0.53> <IPBlock> <Opcode : 'add' 'sub' 'mul' 'select'> <InPorts = 0> <OutPorts = 1> <Sync> <CReg>
ST_8 : Operation 450 [1/2] (0.64ns) (root node of the DSP)   --->   "%add_ln115_13 = add i17 %sext_ln115_11, i17 %sext_ln115_12" [hls_filter_2d.cpp:115]   --->   Operation 450 'add' 'add_ln115_13' <Predicate = (!icmp_ln96)> <Delay = 0.64> <CoreInst = "DSP48">   --->   Core 124 'DSP48' <Latency = 3> <II = 1> <Delay = 0.53> <IPBlock> <Opcode : 'add' 'sub' 'mul' 'select'> <InPorts = 0> <OutPorts = 1> <Sync> <CReg>
ST_8 : Operation 451 [1/1] (0.00ns)   --->   "%sext_ln115_38 = sext i17 %add_ln115_13" [hls_filter_2d.cpp:115]   --->   Operation 451 'sext' 'sext_ln115_38' <Predicate = (!icmp_ln96)> <Delay = 0.00>
ST_8 : Operation 452 [2/2] (0.64ns) (root node of the DSP)   --->   "%add_ln115_14 = add i18 %sext_ln115_38, i18 %sext_ln115_21" [hls_filter_2d.cpp:115]   --->   Operation 452 'add' 'add_ln115_14' <Predicate = (!icmp_ln96)> <Delay = 0.64> <CoreInst = "DSP48">   --->   Core 124 'DSP48' <Latency = 3> <II = 1> <Delay = 0.53> <IPBlock> <Opcode : 'add' 'sub' 'mul' 'select'> <InPorts = 0> <OutPorts = 1> <Sync> <CReg>
ST_8 : Operation 453 [1/2] (0.64ns) (root node of the DSP)   --->   "%add_ln115_16 = add i17 %sext_ln115_16, i17 %sext_ln115_18" [hls_filter_2d.cpp:115]   --->   Operation 453 'add' 'add_ln115_16' <Predicate = (!icmp_ln96)> <Delay = 0.64> <CoreInst = "DSP48">   --->   Core 124 'DSP48' <Latency = 3> <II = 1> <Delay = 0.53> <IPBlock> <Opcode : 'add' 'sub' 'mul' 'select'> <InPorts = 0> <OutPorts = 1> <Sync> <CReg>
ST_8 : Operation 454 [1/1] (0.00ns)   --->   "%sext_ln115_41 = sext i17 %add_ln115_16" [hls_filter_2d.cpp:115]   --->   Operation 454 'sext' 'sext_ln115_41' <Predicate = (!icmp_ln96)> <Delay = 0.00>
ST_8 : Operation 455 [2/2] (0.64ns) (root node of the DSP)   --->   "%add_ln115_17 = add i18 %sext_ln115_41, i18 %sext_ln115_17" [hls_filter_2d.cpp:115]   --->   Operation 455 'add' 'add_ln115_17' <Predicate = (!icmp_ln96)> <Delay = 0.64> <CoreInst = "DSP48">   --->   Core 124 'DSP48' <Latency = 3> <II = 1> <Delay = 0.53> <IPBlock> <Opcode : 'add' 'sub' 'mul' 'select'> <InPorts = 0> <OutPorts = 1> <Sync> <CReg>
ST_8 : Operation 456 [1/2] (0.64ns) (root node of the DSP)   --->   "%add_ln115_18 = add i17 %sext_ln115_13, i17 %sext_ln115_8" [hls_filter_2d.cpp:115]   --->   Operation 456 'add' 'add_ln115_18' <Predicate = (!icmp_ln96)> <Delay = 0.64> <CoreInst = "DSP48">   --->   Core 124 'DSP48' <Latency = 3> <II = 1> <Delay = 0.53> <IPBlock> <Opcode : 'add' 'sub' 'mul' 'select'> <InPorts = 0> <OutPorts = 1> <Sync> <CReg>
ST_8 : Operation 457 [1/1] (0.00ns)   --->   "%sext_ln115_43 = sext i17 %add_ln115_18" [hls_filter_2d.cpp:115]   --->   Operation 457 'sext' 'sext_ln115_43' <Predicate = (!icmp_ln96)> <Delay = 0.00>
ST_8 : Operation 458 [1/2] (0.64ns) (root node of the DSP)   --->   "%add_ln115_19 = add i17 %sext_ln115_3, i17 %sext_ln115_23" [hls_filter_2d.cpp:115]   --->   Operation 458 'add' 'add_ln115_19' <Predicate = (!icmp_ln96)> <Delay = 0.64> <CoreInst = "DSP48">   --->   Core 124 'DSP48' <Latency = 3> <II = 1> <Delay = 0.53> <IPBlock> <Opcode : 'add' 'sub' 'mul' 'select'> <InPorts = 0> <OutPorts = 1> <Sync> <CReg>
ST_8 : Operation 459 [1/1] (0.00ns)   --->   "%sext_ln115_44 = sext i17 %add_ln115_19" [hls_filter_2d.cpp:115]   --->   Operation 459 'sext' 'sext_ln115_44' <Predicate = (!icmp_ln96)> <Delay = 0.00>
ST_8 : Operation 460 [1/1] (0.86ns)   --->   "%add_ln115_20 = add i18 %sext_ln115_44, i18 %sext_ln115_43" [hls_filter_2d.cpp:115]   --->   Operation 460 'add' 'add_ln115_20' <Predicate = (!icmp_ln96)> <Delay = 0.86> <CoreInst = "Adder">   --->   Core 1 'Adder' <Latency = 0> <II = 1> <Delay = 0.86> <FuncUnit> <Opcode : 'add' 'sub'> <InPorts = 2> <OutPorts = 1>

State 9 <SV = 8> <Delay = 6.71>
ST_9 : Operation 461 [1/2] (0.64ns) (root node of the DSP)   --->   "%add_ln115_1 = add i18 %sext_ln115_25, i18 %sext_ln115" [hls_filter_2d.cpp:115]   --->   Operation 461 'add' 'add_ln115_1' <Predicate = (!icmp_ln96)> <Delay = 0.64> <CoreInst = "DSP48">   --->   Core 124 'DSP48' <Latency = 3> <II = 1> <Delay = 0.53> <IPBlock> <Opcode : 'add' 'sub' 'mul' 'select'> <InPorts = 0> <OutPorts = 1> <Sync> <CReg>
ST_9 : Operation 462 [1/1] (0.00ns)   --->   "%sext_ln115_26 = sext i18 %add_ln115_1" [hls_filter_2d.cpp:115]   --->   Operation 462 'sext' 'sext_ln115_26' <Predicate = (!icmp_ln96)> <Delay = 0.00>
ST_9 : Operation 463 [1/2] (0.64ns) (root node of the DSP)   --->   "%add_ln115_3 = add i18 %sext_ln115_27, i18 %sext_ln115_15" [hls_filter_2d.cpp:115]   --->   Operation 463 'add' 'add_ln115_3' <Predicate = (!icmp_ln96)> <Delay = 0.64> <CoreInst = "DSP48">   --->   Core 124 'DSP48' <Latency = 3> <II = 1> <Delay = 0.53> <IPBlock> <Opcode : 'add' 'sub' 'mul' 'select'> <InPorts = 0> <OutPorts = 1> <Sync> <CReg>
ST_9 : Operation 464 [1/1] (0.00ns)   --->   "%sext_ln115_28 = sext i18 %add_ln115_3" [hls_filter_2d.cpp:115]   --->   Operation 464 'sext' 'sext_ln115_28' <Predicate = (!icmp_ln96)> <Delay = 0.00>
ST_9 : Operation 465 [1/1] (0.87ns)   --->   "%add_ln115_4 = add i19 %sext_ln115_28, i19 %sext_ln115_26" [hls_filter_2d.cpp:115]   --->   Operation 465 'add' 'add_ln115_4' <Predicate = (!icmp_ln96)> <Delay = 0.87> <CoreInst = "Adder">   --->   Core 1 'Adder' <Latency = 0> <II = 1> <Delay = 0.87> <FuncUnit> <Opcode : 'add' 'sub'> <InPorts = 2> <OutPorts = 1>
ST_9 : Operation 466 [1/1] (0.00ns)   --->   "%sext_ln115_29 = sext i19 %add_ln115_4" [hls_filter_2d.cpp:115]   --->   Operation 466 'sext' 'sext_ln115_29' <Predicate = (!icmp_ln96)> <Delay = 0.00>
ST_9 : Operation 467 [1/2] (0.64ns) (root node of the DSP)   --->   "%add_ln115_6 = add i18 %sext_ln115_30, i18 %sext_ln115_19" [hls_filter_2d.cpp:115]   --->   Operation 467 'add' 'add_ln115_6' <Predicate = (!icmp_ln96)> <Delay = 0.64> <CoreInst = "DSP48">   --->   Core 124 'DSP48' <Latency = 3> <II = 1> <Delay = 0.53> <IPBlock> <Opcode : 'add' 'sub' 'mul' 'select'> <InPorts = 0> <OutPorts = 1> <Sync> <CReg>
ST_9 : Operation 468 [1/1] (0.00ns)   --->   "%sext_ln115_31 = sext i18 %add_ln115_6" [hls_filter_2d.cpp:115]   --->   Operation 468 'sext' 'sext_ln115_31' <Predicate = (!icmp_ln96)> <Delay = 0.00>
ST_9 : Operation 469 [1/2] (0.64ns) (root node of the DSP)   --->   "%add_ln115_8 = add i18 %sext_ln115_32, i18 %sext_ln115_6" [hls_filter_2d.cpp:115]   --->   Operation 469 'add' 'add_ln115_8' <Predicate = (!icmp_ln96)> <Delay = 0.64> <CoreInst = "DSP48">   --->   Core 124 'DSP48' <Latency = 3> <II = 1> <Delay = 0.53> <IPBlock> <Opcode : 'add' 'sub' 'mul' 'select'> <InPorts = 0> <OutPorts = 1> <Sync> <CReg>
ST_9 : Operation 470 [1/1] (0.00ns)   --->   "%sext_ln115_33 = sext i18 %add_ln115_8" [hls_filter_2d.cpp:115]   --->   Operation 470 'sext' 'sext_ln115_33' <Predicate = (!icmp_ln96)> <Delay = 0.00>
ST_9 : Operation 471 [1/1] (0.87ns)   --->   "%add_ln115_9 = add i19 %sext_ln115_33, i19 %sext_ln115_31" [hls_filter_2d.cpp:115]   --->   Operation 471 'add' 'add_ln115_9' <Predicate = (!icmp_ln96)> <Delay = 0.87> <CoreInst = "Adder">   --->   Core 1 'Adder' <Latency = 0> <II = 1> <Delay = 0.87> <FuncUnit> <Opcode : 'add' 'sub'> <InPorts = 2> <OutPorts = 1>
ST_9 : Operation 472 [1/1] (0.00ns)   --->   "%sext_ln115_34 = sext i19 %add_ln115_9" [hls_filter_2d.cpp:115]   --->   Operation 472 'sext' 'sext_ln115_34' <Predicate = (!icmp_ln96)> <Delay = 0.00>
ST_9 : Operation 473 [1/1] (0.88ns)   --->   "%add_ln115_10 = add i20 %sext_ln115_34, i20 %sext_ln115_29" [hls_filter_2d.cpp:115]   --->   Operation 473 'add' 'add_ln115_10' <Predicate = (!icmp_ln96)> <Delay = 0.88> <CoreInst = "Adder">   --->   Core 1 'Adder' <Latency = 0> <II = 1> <Delay = 0.88> <FuncUnit> <Opcode : 'add' 'sub'> <InPorts = 2> <OutPorts = 1>
ST_9 : Operation 474 [1/1] (0.00ns)   --->   "%sext_ln115_35 = sext i20 %add_ln115_10" [hls_filter_2d.cpp:115]   --->   Operation 474 'sext' 'sext_ln115_35' <Predicate = (!icmp_ln96)> <Delay = 0.00>
ST_9 : Operation 475 [1/2] (0.64ns) (root node of the DSP)   --->   "%add_ln115_12 = add i18 %sext_ln115_36, i18 %sext_ln115_9" [hls_filter_2d.cpp:115]   --->   Operation 475 'add' 'add_ln115_12' <Predicate = (!icmp_ln96)> <Delay = 0.64> <CoreInst = "DSP48">   --->   Core 124 'DSP48' <Latency = 3> <II = 1> <Delay = 0.53> <IPBlock> <Opcode : 'add' 'sub' 'mul' 'select'> <InPorts = 0> <OutPorts = 1> <Sync> <CReg>
ST_9 : Operation 476 [1/1] (0.00ns)   --->   "%sext_ln115_37 = sext i18 %add_ln115_12" [hls_filter_2d.cpp:115]   --->   Operation 476 'sext' 'sext_ln115_37' <Predicate = (!icmp_ln96)> <Delay = 0.00>
ST_9 : Operation 477 [1/2] (0.64ns) (root node of the DSP)   --->   "%add_ln115_14 = add i18 %sext_ln115_38, i18 %sext_ln115_21" [hls_filter_2d.cpp:115]   --->   Operation 477 'add' 'add_ln115_14' <Predicate = (!icmp_ln96)> <Delay = 0.64> <CoreInst = "DSP48">   --->   Core 124 'DSP48' <Latency = 3> <II = 1> <Delay = 0.53> <IPBlock> <Opcode : 'add' 'sub' 'mul' 'select'> <InPorts = 0> <OutPorts = 1> <Sync> <CReg>
ST_9 : Operation 478 [1/1] (0.00ns)   --->   "%sext_ln115_39 = sext i18 %add_ln115_14" [hls_filter_2d.cpp:115]   --->   Operation 478 'sext' 'sext_ln115_39' <Predicate = (!icmp_ln96)> <Delay = 0.00>
ST_9 : Operation 479 [1/1] (0.87ns)   --->   "%add_ln115_15 = add i19 %sext_ln115_39, i19 %sext_ln115_37" [hls_filter_2d.cpp:115]   --->   Operation 479 'add' 'add_ln115_15' <Predicate = (!icmp_ln96)> <Delay = 0.87> <CoreInst = "Adder">   --->   Core 1 'Adder' <Latency = 0> <II = 1> <Delay = 0.87> <FuncUnit> <Opcode : 'add' 'sub'> <InPorts = 2> <OutPorts = 1>
ST_9 : Operation 480 [1/1] (0.00ns)   --->   "%sext_ln115_40 = sext i19 %add_ln115_15" [hls_filter_2d.cpp:115]   --->   Operation 480 'sext' 'sext_ln115_40' <Predicate = (!icmp_ln96)> <Delay = 0.00>
ST_9 : Operation 481 [1/2] (0.64ns) (root node of the DSP)   --->   "%add_ln115_17 = add i18 %sext_ln115_41, i18 %sext_ln115_17" [hls_filter_2d.cpp:115]   --->   Operation 481 'add' 'add_ln115_17' <Predicate = (!icmp_ln96)> <Delay = 0.64> <CoreInst = "DSP48">   --->   Core 124 'DSP48' <Latency = 3> <II = 1> <Delay = 0.53> <IPBlock> <Opcode : 'add' 'sub' 'mul' 'select'> <InPorts = 0> <OutPorts = 1> <Sync> <CReg>
ST_9 : Operation 482 [1/1] (0.00ns)   --->   "%sext_ln115_42 = sext i18 %add_ln115_17" [hls_filter_2d.cpp:115]   --->   Operation 482 'sext' 'sext_ln115_42' <Predicate = (!icmp_ln96)> <Delay = 0.00>
ST_9 : Operation 483 [1/1] (0.00ns)   --->   "%sext_ln115_45 = sext i18 %add_ln115_20" [hls_filter_2d.cpp:115]   --->   Operation 483 'sext' 'sext_ln115_45' <Predicate = (!icmp_ln96)> <Delay = 0.00>
ST_9 : Operation 484 [1/1] (0.87ns)   --->   "%add_ln115_21 = add i19 %sext_ln115_45, i19 %sext_ln115_42" [hls_filter_2d.cpp:115]   --->   Operation 484 'add' 'add_ln115_21' <Predicate = (!icmp_ln96)> <Delay = 0.87> <CoreInst = "Adder">   --->   Core 1 'Adder' <Latency = 0> <II = 1> <Delay = 0.87> <FuncUnit> <Opcode : 'add' 'sub'> <InPorts = 2> <OutPorts = 1>
ST_9 : Operation 485 [1/1] (0.00ns)   --->   "%sext_ln115_46 = sext i19 %add_ln115_21" [hls_filter_2d.cpp:115]   --->   Operation 485 'sext' 'sext_ln115_46' <Predicate = (!icmp_ln96)> <Delay = 0.00>
ST_9 : Operation 486 [1/1] (0.88ns)   --->   "%add_ln115_22 = add i20 %sext_ln115_46, i20 %sext_ln115_40" [hls_filter_2d.cpp:115]   --->   Operation 486 'add' 'add_ln115_22' <Predicate = (!icmp_ln96)> <Delay = 0.88> <CoreInst = "Adder">   --->   Core 1 'Adder' <Latency = 0> <II = 1> <Delay = 0.88> <FuncUnit> <Opcode : 'add' 'sub'> <InPorts = 2> <OutPorts = 1>
ST_9 : Operation 487 [1/1] (0.00ns)   --->   "%sext_ln115_47 = sext i20 %add_ln115_22" [hls_filter_2d.cpp:115]   --->   Operation 487 'sext' 'sext_ln115_47' <Predicate = (!icmp_ln96)> <Delay = 0.00>
ST_9 : Operation 488 [1/1] (0.89ns)   --->   "%sum = add i21 %sext_ln115_47, i21 %sext_ln115_35" [hls_filter_2d.cpp:115]   --->   Operation 488 'add' 'sum' <Predicate = (!icmp_ln96)> <Delay = 0.89> <CoreInst = "Adder">   --->   Core 1 'Adder' <Latency = 0> <II = 1> <Delay = 0.89> <FuncUnit> <Opcode : 'add' 'sub'> <InPorts = 2> <OutPorts = 1>
ST_9 : Operation 489 [1/1] (0.00ns)   --->   "%sext_ln121_1 = sext i21 %sum" [hls_filter_2d.cpp:121]   --->   Operation 489 'sext' 'sext_ln121_1' <Predicate = (!icmp_ln96)> <Delay = 0.00>
ST_9 : Operation 490 [1/1] (3.42ns)   --->   "%mul_ln121 = mul i52 %sext_ln121_1, i52 %sext_ln121_cast" [hls_filter_2d.cpp:121]   --->   Operation 490 'mul' 'mul_ln121' <Predicate = (!icmp_ln96)> <Delay = 3.42> <CoreInst = "Multiplier">   --->   Core 3 'Multiplier' <Latency = 0> <II = 1> <Delay = 3.42> <FuncUnit> <Opcode : 'mul'> <InPorts = 2> <OutPorts = 1>

State 10 <SV = 9> <Delay = 4.72>
ST_10 : Operation 491 [1/1] (0.00ns)   --->   "%sext_ln121_2 = sext i52 %mul_ln121" [hls_filter_2d.cpp:121]   --->   Operation 491 'sext' 'sext_ln121_2' <Predicate = (!icmp_ln96)> <Delay = 0.00>
ST_10 : Operation 492 [1/1] (1.49ns)   --->   "%ashr_ln121 = ashr i63 %sext_ln121_2, i63 %zext_ln139_cast" [hls_filter_2d.cpp:121]   --->   Operation 492 'ashr' 'ashr_ln121' <Predicate = (!icmp_ln96)> <Delay = 1.49> <CoreInst = "Shifter">   --->   Core 75 'Shifter' <Latency = 0> <II = 1> <Delay = 1.49> <FuncUnit> <Opcode : 'shl' 'lshr' 'ashr'> <InPorts = 2> <OutPorts = 1>
ST_10 : Operation 493 [1/1] (0.00ns)   --->   "%sum_1 = trunc i63 %ashr_ln121" [hls_filter_2d.cpp:121]   --->   Operation 493 'trunc' 'sum_1' <Predicate = (!icmp_ln96)> <Delay = 0.00>
ST_10 : Operation 494 [1/1] (1.01ns)   --->   "%sum_2 = add i32 %sum_1, i32 %delta_read" [hls_filter_2d.cpp:122]   --->   Operation 494 'add' 'sum_2' <Predicate = (!icmp_ln96)> <Delay = 1.01> <CoreInst = "Adder">   --->   Core 1 'Adder' <Latency = 0> <II = 1> <Delay = 1.01> <FuncUnit> <Opcode : 'add' 'sub'> <InPorts = 2> <OutPorts = 1>
ST_10 : Operation 495 [1/1] (0.00ns)   --->   "%trunc_ln97 = trunc i32 %sum_2" [hls_filter_2d.cpp:97]   --->   Operation 495 'trunc' 'trunc_ln97' <Predicate = (!icmp_ln96)> <Delay = 0.00>
ST_10 : Operation 496 [1/1] (0.00ns)   --->   "%tmp_5 = bitselect i1 @_ssdm_op_BitSelect.i1.i32.i32, i32 %sum_2, i32 31" [hls_filter_2d.cpp:126]   --->   Operation 496 'bitselect' 'tmp_5' <Predicate = (!icmp_ln96)> <Delay = 0.00>
ST_10 : Operation 497 [1/1] (0.41ns)   --->   "%sum_3 = select i1 %tmp_5, i31 0, i31 %trunc_ln97" [hls_filter_2d.cpp:126]   --->   Operation 497 'select' 'sum_3' <Predicate = (!icmp_ln96)> <Delay = 0.41> <CoreInst = "Sel">   --->   Core 73 'Sel' <Latency = 0> <II = 1> <Delay = 0.41> <FuncUnit> <Opcode : 'select'> <InPorts = 3> <OutPorts = 1>
ST_10 : Operation 498 [1/1] (0.00ns)   --->   "%tmp_6 = partselect i23 @_ssdm_op_PartSelect.i23.i31.i32.i32, i31 %sum_3, i32 8, i32 30" [hls_filter_2d.cpp:128]   --->   Operation 498 'partselect' 'tmp_6' <Predicate = (!icmp_ln96)> <Delay = 0.00>
ST_10 : Operation 499 [1/1] (0.92ns)   --->   "%icmp_ln128 = icmp_ne  i23 %tmp_6, i23 0" [hls_filter_2d.cpp:128]   --->   Operation 499 'icmp' 'icmp_ln128' <Predicate = (!icmp_ln96)> <Delay = 0.92> <CoreInst = "Cmp">   --->   Core 9 'Cmp' <Latency = 0> <II = 1> <Delay = 0.92> <FuncUnit> <Opcode : 'seteq' 'setne' 'setle' 'setge' 'setlt' 'setgt'> <InPorts = 2> <OutPorts = 1>
ST_10 : Operation 500 [1/1] (0.00ns)   --->   "%trunc_ln147 = trunc i31 %sum_3" [hls_filter_2d.cpp:147]   --->   Operation 500 'trunc' 'trunc_ln147' <Predicate = (!icmp_ln96 & and_ln139_2) | (!icmp_ln96 & borderType_read)> <Delay = 0.00>
ST_10 : Operation 501 [1/1] (0.39ns)   --->   "%out_paket_data = select i1 %icmp_ln128, i8 255, i8 %trunc_ln147" [hls_filter_2d.cpp:147]   --->   Operation 501 'select' 'out_paket_data' <Predicate = (!icmp_ln96 & and_ln139_2) | (!icmp_ln96 & borderType_read)> <Delay = 0.39> <CoreInst = "Sel">   --->   Core 73 'Sel' <Latency = 0> <II = 1> <Delay = 0.39> <FuncUnit> <Opcode : 'select'> <InPorts = 3> <OutPorts = 1>
ST_10 : Operation 502 [1/1] (0.00ns)   --->   "%tmp = bitconcatenate i17 @_ssdm_op_BitConcatenate.i17.i1.i7.i1.i8, i1 %icmp_ln154, i7 0, i1 %out_paket_user, i8 %out_paket_data" [hls_filter_2d.cpp:157]   --->   Operation 502 'bitconcatenate' 'tmp' <Predicate = (!icmp_ln96 & and_ln139_2) | (!icmp_ln96 & borderType_read)> <Delay = 0.00>
ST_10 : Operation 503 [1/1] (0.00ns)   --->   "%zext_ln157 = zext i17 %tmp" [hls_filter_2d.cpp:157]   --->   Operation 503 'zext' 'zext_ln157' <Predicate = (!icmp_ln96 & and_ln139_2) | (!icmp_ln96 & borderType_read)> <Delay = 0.00>
ST_10 : Operation 504 [1/1] ( I:0.47ns O:0.47ns )   --->   "%write_ln157 = write void @_ssdm_op_Write.axis.volatile.i24P128A, i24 %m_axis_video, i24 %zext_ln157" [hls_filter_2d.cpp:157]   --->   Operation 504 'write' 'write_ln157' <Predicate = (!icmp_ln96 & and_ln139_2) | (!icmp_ln96 & borderType_read)> <Delay = 0.47> <CoreInst = "regslice">   --->   Core 147 'regslice' <Latency = 0> <II = 1> <Delay = 0.62> <Adapter> <Opcode : 'read' 'write'>
ST_10 : Operation 505 [1/1] (0.00ns)   --->   "%br_ln158 = br void %if.end153" [hls_filter_2d.cpp:158]   --->   Operation 505 'br' 'br_ln158' <Predicate = (!icmp_ln96 & and_ln139_2) | (!icmp_ln96 & borderType_read)> <Delay = 0.00>
ST_10 : Operation 506 [1/1] (0.42ns)   --->   "%ret_ln0 = ret"   --->   Operation 506 'ret' 'ret_ln0' <Predicate = (icmp_ln50)> <Delay = 0.42>


============================================================
+ Verbose Summary: Timing violations
============================================================
Target clock period: 10.000ns, clock uncertainty: 2.700ns.

 <State 1>: 2.357ns
The critical path consists of the following:
	'store' operation ('store_ln50', hls_filter_2d.cpp:50) of constant 0 27 bit on local variable 'i', hls_filter_2d.cpp:50 [147]  (0.427 ns)
	'load' operation 27 bit ('i', hls_filter_2d.cpp:50) on local variable 'i', hls_filter_2d.cpp:50 [150]  (0.000 ns)
	'add' operation 27 bit ('i_3', hls_filter_2d.cpp:50) [168]  (0.965 ns)
	'icmp' operation 1 bit ('icmp_ln50', hls_filter_2d.cpp:50) [470]  (0.965 ns)

 <State 2>: 2.057ns
The critical path consists of the following:
	'load' operation 13 bit ('x', hls_filter_2d.cpp:90) on local variable 'x', hls_filter_2d.cpp:46 [151]  (0.000 ns)
	'icmp' operation 1 bit ('icmp_ln80', hls_filter_2d.cpp:80) [185]  (0.820 ns)
	'store' operation ('store_ln84', hls_filter_2d.cpp:84) of variable 'new_pixel', hls_filter_2d.cpp:64 8 bit on array 'line_buffer', hls_filter_2d.cpp:33 [191]  (1.237 ns)

 <State 3>: 2.474ns
The critical path consists of the following:
	'load' operation 8 bit ('val', hls_filter_2d.cpp:76) on array 'line_buffer', hls_filter_2d.cpp:33 [184]  (1.237 ns)
	'store' operation ('store_ln82', hls_filter_2d.cpp:82) of variable 'val', hls_filter_2d.cpp:76 8 bit on array 'line_buffer', hls_filter_2d.cpp:33 [190]  (1.237 ns)

 <State 4>: 2.474ns
The critical path consists of the following:
	'load' operation 8 bit ('val', hls_filter_2d.cpp:76) on array 'line_buffer', hls_filter_2d.cpp:33 [182]  (1.237 ns)
	'store' operation ('store_ln82', hls_filter_2d.cpp:82) of variable 'val', hls_filter_2d.cpp:76 8 bit on array 'line_buffer', hls_filter_2d.cpp:33 [189]  (1.237 ns)

 <State 5>: 3.614ns
The critical path consists of the following:
	'add' operation 14 bit ('img_x', hls_filter_2d.cpp:104) [245]  (0.820 ns)
	'icmp' operation 1 bit ('icmp_ln111_5', hls_filter_2d.cpp:111) [246]  (0.831 ns)
	'xor' operation 1 bit ('xor_ln111_5', hls_filter_2d.cpp:111) [247]  (0.287 ns)
	'or' operation 1 bit ('or_ln111_13', hls_filter_2d.cpp:111) [268]  (0.287 ns)
	'select' operation 8 bit ('val', hls_filter_2d.cpp:111) [269]  (0.393 ns)
	'mul' operation 16 bit of DSP[410] ('mul_ln115_8', hls_filter_2d.cpp:115) [340]  (0.996 ns)

 <State 6>: 1.630ns
The critical path consists of the following:
	'load' operation 8 bit ('val', hls_filter_2d.cpp:76) on array 'line_buffer', hls_filter_2d.cpp:33 [178]  (1.237 ns)
	'select' operation 8 bit ('val', hls_filter_2d.cpp:111) [249]  (0.393 ns)

 <State 7>: 2.295ns
The critical path consists of the following:
	'mul' operation 16 bit ('mul_ln115_5', hls_filter_2d.cpp:115) [334]  (1.650 ns)
	'add' operation 17 bit of DSP[374] ('add_ln115', hls_filter_2d.cpp:115) [374]  (0.645 ns)

 <State 8>: 1.508ns
The critical path consists of the following:
	'add' operation 17 bit of DSP[410] ('add_ln115_18', hls_filter_2d.cpp:115) [410]  (0.645 ns)
	'add' operation 18 bit ('add_ln115_20', hls_filter_2d.cpp:115) [414]  (0.863 ns)

 <State 9>: 6.716ns
The critical path consists of the following:
	'add' operation 18 bit of DSP[376] ('add_ln115_1', hls_filter_2d.cpp:115) [376]  (0.645 ns)
	'add' operation 19 bit ('add_ln115_4', hls_filter_2d.cpp:115) [382]  (0.873 ns)
	'add' operation 20 bit ('add_ln115_10', hls_filter_2d.cpp:115) [394]  (0.884 ns)
	'add' operation 21 bit ('sum', hls_filter_2d.cpp:115) [420]  (0.894 ns)
	'mul' operation 52 bit ('mul_ln121', hls_filter_2d.cpp:121) [422]  (3.420 ns)

 <State 10>: 4.725ns
The critical path consists of the following:
	'ashr' operation 63 bit ('ashr_ln121', hls_filter_2d.cpp:121) [424]  (1.499 ns)
	'add' operation 32 bit ('sum', hls_filter_2d.cpp:122) [426]  (1.016 ns)
	'select' operation 31 bit ('sum', hls_filter_2d.cpp:126) [429]  (0.418 ns)
	'icmp' operation 1 bit ('icmp_ln128', hls_filter_2d.cpp:128) [431]  (0.924 ns)
	'select' operation 8 bit ('out_paket.data', hls_filter_2d.cpp:147) [448]  (0.393 ns)
	axis write operation ('write_ln157', hls_filter_2d.cpp:157) on port 'm_axis_video' (hls_filter_2d.cpp:157) [453]  (0.475 ns)


============================================================
+ Verbose Summary: Binding
============================================================
N/A
* FSMD analyzer results:
  - Output states:
 - Input state : 
  - Chain level:
	State 1
	State 2
	State 3
	State 4
	State 5
	State 6
	State 7
	State 8
	State 9
	State 10


============================================================
+ Verbose Summary: Datapath Resource usage 
============================================================
N/A
