

================================================================
== Vitis HLS Report for 'hls_filter_2d_Pipeline_VITIS_LOOP_158_1'
================================================================
* Date:           Fri Jun 19 11:04:57 2026

* Version:        2025.2 (Build 6295257 on Nov 14 2025)
* Project:        filter_2d
* Solution:       hls (Vivado IP Flow Target)
* Product family: zynquplus
* Target device:  xck26-sfvc784-2LV-c


================================================================
== Performance Estimates
================================================================
+ Timing: 
    * Summary: 
    +--------+----------+----------+------------+
    |  Clock |  Target  | Estimated| Uncertainty|
    +--------+----------+----------+------------+
    |ap_clk  |  10.00 ns|  6.716 ns|     2.70 ns|
    +--------+----------+----------+------------+

+ Latency: 
    * Summary: 
    +---------+----------+----------+-----------+-----+-----+-------------------+
    |  Latency (cycles)  |  Latency (absolute)  |  Interval |      Pipeline     |
    |   min   |    max   |    min   |    max    | min | max |        Type       |
    +---------+----------+----------+-----------+-----+-----+-------------------+
    |       13|  67108876|  0.130 us|  0.671 sec|    0|    0|  loop pipeline stp|
    +---------+----------+----------+-----------+-----+-----+-------------------+

    + Detail: 
        * Instance: 
        N/A

        * Loop: 
        +--------------------+---------+----------+----------+-----------+-----------+--------------+----------+
        |                    |  Latency (cycles)  | Iteration|  Initiation Interval  |     Trip     |          |
        |      Loop Name     |   min   |    max   |  Latency |  achieved |   target  |     Count    | Pipelined|
        +--------------------+---------+----------+----------+-----------+-----------+--------------+----------+
        |- VITIS_LOOP_158_1  |       11|  67108874|        11|          1|          1|  2 ~ 67108865|       yes|
        +--------------------+---------+----------+----------+-----------+-----------+--------------+----------+



================================================================
== Utilization Estimates
================================================================
* Summary: 
+-----------------+---------+------+--------+--------+-----+
|       Name      | BRAM_18K|  DSP |   FF   |   LUT  | URAM|
+-----------------+---------+------+--------+--------+-----+
|DSP              |        -|    16|       -|       -|    -|
|Expression       |        -|     -|       0|    1608|    -|
|FIFO             |        -|     -|       -|       -|    -|
|Instance         |        -|     2|       0|     380|    -|
|Memory           |       16|     -|       0|       0|    0|
|Multiplexer      |        -|     -|       0|     126|    -|
|Register         |        -|     -|    1761|     288|    -|
+-----------------+---------+------+--------+--------+-----+
|Total            |       16|    18|    1761|    2402|    0|
+-----------------+---------+------+--------+--------+-----+
|Available        |      288|  1248|  234240|  117120|   64|
+-----------------+---------+------+--------+--------+-----+
|Utilization (%)  |        5|     1|      ~0|       2|    0|
+-----------------+---------+------+--------+--------+-----+

+ Detail: 
    * Instance: 
    +-----------------------+--------------------+---------+----+---+----+-----+
    |        Instance       |       Module       | BRAM_18K| DSP| FF| LUT| URAM|
    +-----------------------+--------------------+---------+----+---+----+-----+
    |mul_21s_32s_52_1_1_U1  |mul_21s_32s_52_1_1  |        0|   2|  0|  20|    0|
    |mul_8ns_8s_16_1_1_U2   |mul_8ns_8s_16_1_1   |        0|   0|  0|  40|    0|
    |mul_8ns_8s_16_1_1_U3   |mul_8ns_8s_16_1_1   |        0|   0|  0|  40|    0|
    |mul_8ns_8s_16_1_1_U4   |mul_8ns_8s_16_1_1   |        0|   0|  0|  40|    0|
    |mul_8ns_8s_16_1_1_U5   |mul_8ns_8s_16_1_1   |        0|   0|  0|  40|    0|
    |mul_8ns_8s_16_1_1_U6   |mul_8ns_8s_16_1_1   |        0|   0|  0|  40|    0|
    |mul_8ns_8s_16_1_1_U7   |mul_8ns_8s_16_1_1   |        0|   0|  0|  40|    0|
    |mul_8ns_8s_16_1_1_U8   |mul_8ns_8s_16_1_1   |        0|   0|  0|  40|    0|
    |mul_8ns_8s_16_1_1_U9   |mul_8ns_8s_16_1_1   |        0|   0|  0|  40|    0|
    |mul_8ns_8s_16_1_1_U10  |mul_8ns_8s_16_1_1   |        0|   0|  0|  40|    0|
    +-----------------------+--------------------+---------+----+---+----+-----+
    |Total                  |                    |        0|   2|  0| 380|    0|
    +-----------------------+--------------------+---------+----+---+----+-----+

    * DSP: 
    +----------------------------------+------------------------------+--------------+
    |             Instance             |            Module            |  Expression  |
    +----------------------------------+------------------------------+--------------+
    |mac_muladd_8ns_8s_16s_17_4_1_U11  |mac_muladd_8ns_8s_16s_17_4_1  |  i0 + i1 * i2|
    |mac_muladd_8ns_8s_16s_17_4_1_U12  |mac_muladd_8ns_8s_16s_17_4_1  |  i0 + i1 * i2|
    |mac_muladd_8ns_8s_16s_17_4_1_U13  |mac_muladd_8ns_8s_16s_17_4_1  |  i0 + i1 * i2|
    |mac_muladd_8ns_8s_16s_17_4_1_U14  |mac_muladd_8ns_8s_16s_17_4_1  |  i0 + i1 * i2|
    |mac_muladd_8ns_8s_16s_17_4_1_U15  |mac_muladd_8ns_8s_16s_17_4_1  |  i0 + i1 * i2|
    |mac_muladd_8ns_8s_16s_17_4_1_U16  |mac_muladd_8ns_8s_16s_17_4_1  |  i0 + i1 * i2|
    |mac_muladd_8ns_8s_16s_17_4_1_U17  |mac_muladd_8ns_8s_16s_17_4_1  |  i0 + i1 * i2|
    |mac_muladd_8ns_8s_16s_17_4_1_U20  |mac_muladd_8ns_8s_16s_17_4_1  |  i0 + i1 * i2|
    |mac_muladd_8ns_8s_16s_17_4_1_U21  |mac_muladd_8ns_8s_16s_17_4_1  |  i0 + i1 * i2|
    |mac_muladd_8ns_8s_17s_18_4_1_U18  |mac_muladd_8ns_8s_17s_18_4_1  |  i0 + i1 * i2|
    |mac_muladd_8ns_8s_17s_18_4_1_U19  |mac_muladd_8ns_8s_17s_18_4_1  |  i0 + i1 * i2|
    |mac_muladd_8ns_8s_17s_18_4_1_U22  |mac_muladd_8ns_8s_17s_18_4_1  |  i0 + i1 * i2|
    |mac_muladd_8ns_8s_17s_18_4_1_U23  |mac_muladd_8ns_8s_17s_18_4_1  |  i0 + i1 * i2|
    |mac_muladd_8ns_8s_17s_18_4_1_U24  |mac_muladd_8ns_8s_17s_18_4_1  |  i0 + i1 * i2|
    |mac_muladd_8ns_8s_17s_18_4_1_U25  |mac_muladd_8ns_8s_17s_18_4_1  |  i0 + i1 * i2|
    |mac_muladd_8ns_8s_17s_18_4_1_U26  |mac_muladd_8ns_8s_17s_18_4_1  |  i0 + i1 * i2|
    +----------------------------------+------------------------------+--------------+

    * Memory: 
    +-----------------+---------------------------------------------------------------------+---------+---+----+-----+------+-----+------+-------------+
    |      Memory     |                                Module                               | BRAM_18K| FF| LUT| URAM| Words| Bits| Banks| W*Bits*Banks|
    +-----------------+---------------------------------------------------------------------+---------+---+----+-----+------+-----+------+-------------+
    |line_buffer_3_U  |hls_filter_2d_Pipeline_VITIS_LOOP_158_1_line_buffer_3_RAM_AUTO_1R1W  |        4|  0|   0|    0|  7680|    8|     1|        61440|
    |line_buffer_2_U  |hls_filter_2d_Pipeline_VITIS_LOOP_158_1_line_buffer_3_RAM_AUTO_1R1W  |        4|  0|   0|    0|  7680|    8|     1|        61440|
    |line_buffer_1_U  |hls_filter_2d_Pipeline_VITIS_LOOP_158_1_line_buffer_3_RAM_AUTO_1R1W  |        4|  0|   0|    0|  7680|    8|     1|        61440|
    |line_buffer_U    |hls_filter_2d_Pipeline_VITIS_LOOP_158_1_line_buffer_3_RAM_AUTO_1R1W  |        4|  0|   0|    0|  7680|    8|     1|        61440|
    +-----------------+---------------------------------------------------------------------+---------+---+----+-----+------+-----+------+-------------+
    |Total            |                                                                     |       16|  0|   0|    0| 30720|   32|     4|       245760|
    +-----------------+---------------------------------------------------------------------+---------+---+----+-----+------+-----+------+-------------+

    * FIFO: 
    N/A

    * Expression: 
    +------------------------------------+----------+----+---+-----+------------+------------+
    |            Variable Name           | Operation| DSP| FF| LUT | Bitwidth P0| Bitwidth P1|
    +------------------------------------+----------+----+---+-----+------------+------------+
    |add_ln107_fu_1073_p2                |         +|   0|  0|   20|          13|           1|
    |add_ln45_fu_841_p2                  |         +|   0|  0|   20|          13|           1|
    |add_ln71_10_fu_1906_p2              |         +|   0|  0|   27|          20|          20|
    |add_ln71_15_fu_1939_p2              |         +|   0|  0|   26|          19|          19|
    |add_ln71_20_fu_1868_p2              |         +|   0|  0|   25|          18|          18|
    |add_ln71_21_fu_1924_p2              |         +|   0|  0|   26|          19|          19|
    |add_ln71_22_fu_1952_p2              |         +|   0|  0|   27|          20|          20|
    |add_ln71_4_fu_1880_p2               |         +|   0|  0|   26|          19|          19|
    |add_ln71_9_fu_1896_p2               |         +|   0|  0|   26|          19|          19|
    |i_3_fu_788_p2                       |         +|   0|  0|   34|          27|           1|
    |img_x_6_fu_1163_p2                  |         +|   0|  0|   21|          14|           2|
    |img_x_7_fu_1193_p2                  |         +|   0|  0|   21|          14|           1|
    |img_x_8_fu_1209_p2                  |         +|   0|  0|   21|          14|           2|
    |img_x_fu_1133_p2                    |         +|   0|  0|   21|          14|           3|
    |img_y_6_fu_916_p2                   |         +|   0|  0|   21|          14|           2|
    |img_y_7_fu_952_p2                   |         +|   0|  0|   21|          14|           1|
    |img_y_8_fu_969_p2                   |         +|   0|  0|   21|          14|           2|
    |img_y_fu_874_p2                     |         +|   0|  0|   21|          14|           3|
    |out_x_fu_1057_p2                    |         +|   0|  0|   20|          13|           1|
    |sum_2_fu_1985_p2                    |         +|   0|  0|   39|          32|          32|
    |sum_fu_1962_p2                      |         +|   0|  0|   28|          21|          21|
    |and_ln88_1_fu_1034_p2               |       and|   0|  0|    2|           1|           1|
    |and_ln88_fu_1028_p2                 |       and|   0|  0|    2|           1|           1|
    |ap_block_state11_pp0_stage0_iter10  |       and|   0|  0|    2|           1|           1|
    |ap_block_state2_pp0_stage0_iter1    |       and|   0|  0|    2|           1|           1|
    |ap_condition_2103                   |       and|   0|  0|    2|           1|           1|
    |ap_condition_856                    |       and|   0|  0|    2|           1|           1|
    |ap_condition_862                    |       and|   0|  0|    2|           1|           1|
    |ap_condition_883                    |       and|   0|  0|    2|           1|           1|
    |ashr_ln76_fu_1976_p2                |      ashr|   0|  0|  176|          63|          63|
    |icmp_ln102_fu_1052_p2               |      icmp|   0|  0|   21|          14|          14|
    |icmp_ln104_fu_1068_p2               |      icmp|   0|  0|   21|          14|          14|
    |icmp_ln158_fu_800_p2                |      icmp|   0|  0|   34|          27|          27|
    |icmp_ln15_fu_782_p2                 |      icmp|   0|  0|   34|          27|          27|
    |icmp_ln165_fu_794_p2                |      icmp|   0|  0|   34|          27|          27|
    |icmp_ln35_fu_827_p2                 |      icmp|   0|  0|   20|          13|          13|
    |icmp_ln42_fu_836_p2                 |      icmp|   0|  0|   21|          14|          14|
    |icmp_ln67_1_fu_1146_p2              |      icmp|   0|  0|   21|          14|          14|
    |icmp_ln67_2_fu_1176_p2              |      icmp|   0|  0|   21|          14|          14|
    |icmp_ln67_3_fu_905_p2               |      icmp|   0|  0|   20|          13|          13|
    |icmp_ln67_4_fu_1198_p2              |      icmp|   0|  0|   21|          14|          14|
    |icmp_ln67_5_fu_1214_p2              |      icmp|   0|  0|   21|          14|          14|
    |icmp_ln67_6_fu_930_p2               |      icmp|   0|  0|   21|          14|          14|
    |icmp_ln67_7_fu_947_p2               |      icmp|   0|  0|   20|          13|          13|
    |icmp_ln67_8_fu_958_p2               |      icmp|   0|  0|   21|          14|          14|
    |icmp_ln67_9_fu_975_p2               |      icmp|   0|  0|   21|          14|          14|
    |icmp_ln67_fu_888_p2                 |      icmp|   0|  0|   21|          14|          14|
    |icmp_ln82_fu_2020_p2                |      icmp|   0|  0|   30|          23|           1|
    |icmp_ln88_1_fu_1002_p2              |      icmp|   0|  0|   21|          14|          14|
    |icmp_ln88_2_fu_1017_p2              |      icmp|   0|  0|   19|          12|           1|
    |icmp_ln88_fu_996_p2                 |      icmp|   0|  0|   19|          12|           1|
    |icmp_ln89_fu_1023_p2                |      icmp|   0|  0|   21|          14|          14|
    |icmp_ln98_fu_1427_p2                |      icmp|   0|  0|   21|          14|          14|
    |out_paket_user_fu_1046_p2           |      icmp|   0|  0|   20|          13|           1|
    |ap_block_pp0_stage0_01001           |        or|   0|  0|    2|           1|           1|
    |ap_predicate_op509_write_state11    |        or|   0|  0|    2|           1|           1|
    |or_ln67_10_fu_1603_p2               |        or|   0|  0|    2|           1|           1|
    |or_ln67_11_fu_1619_p2               |        or|   0|  0|    2|           1|           1|
    |or_ln67_12_fu_1631_p2               |        or|   0|  0|    2|           1|           1|
    |or_ln67_13_fu_1225_p2               |        or|   0|  0|    2|           1|           1|
    |or_ln67_14_fu_1247_p2               |        or|   0|  0|    2|           1|           1|
    |or_ln67_15_fu_1265_p2               |        or|   0|  0|    2|           1|           1|
    |or_ln67_16_fu_1279_p2               |        or|   0|  0|    2|           1|           1|
    |or_ln67_17_fu_1292_p2               |        or|   0|  0|    2|           1|           1|
    |or_ln67_18_fu_1310_p2               |        or|   0|  0|    2|           1|           1|
    |or_ln67_19_fu_1645_p2               |        or|   0|  0|    2|           1|           1|
    |or_ln67_1_fu_899_p2                 |        or|   0|  0|    2|           1|           1|
    |or_ln67_20_fu_1657_p2               |        or|   0|  0|    2|           1|           1|
    |or_ln67_21_fu_1323_p2               |        or|   0|  0|    2|           1|           1|
    |or_ln67_22_fu_1672_p2               |        or|   0|  0|    2|           1|           1|
    |or_ln67_23_fu_1339_p2               |        or|   0|  0|    2|           1|           1|
    |or_ln67_24_fu_1355_p2               |        or|   0|  0|    2|           1|           1|
    |or_ln67_25_fu_1372_p2               |        or|   0|  0|    2|           1|           1|
    |or_ln67_26_fu_1385_p2               |        or|   0|  0|    2|           1|           1|
    |or_ln67_27_fu_1397_p2               |        or|   0|  0|    2|           1|           1|
    |or_ln67_28_fu_1410_p2               |        or|   0|  0|    2|           1|           1|
    |or_ln67_2_fu_1523_p2                |        or|   0|  0|    2|           1|           1|
    |or_ln67_3_fu_1187_p2                |        or|   0|  0|    2|           1|           1|
    |or_ln67_4_fu_1535_p2                |        or|   0|  0|    2|           1|           1|
    |or_ln67_5_fu_1551_p2                |        or|   0|  0|    2|           1|           1|
    |or_ln67_6_fu_1567_p2                |        or|   0|  0|    2|           1|           1|
    |or_ln67_7_fu_1579_p2                |        or|   0|  0|    2|           1|           1|
    |or_ln67_8_fu_941_p2                 |        or|   0|  0|    2|           1|           1|
    |or_ln67_9_fu_1591_p2                |        or|   0|  0|    2|           1|           1|
    |or_ln67_fu_1157_p2                  |        or|   0|  0|    2|           1|           1|
    |or_ln96_fu_1040_p2                  |        or|   0|  0|   13|          13|          13|
    |out_paket_data_fu_2030_p3           |    select|   0|  0|    8|           1|           2|
    |out_y_fu_1079_p3                    |    select|   0|  0|   12|           1|           1|
    |sum_3_fu_2002_p3                    |    select|   0|  0|   31|           1|           1|
    |val_32_fu_1527_p3                   |    select|   0|  0|    8|           1|           1|
    |val_34_fu_1539_p3                   |    select|   0|  0|    8|           1|           1|
    |val_38_fu_1555_p3                   |    select|   0|  0|    8|           1|           1|
    |val_42_fu_1571_p3                   |    select|   0|  0|    8|           1|           1|
    |val_44_fu_1583_p3                   |    select|   0|  0|    8|           1|           1|
    |val_48_fu_1595_p3                   |    select|   0|  0|    8|           1|           1|
    |val_50_fu_1607_p3                   |    select|   0|  0|    8|           1|           1|
    |val_52_fu_1623_p3                   |    select|   0|  0|    8|           1|           1|
    |val_54_fu_1635_p3                   |    select|   0|  0|    8|           1|           1|
    |val_55_fu_1230_p3                   |    select|   0|  0|    8|           1|           1|
    |val_57_fu_1253_p3                   |    select|   0|  0|    8|           1|           1|
    |val_58_fu_1271_p3                   |    select|   0|  0|    8|           1|           1|
    |val_60_fu_1284_p3                   |    select|   0|  0|    8|           1|           1|
    |val_62_fu_1298_p3                   |    select|   0|  0|    8|           1|           1|
    |val_63_fu_1316_p3                   |    select|   0|  0|    8|           1|           1|
    |val_65_fu_1649_p3                   |    select|   0|  0|    8|           1|           1|
    |val_66_fu_1661_p3                   |    select|   0|  0|    8|           1|           1|
    |val_68_fu_1327_p3                   |    select|   0|  0|    8|           1|           1|
    |val_70_fu_1676_p3                   |    select|   0|  0|    8|           1|           1|
    |val_71_fu_1344_p3                   |    select|   0|  0|    8|           1|           1|
    |val_73_fu_1360_p3                   |    select|   0|  0|    8|           1|           1|
    |val_74_fu_1377_p3                   |    select|   0|  0|    8|           1|           1|
    |val_76_fu_1389_p3                   |    select|   0|  0|    8|           1|           1|
    |val_78_fu_1402_p3                   |    select|   0|  0|    8|           1|           1|
    |val_79_fu_1415_p3                   |    select|   0|  0|    8|           1|           1|
    |x_3_fu_847_p3                       |    select|   0|  0|   12|           1|           1|
    |ap_enable_pp0                       |       xor|   0|  0|    2|           1|           2|
    |xor_ln67_1_fu_1151_p2               |       xor|   0|  0|    2|           1|           2|
    |xor_ln67_2_fu_1181_p2               |       xor|   0|  0|    2|           1|           2|
    |xor_ln67_3_fu_910_p2                |       xor|   0|  0|    2|           1|           2|
    |xor_ln67_4_fu_1203_p2               |       xor|   0|  0|    2|           1|           2|
    |xor_ln67_5_fu_1219_p2               |       xor|   0|  0|    2|           1|           2|
    |xor_ln67_6_fu_935_p2                |       xor|   0|  0|    2|           1|           2|
    |xor_ln67_7_fu_1242_p2               |       xor|   0|  0|    2|           1|           2|
    |xor_ln67_8_fu_963_p2                |       xor|   0|  0|    2|           1|           2|
    |xor_ln67_9_fu_980_p2                |       xor|   0|  0|    2|           1|           2|
    |xor_ln67_fu_893_p2                  |       xor|   0|  0|    2|           1|           2|
    +------------------------------------+----------+----+---+-----+------------+------------+
    |Total                               |          |   0|  0| 1608|         896|         694|
    +------------------------------------+----------+----+---+-----+------------+------------+

    * Multiplexer: 
    +------------------------------------------+----+-----------+-----+-----------+
    |                   Name                   | LUT| Input Size| Bits| Total Bits|
    +------------------------------------------+----+-----------+-----+-----------+
    |ap_done_int                               |   9|          2|    1|          2|
    |ap_loop_exit_ready_pp0_iter10_reg         |   9|          2|    1|          2|
    |ap_phi_mux_window_38_phi_fu_613_p4        |   9|          2|    8|         16|
    |ap_phi_reg_pp0_iter1_add_ln42_pn_reg_622  |   9|          2|   14|         28|
    |ap_phi_reg_pp0_iter1_window_38_reg_609    |   9|          2|    8|         16|
    |ap_phi_reg_pp0_iter4_add_ln42_pn_reg_622  |   9|          2|   14|         28|
    |ap_sig_allocacmp_i_1                      |   9|          2|   27|         54|
    |i_fu_234                                  |   9|          2|   27|         54|
    |img_x_2_fu_242                            |   9|          2|   13|         26|
    |img_y_2_fu_238                            |   9|          2|   13|         26|
    |m_axis_video_TDATA_blk_n                  |   9|          2|    1|          2|
    |s_axis_video_TDATA_blk_n                  |   9|          2|    1|          2|
    |window_38_reg_609                         |   9|          2|    8|         16|
    |x_fu_190                                  |   9|          2|   13|         26|
    +------------------------------------------+----+-----------+-----+-----------+
    |Total                                     | 126|         28|  149|        298|
    +------------------------------------------+----+-----------+-----+-----------+

    * Register: 
    +------------------------------------------+----+----+-----+-----------+
    |                   Name                   | FF | LUT| Bits| Const Bits|
    +------------------------------------------+----+----+-----+-----------+
    |add_ln71_10_reg_2929                      |  20|   0|   20|          0|
    |add_ln71_20_reg_2924                      |  18|   0|   18|          0|
    |add_ln71_21_reg_2944                      |  19|   0|   19|          0|
    |and_ln88_1_reg_2644                       |   1|   0|    1|          0|
    |ap_CS_fsm                                 |   1|   0|    1|          0|
    |ap_done_reg                               |   1|   0|    1|          0|
    |ap_enable_reg_pp0_iter1                   |   1|   0|    1|          0|
    |ap_enable_reg_pp0_iter10                  |   1|   0|    1|          0|
    |ap_enable_reg_pp0_iter2                   |   1|   0|    1|          0|
    |ap_enable_reg_pp0_iter3                   |   1|   0|    1|          0|
    |ap_enable_reg_pp0_iter4                   |   1|   0|    1|          0|
    |ap_enable_reg_pp0_iter5                   |   1|   0|    1|          0|
    |ap_enable_reg_pp0_iter6                   |   1|   0|    1|          0|
    |ap_enable_reg_pp0_iter7                   |   1|   0|    1|          0|
    |ap_enable_reg_pp0_iter8                   |   1|   0|    1|          0|
    |ap_enable_reg_pp0_iter9                   |   1|   0|    1|          0|
    |ap_loop_exit_ready_pp0_iter10_reg         |   1|   0|    1|          0|
    |ap_loop_exit_ready_pp0_iter1_reg          |   1|   0|    1|          0|
    |ap_loop_exit_ready_pp0_iter2_reg          |   1|   0|    1|          0|
    |ap_loop_exit_ready_pp0_iter3_reg          |   1|   0|    1|          0|
    |ap_loop_exit_ready_pp0_iter4_reg          |   1|   0|    1|          0|
    |ap_loop_exit_ready_pp0_iter5_reg          |   1|   0|    1|          0|
    |ap_loop_exit_ready_pp0_iter6_reg          |   1|   0|    1|          0|
    |ap_loop_exit_ready_pp0_iter7_reg          |   1|   0|    1|          0|
    |ap_loop_exit_ready_pp0_iter8_reg          |   1|   0|    1|          0|
    |ap_loop_exit_ready_pp0_iter9_reg          |   1|   0|    1|          0|
    |ap_phi_reg_pp0_iter1_add_ln42_pn_reg_622  |  14|   0|   14|          0|
    |ap_phi_reg_pp0_iter1_window_38_reg_609    |   8|   0|    8|          0|
    |ap_phi_reg_pp0_iter2_add_ln42_pn_reg_622  |  14|   0|   14|          0|
    |ap_phi_reg_pp0_iter3_add_ln42_pn_reg_622  |  14|   0|   14|          0|
    |ap_phi_reg_pp0_iter4_add_ln42_pn_reg_622  |  14|   0|   14|          0|
    |i_fu_234                                  |  27|   0|   27|          0|
    |icmp_ln15_reg_2533                        |   1|   0|    1|          0|
    |icmp_ln165_reg_2537                       |   1|   0|    1|          0|
    |icmp_ln35_reg_2565                        |   1|   0|    1|          0|
    |icmp_ln67_7_reg_2617                      |   1|   0|    1|          0|
    |icmp_ln88_reg_2640                        |   1|   0|    1|          0|
    |icmp_ln98_reg_2764                        |   1|   0|    1|          0|
    |img_x_2_fu_242                            |  13|   0|   13|          0|
    |img_y_2_fu_238                            |  13|   0|   13|          0|
    |line_buffer_1_addr_reg_2550               |  13|   0|   13|          0|
    |line_buffer_2_addr_reg_2555               |  13|   0|   13|          0|
    |line_buffer_addr_reg_2545                 |  13|   0|   13|          0|
    |mul_ln76_reg_2949                         |  52|   0|   52|          0|
    |or_ln67_1_reg_2590                        |   1|   0|    1|          0|
    |or_ln67_1_reg_2590_pp0_iter4_reg          |   1|   0|    1|          0|
    |or_ln67_3_reg_2680                        |   1|   0|    1|          0|
    |or_ln67_8_reg_2608                        |   1|   0|    1|          0|
    |or_ln67_8_reg_2608_pp0_iter4_reg          |   1|   0|    1|          0|
    |or_ln67_reg_2673                          |   1|   0|    1|          0|
    |out_paket_user_reg_2648                   |   1|   0|    1|          0|
    |sext_ln72_10_cast_reg_2477                |  16|   0|   16|          0|
    |sext_ln72_11_cast_reg_2482                |  16|   0|   16|          0|
    |sext_ln72_12_cast_reg_2487                |  16|   0|   16|          0|
    |sext_ln72_13_cast_reg_2492                |  16|   0|   16|          0|
    |sext_ln72_14_cast_reg_2497                |  16|   0|   16|          0|
    |sext_ln72_15_cast_reg_2502                |  16|   0|   16|          0|
    |sext_ln72_16_cast_reg_2507                |  16|   0|   16|          0|
    |sext_ln72_17_cast_reg_2512                |  16|   0|   16|          0|
    |sext_ln72_18_cast_reg_2392                |  16|   0|   16|          0|
    |sext_ln72_19_cast_reg_2397                |  16|   0|   16|          0|
    |sext_ln72_1_cast_reg_2427                 |  16|   0|   16|          0|
    |sext_ln72_20_cast_reg_2402                |  16|   0|   16|          0|
    |sext_ln72_21_cast_reg_2407                |  16|   0|   16|          0|
    |sext_ln72_22_cast_reg_2412                |  16|   0|   16|          0|
    |sext_ln72_23_cast_reg_2417                |  16|   0|   16|          0|
    |sext_ln72_2_cast_reg_2437                 |  16|   0|   16|          0|
    |sext_ln72_3_cast_reg_2442                 |  16|   0|   16|          0|
    |sext_ln72_4_cast_reg_2447                 |  16|   0|   16|          0|
    |sext_ln72_5_cast_reg_2452                 |  16|   0|   16|          0|
    |sext_ln72_6_cast_reg_2457                 |  16|   0|   16|          0|
    |sext_ln72_7_cast_reg_2462                 |  16|   0|   16|          0|
    |sext_ln72_8_cast_reg_2467                 |  16|   0|   16|          0|
    |sext_ln72_9_cast_reg_2472                 |  16|   0|   16|          0|
    |sext_ln72_cast_reg_2432                   |  16|   0|   16|          0|
    |sext_ln76_1_cast_reg_2387                 |  52|   0|   52|          0|
    |sext_ln76_cast_reg_2422                   |  16|   0|   16|          0|
    |val_2_fu_206                              |   8|   0|    8|          0|
    |val_32_reg_2769                           |   8|   0|    8|          0|
    |val_42_reg_2784                           |   8|   0|    8|          0|
    |val_42_reg_2784_pp0_iter6_reg             |   8|   0|    8|          0|
    |val_44_reg_2789                           |   8|   0|    8|          0|
    |val_48_reg_2794                           |   8|   0|    8|          0|
    |val_4_fu_214                              |   8|   0|    8|          0|
    |val_51_reg_2667                           |   8|   0|    8|          0|
    |val_52_reg_2804                           |   8|   0|    8|          0|
    |val_52_reg_2804_pp0_iter6_reg             |   8|   0|    8|          0|
    |val_54_reg_2809                           |   8|   0|    8|          0|
    |val_58_reg_2709                           |   8|   0|    8|          0|
    |val_58_reg_2709_pp0_iter5_reg             |   8|   0|    8|          0|
    |val_60_reg_2714                           |   8|   0|    8|          0|
    |val_63_reg_2724                           |   8|   0|    8|          0|
    |val_63_reg_2724_pp0_iter5_reg             |   8|   0|    8|          0|
    |val_64_reg_2661                           |   8|   0|    8|          0|
    |val_65_reg_2819                           |   8|   0|    8|          0|
    |val_67_reg_2656                           |   8|   0|    8|          0|
    |val_6_fu_222                              |   8|   0|    8|          0|
    |val_70_reg_2829                           |   8|   0|    8|          0|
    |val_74_reg_2744                           |   8|   0|    8|          0|
    |val_76_reg_2749                           |   8|   0|    8|          0|
    |val_76_reg_2749_pp0_iter5_reg             |   8|   0|    8|          0|
    |val_78_reg_2754                           |   8|   0|    8|          0|
    |val_8_fu_230                              |   8|   0|    8|          0|
    |val_fu_198                                |   8|   0|    8|          0|
    |window_10_fu_266                          |   8|   0|    8|          0|
    |window_11_fu_270                          |   8|   0|    8|          0|
    |window_12_fu_274                          |   8|   0|    8|          0|
    |window_13_fu_278                          |   8|   0|    8|          0|
    |window_14_fu_282                          |   8|   0|    8|          0|
    |window_1_fu_202                           |   8|   0|    8|          0|
    |window_2_fu_210                           |   8|   0|    8|          0|
    |window_36_reg_2575                        |   8|   0|    8|          0|
    |window_37_reg_2569                        |   8|   0|    8|          0|
    |window_37_reg_2569_pp0_iter3_reg          |   8|   0|    8|          0|
    |window_38_reg_609                         |   8|   0|    8|          0|
    |window_3_fu_218                           |   8|   0|    8|          0|
    |window_4_fu_226                           |   8|   0|    8|          0|
    |window_5_fu_246                           |   8|   0|    8|          0|
    |window_6_fu_250                           |   8|   0|    8|          0|
    |window_7_fu_254                           |   8|   0|    8|          0|
    |window_8_fu_258                           |   8|   0|    8|          0|
    |window_9_fu_262                           |   8|   0|    8|          0|
    |window_fu_194                             |   8|   0|    8|          0|
    |x_fu_190                                  |  13|   0|   13|          0|
    |xor_ln67_3_reg_2599                       |   1|   0|    1|          0|
    |xor_ln67_3_reg_2599_pp0_iter4_reg         |   1|   0|    1|          0|
    |xor_ln67_4_reg_2687                       |   1|   0|    1|          0|
    |xor_ln67_5_reg_2694                       |   1|   0|    1|          0|
    |xor_ln67_8_reg_2622                       |   1|   0|    1|          0|
    |xor_ln67_8_reg_2622_pp0_iter4_reg         |   1|   0|    1|          0|
    |xor_ln67_9_reg_2631                       |   1|   0|    1|          0|
    |zext_ln104_cast_reg_2382                  |   5|   0|   63|         58|
    |zext_ln149_cast_reg_2517                  |  13|   0|   14|          1|
    |zext_ln63_reg_2581                        |  13|   0|   14|          1|
    |zext_ln72_cast_reg_2525                   |  13|   0|   14|          1|
    |and_ln88_1_reg_2644                       |  64|  32|    1|          0|
    |icmp_ln165_reg_2537                       |  64|  32|    1|          0|
    |icmp_ln35_reg_2565                        |  64|  32|    1|          0|
    |icmp_ln88_reg_2640                        |  64|  32|    1|          0|
    |icmp_ln98_reg_2764                        |  64|  32|    1|          0|
    |line_buffer_1_addr_reg_2550               |  64|  32|   13|          0|
    |line_buffer_addr_reg_2545                 |  64|  32|   13|          0|
    |out_paket_user_reg_2648                   |  64|  32|    1|          0|
    |window_38_reg_609                         |  64|  32|    8|          0|
    +------------------------------------------+----+----+-----+-----------+
    |Total                                     |1761| 288| 1286|         61|
    +------------------------------------------+----+----+-----+-----------+



================================================================
== Interface
================================================================
* Summary: 
+---------------------+-----+-----+------------+-----------------------------------------+--------------+
|      RTL Ports      | Dir | Bits|  Protocol  |              Source Object              |    C Type    |
+---------------------+-----+-----+------------+-----------------------------------------+--------------+
|ap_clk               |   in|    1|  ap_ctrl_hs|  hls_filter_2d_Pipeline_VITIS_LOOP_158_1|  return value|
|ap_rst               |   in|    1|  ap_ctrl_hs|  hls_filter_2d_Pipeline_VITIS_LOOP_158_1|  return value|
|ap_start             |   in|    1|  ap_ctrl_hs|  hls_filter_2d_Pipeline_VITIS_LOOP_158_1|  return value|
|ap_done              |  out|    1|  ap_ctrl_hs|  hls_filter_2d_Pipeline_VITIS_LOOP_158_1|  return value|
|ap_idle              |  out|    1|  ap_ctrl_hs|  hls_filter_2d_Pipeline_VITIS_LOOP_158_1|  return value|
|ap_ready             |  out|    1|  ap_ctrl_hs|  hls_filter_2d_Pipeline_VITIS_LOOP_158_1|  return value|
|s_axis_video_TVALID  |   in|    1|        axis|                             s_axis_video|       pointer|
|s_axis_video_TDATA   |   in|   24|        axis|                             s_axis_video|       pointer|
|s_axis_video_TREADY  |  out|    1|        axis|                             s_axis_video|       pointer|
|m_axis_video_TREADY  |   in|    1|        axis|                             m_axis_video|       pointer|
|m_axis_video_TDATA   |  out|   24|        axis|                             m_axis_video|       pointer|
|m_axis_video_TVALID  |  out|    1|        axis|                             m_axis_video|       pointer|
|total_pixels         |   in|   26|     ap_none|                             total_pixels|        scalar|
|flush_cycles         |   in|   15|     ap_none|                             flush_cycles|        scalar|
|total_cycles         |   in|   27|     ap_none|                             total_cycles|        scalar|
|add_ln42             |   in|   14|     ap_none|                                 add_ln42|        scalar|
|width                |   in|   13|     ap_none|                                    width|        scalar|
|add_ln104            |   in|   14|     ap_none|                                add_ln104|        scalar|
|add_ln88             |   in|   14|     ap_none|                                 add_ln88|        scalar|
|add_ln89             |   in|   14|     ap_none|                                 add_ln89|        scalar|
|zext_ln72            |   in|   13|     ap_none|                                zext_ln72|        scalar|
|zext_ln149           |   in|   13|     ap_none|                               zext_ln149|        scalar|
|height               |   in|   13|     ap_none|                                   height|        scalar|
|sext_ln72_17         |   in|    8|     ap_none|                             sext_ln72_17|        scalar|
|sext_ln72_16         |   in|    8|     ap_none|                             sext_ln72_16|        scalar|
|sext_ln72_15         |   in|    8|     ap_none|                             sext_ln72_15|        scalar|
|sext_ln72_14         |   in|    8|     ap_none|                             sext_ln72_14|        scalar|
|sext_ln72_13         |   in|    8|     ap_none|                             sext_ln72_13|        scalar|
|sext_ln72_12         |   in|    8|     ap_none|                             sext_ln72_12|        scalar|
|sext_ln72_11         |   in|    8|     ap_none|                             sext_ln72_11|        scalar|
|sext_ln72_10         |   in|    8|     ap_none|                             sext_ln72_10|        scalar|
|sext_ln72_9          |   in|    8|     ap_none|                              sext_ln72_9|        scalar|
|sext_ln72_8          |   in|    8|     ap_none|                              sext_ln72_8|        scalar|
|sext_ln72_7          |   in|    8|     ap_none|                              sext_ln72_7|        scalar|
|sext_ln72_6          |   in|    8|     ap_none|                              sext_ln72_6|        scalar|
|sext_ln72_5          |   in|    8|     ap_none|                              sext_ln72_5|        scalar|
|sext_ln72_4          |   in|    8|     ap_none|                              sext_ln72_4|        scalar|
|sext_ln72_3          |   in|    8|     ap_none|                              sext_ln72_3|        scalar|
|sext_ln72_2          |   in|    8|     ap_none|                              sext_ln72_2|        scalar|
|sext_ln72            |   in|    8|     ap_none|                                sext_ln72|        scalar|
|sext_ln72_1          |   in|    8|     ap_none|                              sext_ln72_1|        scalar|
|sext_ln76            |   in|    8|     ap_none|                                sext_ln76|        scalar|
|sext_ln72_23         |   in|    8|     ap_none|                             sext_ln72_23|        scalar|
|sext_ln72_22         |   in|    8|     ap_none|                             sext_ln72_22|        scalar|
|sext_ln72_21         |   in|    8|     ap_none|                             sext_ln72_21|        scalar|
|sext_ln72_20         |   in|    8|     ap_none|                             sext_ln72_20|        scalar|
|sext_ln72_19         |   in|    8|     ap_none|                             sext_ln72_19|        scalar|
|sext_ln72_18         |   in|    8|     ap_none|                             sext_ln72_18|        scalar|
|sext_ln76_1          |   in|   32|     ap_none|                              sext_ln76_1|        scalar|
|zext_ln104           |   in|    5|     ap_none|                               zext_ln104|        scalar|
|delta                |   in|   32|     ap_none|                                    delta|        scalar|
|borderType           |   in|    1|     ap_none|                               borderType|        scalar|
|add_ln98             |   in|   14|     ap_none|                                 add_ln98|        scalar|
+---------------------+-----+-----+------------+-----------------------------------------+--------------+

============================================================
+ Verbose Summary: Synthesis Manager
============================================================
InlineROM: 1
ExposeGlobal: 0
============================================================
+ Verbose Summary: CDFG Model
============================================================
IsTopModel: 0
ResetActiveHigh: 1
IsCombinational: 2
IsDatapathOnly: 2
HasWiredReturn: 1
HasMFsm: 2
HasVarLatency: 1
IsPipeline: 0
IsRtlPipelined: 0
IsInstanceOverlapped: 0
IsDontTouch: 0
HasImplIP: 0
IsGatedGlobalClock: 0

+ Individual pipeline summary: 
  * Pipeline-0: initiation interval (II) = 1, depth = 11


============================================================
+ Verbose Summary: Schedule
============================================================
* Number of FSM states : 11
* Pipeline : 1
  Pipeline-0 : II = 1, D = 11, States = { 1 2 3 4 5 6 7 8 9 10 11 }
* Dataflow Pipeline: 0

* FSM state transitions: 
1 --> 2 
2 --> 3 
3 --> 4 
4 --> 5 
5 --> 6 
6 --> 7 
7 --> 8 
8 --> 9 
9 --> 10 
10 --> 11 
11 --> 

* FSM state operations: 

State 1 <SV = 0> <Delay = 2.35>
ST_1 : Operation 14 [1/1] (0.00ns)   --->   "%x = alloca i32 1" [hls_filter_2d.cpp:153]   --->   Operation 14 'alloca' 'x' <Predicate = true> <Delay = 0.00>
ST_1 : Operation 15 [1/1] (0.00ns)   --->   "%window = alloca i32 1" [hls_filter_2d.cpp:144]   --->   Operation 15 'alloca' 'window' <Predicate = true> <Delay = 0.00>
ST_1 : Operation 16 [1/1] (0.00ns)   --->   "%val = alloca i32 1" [hls_filter_2d.cpp:66->hls_filter_2d.cpp:167]   --->   Operation 16 'alloca' 'val' <Predicate = true> <Delay = 0.00>
ST_1 : Operation 17 [1/1] (0.00ns)   --->   "%window_1 = alloca i32 1" [hls_filter_2d.cpp:144]   --->   Operation 17 'alloca' 'window_1' <Predicate = true> <Delay = 0.00>
ST_1 : Operation 18 [1/1] (0.00ns)   --->   "%val_2 = alloca i32 1" [hls_filter_2d.cpp:66->hls_filter_2d.cpp:167]   --->   Operation 18 'alloca' 'val_2' <Predicate = true> <Delay = 0.00>
ST_1 : Operation 19 [1/1] (0.00ns)   --->   "%window_2 = alloca i32 1" [hls_filter_2d.cpp:144]   --->   Operation 19 'alloca' 'window_2' <Predicate = true> <Delay = 0.00>
ST_1 : Operation 20 [1/1] (0.00ns)   --->   "%val_4 = alloca i32 1" [hls_filter_2d.cpp:66->hls_filter_2d.cpp:167]   --->   Operation 20 'alloca' 'val_4' <Predicate = true> <Delay = 0.00>
ST_1 : Operation 21 [1/1] (0.00ns)   --->   "%window_3 = alloca i32 1" [hls_filter_2d.cpp:144]   --->   Operation 21 'alloca' 'window_3' <Predicate = true> <Delay = 0.00>
ST_1 : Operation 22 [1/1] (0.00ns)   --->   "%val_6 = alloca i32 1" [hls_filter_2d.cpp:66->hls_filter_2d.cpp:167]   --->   Operation 22 'alloca' 'val_6' <Predicate = true> <Delay = 0.00>
ST_1 : Operation 23 [1/1] (0.00ns)   --->   "%window_4 = alloca i32 1" [hls_filter_2d.cpp:144]   --->   Operation 23 'alloca' 'window_4' <Predicate = true> <Delay = 0.00>
ST_1 : Operation 24 [1/1] (0.00ns)   --->   "%val_8 = alloca i32 1" [hls_filter_2d.cpp:66->hls_filter_2d.cpp:167]   --->   Operation 24 'alloca' 'val_8' <Predicate = true> <Delay = 0.00>
ST_1 : Operation 25 [1/1] (0.00ns)   --->   "%i = alloca i32 1" [hls_filter_2d.cpp:11->hls_filter_2d.cpp:162]   --->   Operation 25 'alloca' 'i' <Predicate = true> <Delay = 0.00>
ST_1 : Operation 26 [1/1] (0.00ns)   --->   "%img_y_2 = alloca i32 1" [hls_filter_2d.cpp:64->hls_filter_2d.cpp:167]   --->   Operation 26 'alloca' 'img_y_2' <Predicate = true> <Delay = 0.00>
ST_1 : Operation 27 [1/1] (0.00ns)   --->   "%img_x_2 = alloca i32 1" [hls_filter_2d.cpp:63->hls_filter_2d.cpp:167]   --->   Operation 27 'alloca' 'img_x_2' <Predicate = true> <Delay = 0.00>
ST_1 : Operation 28 [1/1] (0.00ns)   --->   "%window_5 = alloca i32 1" [hls_filter_2d.cpp:144]   --->   Operation 28 'alloca' 'window_5' <Predicate = true> <Delay = 0.00>
ST_1 : Operation 29 [1/1] (0.00ns)   --->   "%window_6 = alloca i32 1" [hls_filter_2d.cpp:144]   --->   Operation 29 'alloca' 'window_6' <Predicate = true> <Delay = 0.00>
ST_1 : Operation 30 [1/1] (0.00ns)   --->   "%window_7 = alloca i32 1" [hls_filter_2d.cpp:144]   --->   Operation 30 'alloca' 'window_7' <Predicate = true> <Delay = 0.00>
ST_1 : Operation 31 [1/1] (0.00ns)   --->   "%window_8 = alloca i32 1" [hls_filter_2d.cpp:144]   --->   Operation 31 'alloca' 'window_8' <Predicate = true> <Delay = 0.00>
ST_1 : Operation 32 [1/1] (0.00ns)   --->   "%window_9 = alloca i32 1" [hls_filter_2d.cpp:144]   --->   Operation 32 'alloca' 'window_9' <Predicate = true> <Delay = 0.00>
ST_1 : Operation 33 [1/1] (0.00ns)   --->   "%window_10 = alloca i32 1" [hls_filter_2d.cpp:144]   --->   Operation 33 'alloca' 'window_10' <Predicate = true> <Delay = 0.00>
ST_1 : Operation 34 [1/1] (0.00ns)   --->   "%window_11 = alloca i32 1" [hls_filter_2d.cpp:144]   --->   Operation 34 'alloca' 'window_11' <Predicate = true> <Delay = 0.00>
ST_1 : Operation 35 [1/1] (0.00ns)   --->   "%window_12 = alloca i32 1" [hls_filter_2d.cpp:144]   --->   Operation 35 'alloca' 'window_12' <Predicate = true> <Delay = 0.00>
ST_1 : Operation 36 [1/1] (0.00ns)   --->   "%window_13 = alloca i32 1" [hls_filter_2d.cpp:144]   --->   Operation 36 'alloca' 'window_13' <Predicate = true> <Delay = 0.00>
ST_1 : Operation 37 [1/1] (0.00ns)   --->   "%window_14 = alloca i32 1" [hls_filter_2d.cpp:144]   --->   Operation 37 'alloca' 'window_14' <Predicate = true> <Delay = 0.00>
ST_1 : Operation 38 [1/1] (0.00ns)   --->   "%add_ln98_read = read i14 @_ssdm_op_Read.ap_auto.i14, i14 %add_ln98"   --->   Operation 38 'read' 'add_ln98_read' <Predicate = true> <Delay = 0.00>
ST_1 : Operation 39 [1/1] (0.00ns)   --->   "%borderType_read = read i1 @_ssdm_op_Read.ap_auto.i1, i1 %borderType"   --->   Operation 39 'read' 'borderType_read' <Predicate = true> <Delay = 0.00>
ST_1 : Operation 40 [1/1] (0.00ns)   --->   "%delta_read = read i32 @_ssdm_op_Read.ap_auto.i32, i32 %delta"   --->   Operation 40 'read' 'delta_read' <Predicate = true> <Delay = 0.00>
ST_1 : Operation 41 [1/1] (0.00ns)   --->   "%zext_ln104_read = read i5 @_ssdm_op_Read.ap_auto.i5, i5 %zext_ln104"   --->   Operation 41 'read' 'zext_ln104_read' <Predicate = true> <Delay = 0.00>
ST_1 : Operation 42 [1/1] (0.00ns)   --->   "%sext_ln76_1_read = read i32 @_ssdm_op_Read.ap_auto.i32, i32 %sext_ln76_1"   --->   Operation 42 'read' 'sext_ln76_1_read' <Predicate = true> <Delay = 0.00>
ST_1 : Operation 43 [1/1] (0.00ns)   --->   "%sext_ln72_18_read = read i8 @_ssdm_op_Read.ap_auto.i8, i8 %sext_ln72_18"   --->   Operation 43 'read' 'sext_ln72_18_read' <Predicate = true> <Delay = 0.00>
ST_1 : Operation 44 [1/1] (0.00ns)   --->   "%sext_ln72_19_read = read i8 @_ssdm_op_Read.ap_auto.i8, i8 %sext_ln72_19"   --->   Operation 44 'read' 'sext_ln72_19_read' <Predicate = true> <Delay = 0.00>
ST_1 : Operation 45 [1/1] (0.00ns)   --->   "%sext_ln72_20_read = read i8 @_ssdm_op_Read.ap_auto.i8, i8 %sext_ln72_20"   --->   Operation 45 'read' 'sext_ln72_20_read' <Predicate = true> <Delay = 0.00>
ST_1 : Operation 46 [1/1] (0.00ns)   --->   "%sext_ln72_21_read = read i8 @_ssdm_op_Read.ap_auto.i8, i8 %sext_ln72_21"   --->   Operation 46 'read' 'sext_ln72_21_read' <Predicate = true> <Delay = 0.00>
ST_1 : Operation 47 [1/1] (0.00ns)   --->   "%sext_ln72_22_read = read i8 @_ssdm_op_Read.ap_auto.i8, i8 %sext_ln72_22"   --->   Operation 47 'read' 'sext_ln72_22_read' <Predicate = true> <Delay = 0.00>
ST_1 : Operation 48 [1/1] (0.00ns)   --->   "%sext_ln72_23_read = read i8 @_ssdm_op_Read.ap_auto.i8, i8 %sext_ln72_23"   --->   Operation 48 'read' 'sext_ln72_23_read' <Predicate = true> <Delay = 0.00>
ST_1 : Operation 49 [1/1] (0.00ns)   --->   "%sext_ln76_read = read i8 @_ssdm_op_Read.ap_auto.i8, i8 %sext_ln76"   --->   Operation 49 'read' 'sext_ln76_read' <Predicate = true> <Delay = 0.00>
ST_1 : Operation 50 [1/1] (0.00ns)   --->   "%sext_ln72_1_read = read i8 @_ssdm_op_Read.ap_auto.i8, i8 %sext_ln72_1"   --->   Operation 50 'read' 'sext_ln72_1_read' <Predicate = true> <Delay = 0.00>
ST_1 : Operation 51 [1/1] (0.00ns)   --->   "%sext_ln72_read = read i8 @_ssdm_op_Read.ap_auto.i8, i8 %sext_ln72"   --->   Operation 51 'read' 'sext_ln72_read' <Predicate = true> <Delay = 0.00>
ST_1 : Operation 52 [1/1] (0.00ns)   --->   "%sext_ln72_2_read = read i8 @_ssdm_op_Read.ap_auto.i8, i8 %sext_ln72_2"   --->   Operation 52 'read' 'sext_ln72_2_read' <Predicate = true> <Delay = 0.00>
ST_1 : Operation 53 [1/1] (0.00ns)   --->   "%sext_ln72_3_read = read i8 @_ssdm_op_Read.ap_auto.i8, i8 %sext_ln72_3"   --->   Operation 53 'read' 'sext_ln72_3_read' <Predicate = true> <Delay = 0.00>
ST_1 : Operation 54 [1/1] (0.00ns)   --->   "%sext_ln72_4_read = read i8 @_ssdm_op_Read.ap_auto.i8, i8 %sext_ln72_4"   --->   Operation 54 'read' 'sext_ln72_4_read' <Predicate = true> <Delay = 0.00>
ST_1 : Operation 55 [1/1] (0.00ns)   --->   "%sext_ln72_5_read = read i8 @_ssdm_op_Read.ap_auto.i8, i8 %sext_ln72_5"   --->   Operation 55 'read' 'sext_ln72_5_read' <Predicate = true> <Delay = 0.00>
ST_1 : Operation 56 [1/1] (0.00ns)   --->   "%sext_ln72_6_read = read i8 @_ssdm_op_Read.ap_auto.i8, i8 %sext_ln72_6"   --->   Operation 56 'read' 'sext_ln72_6_read' <Predicate = true> <Delay = 0.00>
ST_1 : Operation 57 [1/1] (0.00ns)   --->   "%sext_ln72_7_read = read i8 @_ssdm_op_Read.ap_auto.i8, i8 %sext_ln72_7"   --->   Operation 57 'read' 'sext_ln72_7_read' <Predicate = true> <Delay = 0.00>
ST_1 : Operation 58 [1/1] (0.00ns)   --->   "%sext_ln72_8_read = read i8 @_ssdm_op_Read.ap_auto.i8, i8 %sext_ln72_8"   --->   Operation 58 'read' 'sext_ln72_8_read' <Predicate = true> <Delay = 0.00>
ST_1 : Operation 59 [1/1] (0.00ns)   --->   "%sext_ln72_9_read = read i8 @_ssdm_op_Read.ap_auto.i8, i8 %sext_ln72_9"   --->   Operation 59 'read' 'sext_ln72_9_read' <Predicate = true> <Delay = 0.00>
ST_1 : Operation 60 [1/1] (0.00ns)   --->   "%sext_ln72_10_read = read i8 @_ssdm_op_Read.ap_auto.i8, i8 %sext_ln72_10"   --->   Operation 60 'read' 'sext_ln72_10_read' <Predicate = true> <Delay = 0.00>
ST_1 : Operation 61 [1/1] (0.00ns)   --->   "%sext_ln72_11_read = read i8 @_ssdm_op_Read.ap_auto.i8, i8 %sext_ln72_11"   --->   Operation 61 'read' 'sext_ln72_11_read' <Predicate = true> <Delay = 0.00>
ST_1 : Operation 62 [1/1] (0.00ns)   --->   "%sext_ln72_12_read = read i8 @_ssdm_op_Read.ap_auto.i8, i8 %sext_ln72_12"   --->   Operation 62 'read' 'sext_ln72_12_read' <Predicate = true> <Delay = 0.00>
ST_1 : Operation 63 [1/1] (0.00ns)   --->   "%sext_ln72_13_read = read i8 @_ssdm_op_Read.ap_auto.i8, i8 %sext_ln72_13"   --->   Operation 63 'read' 'sext_ln72_13_read' <Predicate = true> <Delay = 0.00>
ST_1 : Operation 64 [1/1] (0.00ns)   --->   "%sext_ln72_14_read = read i8 @_ssdm_op_Read.ap_auto.i8, i8 %sext_ln72_14"   --->   Operation 64 'read' 'sext_ln72_14_read' <Predicate = true> <Delay = 0.00>
ST_1 : Operation 65 [1/1] (0.00ns)   --->   "%sext_ln72_15_read = read i8 @_ssdm_op_Read.ap_auto.i8, i8 %sext_ln72_15"   --->   Operation 65 'read' 'sext_ln72_15_read' <Predicate = true> <Delay = 0.00>
ST_1 : Operation 66 [1/1] (0.00ns)   --->   "%sext_ln72_16_read = read i8 @_ssdm_op_Read.ap_auto.i8, i8 %sext_ln72_16"   --->   Operation 66 'read' 'sext_ln72_16_read' <Predicate = true> <Delay = 0.00>
ST_1 : Operation 67 [1/1] (0.00ns)   --->   "%sext_ln72_17_read = read i8 @_ssdm_op_Read.ap_auto.i8, i8 %sext_ln72_17"   --->   Operation 67 'read' 'sext_ln72_17_read' <Predicate = true> <Delay = 0.00>
ST_1 : Operation 68 [1/1] (0.00ns)   --->   "%height_read = read i13 @_ssdm_op_Read.ap_auto.i13, i13 %height"   --->   Operation 68 'read' 'height_read' <Predicate = true> <Delay = 0.00>
ST_1 : Operation 69 [1/1] (0.00ns)   --->   "%zext_ln149_read = read i13 @_ssdm_op_Read.ap_auto.i13, i13 %zext_ln149"   --->   Operation 69 'read' 'zext_ln149_read' <Predicate = true> <Delay = 0.00>
ST_1 : Operation 70 [1/1] (0.00ns)   --->   "%zext_ln72_read = read i13 @_ssdm_op_Read.ap_auto.i13, i13 %zext_ln72"   --->   Operation 70 'read' 'zext_ln72_read' <Predicate = true> <Delay = 0.00>
ST_1 : Operation 71 [1/1] (0.00ns)   --->   "%add_ln89_read = read i14 @_ssdm_op_Read.ap_auto.i14, i14 %add_ln89"   --->   Operation 71 'read' 'add_ln89_read' <Predicate = true> <Delay = 0.00>
ST_1 : Operation 72 [1/1] (0.00ns)   --->   "%add_ln88_read = read i14 @_ssdm_op_Read.ap_auto.i14, i14 %add_ln88"   --->   Operation 72 'read' 'add_ln88_read' <Predicate = true> <Delay = 0.00>
ST_1 : Operation 73 [1/1] (0.00ns)   --->   "%add_ln104_read = read i14 @_ssdm_op_Read.ap_auto.i14, i14 %add_ln104"   --->   Operation 73 'read' 'add_ln104_read' <Predicate = true> <Delay = 0.00>
ST_1 : Operation 74 [1/1] (0.00ns)   --->   "%width_read = read i13 @_ssdm_op_Read.ap_auto.i13, i13 %width"   --->   Operation 74 'read' 'width_read' <Predicate = true> <Delay = 0.00>
ST_1 : Operation 75 [1/1] (0.00ns)   --->   "%add_ln42_read = read i14 @_ssdm_op_Read.ap_auto.i14, i14 %add_ln42"   --->   Operation 75 'read' 'add_ln42_read' <Predicate = true> <Delay = 0.00>
ST_1 : Operation 76 [1/1] (0.00ns)   --->   "%total_cycles_read = read i27 @_ssdm_op_Read.ap_auto.i27, i27 %total_cycles"   --->   Operation 76 'read' 'total_cycles_read' <Predicate = true> <Delay = 0.00>
ST_1 : Operation 77 [1/1] (0.00ns)   --->   "%flush_cycles_read = read i15 @_ssdm_op_Read.ap_auto.i15, i15 %flush_cycles"   --->   Operation 77 'read' 'flush_cycles_read' <Predicate = true> <Delay = 0.00>
ST_1 : Operation 78 [1/1] (0.00ns)   --->   "%total_pixels_read = read i26 @_ssdm_op_Read.ap_auto.i26, i26 %total_pixels"   --->   Operation 78 'read' 'total_pixels_read' <Predicate = true> <Delay = 0.00>
ST_1 : Operation 79 [1/1] (0.00ns)   --->   "%zext_ln104_cast = zext i5 %zext_ln104_read"   --->   Operation 79 'zext' 'zext_ln104_cast' <Predicate = true> <Delay = 0.00>
ST_1 : Operation 80 [1/1] (0.00ns)   --->   "%sext_ln76_1_cast = sext i32 %sext_ln76_1_read"   --->   Operation 80 'sext' 'sext_ln76_1_cast' <Predicate = true> <Delay = 0.00>
ST_1 : Operation 81 [1/1] (0.00ns)   --->   "%sext_ln72_18_cast = sext i8 %sext_ln72_18_read"   --->   Operation 81 'sext' 'sext_ln72_18_cast' <Predicate = true> <Delay = 0.00>
ST_1 : Operation 82 [1/1] (0.00ns)   --->   "%sext_ln72_19_cast = sext i8 %sext_ln72_19_read"   --->   Operation 82 'sext' 'sext_ln72_19_cast' <Predicate = true> <Delay = 0.00>
ST_1 : Operation 83 [1/1] (0.00ns)   --->   "%sext_ln72_20_cast = sext i8 %sext_ln72_20_read"   --->   Operation 83 'sext' 'sext_ln72_20_cast' <Predicate = true> <Delay = 0.00>
ST_1 : Operation 84 [1/1] (0.00ns)   --->   "%sext_ln72_21_cast = sext i8 %sext_ln72_21_read"   --->   Operation 84 'sext' 'sext_ln72_21_cast' <Predicate = true> <Delay = 0.00>
ST_1 : Operation 85 [1/1] (0.00ns)   --->   "%sext_ln72_22_cast = sext i8 %sext_ln72_22_read"   --->   Operation 85 'sext' 'sext_ln72_22_cast' <Predicate = true> <Delay = 0.00>
ST_1 : Operation 86 [1/1] (0.00ns)   --->   "%sext_ln72_23_cast = sext i8 %sext_ln72_23_read"   --->   Operation 86 'sext' 'sext_ln72_23_cast' <Predicate = true> <Delay = 0.00>
ST_1 : Operation 87 [1/1] (0.00ns)   --->   "%sext_ln76_cast = sext i8 %sext_ln76_read"   --->   Operation 87 'sext' 'sext_ln76_cast' <Predicate = true> <Delay = 0.00>
ST_1 : Operation 88 [1/1] (0.00ns)   --->   "%sext_ln72_1_cast = sext i8 %sext_ln72_1_read"   --->   Operation 88 'sext' 'sext_ln72_1_cast' <Predicate = true> <Delay = 0.00>
ST_1 : Operation 89 [1/1] (0.00ns)   --->   "%sext_ln72_cast = sext i8 %sext_ln72_read"   --->   Operation 89 'sext' 'sext_ln72_cast' <Predicate = true> <Delay = 0.00>
ST_1 : Operation 90 [1/1] (0.00ns)   --->   "%sext_ln72_2_cast = sext i8 %sext_ln72_2_read"   --->   Operation 90 'sext' 'sext_ln72_2_cast' <Predicate = true> <Delay = 0.00>
ST_1 : Operation 91 [1/1] (0.00ns)   --->   "%sext_ln72_3_cast = sext i8 %sext_ln72_3_read"   --->   Operation 91 'sext' 'sext_ln72_3_cast' <Predicate = true> <Delay = 0.00>
ST_1 : Operation 92 [1/1] (0.00ns)   --->   "%sext_ln72_4_cast = sext i8 %sext_ln72_4_read"   --->   Operation 92 'sext' 'sext_ln72_4_cast' <Predicate = true> <Delay = 0.00>
ST_1 : Operation 93 [1/1] (0.00ns)   --->   "%sext_ln72_5_cast = sext i8 %sext_ln72_5_read"   --->   Operation 93 'sext' 'sext_ln72_5_cast' <Predicate = true> <Delay = 0.00>
ST_1 : Operation 94 [1/1] (0.00ns)   --->   "%sext_ln72_6_cast = sext i8 %sext_ln72_6_read"   --->   Operation 94 'sext' 'sext_ln72_6_cast' <Predicate = true> <Delay = 0.00>
ST_1 : Operation 95 [1/1] (0.00ns)   --->   "%sext_ln72_7_cast = sext i8 %sext_ln72_7_read"   --->   Operation 95 'sext' 'sext_ln72_7_cast' <Predicate = true> <Delay = 0.00>
ST_1 : Operation 96 [1/1] (0.00ns)   --->   "%sext_ln72_8_cast = sext i8 %sext_ln72_8_read"   --->   Operation 96 'sext' 'sext_ln72_8_cast' <Predicate = true> <Delay = 0.00>
ST_1 : Operation 97 [1/1] (0.00ns)   --->   "%sext_ln72_9_cast = sext i8 %sext_ln72_9_read"   --->   Operation 97 'sext' 'sext_ln72_9_cast' <Predicate = true> <Delay = 0.00>
ST_1 : Operation 98 [1/1] (0.00ns)   --->   "%sext_ln72_10_cast = sext i8 %sext_ln72_10_read"   --->   Operation 98 'sext' 'sext_ln72_10_cast' <Predicate = true> <Delay = 0.00>
ST_1 : Operation 99 [1/1] (0.00ns)   --->   "%sext_ln72_11_cast = sext i8 %sext_ln72_11_read"   --->   Operation 99 'sext' 'sext_ln72_11_cast' <Predicate = true> <Delay = 0.00>
ST_1 : Operation 100 [1/1] (0.00ns)   --->   "%sext_ln72_12_cast = sext i8 %sext_ln72_12_read"   --->   Operation 100 'sext' 'sext_ln72_12_cast' <Predicate = true> <Delay = 0.00>
ST_1 : Operation 101 [1/1] (0.00ns)   --->   "%sext_ln72_13_cast = sext i8 %sext_ln72_13_read"   --->   Operation 101 'sext' 'sext_ln72_13_cast' <Predicate = true> <Delay = 0.00>
ST_1 : Operation 102 [1/1] (0.00ns)   --->   "%sext_ln72_14_cast = sext i8 %sext_ln72_14_read"   --->   Operation 102 'sext' 'sext_ln72_14_cast' <Predicate = true> <Delay = 0.00>
ST_1 : Operation 103 [1/1] (0.00ns)   --->   "%sext_ln72_15_cast = sext i8 %sext_ln72_15_read"   --->   Operation 103 'sext' 'sext_ln72_15_cast' <Predicate = true> <Delay = 0.00>
ST_1 : Operation 104 [1/1] (0.00ns)   --->   "%sext_ln72_16_cast = sext i8 %sext_ln72_16_read"   --->   Operation 104 'sext' 'sext_ln72_16_cast' <Predicate = true> <Delay = 0.00>
ST_1 : Operation 105 [1/1] (0.00ns)   --->   "%sext_ln72_17_cast = sext i8 %sext_ln72_17_read"   --->   Operation 105 'sext' 'sext_ln72_17_cast' <Predicate = true> <Delay = 0.00>
ST_1 : Operation 106 [1/1] (0.00ns)   --->   "%zext_ln149_cast = zext i13 %zext_ln149_read"   --->   Operation 106 'zext' 'zext_ln149_cast' <Predicate = true> <Delay = 0.00>
ST_1 : Operation 107 [1/1] (0.00ns)   --->   "%zext_ln72_cast = zext i13 %zext_ln72_read"   --->   Operation 107 'zext' 'zext_ln72_cast' <Predicate = true> <Delay = 0.00>
ST_1 : Operation 108 [1/1] (0.00ns)   --->   "%specinterface_ln0 = specinterface void @_ssdm_op_SpecInterface, i24 %m_axis_video, void @empty_17, i32 0, i32 0, void @empty_36, i32 0, i32 0, void @empty, void @empty, void @empty, i32 0, i32 0, i32 0, i32 0, void @empty, void @empty, i32 4294967295, i32 0, i32 0, i32 0"   --->   Operation 108 'specinterface' 'specinterface_ln0' <Predicate = true> <Delay = 0.00>
ST_1 : Operation 109 [1/1] (0.00ns)   --->   "%specinterface_ln0 = specinterface void @_ssdm_op_SpecInterface, i24 %s_axis_video, void @empty_17, i32 0, i32 0, void @empty_36, i32 0, i32 0, void @empty, void @empty, void @empty, i32 0, i32 0, i32 0, i32 0, void @empty, void @empty, i32 4294967295, i32 0, i32 0, i32 0"   --->   Operation 109 'specinterface' 'specinterface_ln0' <Predicate = true> <Delay = 0.00>
ST_1 : Operation 110 [1/1] (1.23ns)   --->   "%line_buffer_3 = alloca i64 1" [hls_filter_2d.cpp:140]   --->   Operation 110 'alloca' 'line_buffer_3' <Predicate = true> <Delay = 1.23> <CoreInst = "RAM">   --->   Core 82 'RAM' <Latency = 1> <II = 1> <Delay = 1.23> <Storage> <Opcode : 'load' 'store'> <Ports = 2> <Width = 8> <Depth = 7680> <RAM>
ST_1 : Operation 111 [1/1] (1.23ns)   --->   "%line_buffer_2 = alloca i64 1" [hls_filter_2d.cpp:140]   --->   Operation 111 'alloca' 'line_buffer_2' <Predicate = true> <Delay = 1.23> <CoreInst = "RAM">   --->   Core 82 'RAM' <Latency = 1> <II = 1> <Delay = 1.23> <Storage> <Opcode : 'load' 'store'> <Ports = 2> <Width = 8> <Depth = 7680> <RAM>
ST_1 : Operation 112 [1/1] (1.23ns)   --->   "%line_buffer_1 = alloca i64 1" [hls_filter_2d.cpp:140]   --->   Operation 112 'alloca' 'line_buffer_1' <Predicate = true> <Delay = 1.23> <CoreInst = "RAM">   --->   Core 82 'RAM' <Latency = 1> <II = 1> <Delay = 1.23> <Storage> <Opcode : 'load' 'store'> <Ports = 2> <Width = 8> <Depth = 7680> <RAM>
ST_1 : Operation 113 [1/1] (1.23ns)   --->   "%line_buffer = alloca i64 1" [hls_filter_2d.cpp:140]   --->   Operation 113 'alloca' 'line_buffer' <Predicate = true> <Delay = 1.23> <CoreInst = "RAM">   --->   Core 82 'RAM' <Latency = 1> <II = 1> <Delay = 1.23> <Storage> <Opcode : 'load' 'store'> <Ports = 2> <Width = 8> <Depth = 7680> <RAM>
ST_1 : Operation 114 [1/1] (0.00ns)   --->   "%zext_ln150 = zext i26 %total_pixels_read" [hls_filter_2d.cpp:150]   --->   Operation 114 'zext' 'zext_ln150' <Predicate = true> <Delay = 0.00>
ST_1 : Operation 115 [1/1] (0.00ns)   --->   "%zext_ln150_1 = zext i15 %flush_cycles_read" [hls_filter_2d.cpp:150]   --->   Operation 115 'zext' 'zext_ln150_1' <Predicate = true> <Delay = 0.00>
ST_1 : Operation 116 [1/1] (0.42ns)   --->   "%store_ln63 = store i13 0, i13 %img_x_2" [hls_filter_2d.cpp:63->hls_filter_2d.cpp:167]   --->   Operation 116 'store' 'store_ln63' <Predicate = true> <Delay = 0.42>
ST_1 : Operation 117 [1/1] (0.42ns)   --->   "%store_ln64 = store i13 0, i13 %img_y_2" [hls_filter_2d.cpp:64->hls_filter_2d.cpp:167]   --->   Operation 117 'store' 'store_ln64' <Predicate = true> <Delay = 0.42>
ST_1 : Operation 118 [1/1] (0.42ns)   --->   "%store_ln11 = store i27 0, i27 %i" [hls_filter_2d.cpp:11->hls_filter_2d.cpp:162]   --->   Operation 118 'store' 'store_ln11' <Predicate = true> <Delay = 0.42>
ST_1 : Operation 119 [1/1] (0.42ns)   --->   "%store_ln153 = store i13 0, i13 %x" [hls_filter_2d.cpp:153]   --->   Operation 119 'store' 'store_ln153' <Predicate = true> <Delay = 0.42>
ST_1 : Operation 120 [1/1] (0.00ns)   --->   "%br_ln158 = br void %for.body.split" [hls_filter_2d.cpp:158]   --->   Operation 120 'br' 'br_ln158' <Predicate = true> <Delay = 0.00>
ST_1 : Operation 121 [1/1] (0.00ns)   --->   "%i_1 = load i27 %i" [hls_filter_2d.cpp:158]   --->   Operation 121 'load' 'i_1' <Predicate = true> <Delay = 0.00>
ST_1 : Operation 122 [1/1] (0.96ns)   --->   "%icmp_ln15 = icmp_ult  i27 %i_1, i27 %zext_ln150" [hls_filter_2d.cpp:15->hls_filter_2d.cpp:162]   --->   Operation 122 'icmp' 'icmp_ln15' <Predicate = true> <Delay = 0.96> <CoreInst = "Cmp">   --->   Core 9 'Cmp' <Latency = 0> <II = 1> <Delay = 0.96> <FuncUnit> <Opcode : 'seteq' 'setne' 'setle' 'setge' 'setlt' 'setgt'> <InPorts = 2> <OutPorts = 1>
ST_1 : Operation 123 [1/1] (0.96ns)   --->   "%i_3 = add i27 %i_1, i27 1" [hls_filter_2d.cpp:158]   --->   Operation 123 'add' 'i_3' <Predicate = true> <Delay = 0.96> <CoreInst = "Adder">   --->   Core 1 'Adder' <Latency = 0> <II = 1> <Delay = 0.96> <FuncUnit> <Opcode : 'add' 'sub'> <InPorts = 2> <OutPorts = 1>
ST_1 : Operation 124 [1/1] (0.42ns)   --->   "%br_ln15 = br i1 %icmp_ln15, void %for.inc.i, void %if.then.i" [hls_filter_2d.cpp:15->hls_filter_2d.cpp:162]   --->   Operation 124 'br' 'br_ln15' <Predicate = true> <Delay = 0.42>
ST_1 : Operation 125 [1/1] (0.42ns)   --->   "%br_ln17 = br void %for.inc.i" [hls_filter_2d.cpp:17->hls_filter_2d.cpp:162]   --->   Operation 125 'br' 'br_ln17' <Predicate = (icmp_ln15)> <Delay = 0.42>
ST_1 : Operation 126 [1/1] (0.96ns)   --->   "%icmp_ln165 = icmp_ult  i27 %i_1, i27 %zext_ln150_1" [hls_filter_2d.cpp:165]   --->   Operation 126 'icmp' 'icmp_ln165' <Predicate = true> <Delay = 0.96> <CoreInst = "Cmp">   --->   Core 9 'Cmp' <Latency = 0> <II = 1> <Delay = 0.96> <FuncUnit> <Opcode : 'seteq' 'setne' 'setle' 'setge' 'setlt' 'setgt'> <InPorts = 2> <OutPorts = 1>
ST_1 : Operation 127 [1/1] (0.00ns)   --->   "%br_ln165 = br i1 %icmp_ln165, void %if.then, void %for.inc" [hls_filter_2d.cpp:165]   --->   Operation 127 'br' 'br_ln165' <Predicate = true> <Delay = 0.00>
ST_1 : Operation 128 [1/1] (0.42ns)   --->   "%br_ln86 = br i1 %borderType_read, void %if.else.i4, void %cond.end.i" [hls_filter_2d.cpp:86->hls_filter_2d.cpp:167]   --->   Operation 128 'br' 'br_ln86' <Predicate = (!icmp_ln165)> <Delay = 0.42>
ST_1 : Operation 129 [1/1] (0.96ns)   --->   "%icmp_ln158 = icmp_eq  i27 %i_3, i27 %total_cycles_read" [hls_filter_2d.cpp:158]   --->   Operation 129 'icmp' 'icmp_ln158' <Predicate = true> <Delay = 0.96> <CoreInst = "Cmp">   --->   Core 9 'Cmp' <Latency = 0> <II = 1> <Delay = 0.96> <FuncUnit> <Opcode : 'seteq' 'setne' 'setle' 'setge' 'setlt' 'setgt'> <InPorts = 2> <OutPorts = 1>
ST_1 : Operation 130 [1/1] (0.42ns)   --->   "%store_ln11 = store i27 %i_3, i27 %i" [hls_filter_2d.cpp:11->hls_filter_2d.cpp:162]   --->   Operation 130 'store' 'store_ln11' <Predicate = true> <Delay = 0.42>
ST_1 : Operation 131 [1/1] (0.00ns)   --->   "%br_ln158 = br i1 %icmp_ln158, void %for.body.split, void %for.end.exitStub" [hls_filter_2d.cpp:158]   --->   Operation 131 'br' 'br_ln158' <Predicate = true> <Delay = 0.00>

State 2 <SV = 1> <Delay = 2.05>
ST_2 : Operation 132 [1/1] (0.00ns)   --->   "%x_2 = load i13 %x" [hls_filter_2d.cpp:45->hls_filter_2d.cpp:162]   --->   Operation 132 'load' 'x_2' <Predicate = true> <Delay = 0.00>
ST_2 : Operation 133 [1/1] ( I:0.07ns O:0.07ns )   --->   "%s_axis_video_read = read i24 @_ssdm_op_Read.axis.volatile.i24P128A, i24 %s_axis_video" [hls_filter_2d.cpp:16->hls_filter_2d.cpp:162]   --->   Operation 133 'read' 's_axis_video_read' <Predicate = (icmp_ln15)> <Delay = 0.07> <CoreInst = "regslice">   --->   Core 147 'regslice' <Latency = 0> <II = 1> <Delay = 0.62> <Adapter> <Opcode : 'read' 'write'>
ST_2 : Operation 134 [1/1] (0.00ns)   --->   "%new_pixel = trunc i24 %s_axis_video_read" [hls_filter_2d.cpp:16->hls_filter_2d.cpp:162]   --->   Operation 134 'trunc' 'new_pixel' <Predicate = (icmp_ln15)> <Delay = 0.00>
ST_2 : Operation 135 [1/1] (0.00ns)   --->   "%window_38 = phi i8 %new_pixel, void %if.then.i, i8 0, void %for.body.split"   --->   Operation 135 'phi' 'window_38' <Predicate = true> <Delay = 0.00>
ST_2 : Operation 136 [1/1] (0.00ns)   --->   "%zext_ln31 = zext i13 %x_2" [hls_filter_2d.cpp:31->hls_filter_2d.cpp:162]   --->   Operation 136 'zext' 'zext_ln31' <Predicate = true> <Delay = 0.00>
ST_2 : Operation 137 [1/1] (0.00ns)   --->   "%line_buffer_addr = getelementptr i8 %line_buffer, i64 0, i64 %zext_ln31" [hls_filter_2d.cpp:31->hls_filter_2d.cpp:162]   --->   Operation 137 'getelementptr' 'line_buffer_addr' <Predicate = true> <Delay = 0.00>
ST_2 : Operation 138 [1/1] (0.00ns)   --->   "%line_buffer_1_addr = getelementptr i8 %line_buffer_1, i64 0, i64 %zext_ln31" [hls_filter_2d.cpp:31->hls_filter_2d.cpp:162]   --->   Operation 138 'getelementptr' 'line_buffer_1_addr' <Predicate = true> <Delay = 0.00>
ST_2 : Operation 139 [1/1] (0.00ns)   --->   "%line_buffer_2_addr = getelementptr i8 %line_buffer_2, i64 0, i64 %zext_ln31" [hls_filter_2d.cpp:31->hls_filter_2d.cpp:162]   --->   Operation 139 'getelementptr' 'line_buffer_2_addr' <Predicate = true> <Delay = 0.00>
ST_2 : Operation 140 [1/1] (0.00ns)   --->   "%line_buffer_3_addr = getelementptr i8 %line_buffer_3, i64 0, i64 %zext_ln31" [hls_filter_2d.cpp:31->hls_filter_2d.cpp:162]   --->   Operation 140 'getelementptr' 'line_buffer_3_addr' <Predicate = true> <Delay = 0.00>
ST_2 : Operation 141 [2/2] (1.23ns)   --->   "%window_37 = load i13 %line_buffer_3_addr" [hls_filter_2d.cpp:31->hls_filter_2d.cpp:162]   --->   Operation 141 'load' 'window_37' <Predicate = true> <Delay = 1.23> <CoreInst = "RAM">   --->   Core 82 'RAM' <Latency = 1> <II = 1> <Delay = 1.23> <Storage> <Opcode : 'load' 'store'> <Ports = 2> <Width = 8> <Depth = 7680> <RAM>
ST_2 : Operation 142 [1/1] (0.82ns)   --->   "%icmp_ln35 = icmp_ult  i13 %x_2, i13 %width_read" [hls_filter_2d.cpp:35->hls_filter_2d.cpp:162]   --->   Operation 142 'icmp' 'icmp_ln35' <Predicate = true> <Delay = 0.82> <CoreInst = "Cmp">   --->   Core 9 'Cmp' <Latency = 0> <II = 1> <Delay = 0.82> <FuncUnit> <Opcode : 'seteq' 'setne' 'setle' 'setge' 'setlt' 'setgt'> <InPorts = 2> <OutPorts = 1>
ST_2 : Operation 143 [1/1] (0.00ns)   --->   "%br_ln35 = br i1 %icmp_ln35, void %_ZL13update_windowRN3hls6streamI16axi_stream_videoI11color_pixelILi1ELi8EEELi0EEE7ap_uintILi13EES8_S7_ILi26EES7_ILi27EEPA7680_S7_ILi8EEPA5_SB_RS8_RSB_.exit, void %VITIS_LOOP_36_4.i" [hls_filter_2d.cpp:35->hls_filter_2d.cpp:162]   --->   Operation 143 'br' 'br_ln35' <Predicate = true> <Delay = 0.00>
ST_2 : Operation 144 [1/1] ( I:1.23ns O:1.23ns )   --->   "%store_ln39 = store i8 %window_38, i13 %line_buffer_3_addr" [hls_filter_2d.cpp:39->hls_filter_2d.cpp:162]   --->   Operation 144 'store' 'store_ln39' <Predicate = (icmp_ln35)> <Delay = 1.23> <CoreInst = "RAM">   --->   Core 82 'RAM' <Latency = 1> <II = 1> <Delay = 1.23> <Storage> <Opcode : 'load' 'store'> <Ports = 2> <Width = 8> <Depth = 7680> <RAM>
ST_2 : Operation 145 [1/1] (0.00ns)   --->   "%zext_ln42 = zext i13 %x_2" [hls_filter_2d.cpp:42->hls_filter_2d.cpp:162]   --->   Operation 145 'zext' 'zext_ln42' <Predicate = true> <Delay = 0.00>
ST_2 : Operation 146 [1/1] (0.83ns)   --->   "%icmp_ln42 = icmp_eq  i14 %add_ln42_read, i14 %zext_ln42" [hls_filter_2d.cpp:42->hls_filter_2d.cpp:162]   --->   Operation 146 'icmp' 'icmp_ln42' <Predicate = true> <Delay = 0.83> <CoreInst = "Cmp">   --->   Core 9 'Cmp' <Latency = 0> <II = 1> <Delay = 0.83> <FuncUnit> <Opcode : 'seteq' 'setne' 'setle' 'setge' 'setlt' 'setgt'> <InPorts = 2> <OutPorts = 1>
ST_2 : Operation 147 [1/1] (0.82ns)   --->   "%add_ln45 = add i13 %x_2, i13 1" [hls_filter_2d.cpp:45->hls_filter_2d.cpp:162]   --->   Operation 147 'add' 'add_ln45' <Predicate = true> <Delay = 0.82> <CoreInst = "Adder">   --->   Core 1 'Adder' <Latency = 0> <II = 1> <Delay = 0.82> <FuncUnit> <Opcode : 'add' 'sub'> <InPorts = 2> <OutPorts = 1>
ST_2 : Operation 148 [1/1] (0.30ns)   --->   "%x_3 = select i1 %icmp_ln42, i13 0, i13 %add_ln45" [hls_filter_2d.cpp:42->hls_filter_2d.cpp:162]   --->   Operation 148 'select' 'x_3' <Predicate = true> <Delay = 0.30> <CoreInst = "Sel">   --->   Core 73 'Sel' <Latency = 0> <II = 1> <Delay = 0.30> <FuncUnit> <Opcode : 'select'> <InPorts = 3> <OutPorts = 1>
ST_2 : Operation 149 [1/1] (0.42ns)   --->   "%store_ln153 = store i13 %x_3, i13 %x" [hls_filter_2d.cpp:153]   --->   Operation 149 'store' 'store_ln153' <Predicate = true> <Delay = 0.42>

State 3 <SV = 2> <Delay = 2.47>
ST_3 : Operation 150 [2/2] (1.23ns)   --->   "%window_36 = load i13 %line_buffer_2_addr" [hls_filter_2d.cpp:31->hls_filter_2d.cpp:162]   --->   Operation 150 'load' 'window_36' <Predicate = true> <Delay = 1.23> <CoreInst = "RAM">   --->   Core 82 'RAM' <Latency = 1> <II = 1> <Delay = 1.23> <Storage> <Opcode : 'load' 'store'> <Ports = 2> <Width = 8> <Depth = 7680> <RAM>
ST_3 : Operation 151 [1/2] ( I:1.23ns O:1.23ns )   --->   "%window_37 = load i13 %line_buffer_3_addr" [hls_filter_2d.cpp:31->hls_filter_2d.cpp:162]   --->   Operation 151 'load' 'window_37' <Predicate = true> <Delay = 1.23> <CoreInst = "RAM">   --->   Core 82 'RAM' <Latency = 1> <II = 1> <Delay = 1.23> <Storage> <Opcode : 'load' 'store'> <Ports = 2> <Width = 8> <Depth = 7680> <RAM>
ST_3 : Operation 152 [1/1] ( I:1.23ns O:1.23ns )   --->   "%store_ln37 = store i8 %window_37, i13 %line_buffer_2_addr" [hls_filter_2d.cpp:37->hls_filter_2d.cpp:162]   --->   Operation 152 'store' 'store_ln37' <Predicate = (icmp_ln35)> <Delay = 1.23> <CoreInst = "RAM">   --->   Core 82 'RAM' <Latency = 1> <II = 1> <Delay = 1.23> <Storage> <Opcode : 'load' 'store'> <Ports = 2> <Width = 8> <Depth = 7680> <RAM>

State 4 <SV = 3> <Delay = 2.47>
ST_4 : Operation 153 [1/1] (0.00ns)   --->   "%img_y_5 = load i13 %img_y_2" [hls_filter_2d.cpp:107->hls_filter_2d.cpp:167]   --->   Operation 153 'load' 'img_y_5' <Predicate = true> <Delay = 0.00>
ST_4 : Operation 154 [1/1] (0.00ns)   --->   "%img_x_5 = load i13 %img_x_2" [hls_filter_2d.cpp:110->hls_filter_2d.cpp:167]   --->   Operation 154 'load' 'img_x_5' <Predicate = true> <Delay = 0.00>
ST_4 : Operation 155 [2/2] (1.23ns)   --->   "%window_35 = load i13 %line_buffer_1_addr" [hls_filter_2d.cpp:31->hls_filter_2d.cpp:162]   --->   Operation 155 'load' 'window_35' <Predicate = true> <Delay = 1.23> <CoreInst = "RAM">   --->   Core 82 'RAM' <Latency = 1> <II = 1> <Delay = 1.23> <Storage> <Opcode : 'load' 'store'> <Ports = 2> <Width = 8> <Depth = 7680> <RAM>
ST_4 : Operation 156 [1/2] ( I:1.23ns O:1.23ns )   --->   "%window_36 = load i13 %line_buffer_2_addr" [hls_filter_2d.cpp:31->hls_filter_2d.cpp:162]   --->   Operation 156 'load' 'window_36' <Predicate = true> <Delay = 1.23> <CoreInst = "RAM">   --->   Core 82 'RAM' <Latency = 1> <II = 1> <Delay = 1.23> <Storage> <Opcode : 'load' 'store'> <Ports = 2> <Width = 8> <Depth = 7680> <RAM>
ST_4 : Operation 157 [1/1] ( I:1.23ns O:1.23ns )   --->   "%store_ln37 = store i8 %window_36, i13 %line_buffer_1_addr" [hls_filter_2d.cpp:37->hls_filter_2d.cpp:162]   --->   Operation 157 'store' 'store_ln37' <Predicate = (icmp_ln35)> <Delay = 1.23> <CoreInst = "RAM">   --->   Core 82 'RAM' <Latency = 1> <II = 1> <Delay = 1.23> <Storage> <Opcode : 'load' 'store'> <Ports = 2> <Width = 8> <Depth = 7680> <RAM>
ST_4 : Operation 158 [1/1] (0.00ns)   --->   "%zext_ln63 = zext i13 %img_x_5" [hls_filter_2d.cpp:63->hls_filter_2d.cpp:167]   --->   Operation 158 'zext' 'zext_ln63' <Predicate = (!icmp_ln165)> <Delay = 0.00>
ST_4 : Operation 159 [1/1] (0.00ns)   --->   "%zext_ln64 = zext i13 %img_y_5" [hls_filter_2d.cpp:64->hls_filter_2d.cpp:167]   --->   Operation 159 'zext' 'zext_ln64' <Predicate = (!icmp_ln165)> <Delay = 0.00>
ST_4 : Operation 160 [1/1] (0.82ns)   --->   "%img_y = add i14 %zext_ln64, i14 16382" [hls_filter_2d.cpp:64->hls_filter_2d.cpp:167]   --->   Operation 160 'add' 'img_y' <Predicate = (!icmp_ln165)> <Delay = 0.82> <CoreInst = "Adder">   --->   Core 1 'Adder' <Latency = 0> <II = 1> <Delay = 0.83> <FuncUnit> <Opcode : 'add' 'sub'> <InPorts = 2> <OutPorts = 1>
ST_4 : Operation 161 [1/1] (0.00ns) (grouped into LUT with out node or_ln67_1)   --->   "%tmp_1 = bitselect i1 @_ssdm_op_BitSelect.i1.i14.i32, i14 %img_y, i32 13" [hls_filter_2d.cpp:67->hls_filter_2d.cpp:167]   --->   Operation 161 'bitselect' 'tmp_1' <Predicate = (!icmp_ln165)> <Delay = 0.00>
ST_4 : Operation 162 [1/1] (0.83ns)   --->   "%icmp_ln67 = icmp_slt  i14 %img_y, i14 %zext_ln72_cast" [hls_filter_2d.cpp:67->hls_filter_2d.cpp:167]   --->   Operation 162 'icmp' 'icmp_ln67' <Predicate = (!icmp_ln165)> <Delay = 0.83> <CoreInst = "Cmp">   --->   Core 9 'Cmp' <Latency = 0> <II = 1> <Delay = 0.83> <FuncUnit> <Opcode : 'seteq' 'setne' 'setle' 'setge' 'setlt' 'setgt'> <InPorts = 2> <OutPorts = 1>
ST_4 : Operation 163 [1/1] (0.00ns) (grouped into LUT with out node or_ln67_1)   --->   "%xor_ln67 = xor i1 %icmp_ln67, i1 1" [hls_filter_2d.cpp:67->hls_filter_2d.cpp:167]   --->   Operation 163 'xor' 'xor_ln67' <Predicate = (!icmp_ln165)> <Delay = 0.00> <CoreInst = "LogicGate">   --->   Core 74 'LogicGate' <Latency = 0> <II = 1> <Delay = 0.28> <FuncUnit> <Opcode : 'and' 'or' 'xor'> <InPorts = 2> <OutPorts = 1>
ST_4 : Operation 164 [1/1] (0.28ns) (out node of the LUT)   --->   "%or_ln67_1 = or i1 %tmp_1, i1 %xor_ln67" [hls_filter_2d.cpp:67->hls_filter_2d.cpp:167]   --->   Operation 164 'or' 'or_ln67_1' <Predicate = (!icmp_ln165)> <Delay = 0.28> <CoreInst = "LogicGate">   --->   Core 74 'LogicGate' <Latency = 0> <II = 1> <Delay = 0.28> <FuncUnit> <Opcode : 'and' 'or' 'xor'> <InPorts = 2> <OutPorts = 1>
ST_4 : Operation 165 [1/1] (0.82ns)   --->   "%icmp_ln67_3 = icmp_ult  i13 %img_x_5, i13 %width_read" [hls_filter_2d.cpp:67->hls_filter_2d.cpp:167]   --->   Operation 165 'icmp' 'icmp_ln67_3' <Predicate = (!icmp_ln165)> <Delay = 0.82> <CoreInst = "Cmp">   --->   Core 9 'Cmp' <Latency = 0> <II = 1> <Delay = 0.82> <FuncUnit> <Opcode : 'seteq' 'setne' 'setle' 'setge' 'setlt' 'setgt'> <InPorts = 2> <OutPorts = 1>
ST_4 : Operation 166 [1/1] (0.28ns)   --->   "%xor_ln67_3 = xor i1 %icmp_ln67_3, i1 1" [hls_filter_2d.cpp:67->hls_filter_2d.cpp:167]   --->   Operation 166 'xor' 'xor_ln67_3' <Predicate = (!icmp_ln165)> <Delay = 0.28> <CoreInst = "LogicGate">   --->   Core 74 'LogicGate' <Latency = 0> <II = 1> <Delay = 0.28> <FuncUnit> <Opcode : 'and' 'or' 'xor'> <InPorts = 2> <OutPorts = 1>
ST_4 : Operation 167 [1/1] (0.82ns)   --->   "%img_y_6 = add i14 %zext_ln64, i14 16383" [hls_filter_2d.cpp:64->hls_filter_2d.cpp:167]   --->   Operation 167 'add' 'img_y_6' <Predicate = (!icmp_ln165)> <Delay = 0.82> <CoreInst = "Adder">   --->   Core 1 'Adder' <Latency = 0> <II = 1> <Delay = 0.83> <FuncUnit> <Opcode : 'add' 'sub'> <InPorts = 2> <OutPorts = 1>
ST_4 : Operation 168 [1/1] (0.00ns) (grouped into LUT with out node or_ln67_8)   --->   "%tmp_4 = bitselect i1 @_ssdm_op_BitSelect.i1.i14.i32, i14 %img_y_6, i32 13" [hls_filter_2d.cpp:67->hls_filter_2d.cpp:167]   --->   Operation 168 'bitselect' 'tmp_4' <Predicate = (!icmp_ln165)> <Delay = 0.00>
ST_4 : Operation 169 [1/1] (0.83ns)   --->   "%icmp_ln67_6 = icmp_slt  i14 %img_y_6, i14 %zext_ln72_cast" [hls_filter_2d.cpp:67->hls_filter_2d.cpp:167]   --->   Operation 169 'icmp' 'icmp_ln67_6' <Predicate = (!icmp_ln165)> <Delay = 0.83> <CoreInst = "Cmp">   --->   Core 9 'Cmp' <Latency = 0> <II = 1> <Delay = 0.83> <FuncUnit> <Opcode : 'seteq' 'setne' 'setle' 'setge' 'setlt' 'setgt'> <InPorts = 2> <OutPorts = 1>
ST_4 : Operation 170 [1/1] (0.00ns) (grouped into LUT with out node or_ln67_8)   --->   "%xor_ln67_6 = xor i1 %icmp_ln67_6, i1 1" [hls_filter_2d.cpp:67->hls_filter_2d.cpp:167]   --->   Operation 170 'xor' 'xor_ln67_6' <Predicate = (!icmp_ln165)> <Delay = 0.00> <CoreInst = "LogicGate">   --->   Core 74 'LogicGate' <Latency = 0> <II = 1> <Delay = 0.28> <FuncUnit> <Opcode : 'and' 'or' 'xor'> <InPorts = 2> <OutPorts = 1>
ST_4 : Operation 171 [1/1] (0.28ns) (out node of the LUT)   --->   "%or_ln67_8 = or i1 %tmp_4, i1 %xor_ln67_6" [hls_filter_2d.cpp:67->hls_filter_2d.cpp:167]   --->   Operation 171 'or' 'or_ln67_8' <Predicate = (!icmp_ln165)> <Delay = 0.28> <CoreInst = "LogicGate">   --->   Core 74 'LogicGate' <Latency = 0> <II = 1> <Delay = 0.28> <FuncUnit> <Opcode : 'and' 'or' 'xor'> <InPorts = 2> <OutPorts = 1>
ST_4 : Operation 172 [1/1] (0.82ns)   --->   "%icmp_ln67_7 = icmp_ult  i13 %img_y_5, i13 %height_read" [hls_filter_2d.cpp:67->hls_filter_2d.cpp:167]   --->   Operation 172 'icmp' 'icmp_ln67_7' <Predicate = (!icmp_ln165)> <Delay = 0.82> <CoreInst = "Cmp">   --->   Core 9 'Cmp' <Latency = 0> <II = 1> <Delay = 0.82> <FuncUnit> <Opcode : 'seteq' 'setne' 'setle' 'setge' 'setlt' 'setgt'> <InPorts = 2> <OutPorts = 1>
ST_4 : Operation 173 [1/1] (0.82ns)   --->   "%img_y_7 = add i14 %zext_ln64, i14 1" [hls_filter_2d.cpp:64->hls_filter_2d.cpp:167]   --->   Operation 173 'add' 'img_y_7' <Predicate = (!icmp_ln165)> <Delay = 0.82> <CoreInst = "Adder">   --->   Core 1 'Adder' <Latency = 0> <II = 1> <Delay = 0.83> <FuncUnit> <Opcode : 'add' 'sub'> <InPorts = 2> <OutPorts = 1>
ST_4 : Operation 174 [1/1] (0.83ns)   --->   "%icmp_ln67_8 = icmp_ult  i14 %img_y_7, i14 %zext_ln72_cast" [hls_filter_2d.cpp:67->hls_filter_2d.cpp:167]   --->   Operation 174 'icmp' 'icmp_ln67_8' <Predicate = (!icmp_ln165)> <Delay = 0.83> <CoreInst = "Cmp">   --->   Core 9 'Cmp' <Latency = 0> <II = 1> <Delay = 0.83> <FuncUnit> <Opcode : 'seteq' 'setne' 'setle' 'setge' 'setlt' 'setgt'> <InPorts = 2> <OutPorts = 1>
ST_4 : Operation 175 [1/1] (0.28ns)   --->   "%xor_ln67_8 = xor i1 %icmp_ln67_8, i1 1" [hls_filter_2d.cpp:67->hls_filter_2d.cpp:167]   --->   Operation 175 'xor' 'xor_ln67_8' <Predicate = (!icmp_ln165)> <Delay = 0.28> <CoreInst = "LogicGate">   --->   Core 74 'LogicGate' <Latency = 0> <II = 1> <Delay = 0.28> <FuncUnit> <Opcode : 'and' 'or' 'xor'> <InPorts = 2> <OutPorts = 1>
ST_4 : Operation 176 [1/1] (0.82ns)   --->   "%img_y_8 = add i14 %zext_ln64, i14 2" [hls_filter_2d.cpp:64->hls_filter_2d.cpp:167]   --->   Operation 176 'add' 'img_y_8' <Predicate = (!icmp_ln165)> <Delay = 0.82> <CoreInst = "Adder">   --->   Core 1 'Adder' <Latency = 0> <II = 1> <Delay = 0.83> <FuncUnit> <Opcode : 'add' 'sub'> <InPorts = 2> <OutPorts = 1>
ST_4 : Operation 177 [1/1] (0.83ns)   --->   "%icmp_ln67_9 = icmp_ult  i14 %img_y_8, i14 %zext_ln72_cast" [hls_filter_2d.cpp:67->hls_filter_2d.cpp:167]   --->   Operation 177 'icmp' 'icmp_ln67_9' <Predicate = (!icmp_ln165)> <Delay = 0.83> <CoreInst = "Cmp">   --->   Core 9 'Cmp' <Latency = 0> <II = 1> <Delay = 0.83> <FuncUnit> <Opcode : 'seteq' 'setne' 'setle' 'setge' 'setlt' 'setgt'> <InPorts = 2> <OutPorts = 1>
ST_4 : Operation 178 [1/1] (0.28ns)   --->   "%xor_ln67_9 = xor i1 %icmp_ln67_9, i1 1" [hls_filter_2d.cpp:67->hls_filter_2d.cpp:167]   --->   Operation 178 'xor' 'xor_ln67_9' <Predicate = (!icmp_ln165)> <Delay = 0.28> <CoreInst = "LogicGate">   --->   Core 74 'LogicGate' <Latency = 0> <II = 1> <Delay = 0.28> <FuncUnit> <Opcode : 'and' 'or' 'xor'> <InPorts = 2> <OutPorts = 1>
ST_4 : Operation 179 [1/1] (0.00ns)   --->   "%tmp_7 = partselect i12 @_ssdm_op_PartSelect.i12.i13.i32.i32, i13 %img_x_5, i32 1, i32 12" [hls_filter_2d.cpp:88->hls_filter_2d.cpp:167]   --->   Operation 179 'partselect' 'tmp_7' <Predicate = (!icmp_ln165 & !borderType_read)> <Delay = 0.00>
ST_4 : Operation 180 [1/1] (0.80ns)   --->   "%icmp_ln88 = icmp_eq  i12 %tmp_7, i12 0" [hls_filter_2d.cpp:88->hls_filter_2d.cpp:167]   --->   Operation 180 'icmp' 'icmp_ln88' <Predicate = (!icmp_ln165 & !borderType_read)> <Delay = 0.80> <CoreInst = "Cmp">   --->   Core 9 'Cmp' <Latency = 0> <II = 1> <Delay = 0.80> <FuncUnit> <Opcode : 'seteq' 'setne' 'setle' 'setge' 'setlt' 'setgt'> <InPorts = 2> <OutPorts = 1>
ST_4 : Operation 181 [1/1] (0.00ns)   --->   "%br_ln88 = br i1 %icmp_ln88, void %land.lhs.true43.i, void %if.end68.i" [hls_filter_2d.cpp:88->hls_filter_2d.cpp:167]   --->   Operation 181 'br' 'br_ln88' <Predicate = (!icmp_ln165 & !borderType_read)> <Delay = 0.00>
ST_4 : Operation 182 [1/1] (0.83ns)   --->   "%icmp_ln88_1 = icmp_sgt  i14 %add_ln88_read, i14 %zext_ln63" [hls_filter_2d.cpp:88->hls_filter_2d.cpp:167]   --->   Operation 182 'icmp' 'icmp_ln88_1' <Predicate = (!icmp_ln165 & !borderType_read & !icmp_ln88)> <Delay = 0.83> <CoreInst = "Cmp">   --->   Core 9 'Cmp' <Latency = 0> <II = 1> <Delay = 0.83> <FuncUnit> <Opcode : 'seteq' 'setne' 'setle' 'setge' 'setlt' 'setgt'> <InPorts = 2> <OutPorts = 1>
ST_4 : Operation 183 [1/1] (0.00ns)   --->   "%tmp_8 = partselect i12 @_ssdm_op_PartSelect.i12.i13.i32.i32, i13 %img_y_5, i32 1, i32 12" [hls_filter_2d.cpp:88->hls_filter_2d.cpp:167]   --->   Operation 183 'partselect' 'tmp_8' <Predicate = (!icmp_ln165 & !borderType_read & !icmp_ln88)> <Delay = 0.00>
ST_4 : Operation 184 [1/1] (0.80ns)   --->   "%icmp_ln88_2 = icmp_ne  i12 %tmp_8, i12 0" [hls_filter_2d.cpp:88->hls_filter_2d.cpp:167]   --->   Operation 184 'icmp' 'icmp_ln88_2' <Predicate = (!icmp_ln165 & !borderType_read & !icmp_ln88)> <Delay = 0.80> <CoreInst = "Cmp">   --->   Core 9 'Cmp' <Latency = 0> <II = 1> <Delay = 0.80> <FuncUnit> <Opcode : 'seteq' 'setne' 'setle' 'setge' 'setlt' 'setgt'> <InPorts = 2> <OutPorts = 1>
ST_4 : Operation 185 [1/1] (0.83ns)   --->   "%icmp_ln89 = icmp_sgt  i14 %add_ln89_read, i14 %zext_ln64" [hls_filter_2d.cpp:89->hls_filter_2d.cpp:167]   --->   Operation 185 'icmp' 'icmp_ln89' <Predicate = (!icmp_ln165 & !borderType_read & !icmp_ln88)> <Delay = 0.83> <CoreInst = "Cmp">   --->   Core 9 'Cmp' <Latency = 0> <II = 1> <Delay = 0.83> <FuncUnit> <Opcode : 'seteq' 'setne' 'setle' 'setge' 'setlt' 'setgt'> <InPorts = 2> <OutPorts = 1>
ST_4 : Operation 186 [1/1] (0.00ns) (grouped into LUT with out node and_ln88_1)   --->   "%and_ln88 = and i1 %icmp_ln88_2, i1 %icmp_ln89" [hls_filter_2d.cpp:88->hls_filter_2d.cpp:167]   --->   Operation 186 'and' 'and_ln88' <Predicate = (!icmp_ln165 & !borderType_read & !icmp_ln88)> <Delay = 0.00> <CoreInst = "LogicGate">   --->   Core 74 'LogicGate' <Latency = 0> <II = 1> <Delay = 0.28> <FuncUnit> <Opcode : 'and' 'or' 'xor'> <InPorts = 2> <OutPorts = 1>
ST_4 : Operation 187 [1/1] (0.28ns) (out node of the LUT)   --->   "%and_ln88_1 = and i1 %and_ln88, i1 %icmp_ln88_1" [hls_filter_2d.cpp:88->hls_filter_2d.cpp:167]   --->   Operation 187 'and' 'and_ln88_1' <Predicate = (!icmp_ln165 & !borderType_read & !icmp_ln88)> <Delay = 0.28> <CoreInst = "LogicGate">   --->   Core 74 'LogicGate' <Latency = 0> <II = 1> <Delay = 0.28> <FuncUnit> <Opcode : 'and' 'or' 'xor'> <InPorts = 2> <OutPorts = 1>
ST_4 : Operation 188 [1/1] (0.42ns)   --->   "%br_ln88 = br i1 %and_ln88_1, void %if.end68.i, void %cond.end.i" [hls_filter_2d.cpp:88->hls_filter_2d.cpp:167]   --->   Operation 188 'br' 'br_ln88' <Predicate = (!icmp_ln165 & !borderType_read & !icmp_ln88)> <Delay = 0.42>
ST_4 : Operation 189 [1/1] (0.00ns) (grouped into LUT with out node out_paket_user)   --->   "%or_ln96 = or i13 %img_x_5, i13 %img_y_5" [hls_filter_2d.cpp:96->hls_filter_2d.cpp:167]   --->   Operation 189 'or' 'or_ln96' <Predicate = (!icmp_ln165 & !icmp_ln88 & and_ln88_1) | (!icmp_ln165 & borderType_read)> <Delay = 0.00> <CoreInst = "LogicGate">   --->   Core 74 'LogicGate' <Latency = 0> <II = 1> <Delay = 0.33> <FuncUnit> <Opcode : 'and' 'or' 'xor'> <InPorts = 2> <OutPorts = 1>
ST_4 : Operation 190 [1/1] (0.82ns) (out node of the LUT)   --->   "%out_paket_user = icmp_eq  i13 %or_ln96, i13 0" [hls_filter_2d.cpp:96->hls_filter_2d.cpp:167]   --->   Operation 190 'icmp' 'out_paket_user' <Predicate = (!icmp_ln165 & !icmp_ln88 & and_ln88_1) | (!icmp_ln165 & borderType_read)> <Delay = 0.82> <CoreInst = "Cmp">   --->   Core 9 'Cmp' <Latency = 0> <II = 1> <Delay = 0.82> <FuncUnit> <Opcode : 'seteq' 'setne' 'setle' 'setge' 'setlt' 'setgt'> <InPorts = 2> <OutPorts = 1>
ST_4 : Operation 191 [1/1] (0.83ns)   --->   "%icmp_ln102 = icmp_eq  i14 %add_ln42_read, i14 %zext_ln63" [hls_filter_2d.cpp:102->hls_filter_2d.cpp:167]   --->   Operation 191 'icmp' 'icmp_ln102' <Predicate = (!icmp_ln165)> <Delay = 0.83> <CoreInst = "Cmp">   --->   Core 9 'Cmp' <Latency = 0> <II = 1> <Delay = 0.83> <FuncUnit> <Opcode : 'seteq' 'setne' 'setle' 'setge' 'setlt' 'setgt'> <InPorts = 2> <OutPorts = 1>
ST_4 : Operation 192 [1/1] (0.00ns)   --->   "%br_ln102 = br i1 %icmp_ln102, void %if.else79.i, void %if.then71.i" [hls_filter_2d.cpp:102->hls_filter_2d.cpp:167]   --->   Operation 192 'br' 'br_ln102' <Predicate = (!icmp_ln165)> <Delay = 0.00>
ST_4 : Operation 193 [1/1] (0.82ns)   --->   "%out_x = add i13 %img_x_5, i13 1" [hls_filter_2d.cpp:110->hls_filter_2d.cpp:167]   --->   Operation 193 'add' 'out_x' <Predicate = (!icmp_ln165 & !icmp_ln102)> <Delay = 0.82> <CoreInst = "Adder">   --->   Core 1 'Adder' <Latency = 0> <II = 1> <Delay = 0.82> <FuncUnit> <Opcode : 'add' 'sub'> <InPorts = 2> <OutPorts = 1>
ST_4 : Operation 194 [1/1] (0.42ns)   --->   "%store_ln63 = store i13 %out_x, i13 %img_x_2" [hls_filter_2d.cpp:63->hls_filter_2d.cpp:167]   --->   Operation 194 'store' 'store_ln63' <Predicate = (!icmp_ln165 & !icmp_ln102)> <Delay = 0.42>
ST_4 : Operation 195 [1/1] (0.00ns)   --->   "%br_ln0 = br void %for.inc"   --->   Operation 195 'br' 'br_ln0' <Predicate = (!icmp_ln165 & !icmp_ln102)> <Delay = 0.00>
ST_4 : Operation 196 [1/1] (0.83ns)   --->   "%icmp_ln104 = icmp_eq  i14 %add_ln104_read, i14 %zext_ln64" [hls_filter_2d.cpp:104->hls_filter_2d.cpp:167]   --->   Operation 196 'icmp' 'icmp_ln104' <Predicate = (!icmp_ln165 & icmp_ln102)> <Delay = 0.83> <CoreInst = "Cmp">   --->   Core 9 'Cmp' <Latency = 0> <II = 1> <Delay = 0.83> <FuncUnit> <Opcode : 'seteq' 'setne' 'setle' 'setge' 'setlt' 'setgt'> <InPorts = 2> <OutPorts = 1>
ST_4 : Operation 197 [1/1] (0.82ns)   --->   "%add_ln107 = add i13 %img_y_5, i13 1" [hls_filter_2d.cpp:107->hls_filter_2d.cpp:167]   --->   Operation 197 'add' 'add_ln107' <Predicate = (!icmp_ln165 & icmp_ln102)> <Delay = 0.82> <CoreInst = "Adder">   --->   Core 1 'Adder' <Latency = 0> <II = 1> <Delay = 0.82> <FuncUnit> <Opcode : 'add' 'sub'> <InPorts = 2> <OutPorts = 1>
ST_4 : Operation 198 [1/1] (0.30ns)   --->   "%out_y = select i1 %icmp_ln104, i13 0, i13 %add_ln107" [hls_filter_2d.cpp:104->hls_filter_2d.cpp:167]   --->   Operation 198 'select' 'out_y' <Predicate = (!icmp_ln165 & icmp_ln102)> <Delay = 0.30> <CoreInst = "Sel">   --->   Core 73 'Sel' <Latency = 0> <II = 1> <Delay = 0.30> <FuncUnit> <Opcode : 'select'> <InPorts = 3> <OutPorts = 1>
ST_4 : Operation 199 [1/1] (0.42ns)   --->   "%store_ln63 = store i13 0, i13 %img_x_2" [hls_filter_2d.cpp:63->hls_filter_2d.cpp:167]   --->   Operation 199 'store' 'store_ln63' <Predicate = (!icmp_ln165 & icmp_ln102)> <Delay = 0.42>
ST_4 : Operation 200 [1/1] (0.42ns)   --->   "%store_ln64 = store i13 %out_y, i13 %img_y_2" [hls_filter_2d.cpp:64->hls_filter_2d.cpp:167]   --->   Operation 200 'store' 'store_ln64' <Predicate = (!icmp_ln165 & icmp_ln102)> <Delay = 0.42>
ST_4 : Operation 201 [1/1] (0.00ns)   --->   "%br_ln109 = br void %for.inc" [hls_filter_2d.cpp:109->hls_filter_2d.cpp:167]   --->   Operation 201 'br' 'br_ln109' <Predicate = (!icmp_ln165 & icmp_ln102)> <Delay = 0.00>

State 5 <SV = 4> <Delay = 3.61>
ST_5 : Operation 202 [1/1] (0.00ns)   --->   "%val_75 = load i8 %window_5"   --->   Operation 202 'load' 'val_75' <Predicate = true> <Delay = 0.00>
ST_5 : Operation 203 [1/1] (0.00ns)   --->   "%val_72 = load i8 %window_6"   --->   Operation 203 'load' 'val_72' <Predicate = true> <Delay = 0.00>
ST_5 : Operation 204 [1/1] (0.00ns)   --->   "%val_67 = load i8 %window_7"   --->   Operation 204 'load' 'val_67' <Predicate = true> <Delay = 0.00>
ST_5 : Operation 205 [1/1] (0.00ns)   --->   "%val_64 = load i8 %window_8"   --->   Operation 205 'load' 'val_64' <Predicate = true> <Delay = 0.00>
ST_5 : Operation 206 [1/1] (0.00ns)   --->   "%val_59 = load i8 %window_9"   --->   Operation 206 'load' 'val_59' <Predicate = true> <Delay = 0.00>
ST_5 : Operation 207 [1/1] (0.00ns)   --->   "%val_56 = load i8 %window_10"   --->   Operation 207 'load' 'val_56' <Predicate = true> <Delay = 0.00>
ST_5 : Operation 208 [1/1] (0.00ns)   --->   "%val_51 = load i8 %window_11"   --->   Operation 208 'load' 'val_51' <Predicate = true> <Delay = 0.00>
ST_5 : Operation 209 [2/2] (1.23ns)   --->   "%window_34 = load i13 %line_buffer_addr" [hls_filter_2d.cpp:31->hls_filter_2d.cpp:162]   --->   Operation 209 'load' 'window_34' <Predicate = true> <Delay = 1.23> <CoreInst = "RAM">   --->   Core 82 'RAM' <Latency = 1> <II = 1> <Delay = 1.23> <Storage> <Opcode : 'load' 'store'> <Ports = 2> <Width = 8> <Depth = 7680> <RAM>
ST_5 : Operation 210 [1/2] ( I:1.23ns O:1.23ns )   --->   "%window_35 = load i13 %line_buffer_1_addr" [hls_filter_2d.cpp:31->hls_filter_2d.cpp:162]   --->   Operation 210 'load' 'window_35' <Predicate = true> <Delay = 1.23> <CoreInst = "RAM">   --->   Core 82 'RAM' <Latency = 1> <II = 1> <Delay = 1.23> <Storage> <Opcode : 'load' 'store'> <Ports = 2> <Width = 8> <Depth = 7680> <RAM>
ST_5 : Operation 211 [1/1] ( I:1.23ns O:1.23ns )   --->   "%store_ln37 = store i8 %window_35, i13 %line_buffer_addr" [hls_filter_2d.cpp:37->hls_filter_2d.cpp:162]   --->   Operation 211 'store' 'store_ln37' <Predicate = (icmp_ln35)> <Delay = 1.23> <CoreInst = "RAM">   --->   Core 82 'RAM' <Latency = 1> <II = 1> <Delay = 1.23> <Storage> <Opcode : 'load' 'store'> <Ports = 2> <Width = 8> <Depth = 7680> <RAM>
ST_5 : Operation 212 [1/1] (0.00ns)   --->   "%br_ln40 = br void %_ZL13update_windowRN3hls6streamI16axi_stream_videoI11color_pixelILi1ELi8EEELi0EEE7ap_uintILi13EES8_S7_ILi26EES7_ILi27EEPA7680_S7_ILi8EEPA5_SB_RS8_RSB_.exit" [hls_filter_2d.cpp:40->hls_filter_2d.cpp:162]   --->   Operation 212 'br' 'br_ln40' <Predicate = (icmp_ln35)> <Delay = 0.00>
ST_5 : Operation 213 [1/1] (0.00ns)   --->   "%window_load = load i8 %window" [hls_filter_2d.cpp:67->hls_filter_2d.cpp:167]   --->   Operation 213 'load' 'window_load' <Predicate = (!icmp_ln165)> <Delay = 0.00>
ST_5 : Operation 214 [1/1] (0.00ns)   --->   "%val_load = load i8 %val" [hls_filter_2d.cpp:67->hls_filter_2d.cpp:167]   --->   Operation 214 'load' 'val_load' <Predicate = (!icmp_ln165)> <Delay = 0.00>
ST_5 : Operation 215 [1/1] (0.00ns)   --->   "%window_1_load = load i8 %window_1" [hls_filter_2d.cpp:67->hls_filter_2d.cpp:167]   --->   Operation 215 'load' 'window_1_load' <Predicate = (!icmp_ln165)> <Delay = 0.00>
ST_5 : Operation 216 [1/1] (0.00ns)   --->   "%window_2_load = load i8 %window_2" [hls_filter_2d.cpp:67->hls_filter_2d.cpp:167]   --->   Operation 216 'load' 'window_2_load' <Predicate = (!icmp_ln165)> <Delay = 0.00>
ST_5 : Operation 217 [1/1] (0.00ns)   --->   "%val_4_load = load i8 %val_4" [hls_filter_2d.cpp:67->hls_filter_2d.cpp:167]   --->   Operation 217 'load' 'val_4_load' <Predicate = (!icmp_ln165)> <Delay = 0.00>
ST_5 : Operation 218 [1/1] (0.82ns)   --->   "%img_x = add i14 %zext_ln63, i14 16382" [hls_filter_2d.cpp:63->hls_filter_2d.cpp:167]   --->   Operation 218 'add' 'img_x' <Predicate = (!icmp_ln165)> <Delay = 0.82> <CoreInst = "Adder">   --->   Core 1 'Adder' <Latency = 0> <II = 1> <Delay = 0.83> <FuncUnit> <Opcode : 'add' 'sub'> <InPorts = 2> <OutPorts = 1>
ST_5 : Operation 219 [1/1] (0.00ns) (grouped into LUT with out node or_ln67)   --->   "%tmp_2 = bitselect i1 @_ssdm_op_BitSelect.i1.i14.i32, i14 %img_x, i32 13" [hls_filter_2d.cpp:67->hls_filter_2d.cpp:167]   --->   Operation 219 'bitselect' 'tmp_2' <Predicate = (!icmp_ln165)> <Delay = 0.00>
ST_5 : Operation 220 [1/1] (0.83ns)   --->   "%icmp_ln67_1 = icmp_slt  i14 %img_x, i14 %zext_ln149_cast" [hls_filter_2d.cpp:67->hls_filter_2d.cpp:167]   --->   Operation 220 'icmp' 'icmp_ln67_1' <Predicate = (!icmp_ln165)> <Delay = 0.83> <CoreInst = "Cmp">   --->   Core 9 'Cmp' <Latency = 0> <II = 1> <Delay = 0.83> <FuncUnit> <Opcode : 'seteq' 'setne' 'setle' 'setge' 'setlt' 'setgt'> <InPorts = 2> <OutPorts = 1>
ST_5 : Operation 221 [1/1] (0.00ns) (grouped into LUT with out node or_ln67)   --->   "%xor_ln67_1 = xor i1 %icmp_ln67_1, i1 1" [hls_filter_2d.cpp:67->hls_filter_2d.cpp:167]   --->   Operation 221 'xor' 'xor_ln67_1' <Predicate = (!icmp_ln165)> <Delay = 0.00> <CoreInst = "LogicGate">   --->   Core 74 'LogicGate' <Latency = 0> <II = 1> <Delay = 0.28> <FuncUnit> <Opcode : 'and' 'or' 'xor'> <InPorts = 2> <OutPorts = 1>
ST_5 : Operation 222 [1/1] (0.28ns) (out node of the LUT)   --->   "%or_ln67 = or i1 %xor_ln67_1, i1 %tmp_2" [hls_filter_2d.cpp:67->hls_filter_2d.cpp:167]   --->   Operation 222 'or' 'or_ln67' <Predicate = (!icmp_ln165)> <Delay = 0.28> <CoreInst = "LogicGate">   --->   Core 74 'LogicGate' <Latency = 0> <II = 1> <Delay = 0.28> <FuncUnit> <Opcode : 'and' 'or' 'xor'> <InPorts = 2> <OutPorts = 1>
ST_5 : Operation 223 [1/1] (0.82ns)   --->   "%img_x_6 = add i14 %zext_ln63, i14 16383" [hls_filter_2d.cpp:63->hls_filter_2d.cpp:167]   --->   Operation 223 'add' 'img_x_6' <Predicate = (!icmp_ln165)> <Delay = 0.82> <CoreInst = "Adder">   --->   Core 1 'Adder' <Latency = 0> <II = 1> <Delay = 0.83> <FuncUnit> <Opcode : 'add' 'sub'> <InPorts = 2> <OutPorts = 1>
ST_5 : Operation 224 [1/1] (0.00ns) (grouped into LUT with out node or_ln67_3)   --->   "%tmp_3 = bitselect i1 @_ssdm_op_BitSelect.i1.i14.i32, i14 %img_x_6, i32 13" [hls_filter_2d.cpp:67->hls_filter_2d.cpp:167]   --->   Operation 224 'bitselect' 'tmp_3' <Predicate = (!icmp_ln165)> <Delay = 0.00>
ST_5 : Operation 225 [1/1] (0.83ns)   --->   "%icmp_ln67_2 = icmp_slt  i14 %img_x_6, i14 %zext_ln149_cast" [hls_filter_2d.cpp:67->hls_filter_2d.cpp:167]   --->   Operation 225 'icmp' 'icmp_ln67_2' <Predicate = (!icmp_ln165)> <Delay = 0.83> <CoreInst = "Cmp">   --->   Core 9 'Cmp' <Latency = 0> <II = 1> <Delay = 0.83> <FuncUnit> <Opcode : 'seteq' 'setne' 'setle' 'setge' 'setlt' 'setgt'> <InPorts = 2> <OutPorts = 1>
ST_5 : Operation 226 [1/1] (0.00ns) (grouped into LUT with out node or_ln67_3)   --->   "%xor_ln67_2 = xor i1 %icmp_ln67_2, i1 1" [hls_filter_2d.cpp:67->hls_filter_2d.cpp:167]   --->   Operation 226 'xor' 'xor_ln67_2' <Predicate = (!icmp_ln165)> <Delay = 0.00> <CoreInst = "LogicGate">   --->   Core 74 'LogicGate' <Latency = 0> <II = 1> <Delay = 0.28> <FuncUnit> <Opcode : 'and' 'or' 'xor'> <InPorts = 2> <OutPorts = 1>
ST_5 : Operation 227 [1/1] (0.28ns) (out node of the LUT)   --->   "%or_ln67_3 = or i1 %xor_ln67_2, i1 %tmp_3" [hls_filter_2d.cpp:67->hls_filter_2d.cpp:167]   --->   Operation 227 'or' 'or_ln67_3' <Predicate = (!icmp_ln165)> <Delay = 0.28> <CoreInst = "LogicGate">   --->   Core 74 'LogicGate' <Latency = 0> <II = 1> <Delay = 0.28> <FuncUnit> <Opcode : 'and' 'or' 'xor'> <InPorts = 2> <OutPorts = 1>
ST_5 : Operation 228 [1/1] (0.82ns)   --->   "%img_x_7 = add i14 %zext_ln63, i14 1" [hls_filter_2d.cpp:63->hls_filter_2d.cpp:167]   --->   Operation 228 'add' 'img_x_7' <Predicate = (!icmp_ln165)> <Delay = 0.82> <CoreInst = "Adder">   --->   Core 1 'Adder' <Latency = 0> <II = 1> <Delay = 0.83> <FuncUnit> <Opcode : 'add' 'sub'> <InPorts = 2> <OutPorts = 1>
ST_5 : Operation 229 [1/1] (0.83ns)   --->   "%icmp_ln67_4 = icmp_ult  i14 %img_x_7, i14 %zext_ln149_cast" [hls_filter_2d.cpp:67->hls_filter_2d.cpp:167]   --->   Operation 229 'icmp' 'icmp_ln67_4' <Predicate = (!icmp_ln165)> <Delay = 0.83> <CoreInst = "Cmp">   --->   Core 9 'Cmp' <Latency = 0> <II = 1> <Delay = 0.83> <FuncUnit> <Opcode : 'seteq' 'setne' 'setle' 'setge' 'setlt' 'setgt'> <InPorts = 2> <OutPorts = 1>
ST_5 : Operation 230 [1/1] (0.28ns)   --->   "%xor_ln67_4 = xor i1 %icmp_ln67_4, i1 1" [hls_filter_2d.cpp:67->hls_filter_2d.cpp:167]   --->   Operation 230 'xor' 'xor_ln67_4' <Predicate = (!icmp_ln165)> <Delay = 0.28> <CoreInst = "LogicGate">   --->   Core 74 'LogicGate' <Latency = 0> <II = 1> <Delay = 0.28> <FuncUnit> <Opcode : 'and' 'or' 'xor'> <InPorts = 2> <OutPorts = 1>
ST_5 : Operation 231 [1/1] (0.82ns)   --->   "%img_x_8 = add i14 %zext_ln63, i14 2" [hls_filter_2d.cpp:63->hls_filter_2d.cpp:167]   --->   Operation 231 'add' 'img_x_8' <Predicate = (!icmp_ln165)> <Delay = 0.82> <CoreInst = "Adder">   --->   Core 1 'Adder' <Latency = 0> <II = 1> <Delay = 0.83> <FuncUnit> <Opcode : 'add' 'sub'> <InPorts = 2> <OutPorts = 1>
ST_5 : Operation 232 [1/1] (0.83ns)   --->   "%icmp_ln67_5 = icmp_ult  i14 %img_x_8, i14 %zext_ln149_cast" [hls_filter_2d.cpp:67->hls_filter_2d.cpp:167]   --->   Operation 232 'icmp' 'icmp_ln67_5' <Predicate = (!icmp_ln165)> <Delay = 0.83> <CoreInst = "Cmp">   --->   Core 9 'Cmp' <Latency = 0> <II = 1> <Delay = 0.83> <FuncUnit> <Opcode : 'seteq' 'setne' 'setle' 'setge' 'setlt' 'setgt'> <InPorts = 2> <OutPorts = 1>
ST_5 : Operation 233 [1/1] (0.28ns)   --->   "%xor_ln67_5 = xor i1 %icmp_ln67_5, i1 1" [hls_filter_2d.cpp:67->hls_filter_2d.cpp:167]   --->   Operation 233 'xor' 'xor_ln67_5' <Predicate = (!icmp_ln165)> <Delay = 0.28> <CoreInst = "LogicGate">   --->   Core 74 'LogicGate' <Latency = 0> <II = 1> <Delay = 0.28> <FuncUnit> <Opcode : 'and' 'or' 'xor'> <InPorts = 2> <OutPorts = 1>
ST_5 : Operation 234 [1/1] (0.28ns)   --->   "%or_ln67_13 = or i1 %or_ln67_8, i1 %xor_ln67_5" [hls_filter_2d.cpp:67->hls_filter_2d.cpp:167]   --->   Operation 234 'or' 'or_ln67_13' <Predicate = (!icmp_ln165)> <Delay = 0.28> <CoreInst = "LogicGate">   --->   Core 74 'LogicGate' <Latency = 0> <II = 1> <Delay = 0.28> <FuncUnit> <Opcode : 'and' 'or' 'xor'> <InPorts = 2> <OutPorts = 1>
ST_5 : Operation 235 [1/1] (0.39ns)   --->   "%val_55 = select i1 %or_ln67_13, i8 0, i8 %window_35" [hls_filter_2d.cpp:67->hls_filter_2d.cpp:167]   --->   Operation 235 'select' 'val_55' <Predicate = (!icmp_ln165)> <Delay = 0.39> <CoreInst = "Sel">   --->   Core 73 'Sel' <Latency = 0> <II = 1> <Delay = 0.39> <FuncUnit> <Opcode : 'select'> <InPorts = 3> <OutPorts = 1>
ST_5 : Operation 236 [1/1] (0.00ns)   --->   "%zext_ln67_4 = zext i8 %val_55" [hls_filter_2d.cpp:67->hls_filter_2d.cpp:167]   --->   Operation 236 'zext' 'zext_ln67_4' <Predicate = (!icmp_ln165)> <Delay = 0.00>
ST_5 : Operation 237 [1/1] (0.28ns)   --->   "%xor_ln67_7 = xor i1 %icmp_ln67_7, i1 1" [hls_filter_2d.cpp:67->hls_filter_2d.cpp:167]   --->   Operation 237 'xor' 'xor_ln67_7' <Predicate = (!icmp_ln165)> <Delay = 0.28> <CoreInst = "LogicGate">   --->   Core 74 'LogicGate' <Latency = 0> <II = 1> <Delay = 0.28> <FuncUnit> <Opcode : 'and' 'or' 'xor'> <InPorts = 2> <OutPorts = 1>
ST_5 : Operation 238 [1/1] (0.00ns) (grouped into LUT with out node val_57)   --->   "%or_ln67_14 = or i1 %or_ln67, i1 %xor_ln67_7" [hls_filter_2d.cpp:67->hls_filter_2d.cpp:167]   --->   Operation 238 'or' 'or_ln67_14' <Predicate = (!icmp_ln165)> <Delay = 0.00> <CoreInst = "LogicGate">   --->   Core 74 'LogicGate' <Latency = 0> <II = 1> <Delay = 0.28> <FuncUnit> <Opcode : 'and' 'or' 'xor'> <InPorts = 2> <OutPorts = 1>
ST_5 : Operation 239 [1/1] (0.39ns) (out node of the LUT)   --->   "%val_57 = select i1 %or_ln67_14, i8 0, i8 %val_4_load" [hls_filter_2d.cpp:67->hls_filter_2d.cpp:167]   --->   Operation 239 'select' 'val_57' <Predicate = (!icmp_ln165)> <Delay = 0.39> <CoreInst = "Sel">   --->   Core 73 'Sel' <Latency = 0> <II = 1> <Delay = 0.39> <FuncUnit> <Opcode : 'select'> <InPorts = 3> <OutPorts = 1>
ST_5 : Operation 240 [1/1] (0.00ns)   --->   "%zext_ln67_5 = zext i8 %val_57" [hls_filter_2d.cpp:67->hls_filter_2d.cpp:167]   --->   Operation 240 'zext' 'zext_ln67_5' <Predicate = (!icmp_ln165)> <Delay = 0.00>
ST_5 : Operation 241 [1/1] (0.00ns) (grouped into LUT with out node val_58)   --->   "%or_ln67_15 = or i1 %or_ln67_3, i1 %xor_ln67_7" [hls_filter_2d.cpp:67->hls_filter_2d.cpp:167]   --->   Operation 241 'or' 'or_ln67_15' <Predicate = (!icmp_ln165)> <Delay = 0.00> <CoreInst = "LogicGate">   --->   Core 74 'LogicGate' <Latency = 0> <II = 1> <Delay = 0.28> <FuncUnit> <Opcode : 'and' 'or' 'xor'> <InPorts = 2> <OutPorts = 1>
ST_5 : Operation 242 [1/1] (0.39ns) (out node of the LUT)   --->   "%val_58 = select i1 %or_ln67_15, i8 0, i8 %val_56" [hls_filter_2d.cpp:67->hls_filter_2d.cpp:167]   --->   Operation 242 'select' 'val_58' <Predicate = (!icmp_ln165)> <Delay = 0.39> <CoreInst = "Sel">   --->   Core 73 'Sel' <Latency = 0> <II = 1> <Delay = 0.39> <FuncUnit> <Opcode : 'select'> <InPorts = 3> <OutPorts = 1>
ST_5 : Operation 243 [1/1] (0.00ns) (grouped into LUT with out node val_60)   --->   "%or_ln67_16 = or i1 %xor_ln67_3, i1 %xor_ln67_7" [hls_filter_2d.cpp:67->hls_filter_2d.cpp:167]   --->   Operation 243 'or' 'or_ln67_16' <Predicate = (!icmp_ln165)> <Delay = 0.00> <CoreInst = "LogicGate">   --->   Core 74 'LogicGate' <Latency = 0> <II = 1> <Delay = 0.28> <FuncUnit> <Opcode : 'and' 'or' 'xor'> <InPorts = 2> <OutPorts = 1>
ST_5 : Operation 244 [1/1] (0.39ns) (out node of the LUT)   --->   "%val_60 = select i1 %or_ln67_16, i8 0, i8 %window_2_load" [hls_filter_2d.cpp:67->hls_filter_2d.cpp:167]   --->   Operation 244 'select' 'val_60' <Predicate = (!icmp_ln165)> <Delay = 0.39> <CoreInst = "Sel">   --->   Core 73 'Sel' <Latency = 0> <II = 1> <Delay = 0.39> <FuncUnit> <Opcode : 'select'> <InPorts = 3> <OutPorts = 1>
ST_5 : Operation 245 [1/1] (0.00ns) (grouped into LUT with out node val_62)   --->   "%or_ln67_17 = or i1 %xor_ln67_4, i1 %xor_ln67_7" [hls_filter_2d.cpp:67->hls_filter_2d.cpp:167]   --->   Operation 245 'or' 'or_ln67_17' <Predicate = (!icmp_ln165)> <Delay = 0.00> <CoreInst = "LogicGate">   --->   Core 74 'LogicGate' <Latency = 0> <II = 1> <Delay = 0.28> <FuncUnit> <Opcode : 'and' 'or' 'xor'> <InPorts = 2> <OutPorts = 1>
ST_5 : Operation 246 [1/1] (0.39ns) (out node of the LUT)   --->   "%val_62 = select i1 %or_ln67_17, i8 0, i8 %val_59" [hls_filter_2d.cpp:67->hls_filter_2d.cpp:167]   --->   Operation 246 'select' 'val_62' <Predicate = (!icmp_ln165)> <Delay = 0.39> <CoreInst = "Sel">   --->   Core 73 'Sel' <Latency = 0> <II = 1> <Delay = 0.39> <FuncUnit> <Opcode : 'select'> <InPorts = 3> <OutPorts = 1>
ST_5 : Operation 247 [1/1] (0.00ns)   --->   "%zext_ln67_8 = zext i8 %val_62" [hls_filter_2d.cpp:67->hls_filter_2d.cpp:167]   --->   Operation 247 'zext' 'zext_ln67_8' <Predicate = (!icmp_ln165)> <Delay = 0.00>
ST_5 : Operation 248 [1/1] (0.28ns)   --->   "%or_ln67_18 = or i1 %xor_ln67_5, i1 %xor_ln67_7" [hls_filter_2d.cpp:67->hls_filter_2d.cpp:167]   --->   Operation 248 'or' 'or_ln67_18' <Predicate = (!icmp_ln165)> <Delay = 0.28> <CoreInst = "LogicGate">   --->   Core 74 'LogicGate' <Latency = 0> <II = 1> <Delay = 0.28> <FuncUnit> <Opcode : 'and' 'or' 'xor'> <InPorts = 2> <OutPorts = 1>
ST_5 : Operation 249 [1/1] (0.39ns)   --->   "%val_63 = select i1 %or_ln67_18, i8 0, i8 %window_36" [hls_filter_2d.cpp:67->hls_filter_2d.cpp:167]   --->   Operation 249 'select' 'val_63' <Predicate = (!icmp_ln165)> <Delay = 0.39> <CoreInst = "Sel">   --->   Core 73 'Sel' <Latency = 0> <II = 1> <Delay = 0.39> <FuncUnit> <Opcode : 'select'> <InPorts = 3> <OutPorts = 1>
ST_5 : Operation 250 [1/1] (0.00ns) (grouped into LUT with out node val_68)   --->   "%or_ln67_21 = or i1 %xor_ln67_3, i1 %xor_ln67_8" [hls_filter_2d.cpp:67->hls_filter_2d.cpp:167]   --->   Operation 250 'or' 'or_ln67_21' <Predicate = (!icmp_ln165)> <Delay = 0.00> <CoreInst = "LogicGate">   --->   Core 74 'LogicGate' <Latency = 0> <II = 1> <Delay = 0.28> <FuncUnit> <Opcode : 'and' 'or' 'xor'> <InPorts = 2> <OutPorts = 1>
ST_5 : Operation 251 [1/1] (0.39ns) (out node of the LUT)   --->   "%val_68 = select i1 %or_ln67_21, i8 0, i8 %window_1_load" [hls_filter_2d.cpp:67->hls_filter_2d.cpp:167]   --->   Operation 251 'select' 'val_68' <Predicate = (!icmp_ln165)> <Delay = 0.39> <CoreInst = "Sel">   --->   Core 73 'Sel' <Latency = 0> <II = 1> <Delay = 0.39> <FuncUnit> <Opcode : 'select'> <InPorts = 3> <OutPorts = 1>
ST_5 : Operation 252 [1/1] (0.00ns)   --->   "%zext_ln67_11 = zext i8 %val_68" [hls_filter_2d.cpp:67->hls_filter_2d.cpp:167]   --->   Operation 252 'zext' 'zext_ln67_11' <Predicate = (!icmp_ln165)> <Delay = 0.00>
ST_5 : Operation 253 [1/1] (0.28ns)   --->   "%or_ln67_23 = or i1 %xor_ln67_5, i1 %xor_ln67_8" [hls_filter_2d.cpp:67->hls_filter_2d.cpp:167]   --->   Operation 253 'or' 'or_ln67_23' <Predicate = (!icmp_ln165)> <Delay = 0.28> <CoreInst = "LogicGate">   --->   Core 74 'LogicGate' <Latency = 0> <II = 1> <Delay = 0.28> <FuncUnit> <Opcode : 'and' 'or' 'xor'> <InPorts = 2> <OutPorts = 1>
ST_5 : Operation 254 [1/1] (0.39ns)   --->   "%val_71 = select i1 %or_ln67_23, i8 0, i8 %window_37" [hls_filter_2d.cpp:67->hls_filter_2d.cpp:167]   --->   Operation 254 'select' 'val_71' <Predicate = (!icmp_ln165)> <Delay = 0.39> <CoreInst = "Sel">   --->   Core 73 'Sel' <Latency = 0> <II = 1> <Delay = 0.39> <FuncUnit> <Opcode : 'select'> <InPorts = 3> <OutPorts = 1>
ST_5 : Operation 255 [1/1] (0.00ns)   --->   "%zext_ln64_3 = zext i8 %val_71" [hls_filter_2d.cpp:64->hls_filter_2d.cpp:167]   --->   Operation 255 'zext' 'zext_ln64_3' <Predicate = (!icmp_ln165)> <Delay = 0.00>
ST_5 : Operation 256 [1/1] (0.00ns) (grouped into LUT with out node val_73)   --->   "%or_ln67_24 = or i1 %or_ln67, i1 %xor_ln67_9" [hls_filter_2d.cpp:67->hls_filter_2d.cpp:167]   --->   Operation 256 'or' 'or_ln67_24' <Predicate = (!icmp_ln165)> <Delay = 0.00> <CoreInst = "LogicGate">   --->   Core 74 'LogicGate' <Latency = 0> <II = 1> <Delay = 0.28> <FuncUnit> <Opcode : 'and' 'or' 'xor'> <InPorts = 2> <OutPorts = 1>
ST_5 : Operation 257 [1/1] (0.39ns) (out node of the LUT)   --->   "%val_73 = select i1 %or_ln67_24, i8 0, i8 %val_load" [hls_filter_2d.cpp:67->hls_filter_2d.cpp:167]   --->   Operation 257 'select' 'val_73' <Predicate = (!icmp_ln165)> <Delay = 0.39> <CoreInst = "Sel">   --->   Core 73 'Sel' <Latency = 0> <II = 1> <Delay = 0.39> <FuncUnit> <Opcode : 'select'> <InPorts = 3> <OutPorts = 1>
ST_5 : Operation 258 [1/1] (0.00ns)   --->   "%zext_ln67_13 = zext i8 %val_73" [hls_filter_2d.cpp:67->hls_filter_2d.cpp:167]   --->   Operation 258 'zext' 'zext_ln67_13' <Predicate = (!icmp_ln165)> <Delay = 0.00>
ST_5 : Operation 259 [1/1] (0.00ns) (grouped into LUT with out node val_74)   --->   "%or_ln67_25 = or i1 %or_ln67_3, i1 %xor_ln67_9" [hls_filter_2d.cpp:67->hls_filter_2d.cpp:167]   --->   Operation 259 'or' 'or_ln67_25' <Predicate = (!icmp_ln165)> <Delay = 0.00> <CoreInst = "LogicGate">   --->   Core 74 'LogicGate' <Latency = 0> <II = 1> <Delay = 0.28> <FuncUnit> <Opcode : 'and' 'or' 'xor'> <InPorts = 2> <OutPorts = 1>
ST_5 : Operation 260 [1/1] (0.39ns) (out node of the LUT)   --->   "%val_74 = select i1 %or_ln67_25, i8 0, i8 %val_72" [hls_filter_2d.cpp:67->hls_filter_2d.cpp:167]   --->   Operation 260 'select' 'val_74' <Predicate = (!icmp_ln165)> <Delay = 0.39> <CoreInst = "Sel">   --->   Core 73 'Sel' <Latency = 0> <II = 1> <Delay = 0.39> <FuncUnit> <Opcode : 'select'> <InPorts = 3> <OutPorts = 1>
ST_5 : Operation 261 [1/1] (0.00ns) (grouped into LUT with out node val_76)   --->   "%or_ln67_26 = or i1 %xor_ln67_3, i1 %xor_ln67_9" [hls_filter_2d.cpp:67->hls_filter_2d.cpp:167]   --->   Operation 261 'or' 'or_ln67_26' <Predicate = (!icmp_ln165)> <Delay = 0.00> <CoreInst = "LogicGate">   --->   Core 74 'LogicGate' <Latency = 0> <II = 1> <Delay = 0.28> <FuncUnit> <Opcode : 'and' 'or' 'xor'> <InPorts = 2> <OutPorts = 1>
ST_5 : Operation 262 [1/1] (0.39ns) (out node of the LUT)   --->   "%val_76 = select i1 %or_ln67_26, i8 0, i8 %window_load" [hls_filter_2d.cpp:67->hls_filter_2d.cpp:167]   --->   Operation 262 'select' 'val_76' <Predicate = (!icmp_ln165)> <Delay = 0.39> <CoreInst = "Sel">   --->   Core 73 'Sel' <Latency = 0> <II = 1> <Delay = 0.39> <FuncUnit> <Opcode : 'select'> <InPorts = 3> <OutPorts = 1>
ST_5 : Operation 263 [1/1] (0.00ns) (grouped into LUT with out node val_78)   --->   "%or_ln67_27 = or i1 %xor_ln67_4, i1 %xor_ln67_9" [hls_filter_2d.cpp:67->hls_filter_2d.cpp:167]   --->   Operation 263 'or' 'or_ln67_27' <Predicate = (!icmp_ln165)> <Delay = 0.00> <CoreInst = "LogicGate">   --->   Core 74 'LogicGate' <Latency = 0> <II = 1> <Delay = 0.28> <FuncUnit> <Opcode : 'and' 'or' 'xor'> <InPorts = 2> <OutPorts = 1>
ST_5 : Operation 264 [1/1] (0.39ns) (out node of the LUT)   --->   "%val_78 = select i1 %or_ln67_27, i8 0, i8 %val_75" [hls_filter_2d.cpp:67->hls_filter_2d.cpp:167]   --->   Operation 264 'select' 'val_78' <Predicate = (!icmp_ln165)> <Delay = 0.39> <CoreInst = "Sel">   --->   Core 73 'Sel' <Latency = 0> <II = 1> <Delay = 0.39> <FuncUnit> <Opcode : 'select'> <InPorts = 3> <OutPorts = 1>
ST_5 : Operation 265 [1/1] (0.00ns) (grouped into LUT with out node val_79)   --->   "%or_ln67_28 = or i1 %xor_ln67_5, i1 %xor_ln67_9" [hls_filter_2d.cpp:67->hls_filter_2d.cpp:167]   --->   Operation 265 'or' 'or_ln67_28' <Predicate = (!icmp_ln165)> <Delay = 0.00> <CoreInst = "LogicGate">   --->   Core 74 'LogicGate' <Latency = 0> <II = 1> <Delay = 0.28> <FuncUnit> <Opcode : 'and' 'or' 'xor'> <InPorts = 2> <OutPorts = 1>
ST_5 : Operation 266 [1/1] (0.39ns) (out node of the LUT)   --->   "%val_79 = select i1 %or_ln67_28, i8 0, i8 %window_38" [hls_filter_2d.cpp:67->hls_filter_2d.cpp:167]   --->   Operation 266 'select' 'val_79' <Predicate = (!icmp_ln165)> <Delay = 0.39> <CoreInst = "Sel">   --->   Core 73 'Sel' <Latency = 0> <II = 1> <Delay = 0.39> <FuncUnit> <Opcode : 'select'> <InPorts = 3> <OutPorts = 1>
ST_5 : Operation 267 [1/1] (0.00ns)   --->   "%zext_ln71 = zext i8 %val_79" [hls_filter_2d.cpp:71->hls_filter_2d.cpp:167]   --->   Operation 267 'zext' 'zext_ln71' <Predicate = (!icmp_ln165)> <Delay = 0.00>
ST_5 : Operation 268 [3/3] (0.99ns) (grouped into DSP with root node add_ln71_2)   --->   "%mul_ln71 = mul i16 %zext_ln67_11, i16 %sext_ln72_17_cast" [hls_filter_2d.cpp:71->hls_filter_2d.cpp:167]   --->   Operation 268 'mul' 'mul_ln71' <Predicate = (!icmp_ln165)> <Delay = 0.99> <CoreInst = "DSP48">   --->   Core 124 'DSP48' <Latency = 3> <II = 1> <Delay = 0.53> <IPBlock> <Opcode : 'add' 'sub' 'mul' 'select'> <InPorts = 0> <OutPorts = 1> <Sync> <CReg>
ST_5 : Operation 269 [3/3] (0.99ns) (grouped into DSP with root node add_ln71_5)   --->   "%mul_ln71_4 = mul i16 %zext_ln67_8, i16 %sext_ln72_13_cast" [hls_filter_2d.cpp:71->hls_filter_2d.cpp:167]   --->   Operation 269 'mul' 'mul_ln71_4' <Predicate = (!icmp_ln165)> <Delay = 0.99> <CoreInst = "DSP48">   --->   Core 124 'DSP48' <Latency = 3> <II = 1> <Delay = 0.53> <IPBlock> <Opcode : 'add' 'sub' 'mul' 'select'> <InPorts = 0> <OutPorts = 1> <Sync> <CReg>
ST_5 : Operation 270 [3/3] (0.99ns) (grouped into DSP with root node add_ln71_7)   --->   "%mul_ln71_7 = mul i16 %zext_ln67_5, i16 %sext_ln72_10_cast" [hls_filter_2d.cpp:71->hls_filter_2d.cpp:167]   --->   Operation 270 'mul' 'mul_ln71_7' <Predicate = (!icmp_ln165)> <Delay = 0.99> <CoreInst = "DSP48">   --->   Core 124 'DSP48' <Latency = 3> <II = 1> <Delay = 0.53> <IPBlock> <Opcode : 'add' 'sub' 'mul' 'select'> <InPorts = 0> <OutPorts = 1> <Sync> <CReg>
ST_5 : Operation 271 [3/3] (0.99ns) (grouped into DSP with root node add_ln71_18)   --->   "%mul_ln71_8 = mul i16 %zext_ln67_4, i16 %sext_ln72_9_cast" [hls_filter_2d.cpp:71->hls_filter_2d.cpp:167]   --->   Operation 271 'mul' 'mul_ln71_8' <Predicate = (!icmp_ln165)> <Delay = 0.99> <CoreInst = "DSP48">   --->   Core 124 'DSP48' <Latency = 3> <II = 1> <Delay = 0.53> <IPBlock> <Opcode : 'add' 'sub' 'mul' 'select'> <InPorts = 0> <OutPorts = 1> <Sync> <CReg>
ST_5 : Operation 272 [3/3] (0.99ns) (grouped into DSP with root node add_ln71_16)   --->   "%mul_ln71_18 = mul i16 %zext_ln71, i16 %sext_ln76_cast" [hls_filter_2d.cpp:71->hls_filter_2d.cpp:167]   --->   Operation 272 'mul' 'mul_ln71_18' <Predicate = (!icmp_ln165)> <Delay = 0.99> <CoreInst = "DSP48">   --->   Core 124 'DSP48' <Latency = 3> <II = 1> <Delay = 0.53> <IPBlock> <Opcode : 'add' 'sub' 'mul' 'select'> <InPorts = 0> <OutPorts = 1> <Sync> <CReg>
ST_5 : Operation 273 [3/3] (0.99ns) (grouped into DSP with root node add_ln71)   --->   "%mul_ln71_22 = mul i16 %zext_ln67_13, i16 %sext_ln72_20_cast" [hls_filter_2d.cpp:71->hls_filter_2d.cpp:167]   --->   Operation 273 'mul' 'mul_ln71_22' <Predicate = (!icmp_ln165)> <Delay = 0.99> <CoreInst = "DSP48">   --->   Core 124 'DSP48' <Latency = 3> <II = 1> <Delay = 0.53> <IPBlock> <Opcode : 'add' 'sub' 'mul' 'select'> <InPorts = 0> <OutPorts = 1> <Sync> <CReg>
ST_5 : Operation 274 [3/3] (0.99ns) (grouped into DSP with root node add_ln71_19)   --->   "%mul_ln71_23 = mul i16 %zext_ln64_3, i16 %sext_ln72_19_cast" [hls_filter_2d.cpp:71->hls_filter_2d.cpp:167]   --->   Operation 274 'mul' 'mul_ln71_23' <Predicate = (!icmp_ln165)> <Delay = 0.99> <CoreInst = "DSP48">   --->   Core 124 'DSP48' <Latency = 3> <II = 1> <Delay = 0.53> <IPBlock> <Opcode : 'add' 'sub' 'mul' 'select'> <InPorts = 0> <OutPorts = 1> <Sync> <CReg>
ST_5 : Operation 275 [1/1] (0.00ns) (grouped into LUT with out node icmp_ln98)   --->   "%add_ln42_pn = phi i14 %add_ln42_read, void %if.then, i14 %add_ln98_read, void %land.lhs.true43.i"   --->   Operation 275 'phi' 'add_ln42_pn' <Predicate = (!icmp_ln165 & !icmp_ln88 & and_ln88_1) | (!icmp_ln165 & borderType_read)> <Delay = 0.00>
ST_5 : Operation 276 [1/1] (0.83ns) (out node of the LUT)   --->   "%icmp_ln98 = icmp_eq  i14 %add_ln42_pn, i14 %zext_ln63" [hls_filter_2d.cpp:98->hls_filter_2d.cpp:167]   --->   Operation 276 'icmp' 'icmp_ln98' <Predicate = (!icmp_ln165 & !icmp_ln88 & and_ln88_1) | (!icmp_ln165 & borderType_read)> <Delay = 0.83> <CoreInst = "Cmp">   --->   Core 9 'Cmp' <Latency = 0> <II = 1> <Delay = 0.83> <FuncUnit> <Opcode : 'seteq' 'setne' 'setle' 'setge' 'setlt' 'setgt'> <InPorts = 2> <OutPorts = 1>
ST_5 : Operation 277 [1/1] (0.00ns)   --->   "%window_load_1 = load i8 %window" [hls_filter_2d.cpp:144]   --->   Operation 277 'load' 'window_load_1' <Predicate = true> <Delay = 0.00>
ST_5 : Operation 278 [1/1] (0.00ns)   --->   "%window_1_load_1 = load i8 %window_1" [hls_filter_2d.cpp:144]   --->   Operation 278 'load' 'window_1_load_1' <Predicate = true> <Delay = 0.00>
ST_5 : Operation 279 [1/1] (0.00ns)   --->   "%window_2_load_1 = load i8 %window_2" [hls_filter_2d.cpp:144]   --->   Operation 279 'load' 'window_2_load_1' <Predicate = true> <Delay = 0.00>
ST_5 : Operation 280 [1/1] (0.00ns)   --->   "%store_ln144 = store i8 %window_35, i8 %window_11" [hls_filter_2d.cpp:144]   --->   Operation 280 'store' 'store_ln144' <Predicate = true> <Delay = 0.00>
ST_5 : Operation 281 [1/1] (0.00ns)   --->   "%store_ln144 = store i8 %window_2_load_1, i8 %window_10" [hls_filter_2d.cpp:144]   --->   Operation 281 'store' 'store_ln144' <Predicate = true> <Delay = 0.00>
ST_5 : Operation 282 [1/1] (0.00ns)   --->   "%store_ln144 = store i8 %window_36, i8 %window_9" [hls_filter_2d.cpp:144]   --->   Operation 282 'store' 'store_ln144' <Predicate = true> <Delay = 0.00>
ST_5 : Operation 283 [1/1] (0.00ns)   --->   "%store_ln144 = store i8 %window_1_load_1, i8 %window_8" [hls_filter_2d.cpp:144]   --->   Operation 283 'store' 'store_ln144' <Predicate = true> <Delay = 0.00>
ST_5 : Operation 284 [1/1] (0.00ns)   --->   "%store_ln144 = store i8 %window_37, i8 %window_7" [hls_filter_2d.cpp:144]   --->   Operation 284 'store' 'store_ln144' <Predicate = true> <Delay = 0.00>
ST_5 : Operation 285 [1/1] (0.00ns)   --->   "%store_ln144 = store i8 %window_load_1, i8 %window_6" [hls_filter_2d.cpp:144]   --->   Operation 285 'store' 'store_ln144' <Predicate = true> <Delay = 0.00>
ST_5 : Operation 286 [1/1] (0.00ns)   --->   "%store_ln144 = store i8 %window_38, i8 %window_5" [hls_filter_2d.cpp:144]   --->   Operation 286 'store' 'store_ln144' <Predicate = true> <Delay = 0.00>
ST_5 : Operation 287 [1/1] (0.00ns)   --->   "%store_ln66 = store i8 %val_56, i8 %val_4" [hls_filter_2d.cpp:66->hls_filter_2d.cpp:167]   --->   Operation 287 'store' 'store_ln66' <Predicate = true> <Delay = 0.00>
ST_5 : Operation 288 [1/1] (0.00ns)   --->   "%store_ln144 = store i8 %val_59, i8 %window_2" [hls_filter_2d.cpp:144]   --->   Operation 288 'store' 'store_ln144' <Predicate = true> <Delay = 0.00>
ST_5 : Operation 289 [1/1] (0.00ns)   --->   "%store_ln144 = store i8 %val_67, i8 %window_1" [hls_filter_2d.cpp:144]   --->   Operation 289 'store' 'store_ln144' <Predicate = true> <Delay = 0.00>
ST_5 : Operation 290 [1/1] (0.00ns)   --->   "%store_ln66 = store i8 %val_72, i8 %val" [hls_filter_2d.cpp:66->hls_filter_2d.cpp:167]   --->   Operation 290 'store' 'store_ln66' <Predicate = true> <Delay = 0.00>
ST_5 : Operation 291 [1/1] (0.00ns)   --->   "%store_ln144 = store i8 %val_75, i8 %window" [hls_filter_2d.cpp:144]   --->   Operation 291 'store' 'store_ln144' <Predicate = true> <Delay = 0.00>

State 6 <SV = 5> <Delay = 1.63>
ST_6 : Operation 292 [1/1] (0.00ns)   --->   "%val_46 = load i8 %window_12"   --->   Operation 292 'load' 'val_46' <Predicate = true> <Delay = 0.00>
ST_6 : Operation 293 [1/1] (0.00ns)   --->   "%val_36 = load i8 %window_13"   --->   Operation 293 'load' 'val_36' <Predicate = true> <Delay = 0.00>
ST_6 : Operation 294 [1/1] (0.00ns)   --->   "%val_30 = load i8 %window_14"   --->   Operation 294 'load' 'val_30' <Predicate = true> <Delay = 0.00>
ST_6 : Operation 295 [1/1] (0.00ns)   --->   "%specpipeline_ln159 = specpipeline void @_ssdm_op_SpecPipeline, i32 1, i32 0, i32 0, i32 0, i32 4294967295, void @empty" [hls_filter_2d.cpp:159]   --->   Operation 295 'specpipeline' 'specpipeline_ln159' <Predicate = true> <Delay = 0.00>
ST_6 : Operation 296 [1/1] (0.00ns)   --->   "%speclooptripcount_ln144 = speclooptripcount void @_ssdm_op_SpecLoopTripCount, i64 2, i64 67108865, i64 33554433" [hls_filter_2d.cpp:144]   --->   Operation 296 'speclooptripcount' 'speclooptripcount_ln144' <Predicate = true> <Delay = 0.00>
ST_6 : Operation 297 [1/1] (0.00ns)   --->   "%specloopname_ln158 = specloopname void @_ssdm_op_SpecLoopName, void @empty_35" [hls_filter_2d.cpp:158]   --->   Operation 297 'specloopname' 'specloopname_ln158' <Predicate = true> <Delay = 0.00>
ST_6 : Operation 298 [1/2] ( I:1.23ns O:1.23ns )   --->   "%window_34 = load i13 %line_buffer_addr" [hls_filter_2d.cpp:31->hls_filter_2d.cpp:162]   --->   Operation 298 'load' 'window_34' <Predicate = true> <Delay = 1.23> <CoreInst = "RAM">   --->   Core 82 'RAM' <Latency = 1> <II = 1> <Delay = 1.23> <Storage> <Opcode : 'load' 'store'> <Ports = 2> <Width = 8> <Depth = 7680> <RAM>
ST_6 : Operation 299 [1/1] (0.00ns)   --->   "%val_2_load = load i8 %val_2" [hls_filter_2d.cpp:67->hls_filter_2d.cpp:167]   --->   Operation 299 'load' 'val_2_load' <Predicate = (!icmp_ln165)> <Delay = 0.00>
ST_6 : Operation 300 [1/1] (0.00ns)   --->   "%window_3_load = load i8 %window_3" [hls_filter_2d.cpp:67->hls_filter_2d.cpp:167]   --->   Operation 300 'load' 'window_3_load' <Predicate = (!icmp_ln165)> <Delay = 0.00>
ST_6 : Operation 301 [1/1] (0.00ns)   --->   "%val_6_load = load i8 %val_6" [hls_filter_2d.cpp:67->hls_filter_2d.cpp:167]   --->   Operation 301 'load' 'val_6_load' <Predicate = (!icmp_ln165)> <Delay = 0.00>
ST_6 : Operation 302 [1/1] (0.00ns)   --->   "%window_4_load = load i8 %window_4" [hls_filter_2d.cpp:67->hls_filter_2d.cpp:167]   --->   Operation 302 'load' 'window_4_load' <Predicate = (!icmp_ln165)> <Delay = 0.00>
ST_6 : Operation 303 [1/1] (0.00ns)   --->   "%val_8_load = load i8 %val_8" [hls_filter_2d.cpp:67->hls_filter_2d.cpp:167]   --->   Operation 303 'load' 'val_8_load' <Predicate = (!icmp_ln165)> <Delay = 0.00>
ST_6 : Operation 304 [1/1] (0.00ns) (grouped into LUT with out node val_32)   --->   "%or_ln67_2 = or i1 %or_ln67_1, i1 %or_ln67" [hls_filter_2d.cpp:67->hls_filter_2d.cpp:167]   --->   Operation 304 'or' 'or_ln67_2' <Predicate = (!icmp_ln165)> <Delay = 0.00> <CoreInst = "LogicGate">   --->   Core 74 'LogicGate' <Latency = 0> <II = 1> <Delay = 0.28> <FuncUnit> <Opcode : 'and' 'or' 'xor'> <InPorts = 2> <OutPorts = 1>
ST_6 : Operation 305 [1/1] (0.39ns) (out node of the LUT)   --->   "%val_32 = select i1 %or_ln67_2, i8 0, i8 %val_8_load" [hls_filter_2d.cpp:67->hls_filter_2d.cpp:167]   --->   Operation 305 'select' 'val_32' <Predicate = (!icmp_ln165)> <Delay = 0.39> <CoreInst = "Sel">   --->   Core 73 'Sel' <Latency = 0> <II = 1> <Delay = 0.39> <FuncUnit> <Opcode : 'select'> <InPorts = 3> <OutPorts = 1>
ST_6 : Operation 306 [1/1] (0.00ns) (grouped into LUT with out node val_34)   --->   "%or_ln67_4 = or i1 %or_ln67_1, i1 %or_ln67_3" [hls_filter_2d.cpp:67->hls_filter_2d.cpp:167]   --->   Operation 306 'or' 'or_ln67_4' <Predicate = (!icmp_ln165)> <Delay = 0.00> <CoreInst = "LogicGate">   --->   Core 74 'LogicGate' <Latency = 0> <II = 1> <Delay = 0.28> <FuncUnit> <Opcode : 'and' 'or' 'xor'> <InPorts = 2> <OutPorts = 1>
ST_6 : Operation 307 [1/1] (0.39ns) (out node of the LUT)   --->   "%val_34 = select i1 %or_ln67_4, i8 0, i8 %val_30" [hls_filter_2d.cpp:67->hls_filter_2d.cpp:167]   --->   Operation 307 'select' 'val_34' <Predicate = (!icmp_ln165)> <Delay = 0.39> <CoreInst = "Sel">   --->   Core 73 'Sel' <Latency = 0> <II = 1> <Delay = 0.39> <FuncUnit> <Opcode : 'select'> <InPorts = 3> <OutPorts = 1>
ST_6 : Operation 308 [1/1] (0.00ns)   --->   "%zext_ln63_2 = zext i8 %val_34" [hls_filter_2d.cpp:63->hls_filter_2d.cpp:167]   --->   Operation 308 'zext' 'zext_ln63_2' <Predicate = (!icmp_ln165)> <Delay = 0.00>
ST_6 : Operation 309 [1/1] (0.00ns) (grouped into LUT with out node val_38)   --->   "%or_ln67_5 = or i1 %or_ln67_1, i1 %xor_ln67_3" [hls_filter_2d.cpp:67->hls_filter_2d.cpp:167]   --->   Operation 309 'or' 'or_ln67_5' <Predicate = (!icmp_ln165)> <Delay = 0.00> <CoreInst = "LogicGate">   --->   Core 74 'LogicGate' <Latency = 0> <II = 1> <Delay = 0.28> <FuncUnit> <Opcode : 'and' 'or' 'xor'> <InPorts = 2> <OutPorts = 1>
ST_6 : Operation 310 [1/1] (0.39ns) (out node of the LUT)   --->   "%val_38 = select i1 %or_ln67_5, i8 0, i8 %window_4_load" [hls_filter_2d.cpp:67->hls_filter_2d.cpp:167]   --->   Operation 310 'select' 'val_38' <Predicate = (!icmp_ln165)> <Delay = 0.39> <CoreInst = "Sel">   --->   Core 73 'Sel' <Latency = 0> <II = 1> <Delay = 0.39> <FuncUnit> <Opcode : 'select'> <InPorts = 3> <OutPorts = 1>
ST_6 : Operation 311 [1/1] (0.00ns)   --->   "%zext_ln63_3 = zext i8 %val_38" [hls_filter_2d.cpp:63->hls_filter_2d.cpp:167]   --->   Operation 311 'zext' 'zext_ln63_3' <Predicate = (!icmp_ln165)> <Delay = 0.00>
ST_6 : Operation 312 [1/1] (0.00ns) (grouped into LUT with out node val_42)   --->   "%or_ln67_6 = or i1 %or_ln67_1, i1 %xor_ln67_4" [hls_filter_2d.cpp:67->hls_filter_2d.cpp:167]   --->   Operation 312 'or' 'or_ln67_6' <Predicate = (!icmp_ln165)> <Delay = 0.00> <CoreInst = "LogicGate">   --->   Core 74 'LogicGate' <Latency = 0> <II = 1> <Delay = 0.28> <FuncUnit> <Opcode : 'and' 'or' 'xor'> <InPorts = 2> <OutPorts = 1>
ST_6 : Operation 313 [1/1] (0.39ns) (out node of the LUT)   --->   "%val_42 = select i1 %or_ln67_6, i8 0, i8 %val_36" [hls_filter_2d.cpp:67->hls_filter_2d.cpp:167]   --->   Operation 313 'select' 'val_42' <Predicate = (!icmp_ln165)> <Delay = 0.39> <CoreInst = "Sel">   --->   Core 73 'Sel' <Latency = 0> <II = 1> <Delay = 0.39> <FuncUnit> <Opcode : 'select'> <InPorts = 3> <OutPorts = 1>
ST_6 : Operation 314 [1/1] (0.28ns)   --->   "%or_ln67_7 = or i1 %or_ln67_1, i1 %xor_ln67_5" [hls_filter_2d.cpp:67->hls_filter_2d.cpp:167]   --->   Operation 314 'or' 'or_ln67_7' <Predicate = (!icmp_ln165)> <Delay = 0.28> <CoreInst = "LogicGate">   --->   Core 74 'LogicGate' <Latency = 0> <II = 1> <Delay = 0.28> <FuncUnit> <Opcode : 'and' 'or' 'xor'> <InPorts = 2> <OutPorts = 1>
ST_6 : Operation 315 [1/1] (0.39ns)   --->   "%val_44 = select i1 %or_ln67_7, i8 0, i8 %window_34" [hls_filter_2d.cpp:67->hls_filter_2d.cpp:167]   --->   Operation 315 'select' 'val_44' <Predicate = (!icmp_ln165)> <Delay = 0.39> <CoreInst = "Sel">   --->   Core 73 'Sel' <Latency = 0> <II = 1> <Delay = 0.39> <FuncUnit> <Opcode : 'select'> <InPorts = 3> <OutPorts = 1>
ST_6 : Operation 316 [1/1] (0.00ns) (grouped into LUT with out node val_48)   --->   "%or_ln67_9 = or i1 %or_ln67_8, i1 %or_ln67" [hls_filter_2d.cpp:67->hls_filter_2d.cpp:167]   --->   Operation 316 'or' 'or_ln67_9' <Predicate = (!icmp_ln165)> <Delay = 0.00> <CoreInst = "LogicGate">   --->   Core 74 'LogicGate' <Latency = 0> <II = 1> <Delay = 0.28> <FuncUnit> <Opcode : 'and' 'or' 'xor'> <InPorts = 2> <OutPorts = 1>
ST_6 : Operation 317 [1/1] (0.39ns) (out node of the LUT)   --->   "%val_48 = select i1 %or_ln67_9, i8 0, i8 %val_6_load" [hls_filter_2d.cpp:67->hls_filter_2d.cpp:167]   --->   Operation 317 'select' 'val_48' <Predicate = (!icmp_ln165)> <Delay = 0.39> <CoreInst = "Sel">   --->   Core 73 'Sel' <Latency = 0> <II = 1> <Delay = 0.39> <FuncUnit> <Opcode : 'select'> <InPorts = 3> <OutPorts = 1>
ST_6 : Operation 318 [1/1] (0.00ns) (grouped into LUT with out node val_50)   --->   "%or_ln67_10 = or i1 %or_ln67_8, i1 %or_ln67_3" [hls_filter_2d.cpp:67->hls_filter_2d.cpp:167]   --->   Operation 318 'or' 'or_ln67_10' <Predicate = (!icmp_ln165)> <Delay = 0.00> <CoreInst = "LogicGate">   --->   Core 74 'LogicGate' <Latency = 0> <II = 1> <Delay = 0.28> <FuncUnit> <Opcode : 'and' 'or' 'xor'> <InPorts = 2> <OutPorts = 1>
ST_6 : Operation 319 [1/1] (0.39ns) (out node of the LUT)   --->   "%val_50 = select i1 %or_ln67_10, i8 0, i8 %val_46" [hls_filter_2d.cpp:67->hls_filter_2d.cpp:167]   --->   Operation 319 'select' 'val_50' <Predicate = (!icmp_ln165)> <Delay = 0.39> <CoreInst = "Sel">   --->   Core 73 'Sel' <Latency = 0> <II = 1> <Delay = 0.39> <FuncUnit> <Opcode : 'select'> <InPorts = 3> <OutPorts = 1>
ST_6 : Operation 320 [1/1] (0.00ns)   --->   "%zext_ln67_1 = zext i8 %val_50" [hls_filter_2d.cpp:67->hls_filter_2d.cpp:167]   --->   Operation 320 'zext' 'zext_ln67_1' <Predicate = (!icmp_ln165)> <Delay = 0.00>
ST_6 : Operation 321 [1/1] (0.00ns) (grouped into LUT with out node val_52)   --->   "%or_ln67_11 = or i1 %or_ln67_8, i1 %xor_ln67_3" [hls_filter_2d.cpp:67->hls_filter_2d.cpp:167]   --->   Operation 321 'or' 'or_ln67_11' <Predicate = (!icmp_ln165)> <Delay = 0.00> <CoreInst = "LogicGate">   --->   Core 74 'LogicGate' <Latency = 0> <II = 1> <Delay = 0.28> <FuncUnit> <Opcode : 'and' 'or' 'xor'> <InPorts = 2> <OutPorts = 1>
ST_6 : Operation 322 [1/1] (0.39ns) (out node of the LUT)   --->   "%val_52 = select i1 %or_ln67_11, i8 0, i8 %window_3_load" [hls_filter_2d.cpp:67->hls_filter_2d.cpp:167]   --->   Operation 322 'select' 'val_52' <Predicate = (!icmp_ln165)> <Delay = 0.39> <CoreInst = "Sel">   --->   Core 73 'Sel' <Latency = 0> <II = 1> <Delay = 0.39> <FuncUnit> <Opcode : 'select'> <InPorts = 3> <OutPorts = 1>
ST_6 : Operation 323 [1/1] (0.00ns) (grouped into LUT with out node val_54)   --->   "%or_ln67_12 = or i1 %or_ln67_8, i1 %xor_ln67_4" [hls_filter_2d.cpp:67->hls_filter_2d.cpp:167]   --->   Operation 323 'or' 'or_ln67_12' <Predicate = (!icmp_ln165)> <Delay = 0.00> <CoreInst = "LogicGate">   --->   Core 74 'LogicGate' <Latency = 0> <II = 1> <Delay = 0.28> <FuncUnit> <Opcode : 'and' 'or' 'xor'> <InPorts = 2> <OutPorts = 1>
ST_6 : Operation 324 [1/1] (0.39ns) (out node of the LUT)   --->   "%val_54 = select i1 %or_ln67_12, i8 0, i8 %val_51" [hls_filter_2d.cpp:67->hls_filter_2d.cpp:167]   --->   Operation 324 'select' 'val_54' <Predicate = (!icmp_ln165)> <Delay = 0.39> <CoreInst = "Sel">   --->   Core 73 'Sel' <Latency = 0> <II = 1> <Delay = 0.39> <FuncUnit> <Opcode : 'select'> <InPorts = 3> <OutPorts = 1>
ST_6 : Operation 325 [1/1] (0.00ns)   --->   "%zext_ln67_7 = zext i8 %val_60" [hls_filter_2d.cpp:67->hls_filter_2d.cpp:167]   --->   Operation 325 'zext' 'zext_ln67_7' <Predicate = (!icmp_ln165)> <Delay = 0.00>
ST_6 : Operation 326 [1/1] (0.00ns) (grouped into LUT with out node val_65)   --->   "%or_ln67_19 = or i1 %or_ln67, i1 %xor_ln67_8" [hls_filter_2d.cpp:67->hls_filter_2d.cpp:167]   --->   Operation 326 'or' 'or_ln67_19' <Predicate = (!icmp_ln165)> <Delay = 0.00> <CoreInst = "LogicGate">   --->   Core 74 'LogicGate' <Latency = 0> <II = 1> <Delay = 0.28> <FuncUnit> <Opcode : 'and' 'or' 'xor'> <InPorts = 2> <OutPorts = 1>
ST_6 : Operation 327 [1/1] (0.39ns) (out node of the LUT)   --->   "%val_65 = select i1 %or_ln67_19, i8 0, i8 %val_2_load" [hls_filter_2d.cpp:67->hls_filter_2d.cpp:167]   --->   Operation 327 'select' 'val_65' <Predicate = (!icmp_ln165)> <Delay = 0.39> <CoreInst = "Sel">   --->   Core 73 'Sel' <Latency = 0> <II = 1> <Delay = 0.39> <FuncUnit> <Opcode : 'select'> <InPorts = 3> <OutPorts = 1>
ST_6 : Operation 328 [1/1] (0.00ns) (grouped into LUT with out node val_66)   --->   "%or_ln67_20 = or i1 %or_ln67_3, i1 %xor_ln67_8" [hls_filter_2d.cpp:67->hls_filter_2d.cpp:167]   --->   Operation 328 'or' 'or_ln67_20' <Predicate = (!icmp_ln165)> <Delay = 0.00> <CoreInst = "LogicGate">   --->   Core 74 'LogicGate' <Latency = 0> <II = 1> <Delay = 0.28> <FuncUnit> <Opcode : 'and' 'or' 'xor'> <InPorts = 2> <OutPorts = 1>
ST_6 : Operation 329 [1/1] (0.39ns) (out node of the LUT)   --->   "%val_66 = select i1 %or_ln67_20, i8 0, i8 %val_64" [hls_filter_2d.cpp:67->hls_filter_2d.cpp:167]   --->   Operation 329 'select' 'val_66' <Predicate = (!icmp_ln165)> <Delay = 0.39> <CoreInst = "Sel">   --->   Core 73 'Sel' <Latency = 0> <II = 1> <Delay = 0.39> <FuncUnit> <Opcode : 'select'> <InPorts = 3> <OutPorts = 1>
ST_6 : Operation 330 [1/1] (0.00ns)   --->   "%zext_ln67_10 = zext i8 %val_66" [hls_filter_2d.cpp:67->hls_filter_2d.cpp:167]   --->   Operation 330 'zext' 'zext_ln67_10' <Predicate = (!icmp_ln165)> <Delay = 0.00>
ST_6 : Operation 331 [1/1] (0.00ns) (grouped into LUT with out node val_70)   --->   "%or_ln67_22 = or i1 %xor_ln67_4, i1 %xor_ln67_8" [hls_filter_2d.cpp:67->hls_filter_2d.cpp:167]   --->   Operation 331 'or' 'or_ln67_22' <Predicate = (!icmp_ln165)> <Delay = 0.00> <CoreInst = "LogicGate">   --->   Core 74 'LogicGate' <Latency = 0> <II = 1> <Delay = 0.28> <FuncUnit> <Opcode : 'and' 'or' 'xor'> <InPorts = 2> <OutPorts = 1>
ST_6 : Operation 332 [1/1] (0.39ns) (out node of the LUT)   --->   "%val_70 = select i1 %or_ln67_22, i8 0, i8 %val_67" [hls_filter_2d.cpp:67->hls_filter_2d.cpp:167]   --->   Operation 332 'select' 'val_70' <Predicate = (!icmp_ln165)> <Delay = 0.39> <CoreInst = "Sel">   --->   Core 73 'Sel' <Latency = 0> <II = 1> <Delay = 0.39> <FuncUnit> <Opcode : 'select'> <InPorts = 3> <OutPorts = 1>
ST_6 : Operation 333 [1/1] (0.00ns)   --->   "%zext_ln67_14 = zext i8 %val_74" [hls_filter_2d.cpp:67->hls_filter_2d.cpp:167]   --->   Operation 333 'zext' 'zext_ln67_14' <Predicate = (!icmp_ln165)> <Delay = 0.00>
ST_6 : Operation 334 [1/1] (0.00ns)   --->   "%zext_ln67_16 = zext i8 %val_78" [hls_filter_2d.cpp:67->hls_filter_2d.cpp:167]   --->   Operation 334 'zext' 'zext_ln67_16' <Predicate = (!icmp_ln165)> <Delay = 0.00>
ST_6 : Operation 335 [2/3] (0.99ns) (grouped into DSP with root node add_ln71_2)   --->   "%mul_ln71 = mul i16 %zext_ln67_11, i16 %sext_ln72_17_cast" [hls_filter_2d.cpp:71->hls_filter_2d.cpp:167]   --->   Operation 335 'mul' 'mul_ln71' <Predicate = (!icmp_ln165)> <Delay = 0.99> <CoreInst = "DSP48">   --->   Core 124 'DSP48' <Latency = 3> <II = 1> <Delay = 0.53> <IPBlock> <Opcode : 'add' 'sub' 'mul' 'select'> <InPorts = 0> <OutPorts = 1> <Sync> <CReg>
ST_6 : Operation 336 [3/3] (0.99ns) (grouped into DSP with root node add_ln71_6)   --->   "%mul_ln71_1 = mul i16 %zext_ln67_10, i16 %sext_ln72_16_cast" [hls_filter_2d.cpp:71->hls_filter_2d.cpp:167]   --->   Operation 336 'mul' 'mul_ln71_1' <Predicate = (!icmp_ln165)> <Delay = 0.99> <CoreInst = "DSP48">   --->   Core 124 'DSP48' <Latency = 3> <II = 1> <Delay = 0.53> <IPBlock> <Opcode : 'add' 'sub' 'mul' 'select'> <InPorts = 0> <OutPorts = 1> <Sync> <CReg>
ST_6 : Operation 337 [2/3] (0.99ns) (grouped into DSP with root node add_ln71_5)   --->   "%mul_ln71_4 = mul i16 %zext_ln67_8, i16 %sext_ln72_13_cast" [hls_filter_2d.cpp:71->hls_filter_2d.cpp:167]   --->   Operation 337 'mul' 'mul_ln71_4' <Predicate = (!icmp_ln165)> <Delay = 0.99> <CoreInst = "DSP48">   --->   Core 124 'DSP48' <Latency = 3> <II = 1> <Delay = 0.53> <IPBlock> <Opcode : 'add' 'sub' 'mul' 'select'> <InPorts = 0> <OutPorts = 1> <Sync> <CReg>
ST_6 : Operation 338 [3/3] (0.99ns) (grouped into DSP with root node add_ln71_8)   --->   "%mul_ln71_5 = mul i16 %zext_ln67_7, i16 %sext_ln72_12_cast" [hls_filter_2d.cpp:71->hls_filter_2d.cpp:167]   --->   Operation 338 'mul' 'mul_ln71_5' <Predicate = (!icmp_ln165)> <Delay = 0.99> <CoreInst = "DSP48">   --->   Core 124 'DSP48' <Latency = 3> <II = 1> <Delay = 0.53> <IPBlock> <Opcode : 'add' 'sub' 'mul' 'select'> <InPorts = 0> <OutPorts = 1> <Sync> <CReg>
ST_6 : Operation 339 [2/3] (0.99ns) (grouped into DSP with root node add_ln71_7)   --->   "%mul_ln71_7 = mul i16 %zext_ln67_5, i16 %sext_ln72_10_cast" [hls_filter_2d.cpp:71->hls_filter_2d.cpp:167]   --->   Operation 339 'mul' 'mul_ln71_7' <Predicate = (!icmp_ln165)> <Delay = 0.99> <CoreInst = "DSP48">   --->   Core 124 'DSP48' <Latency = 3> <II = 1> <Delay = 0.53> <IPBlock> <Opcode : 'add' 'sub' 'mul' 'select'> <InPorts = 0> <OutPorts = 1> <Sync> <CReg>
ST_6 : Operation 340 [2/3] (0.99ns) (grouped into DSP with root node add_ln71_18)   --->   "%mul_ln71_8 = mul i16 %zext_ln67_4, i16 %sext_ln72_9_cast" [hls_filter_2d.cpp:71->hls_filter_2d.cpp:167]   --->   Operation 340 'mul' 'mul_ln71_8' <Predicate = (!icmp_ln165)> <Delay = 0.99> <CoreInst = "DSP48">   --->   Core 124 'DSP48' <Latency = 3> <II = 1> <Delay = 0.53> <IPBlock> <Opcode : 'add' 'sub' 'mul' 'select'> <InPorts = 0> <OutPorts = 1> <Sync> <CReg>
ST_6 : Operation 341 [3/3] (0.99ns) (grouped into DSP with root node add_ln71_11)   --->   "%mul_ln71_11 = mul i16 %zext_ln67_1, i16 %sext_ln72_6_cast" [hls_filter_2d.cpp:71->hls_filter_2d.cpp:167]   --->   Operation 341 'mul' 'mul_ln71_11' <Predicate = (!icmp_ln165)> <Delay = 0.99> <CoreInst = "DSP48">   --->   Core 124 'DSP48' <Latency = 3> <II = 1> <Delay = 0.53> <IPBlock> <Opcode : 'add' 'sub' 'mul' 'select'> <InPorts = 0> <OutPorts = 1> <Sync> <CReg>
ST_6 : Operation 342 [3/3] (0.99ns) (grouped into DSP with root node add_ln71_13)   --->   "%mul_ln71_15 = mul i16 %zext_ln63_3, i16 %sext_ln72_2_cast" [hls_filter_2d.cpp:71->hls_filter_2d.cpp:167]   --->   Operation 342 'mul' 'mul_ln71_15' <Predicate = (!icmp_ln165)> <Delay = 0.99> <CoreInst = "DSP48">   --->   Core 124 'DSP48' <Latency = 3> <II = 1> <Delay = 0.53> <IPBlock> <Opcode : 'add' 'sub' 'mul' 'select'> <InPorts = 0> <OutPorts = 1> <Sync> <CReg>
ST_6 : Operation 343 [3/3] (0.99ns) (grouped into DSP with root node add_ln71_17)   --->   "%mul_ln71_17 = mul i16 %zext_ln63_2, i16 %sext_ln72_1_cast" [hls_filter_2d.cpp:71->hls_filter_2d.cpp:167]   --->   Operation 343 'mul' 'mul_ln71_17' <Predicate = (!icmp_ln165)> <Delay = 0.99> <CoreInst = "DSP48">   --->   Core 124 'DSP48' <Latency = 3> <II = 1> <Delay = 0.53> <IPBlock> <Opcode : 'add' 'sub' 'mul' 'select'> <InPorts = 0> <OutPorts = 1> <Sync> <CReg>
ST_6 : Operation 344 [2/3] (0.99ns) (grouped into DSP with root node add_ln71_16)   --->   "%mul_ln71_18 = mul i16 %zext_ln71, i16 %sext_ln76_cast" [hls_filter_2d.cpp:71->hls_filter_2d.cpp:167]   --->   Operation 344 'mul' 'mul_ln71_18' <Predicate = (!icmp_ln165)> <Delay = 0.99> <CoreInst = "DSP48">   --->   Core 124 'DSP48' <Latency = 3> <II = 1> <Delay = 0.53> <IPBlock> <Opcode : 'add' 'sub' 'mul' 'select'> <InPorts = 0> <OutPorts = 1> <Sync> <CReg>
ST_6 : Operation 345 [3/3] (0.99ns) (grouped into DSP with root node add_ln71_1)   --->   "%mul_ln71_19 = mul i16 %zext_ln67_16, i16 %sext_ln72_23_cast" [hls_filter_2d.cpp:71->hls_filter_2d.cpp:167]   --->   Operation 345 'mul' 'mul_ln71_19' <Predicate = (!icmp_ln165)> <Delay = 0.99> <CoreInst = "DSP48">   --->   Core 124 'DSP48' <Latency = 3> <II = 1> <Delay = 0.53> <IPBlock> <Opcode : 'add' 'sub' 'mul' 'select'> <InPorts = 0> <OutPorts = 1> <Sync> <CReg>
ST_6 : Operation 346 [3/3] (0.99ns) (grouped into DSP with root node add_ln71_3)   --->   "%mul_ln71_21 = mul i16 %zext_ln67_14, i16 %sext_ln72_21_cast" [hls_filter_2d.cpp:71->hls_filter_2d.cpp:167]   --->   Operation 346 'mul' 'mul_ln71_21' <Predicate = (!icmp_ln165)> <Delay = 0.99> <CoreInst = "DSP48">   --->   Core 124 'DSP48' <Latency = 3> <II = 1> <Delay = 0.53> <IPBlock> <Opcode : 'add' 'sub' 'mul' 'select'> <InPorts = 0> <OutPorts = 1> <Sync> <CReg>
ST_6 : Operation 347 [2/3] (0.99ns) (grouped into DSP with root node add_ln71)   --->   "%mul_ln71_22 = mul i16 %zext_ln67_13, i16 %sext_ln72_20_cast" [hls_filter_2d.cpp:71->hls_filter_2d.cpp:167]   --->   Operation 347 'mul' 'mul_ln71_22' <Predicate = (!icmp_ln165)> <Delay = 0.99> <CoreInst = "DSP48">   --->   Core 124 'DSP48' <Latency = 3> <II = 1> <Delay = 0.53> <IPBlock> <Opcode : 'add' 'sub' 'mul' 'select'> <InPorts = 0> <OutPorts = 1> <Sync> <CReg>
ST_6 : Operation 348 [2/3] (0.99ns) (grouped into DSP with root node add_ln71_19)   --->   "%mul_ln71_23 = mul i16 %zext_ln64_3, i16 %sext_ln72_19_cast" [hls_filter_2d.cpp:71->hls_filter_2d.cpp:167]   --->   Operation 348 'mul' 'mul_ln71_23' <Predicate = (!icmp_ln165)> <Delay = 0.99> <CoreInst = "DSP48">   --->   Core 124 'DSP48' <Latency = 3> <II = 1> <Delay = 0.53> <IPBlock> <Opcode : 'add' 'sub' 'mul' 'select'> <InPorts = 0> <OutPorts = 1> <Sync> <CReg>
ST_6 : Operation 349 [1/1] (0.00ns)   --->   "%window_3_load_1 = load i8 %window_3" [hls_filter_2d.cpp:144]   --->   Operation 349 'load' 'window_3_load_1' <Predicate = true> <Delay = 0.00>
ST_6 : Operation 350 [1/1] (0.00ns)   --->   "%window_4_load_1 = load i8 %window_4" [hls_filter_2d.cpp:144]   --->   Operation 350 'load' 'window_4_load_1' <Predicate = true> <Delay = 0.00>
ST_6 : Operation 351 [1/1] (0.00ns)   --->   "%store_ln144 = store i8 %window_4_load_1, i8 %window_14" [hls_filter_2d.cpp:144]   --->   Operation 351 'store' 'store_ln144' <Predicate = true> <Delay = 0.00>
ST_6 : Operation 352 [1/1] (0.00ns)   --->   "%store_ln144 = store i8 %window_34, i8 %window_13" [hls_filter_2d.cpp:144]   --->   Operation 352 'store' 'store_ln144' <Predicate = true> <Delay = 0.00>
ST_6 : Operation 353 [1/1] (0.00ns)   --->   "%store_ln144 = store i8 %window_3_load_1, i8 %window_12" [hls_filter_2d.cpp:144]   --->   Operation 353 'store' 'store_ln144' <Predicate = true> <Delay = 0.00>
ST_6 : Operation 354 [1/1] (0.00ns)   --->   "%store_ln66 = store i8 %val_30, i8 %val_8" [hls_filter_2d.cpp:66->hls_filter_2d.cpp:167]   --->   Operation 354 'store' 'store_ln66' <Predicate = true> <Delay = 0.00>
ST_6 : Operation 355 [1/1] (0.00ns)   --->   "%store_ln144 = store i8 %val_36, i8 %window_4" [hls_filter_2d.cpp:144]   --->   Operation 355 'store' 'store_ln144' <Predicate = true> <Delay = 0.00>
ST_6 : Operation 356 [1/1] (0.00ns)   --->   "%store_ln66 = store i8 %val_46, i8 %val_6" [hls_filter_2d.cpp:66->hls_filter_2d.cpp:167]   --->   Operation 356 'store' 'store_ln66' <Predicate = true> <Delay = 0.00>
ST_6 : Operation 357 [1/1] (0.00ns)   --->   "%store_ln144 = store i8 %val_51, i8 %window_3" [hls_filter_2d.cpp:144]   --->   Operation 357 'store' 'store_ln144' <Predicate = true> <Delay = 0.00>
ST_6 : Operation 358 [1/1] (0.00ns)   --->   "%store_ln66 = store i8 %val_64, i8 %val_2" [hls_filter_2d.cpp:66->hls_filter_2d.cpp:167]   --->   Operation 358 'store' 'store_ln66' <Predicate = true> <Delay = 0.00>

State 7 <SV = 6> <Delay = 2.29>
ST_7 : Operation 359 [1/1] (0.00ns)   --->   "%zext_ln63_1 = zext i8 %val_32" [hls_filter_2d.cpp:63->hls_filter_2d.cpp:167]   --->   Operation 359 'zext' 'zext_ln63_1' <Predicate = (!icmp_ln165)> <Delay = 0.00>
ST_7 : Operation 360 [1/1] (0.00ns)   --->   "%zext_ln64_1 = zext i8 %val_44" [hls_filter_2d.cpp:64->hls_filter_2d.cpp:167]   --->   Operation 360 'zext' 'zext_ln64_1' <Predicate = (!icmp_ln165)> <Delay = 0.00>
ST_7 : Operation 361 [1/1] (0.00ns)   --->   "%zext_ln67 = zext i8 %val_48" [hls_filter_2d.cpp:67->hls_filter_2d.cpp:167]   --->   Operation 361 'zext' 'zext_ln67' <Predicate = (!icmp_ln165)> <Delay = 0.00>
ST_7 : Operation 362 [1/1] (0.00ns)   --->   "%zext_ln67_3 = zext i8 %val_54" [hls_filter_2d.cpp:67->hls_filter_2d.cpp:167]   --->   Operation 362 'zext' 'zext_ln67_3' <Predicate = (!icmp_ln165)> <Delay = 0.00>
ST_7 : Operation 363 [1/1] (0.00ns)   --->   "%zext_ln67_6 = zext i8 %val_58" [hls_filter_2d.cpp:67->hls_filter_2d.cpp:167]   --->   Operation 363 'zext' 'zext_ln67_6' <Predicate = (!icmp_ln165)> <Delay = 0.00>
ST_7 : Operation 364 [1/1] (0.00ns)   --->   "%zext_ln64_2 = zext i8 %val_63" [hls_filter_2d.cpp:64->hls_filter_2d.cpp:167]   --->   Operation 364 'zext' 'zext_ln64_2' <Predicate = (!icmp_ln165)> <Delay = 0.00>
ST_7 : Operation 365 [1/1] (0.00ns)   --->   "%zext_ln67_9 = zext i8 %val_65" [hls_filter_2d.cpp:67->hls_filter_2d.cpp:167]   --->   Operation 365 'zext' 'zext_ln67_9' <Predicate = (!icmp_ln165)> <Delay = 0.00>
ST_7 : Operation 366 [1/1] (0.00ns)   --->   "%zext_ln67_12 = zext i8 %val_70" [hls_filter_2d.cpp:67->hls_filter_2d.cpp:167]   --->   Operation 366 'zext' 'zext_ln67_12' <Predicate = (!icmp_ln165)> <Delay = 0.00>
ST_7 : Operation 367 [1/1] (0.00ns)   --->   "%zext_ln67_15 = zext i8 %val_76" [hls_filter_2d.cpp:67->hls_filter_2d.cpp:167]   --->   Operation 367 'zext' 'zext_ln67_15' <Predicate = (!icmp_ln165)> <Delay = 0.00>
ST_7 : Operation 368 [1/3] (0.00ns) (grouped into DSP with root node add_ln71_2)   --->   "%mul_ln71 = mul i16 %zext_ln67_11, i16 %sext_ln72_17_cast" [hls_filter_2d.cpp:71->hls_filter_2d.cpp:167]   --->   Operation 368 'mul' 'mul_ln71' <Predicate = (!icmp_ln165)> <Delay = 0.00> <CoreInst = "DSP48">   --->   Core 124 'DSP48' <Latency = 3> <II = 1> <Delay = 0.53> <IPBlock> <Opcode : 'add' 'sub' 'mul' 'select'> <InPorts = 0> <OutPorts = 1> <Sync> <CReg>
ST_7 : Operation 369 [1/1] (0.00ns) (grouped into DSP with root node add_ln71_2)   --->   "%sext_ln71 = sext i16 %mul_ln71" [hls_filter_2d.cpp:71->hls_filter_2d.cpp:167]   --->   Operation 369 'sext' 'sext_ln71' <Predicate = (!icmp_ln165)> <Delay = 0.00>
ST_7 : Operation 370 [2/3] (0.99ns) (grouped into DSP with root node add_ln71_6)   --->   "%mul_ln71_1 = mul i16 %zext_ln67_10, i16 %sext_ln72_16_cast" [hls_filter_2d.cpp:71->hls_filter_2d.cpp:167]   --->   Operation 370 'mul' 'mul_ln71_1' <Predicate = (!icmp_ln165)> <Delay = 0.99> <CoreInst = "DSP48">   --->   Core 124 'DSP48' <Latency = 3> <II = 1> <Delay = 0.53> <IPBlock> <Opcode : 'add' 'sub' 'mul' 'select'> <InPorts = 0> <OutPorts = 1> <Sync> <CReg>
ST_7 : Operation 371 [1/1] (1.65ns)   --->   "%mul_ln71_2 = mul i16 %zext_ln67_9, i16 %sext_ln72_15_cast" [hls_filter_2d.cpp:71->hls_filter_2d.cpp:167]   --->   Operation 371 'mul' 'mul_ln71_2' <Predicate = (!icmp_ln165)> <Delay = 1.65> <CoreInst = "Multiplier">   --->   Core 3 'Multiplier' <Latency = 0> <II = 1> <Delay = 1.65> <FuncUnit> <Opcode : 'mul'> <InPorts = 2> <OutPorts = 1>
ST_7 : Operation 372 [1/1] (0.00ns)   --->   "%sext_ln71_2 = sext i16 %mul_ln71_2" [hls_filter_2d.cpp:71->hls_filter_2d.cpp:167]   --->   Operation 372 'sext' 'sext_ln71_2' <Predicate = (!icmp_ln165)> <Delay = 0.00>
ST_7 : Operation 373 [1/1] (1.65ns)   --->   "%mul_ln71_3 = mul i16 %zext_ln64_2, i16 %sext_ln72_14_cast" [hls_filter_2d.cpp:71->hls_filter_2d.cpp:167]   --->   Operation 373 'mul' 'mul_ln71_3' <Predicate = (!icmp_ln165)> <Delay = 1.65> <CoreInst = "Multiplier">   --->   Core 3 'Multiplier' <Latency = 0> <II = 1> <Delay = 1.65> <FuncUnit> <Opcode : 'mul'> <InPorts = 2> <OutPorts = 1>
ST_7 : Operation 374 [1/1] (0.00ns)   --->   "%sext_ln71_3 = sext i16 %mul_ln71_3" [hls_filter_2d.cpp:71->hls_filter_2d.cpp:167]   --->   Operation 374 'sext' 'sext_ln71_3' <Predicate = (!icmp_ln165)> <Delay = 0.00>
ST_7 : Operation 375 [1/3] (0.00ns) (grouped into DSP with root node add_ln71_5)   --->   "%mul_ln71_4 = mul i16 %zext_ln67_8, i16 %sext_ln72_13_cast" [hls_filter_2d.cpp:71->hls_filter_2d.cpp:167]   --->   Operation 375 'mul' 'mul_ln71_4' <Predicate = (!icmp_ln165)> <Delay = 0.00> <CoreInst = "DSP48">   --->   Core 124 'DSP48' <Latency = 3> <II = 1> <Delay = 0.53> <IPBlock> <Opcode : 'add' 'sub' 'mul' 'select'> <InPorts = 0> <OutPorts = 1> <Sync> <CReg>
ST_7 : Operation 376 [1/1] (0.00ns) (grouped into DSP with root node add_ln71_5)   --->   "%sext_ln71_4 = sext i16 %mul_ln71_4" [hls_filter_2d.cpp:71->hls_filter_2d.cpp:167]   --->   Operation 376 'sext' 'sext_ln71_4' <Predicate = (!icmp_ln165)> <Delay = 0.00>
ST_7 : Operation 377 [2/3] (0.99ns) (grouped into DSP with root node add_ln71_8)   --->   "%mul_ln71_5 = mul i16 %zext_ln67_7, i16 %sext_ln72_12_cast" [hls_filter_2d.cpp:71->hls_filter_2d.cpp:167]   --->   Operation 377 'mul' 'mul_ln71_5' <Predicate = (!icmp_ln165)> <Delay = 0.99> <CoreInst = "DSP48">   --->   Core 124 'DSP48' <Latency = 3> <II = 1> <Delay = 0.53> <IPBlock> <Opcode : 'add' 'sub' 'mul' 'select'> <InPorts = 0> <OutPorts = 1> <Sync> <CReg>
ST_7 : Operation 378 [1/1] (1.65ns)   --->   "%mul_ln71_6 = mul i16 %zext_ln67_6, i16 %sext_ln72_11_cast" [hls_filter_2d.cpp:71->hls_filter_2d.cpp:167]   --->   Operation 378 'mul' 'mul_ln71_6' <Predicate = (!icmp_ln165)> <Delay = 1.65> <CoreInst = "Multiplier">   --->   Core 3 'Multiplier' <Latency = 0> <II = 1> <Delay = 1.65> <FuncUnit> <Opcode : 'mul'> <InPorts = 2> <OutPorts = 1>
ST_7 : Operation 379 [1/1] (0.00ns)   --->   "%sext_ln71_6 = sext i16 %mul_ln71_6" [hls_filter_2d.cpp:71->hls_filter_2d.cpp:167]   --->   Operation 379 'sext' 'sext_ln71_6' <Predicate = (!icmp_ln165)> <Delay = 0.00>
ST_7 : Operation 380 [1/3] (0.00ns) (grouped into DSP with root node add_ln71_7)   --->   "%mul_ln71_7 = mul i16 %zext_ln67_5, i16 %sext_ln72_10_cast" [hls_filter_2d.cpp:71->hls_filter_2d.cpp:167]   --->   Operation 380 'mul' 'mul_ln71_7' <Predicate = (!icmp_ln165)> <Delay = 0.00> <CoreInst = "DSP48">   --->   Core 124 'DSP48' <Latency = 3> <II = 1> <Delay = 0.53> <IPBlock> <Opcode : 'add' 'sub' 'mul' 'select'> <InPorts = 0> <OutPorts = 1> <Sync> <CReg>
ST_7 : Operation 381 [1/1] (0.00ns) (grouped into DSP with root node add_ln71_7)   --->   "%sext_ln71_7 = sext i16 %mul_ln71_7" [hls_filter_2d.cpp:71->hls_filter_2d.cpp:167]   --->   Operation 381 'sext' 'sext_ln71_7' <Predicate = (!icmp_ln165)> <Delay = 0.00>
ST_7 : Operation 382 [1/3] (0.00ns) (grouped into DSP with root node add_ln71_18)   --->   "%mul_ln71_8 = mul i16 %zext_ln67_4, i16 %sext_ln72_9_cast" [hls_filter_2d.cpp:71->hls_filter_2d.cpp:167]   --->   Operation 382 'mul' 'mul_ln71_8' <Predicate = (!icmp_ln165)> <Delay = 0.00> <CoreInst = "DSP48">   --->   Core 124 'DSP48' <Latency = 3> <II = 1> <Delay = 0.53> <IPBlock> <Opcode : 'add' 'sub' 'mul' 'select'> <InPorts = 0> <OutPorts = 1> <Sync> <CReg>
ST_7 : Operation 383 [1/1] (0.00ns) (grouped into DSP with root node add_ln71_18)   --->   "%sext_ln71_8 = sext i16 %mul_ln71_8" [hls_filter_2d.cpp:71->hls_filter_2d.cpp:167]   --->   Operation 383 'sext' 'sext_ln71_8' <Predicate = (!icmp_ln165)> <Delay = 0.00>
ST_7 : Operation 384 [3/3] (0.99ns) (grouped into DSP with root node add_ln71_12)   --->   "%mul_ln71_9 = mul i16 %zext_ln67_3, i16 %sext_ln72_8_cast" [hls_filter_2d.cpp:71->hls_filter_2d.cpp:167]   --->   Operation 384 'mul' 'mul_ln71_9' <Predicate = (!icmp_ln165)> <Delay = 0.99> <CoreInst = "DSP48">   --->   Core 124 'DSP48' <Latency = 3> <II = 1> <Delay = 0.53> <IPBlock> <Opcode : 'add' 'sub' 'mul' 'select'> <InPorts = 0> <OutPorts = 1> <Sync> <CReg>
ST_7 : Operation 385 [2/3] (0.99ns) (grouped into DSP with root node add_ln71_11)   --->   "%mul_ln71_11 = mul i16 %zext_ln67_1, i16 %sext_ln72_6_cast" [hls_filter_2d.cpp:71->hls_filter_2d.cpp:167]   --->   Operation 385 'mul' 'mul_ln71_11' <Predicate = (!icmp_ln165)> <Delay = 0.99> <CoreInst = "DSP48">   --->   Core 124 'DSP48' <Latency = 3> <II = 1> <Delay = 0.53> <IPBlock> <Opcode : 'add' 'sub' 'mul' 'select'> <InPorts = 0> <OutPorts = 1> <Sync> <CReg>
ST_7 : Operation 386 [3/3] (0.99ns) (grouped into DSP with root node add_ln71_14)   --->   "%mul_ln71_12 = mul i16 %zext_ln67, i16 %sext_ln72_5_cast" [hls_filter_2d.cpp:71->hls_filter_2d.cpp:167]   --->   Operation 386 'mul' 'mul_ln71_12' <Predicate = (!icmp_ln165)> <Delay = 0.99> <CoreInst = "DSP48">   --->   Core 124 'DSP48' <Latency = 3> <II = 1> <Delay = 0.53> <IPBlock> <Opcode : 'add' 'sub' 'mul' 'select'> <InPorts = 0> <OutPorts = 1> <Sync> <CReg>
ST_7 : Operation 387 [1/1] (1.65ns)   --->   "%mul_ln71_13 = mul i16 %zext_ln64_1, i16 %sext_ln72_4_cast" [hls_filter_2d.cpp:71->hls_filter_2d.cpp:167]   --->   Operation 387 'mul' 'mul_ln71_13' <Predicate = (!icmp_ln165)> <Delay = 1.65> <CoreInst = "Multiplier">   --->   Core 3 'Multiplier' <Latency = 0> <II = 1> <Delay = 1.65> <FuncUnit> <Opcode : 'mul'> <InPorts = 2> <OutPorts = 1>
ST_7 : Operation 388 [1/1] (0.00ns)   --->   "%sext_ln71_13 = sext i16 %mul_ln71_13" [hls_filter_2d.cpp:71->hls_filter_2d.cpp:167]   --->   Operation 388 'sext' 'sext_ln71_13' <Predicate = (!icmp_ln165)> <Delay = 0.00>
ST_7 : Operation 389 [2/3] (0.99ns) (grouped into DSP with root node add_ln71_13)   --->   "%mul_ln71_15 = mul i16 %zext_ln63_3, i16 %sext_ln72_2_cast" [hls_filter_2d.cpp:71->hls_filter_2d.cpp:167]   --->   Operation 389 'mul' 'mul_ln71_15' <Predicate = (!icmp_ln165)> <Delay = 0.99> <CoreInst = "DSP48">   --->   Core 124 'DSP48' <Latency = 3> <II = 1> <Delay = 0.53> <IPBlock> <Opcode : 'add' 'sub' 'mul' 'select'> <InPorts = 0> <OutPorts = 1> <Sync> <CReg>
ST_7 : Operation 390 [1/1] (1.65ns)   --->   "%mul_ln71_16 = mul i16 %zext_ln63_1, i16 %sext_ln72_cast" [hls_filter_2d.cpp:71->hls_filter_2d.cpp:167]   --->   Operation 390 'mul' 'mul_ln71_16' <Predicate = (!icmp_ln165)> <Delay = 1.65> <CoreInst = "Multiplier">   --->   Core 3 'Multiplier' <Latency = 0> <II = 1> <Delay = 1.65> <FuncUnit> <Opcode : 'mul'> <InPorts = 2> <OutPorts = 1>
ST_7 : Operation 391 [1/1] (0.00ns)   --->   "%sext_ln71_16 = sext i16 %mul_ln71_16" [hls_filter_2d.cpp:71->hls_filter_2d.cpp:167]   --->   Operation 391 'sext' 'sext_ln71_16' <Predicate = (!icmp_ln165)> <Delay = 0.00>
ST_7 : Operation 392 [2/3] (0.99ns) (grouped into DSP with root node add_ln71_17)   --->   "%mul_ln71_17 = mul i16 %zext_ln63_2, i16 %sext_ln72_1_cast" [hls_filter_2d.cpp:71->hls_filter_2d.cpp:167]   --->   Operation 392 'mul' 'mul_ln71_17' <Predicate = (!icmp_ln165)> <Delay = 0.99> <CoreInst = "DSP48">   --->   Core 124 'DSP48' <Latency = 3> <II = 1> <Delay = 0.53> <IPBlock> <Opcode : 'add' 'sub' 'mul' 'select'> <InPorts = 0> <OutPorts = 1> <Sync> <CReg>
ST_7 : Operation 393 [1/3] (0.00ns) (grouped into DSP with root node add_ln71_16)   --->   "%mul_ln71_18 = mul i16 %zext_ln71, i16 %sext_ln76_cast" [hls_filter_2d.cpp:71->hls_filter_2d.cpp:167]   --->   Operation 393 'mul' 'mul_ln71_18' <Predicate = (!icmp_ln165)> <Delay = 0.00> <CoreInst = "DSP48">   --->   Core 124 'DSP48' <Latency = 3> <II = 1> <Delay = 0.53> <IPBlock> <Opcode : 'add' 'sub' 'mul' 'select'> <InPorts = 0> <OutPorts = 1> <Sync> <CReg>
ST_7 : Operation 394 [1/1] (0.00ns) (grouped into DSP with root node add_ln71_16)   --->   "%sext_ln71_18 = sext i16 %mul_ln71_18" [hls_filter_2d.cpp:71->hls_filter_2d.cpp:167]   --->   Operation 394 'sext' 'sext_ln71_18' <Predicate = (!icmp_ln165)> <Delay = 0.00>
ST_7 : Operation 395 [2/3] (0.99ns) (grouped into DSP with root node add_ln71_1)   --->   "%mul_ln71_19 = mul i16 %zext_ln67_16, i16 %sext_ln72_23_cast" [hls_filter_2d.cpp:71->hls_filter_2d.cpp:167]   --->   Operation 395 'mul' 'mul_ln71_19' <Predicate = (!icmp_ln165)> <Delay = 0.99> <CoreInst = "DSP48">   --->   Core 124 'DSP48' <Latency = 3> <II = 1> <Delay = 0.53> <IPBlock> <Opcode : 'add' 'sub' 'mul' 'select'> <InPorts = 0> <OutPorts = 1> <Sync> <CReg>
ST_7 : Operation 396 [1/1] (1.65ns)   --->   "%mul_ln71_20 = mul i16 %zext_ln67_15, i16 %sext_ln72_22_cast" [hls_filter_2d.cpp:71->hls_filter_2d.cpp:167]   --->   Operation 396 'mul' 'mul_ln71_20' <Predicate = (!icmp_ln165)> <Delay = 1.65> <CoreInst = "Multiplier">   --->   Core 3 'Multiplier' <Latency = 0> <II = 1> <Delay = 1.65> <FuncUnit> <Opcode : 'mul'> <InPorts = 2> <OutPorts = 1>
ST_7 : Operation 397 [1/1] (0.00ns)   --->   "%sext_ln71_20 = sext i16 %mul_ln71_20" [hls_filter_2d.cpp:71->hls_filter_2d.cpp:167]   --->   Operation 397 'sext' 'sext_ln71_20' <Predicate = (!icmp_ln165)> <Delay = 0.00>
ST_7 : Operation 398 [2/3] (0.99ns) (grouped into DSP with root node add_ln71_3)   --->   "%mul_ln71_21 = mul i16 %zext_ln67_14, i16 %sext_ln72_21_cast" [hls_filter_2d.cpp:71->hls_filter_2d.cpp:167]   --->   Operation 398 'mul' 'mul_ln71_21' <Predicate = (!icmp_ln165)> <Delay = 0.99> <CoreInst = "DSP48">   --->   Core 124 'DSP48' <Latency = 3> <II = 1> <Delay = 0.53> <IPBlock> <Opcode : 'add' 'sub' 'mul' 'select'> <InPorts = 0> <OutPorts = 1> <Sync> <CReg>
ST_7 : Operation 399 [1/3] (0.00ns) (grouped into DSP with root node add_ln71)   --->   "%mul_ln71_22 = mul i16 %zext_ln67_13, i16 %sext_ln72_20_cast" [hls_filter_2d.cpp:71->hls_filter_2d.cpp:167]   --->   Operation 399 'mul' 'mul_ln71_22' <Predicate = (!icmp_ln165)> <Delay = 0.00> <CoreInst = "DSP48">   --->   Core 124 'DSP48' <Latency = 3> <II = 1> <Delay = 0.53> <IPBlock> <Opcode : 'add' 'sub' 'mul' 'select'> <InPorts = 0> <OutPorts = 1> <Sync> <CReg>
ST_7 : Operation 400 [1/1] (0.00ns) (grouped into DSP with root node add_ln71)   --->   "%sext_ln71_22 = sext i16 %mul_ln71_22" [hls_filter_2d.cpp:71->hls_filter_2d.cpp:167]   --->   Operation 400 'sext' 'sext_ln71_22' <Predicate = (!icmp_ln165)> <Delay = 0.00>
ST_7 : Operation 401 [1/3] (0.00ns) (grouped into DSP with root node add_ln71_19)   --->   "%mul_ln71_23 = mul i16 %zext_ln64_3, i16 %sext_ln72_19_cast" [hls_filter_2d.cpp:71->hls_filter_2d.cpp:167]   --->   Operation 401 'mul' 'mul_ln71_23' <Predicate = (!icmp_ln165)> <Delay = 0.00> <CoreInst = "DSP48">   --->   Core 124 'DSP48' <Latency = 3> <II = 1> <Delay = 0.53> <IPBlock> <Opcode : 'add' 'sub' 'mul' 'select'> <InPorts = 0> <OutPorts = 1> <Sync> <CReg>
ST_7 : Operation 402 [1/1] (0.00ns) (grouped into DSP with root node add_ln71_19)   --->   "%sext_ln71_23 = sext i16 %mul_ln71_23" [hls_filter_2d.cpp:71->hls_filter_2d.cpp:167]   --->   Operation 402 'sext' 'sext_ln71_23' <Predicate = (!icmp_ln165)> <Delay = 0.00>
ST_7 : Operation 403 [1/1] (1.65ns)   --->   "%mul_ln71_24 = mul i16 %zext_ln67_12, i16 %sext_ln72_18_cast" [hls_filter_2d.cpp:71->hls_filter_2d.cpp:167]   --->   Operation 403 'mul' 'mul_ln71_24' <Predicate = (!icmp_ln165)> <Delay = 1.65> <CoreInst = "Multiplier">   --->   Core 3 'Multiplier' <Latency = 0> <II = 1> <Delay = 1.65> <FuncUnit> <Opcode : 'mul'> <InPorts = 2> <OutPorts = 1>
ST_7 : Operation 404 [1/1] (0.00ns)   --->   "%sext_ln71_24 = sext i16 %mul_ln71_24" [hls_filter_2d.cpp:71->hls_filter_2d.cpp:167]   --->   Operation 404 'sext' 'sext_ln71_24' <Predicate = (!icmp_ln165)> <Delay = 0.00>
ST_7 : Operation 405 [2/2] (0.64ns) (root node of the DSP)   --->   "%add_ln71 = add i17 %sext_ln71_20, i17 %sext_ln71_22" [hls_filter_2d.cpp:71->hls_filter_2d.cpp:167]   --->   Operation 405 'add' 'add_ln71' <Predicate = (!icmp_ln165)> <Delay = 0.64> <CoreInst = "DSP48">   --->   Core 124 'DSP48' <Latency = 3> <II = 1> <Delay = 0.53> <IPBlock> <Opcode : 'add' 'sub' 'mul' 'select'> <InPorts = 0> <OutPorts = 1> <Sync> <CReg>
ST_7 : Operation 406 [2/2] (0.64ns) (root node of the DSP)   --->   "%add_ln71_2 = add i17 %sext_ln71_24, i17 %sext_ln71" [hls_filter_2d.cpp:71->hls_filter_2d.cpp:167]   --->   Operation 406 'add' 'add_ln71_2' <Predicate = (!icmp_ln165)> <Delay = 0.64> <CoreInst = "DSP48">   --->   Core 124 'DSP48' <Latency = 3> <II = 1> <Delay = 0.53> <IPBlock> <Opcode : 'add' 'sub' 'mul' 'select'> <InPorts = 0> <OutPorts = 1> <Sync> <CReg>
ST_7 : Operation 407 [2/2] (0.64ns) (root node of the DSP)   --->   "%add_ln71_5 = add i17 %sext_ln71_2, i17 %sext_ln71_4" [hls_filter_2d.cpp:71->hls_filter_2d.cpp:167]   --->   Operation 407 'add' 'add_ln71_5' <Predicate = (!icmp_ln165)> <Delay = 0.64> <CoreInst = "DSP48">   --->   Core 124 'DSP48' <Latency = 3> <II = 1> <Delay = 0.53> <IPBlock> <Opcode : 'add' 'sub' 'mul' 'select'> <InPorts = 0> <OutPorts = 1> <Sync> <CReg>
ST_7 : Operation 408 [2/2] (0.64ns) (root node of the DSP)   --->   "%add_ln71_7 = add i17 %sext_ln71_6, i17 %sext_ln71_7" [hls_filter_2d.cpp:71->hls_filter_2d.cpp:167]   --->   Operation 408 'add' 'add_ln71_7' <Predicate = (!icmp_ln165)> <Delay = 0.64> <CoreInst = "DSP48">   --->   Core 124 'DSP48' <Latency = 3> <II = 1> <Delay = 0.53> <IPBlock> <Opcode : 'add' 'sub' 'mul' 'select'> <InPorts = 0> <OutPorts = 1> <Sync> <CReg>
ST_7 : Operation 409 [2/2] (0.64ns) (root node of the DSP)   --->   "%add_ln71_16 = add i17 %sext_ln71_16, i17 %sext_ln71_18" [hls_filter_2d.cpp:71->hls_filter_2d.cpp:167]   --->   Operation 409 'add' 'add_ln71_16' <Predicate = (!icmp_ln165)> <Delay = 0.64> <CoreInst = "DSP48">   --->   Core 124 'DSP48' <Latency = 3> <II = 1> <Delay = 0.53> <IPBlock> <Opcode : 'add' 'sub' 'mul' 'select'> <InPorts = 0> <OutPorts = 1> <Sync> <CReg>
ST_7 : Operation 410 [2/2] (0.64ns) (root node of the DSP)   --->   "%add_ln71_18 = add i17 %sext_ln71_13, i17 %sext_ln71_8" [hls_filter_2d.cpp:71->hls_filter_2d.cpp:167]   --->   Operation 410 'add' 'add_ln71_18' <Predicate = (!icmp_ln165)> <Delay = 0.64> <CoreInst = "DSP48">   --->   Core 124 'DSP48' <Latency = 3> <II = 1> <Delay = 0.53> <IPBlock> <Opcode : 'add' 'sub' 'mul' 'select'> <InPorts = 0> <OutPorts = 1> <Sync> <CReg>
ST_7 : Operation 411 [2/2] (0.64ns) (root node of the DSP)   --->   "%add_ln71_19 = add i17 %sext_ln71_3, i17 %sext_ln71_23" [hls_filter_2d.cpp:71->hls_filter_2d.cpp:167]   --->   Operation 411 'add' 'add_ln71_19' <Predicate = (!icmp_ln165)> <Delay = 0.64> <CoreInst = "DSP48">   --->   Core 124 'DSP48' <Latency = 3> <II = 1> <Delay = 0.53> <IPBlock> <Opcode : 'add' 'sub' 'mul' 'select'> <InPorts = 0> <OutPorts = 1> <Sync> <CReg>

State 8 <SV = 7> <Delay = 2.29>
ST_8 : Operation 412 [1/1] (0.00ns)   --->   "%zext_ln63_4 = zext i8 %val_42" [hls_filter_2d.cpp:63->hls_filter_2d.cpp:167]   --->   Operation 412 'zext' 'zext_ln63_4' <Predicate = (!icmp_ln165)> <Delay = 0.00>
ST_8 : Operation 413 [1/1] (0.00ns)   --->   "%zext_ln67_2 = zext i8 %val_52" [hls_filter_2d.cpp:67->hls_filter_2d.cpp:167]   --->   Operation 413 'zext' 'zext_ln67_2' <Predicate = (!icmp_ln165)> <Delay = 0.00>
ST_8 : Operation 414 [1/3] (0.00ns) (grouped into DSP with root node add_ln71_6)   --->   "%mul_ln71_1 = mul i16 %zext_ln67_10, i16 %sext_ln72_16_cast" [hls_filter_2d.cpp:71->hls_filter_2d.cpp:167]   --->   Operation 414 'mul' 'mul_ln71_1' <Predicate = (!icmp_ln165)> <Delay = 0.00> <CoreInst = "DSP48">   --->   Core 124 'DSP48' <Latency = 3> <II = 1> <Delay = 0.53> <IPBlock> <Opcode : 'add' 'sub' 'mul' 'select'> <InPorts = 0> <OutPorts = 1> <Sync> <CReg>
ST_8 : Operation 415 [1/1] (0.00ns) (grouped into DSP with root node add_ln71_6)   --->   "%sext_ln71_1 = sext i16 %mul_ln71_1" [hls_filter_2d.cpp:71->hls_filter_2d.cpp:167]   --->   Operation 415 'sext' 'sext_ln71_1' <Predicate = (!icmp_ln165)> <Delay = 0.00>
ST_8 : Operation 416 [1/3] (0.00ns) (grouped into DSP with root node add_ln71_8)   --->   "%mul_ln71_5 = mul i16 %zext_ln67_7, i16 %sext_ln72_12_cast" [hls_filter_2d.cpp:71->hls_filter_2d.cpp:167]   --->   Operation 416 'mul' 'mul_ln71_5' <Predicate = (!icmp_ln165)> <Delay = 0.00> <CoreInst = "DSP48">   --->   Core 124 'DSP48' <Latency = 3> <II = 1> <Delay = 0.53> <IPBlock> <Opcode : 'add' 'sub' 'mul' 'select'> <InPorts = 0> <OutPorts = 1> <Sync> <CReg>
ST_8 : Operation 417 [1/1] (0.00ns) (grouped into DSP with root node add_ln71_8)   --->   "%sext_ln71_5 = sext i16 %mul_ln71_5" [hls_filter_2d.cpp:71->hls_filter_2d.cpp:167]   --->   Operation 417 'sext' 'sext_ln71_5' <Predicate = (!icmp_ln165)> <Delay = 0.00>
ST_8 : Operation 418 [2/3] (0.99ns) (grouped into DSP with root node add_ln71_12)   --->   "%mul_ln71_9 = mul i16 %zext_ln67_3, i16 %sext_ln72_8_cast" [hls_filter_2d.cpp:71->hls_filter_2d.cpp:167]   --->   Operation 418 'mul' 'mul_ln71_9' <Predicate = (!icmp_ln165)> <Delay = 0.99> <CoreInst = "DSP48">   --->   Core 124 'DSP48' <Latency = 3> <II = 1> <Delay = 0.53> <IPBlock> <Opcode : 'add' 'sub' 'mul' 'select'> <InPorts = 0> <OutPorts = 1> <Sync> <CReg>
ST_8 : Operation 419 [1/1] (1.65ns)   --->   "%mul_ln71_10 = mul i16 %zext_ln67_2, i16 %sext_ln72_7_cast" [hls_filter_2d.cpp:71->hls_filter_2d.cpp:167]   --->   Operation 419 'mul' 'mul_ln71_10' <Predicate = (!icmp_ln165)> <Delay = 1.65> <CoreInst = "Multiplier">   --->   Core 3 'Multiplier' <Latency = 0> <II = 1> <Delay = 1.65> <FuncUnit> <Opcode : 'mul'> <InPorts = 2> <OutPorts = 1>
ST_8 : Operation 420 [1/1] (0.00ns)   --->   "%sext_ln71_10 = sext i16 %mul_ln71_10" [hls_filter_2d.cpp:71->hls_filter_2d.cpp:167]   --->   Operation 420 'sext' 'sext_ln71_10' <Predicate = (!icmp_ln165)> <Delay = 0.00>
ST_8 : Operation 421 [1/3] (0.00ns) (grouped into DSP with root node add_ln71_11)   --->   "%mul_ln71_11 = mul i16 %zext_ln67_1, i16 %sext_ln72_6_cast" [hls_filter_2d.cpp:71->hls_filter_2d.cpp:167]   --->   Operation 421 'mul' 'mul_ln71_11' <Predicate = (!icmp_ln165)> <Delay = 0.00> <CoreInst = "DSP48">   --->   Core 124 'DSP48' <Latency = 3> <II = 1> <Delay = 0.53> <IPBlock> <Opcode : 'add' 'sub' 'mul' 'select'> <InPorts = 0> <OutPorts = 1> <Sync> <CReg>
ST_8 : Operation 422 [1/1] (0.00ns) (grouped into DSP with root node add_ln71_11)   --->   "%sext_ln71_11 = sext i16 %mul_ln71_11" [hls_filter_2d.cpp:71->hls_filter_2d.cpp:167]   --->   Operation 422 'sext' 'sext_ln71_11' <Predicate = (!icmp_ln165)> <Delay = 0.00>
ST_8 : Operation 423 [2/3] (0.99ns) (grouped into DSP with root node add_ln71_14)   --->   "%mul_ln71_12 = mul i16 %zext_ln67, i16 %sext_ln72_5_cast" [hls_filter_2d.cpp:71->hls_filter_2d.cpp:167]   --->   Operation 423 'mul' 'mul_ln71_12' <Predicate = (!icmp_ln165)> <Delay = 0.99> <CoreInst = "DSP48">   --->   Core 124 'DSP48' <Latency = 3> <II = 1> <Delay = 0.53> <IPBlock> <Opcode : 'add' 'sub' 'mul' 'select'> <InPorts = 0> <OutPorts = 1> <Sync> <CReg>
ST_8 : Operation 424 [1/1] (1.65ns)   --->   "%mul_ln71_14 = mul i16 %zext_ln63_4, i16 %sext_ln72_3_cast" [hls_filter_2d.cpp:71->hls_filter_2d.cpp:167]   --->   Operation 424 'mul' 'mul_ln71_14' <Predicate = (!icmp_ln165)> <Delay = 1.65> <CoreInst = "Multiplier">   --->   Core 3 'Multiplier' <Latency = 0> <II = 1> <Delay = 1.65> <FuncUnit> <Opcode : 'mul'> <InPorts = 2> <OutPorts = 1>
ST_8 : Operation 425 [1/1] (0.00ns)   --->   "%sext_ln71_14 = sext i16 %mul_ln71_14" [hls_filter_2d.cpp:71->hls_filter_2d.cpp:167]   --->   Operation 425 'sext' 'sext_ln71_14' <Predicate = (!icmp_ln165)> <Delay = 0.00>
ST_8 : Operation 426 [1/3] (0.00ns) (grouped into DSP with root node add_ln71_13)   --->   "%mul_ln71_15 = mul i16 %zext_ln63_3, i16 %sext_ln72_2_cast" [hls_filter_2d.cpp:71->hls_filter_2d.cpp:167]   --->   Operation 426 'mul' 'mul_ln71_15' <Predicate = (!icmp_ln165)> <Delay = 0.00> <CoreInst = "DSP48">   --->   Core 124 'DSP48' <Latency = 3> <II = 1> <Delay = 0.53> <IPBlock> <Opcode : 'add' 'sub' 'mul' 'select'> <InPorts = 0> <OutPorts = 1> <Sync> <CReg>
ST_8 : Operation 427 [1/1] (0.00ns) (grouped into DSP with root node add_ln71_13)   --->   "%sext_ln71_15 = sext i16 %mul_ln71_15" [hls_filter_2d.cpp:71->hls_filter_2d.cpp:167]   --->   Operation 427 'sext' 'sext_ln71_15' <Predicate = (!icmp_ln165)> <Delay = 0.00>
ST_8 : Operation 428 [1/3] (0.00ns) (grouped into DSP with root node add_ln71_17)   --->   "%mul_ln71_17 = mul i16 %zext_ln63_2, i16 %sext_ln72_1_cast" [hls_filter_2d.cpp:71->hls_filter_2d.cpp:167]   --->   Operation 428 'mul' 'mul_ln71_17' <Predicate = (!icmp_ln165)> <Delay = 0.00> <CoreInst = "DSP48">   --->   Core 124 'DSP48' <Latency = 3> <II = 1> <Delay = 0.53> <IPBlock> <Opcode : 'add' 'sub' 'mul' 'select'> <InPorts = 0> <OutPorts = 1> <Sync> <CReg>
ST_8 : Operation 429 [1/1] (0.00ns) (grouped into DSP with root node add_ln71_17)   --->   "%sext_ln71_17 = sext i16 %mul_ln71_17" [hls_filter_2d.cpp:71->hls_filter_2d.cpp:167]   --->   Operation 429 'sext' 'sext_ln71_17' <Predicate = (!icmp_ln165)> <Delay = 0.00>
ST_8 : Operation 430 [1/3] (0.00ns) (grouped into DSP with root node add_ln71_1)   --->   "%mul_ln71_19 = mul i16 %zext_ln67_16, i16 %sext_ln72_23_cast" [hls_filter_2d.cpp:71->hls_filter_2d.cpp:167]   --->   Operation 430 'mul' 'mul_ln71_19' <Predicate = (!icmp_ln165)> <Delay = 0.00> <CoreInst = "DSP48">   --->   Core 124 'DSP48' <Latency = 3> <II = 1> <Delay = 0.53> <IPBlock> <Opcode : 'add' 'sub' 'mul' 'select'> <InPorts = 0> <OutPorts = 1> <Sync> <CReg>
ST_8 : Operation 431 [1/1] (0.00ns) (grouped into DSP with root node add_ln71_1)   --->   "%sext_ln71_19 = sext i16 %mul_ln71_19" [hls_filter_2d.cpp:71->hls_filter_2d.cpp:167]   --->   Operation 431 'sext' 'sext_ln71_19' <Predicate = (!icmp_ln165)> <Delay = 0.00>
ST_8 : Operation 432 [1/3] (0.00ns) (grouped into DSP with root node add_ln71_3)   --->   "%mul_ln71_21 = mul i16 %zext_ln67_14, i16 %sext_ln72_21_cast" [hls_filter_2d.cpp:71->hls_filter_2d.cpp:167]   --->   Operation 432 'mul' 'mul_ln71_21' <Predicate = (!icmp_ln165)> <Delay = 0.00> <CoreInst = "DSP48">   --->   Core 124 'DSP48' <Latency = 3> <II = 1> <Delay = 0.53> <IPBlock> <Opcode : 'add' 'sub' 'mul' 'select'> <InPorts = 0> <OutPorts = 1> <Sync> <CReg>
ST_8 : Operation 433 [1/1] (0.00ns) (grouped into DSP with root node add_ln71_3)   --->   "%sext_ln71_21 = sext i16 %mul_ln71_21" [hls_filter_2d.cpp:71->hls_filter_2d.cpp:167]   --->   Operation 433 'sext' 'sext_ln71_21' <Predicate = (!icmp_ln165)> <Delay = 0.00>
ST_8 : Operation 434 [1/2] (0.64ns) (root node of the DSP)   --->   "%add_ln71 = add i17 %sext_ln71_20, i17 %sext_ln71_22" [hls_filter_2d.cpp:71->hls_filter_2d.cpp:167]   --->   Operation 434 'add' 'add_ln71' <Predicate = (!icmp_ln165)> <Delay = 0.64> <CoreInst = "DSP48">   --->   Core 124 'DSP48' <Latency = 3> <II = 1> <Delay = 0.53> <IPBlock> <Opcode : 'add' 'sub' 'mul' 'select'> <InPorts = 0> <OutPorts = 1> <Sync> <CReg>
ST_8 : Operation 435 [1/1] (0.00ns)   --->   "%sext_ln71_25 = sext i17 %add_ln71" [hls_filter_2d.cpp:71->hls_filter_2d.cpp:167]   --->   Operation 435 'sext' 'sext_ln71_25' <Predicate = (!icmp_ln165)> <Delay = 0.00>
ST_8 : Operation 436 [2/2] (0.64ns) (root node of the DSP)   --->   "%add_ln71_1 = add i18 %sext_ln71_25, i18 %sext_ln71_19" [hls_filter_2d.cpp:71->hls_filter_2d.cpp:167]   --->   Operation 436 'add' 'add_ln71_1' <Predicate = (!icmp_ln165)> <Delay = 0.64> <CoreInst = "DSP48">   --->   Core 124 'DSP48' <Latency = 3> <II = 1> <Delay = 0.53> <IPBlock> <Opcode : 'add' 'sub' 'mul' 'select'> <InPorts = 0> <OutPorts = 1> <Sync> <CReg>
ST_8 : Operation 437 [1/2] (0.64ns) (root node of the DSP)   --->   "%add_ln71_2 = add i17 %sext_ln71_24, i17 %sext_ln71" [hls_filter_2d.cpp:71->hls_filter_2d.cpp:167]   --->   Operation 437 'add' 'add_ln71_2' <Predicate = (!icmp_ln165)> <Delay = 0.64> <CoreInst = "DSP48">   --->   Core 124 'DSP48' <Latency = 3> <II = 1> <Delay = 0.53> <IPBlock> <Opcode : 'add' 'sub' 'mul' 'select'> <InPorts = 0> <OutPorts = 1> <Sync> <CReg>
ST_8 : Operation 438 [1/1] (0.00ns)   --->   "%sext_ln71_27 = sext i17 %add_ln71_2" [hls_filter_2d.cpp:71->hls_filter_2d.cpp:167]   --->   Operation 438 'sext' 'sext_ln71_27' <Predicate = (!icmp_ln165)> <Delay = 0.00>
ST_8 : Operation 439 [2/2] (0.64ns) (root node of the DSP)   --->   "%add_ln71_3 = add i18 %sext_ln71_27, i18 %sext_ln71_21" [hls_filter_2d.cpp:71->hls_filter_2d.cpp:167]   --->   Operation 439 'add' 'add_ln71_3' <Predicate = (!icmp_ln165)> <Delay = 0.64> <CoreInst = "DSP48">   --->   Core 124 'DSP48' <Latency = 3> <II = 1> <Delay = 0.53> <IPBlock> <Opcode : 'add' 'sub' 'mul' 'select'> <InPorts = 0> <OutPorts = 1> <Sync> <CReg>
ST_8 : Operation 440 [1/2] (0.64ns) (root node of the DSP)   --->   "%add_ln71_5 = add i17 %sext_ln71_2, i17 %sext_ln71_4" [hls_filter_2d.cpp:71->hls_filter_2d.cpp:167]   --->   Operation 440 'add' 'add_ln71_5' <Predicate = (!icmp_ln165)> <Delay = 0.64> <CoreInst = "DSP48">   --->   Core 124 'DSP48' <Latency = 3> <II = 1> <Delay = 0.53> <IPBlock> <Opcode : 'add' 'sub' 'mul' 'select'> <InPorts = 0> <OutPorts = 1> <Sync> <CReg>
ST_8 : Operation 441 [1/1] (0.00ns)   --->   "%sext_ln71_30 = sext i17 %add_ln71_5" [hls_filter_2d.cpp:71->hls_filter_2d.cpp:167]   --->   Operation 441 'sext' 'sext_ln71_30' <Predicate = (!icmp_ln165)> <Delay = 0.00>
ST_8 : Operation 442 [2/2] (0.64ns) (root node of the DSP)   --->   "%add_ln71_6 = add i18 %sext_ln71_30, i18 %sext_ln71_1" [hls_filter_2d.cpp:71->hls_filter_2d.cpp:167]   --->   Operation 442 'add' 'add_ln71_6' <Predicate = (!icmp_ln165)> <Delay = 0.64> <CoreInst = "DSP48">   --->   Core 124 'DSP48' <Latency = 3> <II = 1> <Delay = 0.53> <IPBlock> <Opcode : 'add' 'sub' 'mul' 'select'> <InPorts = 0> <OutPorts = 1> <Sync> <CReg>
ST_8 : Operation 443 [1/2] (0.64ns) (root node of the DSP)   --->   "%add_ln71_7 = add i17 %sext_ln71_6, i17 %sext_ln71_7" [hls_filter_2d.cpp:71->hls_filter_2d.cpp:167]   --->   Operation 443 'add' 'add_ln71_7' <Predicate = (!icmp_ln165)> <Delay = 0.64> <CoreInst = "DSP48">   --->   Core 124 'DSP48' <Latency = 3> <II = 1> <Delay = 0.53> <IPBlock> <Opcode : 'add' 'sub' 'mul' 'select'> <InPorts = 0> <OutPorts = 1> <Sync> <CReg>
ST_8 : Operation 444 [1/1] (0.00ns)   --->   "%sext_ln71_32 = sext i17 %add_ln71_7" [hls_filter_2d.cpp:71->hls_filter_2d.cpp:167]   --->   Operation 444 'sext' 'sext_ln71_32' <Predicate = (!icmp_ln165)> <Delay = 0.00>
ST_8 : Operation 445 [2/2] (0.64ns) (root node of the DSP)   --->   "%add_ln71_8 = add i18 %sext_ln71_32, i18 %sext_ln71_5" [hls_filter_2d.cpp:71->hls_filter_2d.cpp:167]   --->   Operation 445 'add' 'add_ln71_8' <Predicate = (!icmp_ln165)> <Delay = 0.64> <CoreInst = "DSP48">   --->   Core 124 'DSP48' <Latency = 3> <II = 1> <Delay = 0.53> <IPBlock> <Opcode : 'add' 'sub' 'mul' 'select'> <InPorts = 0> <OutPorts = 1> <Sync> <CReg>
ST_8 : Operation 446 [2/2] (0.64ns) (root node of the DSP)   --->   "%add_ln71_11 = add i17 %sext_ln71_10, i17 %sext_ln71_11" [hls_filter_2d.cpp:71->hls_filter_2d.cpp:167]   --->   Operation 446 'add' 'add_ln71_11' <Predicate = (!icmp_ln165)> <Delay = 0.64> <CoreInst = "DSP48">   --->   Core 124 'DSP48' <Latency = 3> <II = 1> <Delay = 0.53> <IPBlock> <Opcode : 'add' 'sub' 'mul' 'select'> <InPorts = 0> <OutPorts = 1> <Sync> <CReg>
ST_8 : Operation 447 [2/2] (0.64ns) (root node of the DSP)   --->   "%add_ln71_13 = add i17 %sext_ln71_14, i17 %sext_ln71_15" [hls_filter_2d.cpp:71->hls_filter_2d.cpp:167]   --->   Operation 447 'add' 'add_ln71_13' <Predicate = (!icmp_ln165)> <Delay = 0.64> <CoreInst = "DSP48">   --->   Core 124 'DSP48' <Latency = 3> <II = 1> <Delay = 0.53> <IPBlock> <Opcode : 'add' 'sub' 'mul' 'select'> <InPorts = 0> <OutPorts = 1> <Sync> <CReg>
ST_8 : Operation 448 [1/2] (0.64ns) (root node of the DSP)   --->   "%add_ln71_16 = add i17 %sext_ln71_16, i17 %sext_ln71_18" [hls_filter_2d.cpp:71->hls_filter_2d.cpp:167]   --->   Operation 448 'add' 'add_ln71_16' <Predicate = (!icmp_ln165)> <Delay = 0.64> <CoreInst = "DSP48">   --->   Core 124 'DSP48' <Latency = 3> <II = 1> <Delay = 0.53> <IPBlock> <Opcode : 'add' 'sub' 'mul' 'select'> <InPorts = 0> <OutPorts = 1> <Sync> <CReg>
ST_8 : Operation 449 [1/1] (0.00ns)   --->   "%sext_ln71_41 = sext i17 %add_ln71_16" [hls_filter_2d.cpp:71->hls_filter_2d.cpp:167]   --->   Operation 449 'sext' 'sext_ln71_41' <Predicate = (!icmp_ln165)> <Delay = 0.00>
ST_8 : Operation 450 [2/2] (0.64ns) (root node of the DSP)   --->   "%add_ln71_17 = add i18 %sext_ln71_41, i18 %sext_ln71_17" [hls_filter_2d.cpp:71->hls_filter_2d.cpp:167]   --->   Operation 450 'add' 'add_ln71_17' <Predicate = (!icmp_ln165)> <Delay = 0.64> <CoreInst = "DSP48">   --->   Core 124 'DSP48' <Latency = 3> <II = 1> <Delay = 0.53> <IPBlock> <Opcode : 'add' 'sub' 'mul' 'select'> <InPorts = 0> <OutPorts = 1> <Sync> <CReg>
ST_8 : Operation 451 [1/2] (0.64ns) (root node of the DSP)   --->   "%add_ln71_18 = add i17 %sext_ln71_13, i17 %sext_ln71_8" [hls_filter_2d.cpp:71->hls_filter_2d.cpp:167]   --->   Operation 451 'add' 'add_ln71_18' <Predicate = (!icmp_ln165)> <Delay = 0.64> <CoreInst = "DSP48">   --->   Core 124 'DSP48' <Latency = 3> <II = 1> <Delay = 0.53> <IPBlock> <Opcode : 'add' 'sub' 'mul' 'select'> <InPorts = 0> <OutPorts = 1> <Sync> <CReg>
ST_8 : Operation 452 [1/1] (0.00ns)   --->   "%sext_ln71_43 = sext i17 %add_ln71_18" [hls_filter_2d.cpp:71->hls_filter_2d.cpp:167]   --->   Operation 452 'sext' 'sext_ln71_43' <Predicate = (!icmp_ln165)> <Delay = 0.00>
ST_8 : Operation 453 [1/2] (0.64ns) (root node of the DSP)   --->   "%add_ln71_19 = add i17 %sext_ln71_3, i17 %sext_ln71_23" [hls_filter_2d.cpp:71->hls_filter_2d.cpp:167]   --->   Operation 453 'add' 'add_ln71_19' <Predicate = (!icmp_ln165)> <Delay = 0.64> <CoreInst = "DSP48">   --->   Core 124 'DSP48' <Latency = 3> <II = 1> <Delay = 0.53> <IPBlock> <Opcode : 'add' 'sub' 'mul' 'select'> <InPorts = 0> <OutPorts = 1> <Sync> <CReg>
ST_8 : Operation 454 [1/1] (0.00ns)   --->   "%sext_ln71_44 = sext i17 %add_ln71_19" [hls_filter_2d.cpp:71->hls_filter_2d.cpp:167]   --->   Operation 454 'sext' 'sext_ln71_44' <Predicate = (!icmp_ln165)> <Delay = 0.00>
ST_8 : Operation 455 [1/1] (0.86ns)   --->   "%add_ln71_20 = add i18 %sext_ln71_44, i18 %sext_ln71_43" [hls_filter_2d.cpp:71->hls_filter_2d.cpp:167]   --->   Operation 455 'add' 'add_ln71_20' <Predicate = (!icmp_ln165)> <Delay = 0.86> <CoreInst = "Adder">   --->   Core 1 'Adder' <Latency = 0> <II = 1> <Delay = 0.87> <FuncUnit> <Opcode : 'add' 'sub'> <InPorts = 2> <OutPorts = 1>

State 9 <SV = 8> <Delay = 2.40>
ST_9 : Operation 456 [1/3] (0.00ns) (grouped into DSP with root node add_ln71_12)   --->   "%mul_ln71_9 = mul i16 %zext_ln67_3, i16 %sext_ln72_8_cast" [hls_filter_2d.cpp:71->hls_filter_2d.cpp:167]   --->   Operation 456 'mul' 'mul_ln71_9' <Predicate = (!icmp_ln165)> <Delay = 0.00> <CoreInst = "DSP48">   --->   Core 124 'DSP48' <Latency = 3> <II = 1> <Delay = 0.53> <IPBlock> <Opcode : 'add' 'sub' 'mul' 'select'> <InPorts = 0> <OutPorts = 1> <Sync> <CReg>
ST_9 : Operation 457 [1/1] (0.00ns) (grouped into DSP with root node add_ln71_12)   --->   "%sext_ln71_9 = sext i16 %mul_ln71_9" [hls_filter_2d.cpp:71->hls_filter_2d.cpp:167]   --->   Operation 457 'sext' 'sext_ln71_9' <Predicate = (!icmp_ln165)> <Delay = 0.00>
ST_9 : Operation 458 [1/3] (0.00ns) (grouped into DSP with root node add_ln71_14)   --->   "%mul_ln71_12 = mul i16 %zext_ln67, i16 %sext_ln72_5_cast" [hls_filter_2d.cpp:71->hls_filter_2d.cpp:167]   --->   Operation 458 'mul' 'mul_ln71_12' <Predicate = (!icmp_ln165)> <Delay = 0.00> <CoreInst = "DSP48">   --->   Core 124 'DSP48' <Latency = 3> <II = 1> <Delay = 0.53> <IPBlock> <Opcode : 'add' 'sub' 'mul' 'select'> <InPorts = 0> <OutPorts = 1> <Sync> <CReg>
ST_9 : Operation 459 [1/1] (0.00ns) (grouped into DSP with root node add_ln71_14)   --->   "%sext_ln71_12 = sext i16 %mul_ln71_12" [hls_filter_2d.cpp:71->hls_filter_2d.cpp:167]   --->   Operation 459 'sext' 'sext_ln71_12' <Predicate = (!icmp_ln165)> <Delay = 0.00>
ST_9 : Operation 460 [1/2] (0.64ns) (root node of the DSP)   --->   "%add_ln71_1 = add i18 %sext_ln71_25, i18 %sext_ln71_19" [hls_filter_2d.cpp:71->hls_filter_2d.cpp:167]   --->   Operation 460 'add' 'add_ln71_1' <Predicate = (!icmp_ln165)> <Delay = 0.64> <CoreInst = "DSP48">   --->   Core 124 'DSP48' <Latency = 3> <II = 1> <Delay = 0.53> <IPBlock> <Opcode : 'add' 'sub' 'mul' 'select'> <InPorts = 0> <OutPorts = 1> <Sync> <CReg>
ST_9 : Operation 461 [1/1] (0.00ns)   --->   "%sext_ln71_26 = sext i18 %add_ln71_1" [hls_filter_2d.cpp:71->hls_filter_2d.cpp:167]   --->   Operation 461 'sext' 'sext_ln71_26' <Predicate = (!icmp_ln165)> <Delay = 0.00>
ST_9 : Operation 462 [1/2] (0.64ns) (root node of the DSP)   --->   "%add_ln71_3 = add i18 %sext_ln71_27, i18 %sext_ln71_21" [hls_filter_2d.cpp:71->hls_filter_2d.cpp:167]   --->   Operation 462 'add' 'add_ln71_3' <Predicate = (!icmp_ln165)> <Delay = 0.64> <CoreInst = "DSP48">   --->   Core 124 'DSP48' <Latency = 3> <II = 1> <Delay = 0.53> <IPBlock> <Opcode : 'add' 'sub' 'mul' 'select'> <InPorts = 0> <OutPorts = 1> <Sync> <CReg>
ST_9 : Operation 463 [1/1] (0.00ns)   --->   "%sext_ln71_28 = sext i18 %add_ln71_3" [hls_filter_2d.cpp:71->hls_filter_2d.cpp:167]   --->   Operation 463 'sext' 'sext_ln71_28' <Predicate = (!icmp_ln165)> <Delay = 0.00>
ST_9 : Operation 464 [1/1] (0.87ns)   --->   "%add_ln71_4 = add i19 %sext_ln71_28, i19 %sext_ln71_26" [hls_filter_2d.cpp:71->hls_filter_2d.cpp:167]   --->   Operation 464 'add' 'add_ln71_4' <Predicate = (!icmp_ln165)> <Delay = 0.87> <CoreInst = "Adder">   --->   Core 1 'Adder' <Latency = 0> <II = 1> <Delay = 0.88> <FuncUnit> <Opcode : 'add' 'sub'> <InPorts = 2> <OutPorts = 1>
ST_9 : Operation 465 [1/1] (0.00ns)   --->   "%sext_ln71_29 = sext i19 %add_ln71_4" [hls_filter_2d.cpp:71->hls_filter_2d.cpp:167]   --->   Operation 465 'sext' 'sext_ln71_29' <Predicate = (!icmp_ln165)> <Delay = 0.00>
ST_9 : Operation 466 [1/2] (0.64ns) (root node of the DSP)   --->   "%add_ln71_6 = add i18 %sext_ln71_30, i18 %sext_ln71_1" [hls_filter_2d.cpp:71->hls_filter_2d.cpp:167]   --->   Operation 466 'add' 'add_ln71_6' <Predicate = (!icmp_ln165)> <Delay = 0.64> <CoreInst = "DSP48">   --->   Core 124 'DSP48' <Latency = 3> <II = 1> <Delay = 0.53> <IPBlock> <Opcode : 'add' 'sub' 'mul' 'select'> <InPorts = 0> <OutPorts = 1> <Sync> <CReg>
ST_9 : Operation 467 [1/1] (0.00ns)   --->   "%sext_ln71_31 = sext i18 %add_ln71_6" [hls_filter_2d.cpp:71->hls_filter_2d.cpp:167]   --->   Operation 467 'sext' 'sext_ln71_31' <Predicate = (!icmp_ln165)> <Delay = 0.00>
ST_9 : Operation 468 [1/2] (0.64ns) (root node of the DSP)   --->   "%add_ln71_8 = add i18 %sext_ln71_32, i18 %sext_ln71_5" [hls_filter_2d.cpp:71->hls_filter_2d.cpp:167]   --->   Operation 468 'add' 'add_ln71_8' <Predicate = (!icmp_ln165)> <Delay = 0.64> <CoreInst = "DSP48">   --->   Core 124 'DSP48' <Latency = 3> <II = 1> <Delay = 0.53> <IPBlock> <Opcode : 'add' 'sub' 'mul' 'select'> <InPorts = 0> <OutPorts = 1> <Sync> <CReg>
ST_9 : Operation 469 [1/1] (0.00ns)   --->   "%sext_ln71_33 = sext i18 %add_ln71_8" [hls_filter_2d.cpp:71->hls_filter_2d.cpp:167]   --->   Operation 469 'sext' 'sext_ln71_33' <Predicate = (!icmp_ln165)> <Delay = 0.00>
ST_9 : Operation 470 [1/1] (0.87ns)   --->   "%add_ln71_9 = add i19 %sext_ln71_33, i19 %sext_ln71_31" [hls_filter_2d.cpp:71->hls_filter_2d.cpp:167]   --->   Operation 470 'add' 'add_ln71_9' <Predicate = (!icmp_ln165)> <Delay = 0.87> <CoreInst = "Adder">   --->   Core 1 'Adder' <Latency = 0> <II = 1> <Delay = 0.88> <FuncUnit> <Opcode : 'add' 'sub'> <InPorts = 2> <OutPorts = 1>
ST_9 : Operation 471 [1/1] (0.00ns)   --->   "%sext_ln71_34 = sext i19 %add_ln71_9" [hls_filter_2d.cpp:71->hls_filter_2d.cpp:167]   --->   Operation 471 'sext' 'sext_ln71_34' <Predicate = (!icmp_ln165)> <Delay = 0.00>
ST_9 : Operation 472 [1/1] (0.88ns)   --->   "%add_ln71_10 = add i20 %sext_ln71_34, i20 %sext_ln71_29" [hls_filter_2d.cpp:71->hls_filter_2d.cpp:167]   --->   Operation 472 'add' 'add_ln71_10' <Predicate = (!icmp_ln165)> <Delay = 0.88> <CoreInst = "Adder">   --->   Core 1 'Adder' <Latency = 0> <II = 1> <Delay = 0.89> <FuncUnit> <Opcode : 'add' 'sub'> <InPorts = 2> <OutPorts = 1>
ST_9 : Operation 473 [1/2] (0.64ns) (root node of the DSP)   --->   "%add_ln71_11 = add i17 %sext_ln71_10, i17 %sext_ln71_11" [hls_filter_2d.cpp:71->hls_filter_2d.cpp:167]   --->   Operation 473 'add' 'add_ln71_11' <Predicate = (!icmp_ln165)> <Delay = 0.64> <CoreInst = "DSP48">   --->   Core 124 'DSP48' <Latency = 3> <II = 1> <Delay = 0.53> <IPBlock> <Opcode : 'add' 'sub' 'mul' 'select'> <InPorts = 0> <OutPorts = 1> <Sync> <CReg>
ST_9 : Operation 474 [1/1] (0.00ns)   --->   "%sext_ln71_36 = sext i17 %add_ln71_11" [hls_filter_2d.cpp:71->hls_filter_2d.cpp:167]   --->   Operation 474 'sext' 'sext_ln71_36' <Predicate = (!icmp_ln165)> <Delay = 0.00>
ST_9 : Operation 475 [2/2] (0.64ns) (root node of the DSP)   --->   "%add_ln71_12 = add i18 %sext_ln71_36, i18 %sext_ln71_9" [hls_filter_2d.cpp:71->hls_filter_2d.cpp:167]   --->   Operation 475 'add' 'add_ln71_12' <Predicate = (!icmp_ln165)> <Delay = 0.64> <CoreInst = "DSP48">   --->   Core 124 'DSP48' <Latency = 3> <II = 1> <Delay = 0.53> <IPBlock> <Opcode : 'add' 'sub' 'mul' 'select'> <InPorts = 0> <OutPorts = 1> <Sync> <CReg>
ST_9 : Operation 476 [1/2] (0.64ns) (root node of the DSP)   --->   "%add_ln71_13 = add i17 %sext_ln71_14, i17 %sext_ln71_15" [hls_filter_2d.cpp:71->hls_filter_2d.cpp:167]   --->   Operation 476 'add' 'add_ln71_13' <Predicate = (!icmp_ln165)> <Delay = 0.64> <CoreInst = "DSP48">   --->   Core 124 'DSP48' <Latency = 3> <II = 1> <Delay = 0.53> <IPBlock> <Opcode : 'add' 'sub' 'mul' 'select'> <InPorts = 0> <OutPorts = 1> <Sync> <CReg>
ST_9 : Operation 477 [1/1] (0.00ns)   --->   "%sext_ln71_38 = sext i17 %add_ln71_13" [hls_filter_2d.cpp:71->hls_filter_2d.cpp:167]   --->   Operation 477 'sext' 'sext_ln71_38' <Predicate = (!icmp_ln165)> <Delay = 0.00>
ST_9 : Operation 478 [2/2] (0.64ns) (root node of the DSP)   --->   "%add_ln71_14 = add i18 %sext_ln71_38, i18 %sext_ln71_12" [hls_filter_2d.cpp:71->hls_filter_2d.cpp:167]   --->   Operation 478 'add' 'add_ln71_14' <Predicate = (!icmp_ln165)> <Delay = 0.64> <CoreInst = "DSP48">   --->   Core 124 'DSP48' <Latency = 3> <II = 1> <Delay = 0.53> <IPBlock> <Opcode : 'add' 'sub' 'mul' 'select'> <InPorts = 0> <OutPorts = 1> <Sync> <CReg>
ST_9 : Operation 479 [1/2] (0.64ns) (root node of the DSP)   --->   "%add_ln71_17 = add i18 %sext_ln71_41, i18 %sext_ln71_17" [hls_filter_2d.cpp:71->hls_filter_2d.cpp:167]   --->   Operation 479 'add' 'add_ln71_17' <Predicate = (!icmp_ln165)> <Delay = 0.64> <CoreInst = "DSP48">   --->   Core 124 'DSP48' <Latency = 3> <II = 1> <Delay = 0.53> <IPBlock> <Opcode : 'add' 'sub' 'mul' 'select'> <InPorts = 0> <OutPorts = 1> <Sync> <CReg>
ST_9 : Operation 480 [1/1] (0.00ns)   --->   "%sext_ln71_42 = sext i18 %add_ln71_17" [hls_filter_2d.cpp:71->hls_filter_2d.cpp:167]   --->   Operation 480 'sext' 'sext_ln71_42' <Predicate = (!icmp_ln165)> <Delay = 0.00>
ST_9 : Operation 481 [1/1] (0.00ns)   --->   "%sext_ln71_45 = sext i18 %add_ln71_20" [hls_filter_2d.cpp:71->hls_filter_2d.cpp:167]   --->   Operation 481 'sext' 'sext_ln71_45' <Predicate = (!icmp_ln165)> <Delay = 0.00>
ST_9 : Operation 482 [1/1] (0.87ns)   --->   "%add_ln71_21 = add i19 %sext_ln71_45, i19 %sext_ln71_42" [hls_filter_2d.cpp:71->hls_filter_2d.cpp:167]   --->   Operation 482 'add' 'add_ln71_21' <Predicate = (!icmp_ln165)> <Delay = 0.87> <CoreInst = "Adder">   --->   Core 1 'Adder' <Latency = 0> <II = 1> <Delay = 0.88> <FuncUnit> <Opcode : 'add' 'sub'> <InPorts = 2> <OutPorts = 1>

State 10 <SV = 9> <Delay = 6.71>
ST_10 : Operation 483 [1/1] (0.00ns)   --->   "%sext_ln71_35 = sext i20 %add_ln71_10" [hls_filter_2d.cpp:71->hls_filter_2d.cpp:167]   --->   Operation 483 'sext' 'sext_ln71_35' <Predicate = (!icmp_ln165)> <Delay = 0.00>
ST_10 : Operation 484 [1/2] (0.64ns) (root node of the DSP)   --->   "%add_ln71_12 = add i18 %sext_ln71_36, i18 %sext_ln71_9" [hls_filter_2d.cpp:71->hls_filter_2d.cpp:167]   --->   Operation 484 'add' 'add_ln71_12' <Predicate = (!icmp_ln165)> <Delay = 0.64> <CoreInst = "DSP48">   --->   Core 124 'DSP48' <Latency = 3> <II = 1> <Delay = 0.53> <IPBlock> <Opcode : 'add' 'sub' 'mul' 'select'> <InPorts = 0> <OutPorts = 1> <Sync> <CReg>
ST_10 : Operation 485 [1/1] (0.00ns)   --->   "%sext_ln71_37 = sext i18 %add_ln71_12" [hls_filter_2d.cpp:71->hls_filter_2d.cpp:167]   --->   Operation 485 'sext' 'sext_ln71_37' <Predicate = (!icmp_ln165)> <Delay = 0.00>
ST_10 : Operation 486 [1/2] (0.64ns) (root node of the DSP)   --->   "%add_ln71_14 = add i18 %sext_ln71_38, i18 %sext_ln71_12" [hls_filter_2d.cpp:71->hls_filter_2d.cpp:167]   --->   Operation 486 'add' 'add_ln71_14' <Predicate = (!icmp_ln165)> <Delay = 0.64> <CoreInst = "DSP48">   --->   Core 124 'DSP48' <Latency = 3> <II = 1> <Delay = 0.53> <IPBlock> <Opcode : 'add' 'sub' 'mul' 'select'> <InPorts = 0> <OutPorts = 1> <Sync> <CReg>
ST_10 : Operation 487 [1/1] (0.00ns)   --->   "%sext_ln71_39 = sext i18 %add_ln71_14" [hls_filter_2d.cpp:71->hls_filter_2d.cpp:167]   --->   Operation 487 'sext' 'sext_ln71_39' <Predicate = (!icmp_ln165)> <Delay = 0.00>
ST_10 : Operation 488 [1/1] (0.87ns)   --->   "%add_ln71_15 = add i19 %sext_ln71_39, i19 %sext_ln71_37" [hls_filter_2d.cpp:71->hls_filter_2d.cpp:167]   --->   Operation 488 'add' 'add_ln71_15' <Predicate = (!icmp_ln165)> <Delay = 0.87> <CoreInst = "Adder">   --->   Core 1 'Adder' <Latency = 0> <II = 1> <Delay = 0.88> <FuncUnit> <Opcode : 'add' 'sub'> <InPorts = 2> <OutPorts = 1>
ST_10 : Operation 489 [1/1] (0.00ns)   --->   "%sext_ln71_40 = sext i19 %add_ln71_15" [hls_filter_2d.cpp:71->hls_filter_2d.cpp:167]   --->   Operation 489 'sext' 'sext_ln71_40' <Predicate = (!icmp_ln165)> <Delay = 0.00>
ST_10 : Operation 490 [1/1] (0.00ns)   --->   "%sext_ln71_46 = sext i19 %add_ln71_21" [hls_filter_2d.cpp:71->hls_filter_2d.cpp:167]   --->   Operation 490 'sext' 'sext_ln71_46' <Predicate = (!icmp_ln165)> <Delay = 0.00>
ST_10 : Operation 491 [1/1] (0.88ns)   --->   "%add_ln71_22 = add i20 %sext_ln71_46, i20 %sext_ln71_40" [hls_filter_2d.cpp:71->hls_filter_2d.cpp:167]   --->   Operation 491 'add' 'add_ln71_22' <Predicate = (!icmp_ln165)> <Delay = 0.88> <CoreInst = "Adder">   --->   Core 1 'Adder' <Latency = 0> <II = 1> <Delay = 0.89> <FuncUnit> <Opcode : 'add' 'sub'> <InPorts = 2> <OutPorts = 1>
ST_10 : Operation 492 [1/1] (0.00ns)   --->   "%sext_ln71_47 = sext i20 %add_ln71_22" [hls_filter_2d.cpp:71->hls_filter_2d.cpp:167]   --->   Operation 492 'sext' 'sext_ln71_47' <Predicate = (!icmp_ln165)> <Delay = 0.00>
ST_10 : Operation 493 [1/1] (0.89ns)   --->   "%sum = add i21 %sext_ln71_47, i21 %sext_ln71_35" [hls_filter_2d.cpp:71->hls_filter_2d.cpp:167]   --->   Operation 493 'add' 'sum' <Predicate = (!icmp_ln165)> <Delay = 0.89> <CoreInst = "Adder">   --->   Core 1 'Adder' <Latency = 0> <II = 1> <Delay = 0.90> <FuncUnit> <Opcode : 'add' 'sub'> <InPorts = 2> <OutPorts = 1>
ST_10 : Operation 494 [1/1] (0.00ns)   --->   "%sext_ln76_2 = sext i21 %sum" [hls_filter_2d.cpp:76->hls_filter_2d.cpp:167]   --->   Operation 494 'sext' 'sext_ln76_2' <Predicate = (!icmp_ln165)> <Delay = 0.00>
ST_10 : Operation 495 [1/1] (3.42ns)   --->   "%mul_ln76 = mul i52 %sext_ln76_2, i52 %sext_ln76_1_cast" [hls_filter_2d.cpp:76->hls_filter_2d.cpp:167]   --->   Operation 495 'mul' 'mul_ln76' <Predicate = (!icmp_ln165)> <Delay = 3.42> <CoreInst = "Multiplier">   --->   Core 3 'Multiplier' <Latency = 0> <II = 1> <Delay = 3.42> <FuncUnit> <Opcode : 'mul'> <InPorts = 2> <OutPorts = 1>

State 11 <SV = 10> <Delay = 4.72>
ST_11 : Operation 496 [1/1] (0.00ns)   --->   "%sext_ln76_3 = sext i52 %mul_ln76" [hls_filter_2d.cpp:76->hls_filter_2d.cpp:167]   --->   Operation 496 'sext' 'sext_ln76_3' <Predicate = (!icmp_ln165)> <Delay = 0.00>
ST_11 : Operation 497 [1/1] (1.49ns)   --->   "%ashr_ln76 = ashr i63 %sext_ln76_3, i63 %zext_ln104_cast" [hls_filter_2d.cpp:76->hls_filter_2d.cpp:167]   --->   Operation 497 'ashr' 'ashr_ln76' <Predicate = (!icmp_ln165)> <Delay = 1.49> <CoreInst = "Shifter">   --->   Core 75 'Shifter' <Latency = 0> <II = 1> <Delay = 1.53> <FuncUnit> <Opcode : 'shl' 'lshr' 'ashr'> <InPorts = 2> <OutPorts = 1>
ST_11 : Operation 498 [1/1] (0.00ns)   --->   "%sum_1 = trunc i63 %ashr_ln76" [hls_filter_2d.cpp:76->hls_filter_2d.cpp:167]   --->   Operation 498 'trunc' 'sum_1' <Predicate = (!icmp_ln165)> <Delay = 0.00>
ST_11 : Operation 499 [1/1] (1.01ns)   --->   "%sum_2 = add i32 %sum_1, i32 %delta_read" [hls_filter_2d.cpp:77->hls_filter_2d.cpp:167]   --->   Operation 499 'add' 'sum_2' <Predicate = (!icmp_ln165)> <Delay = 1.01> <CoreInst = "Adder">   --->   Core 1 'Adder' <Latency = 0> <II = 1> <Delay = 1.01> <FuncUnit> <Opcode : 'add' 'sub'> <InPorts = 2> <OutPorts = 1>
ST_11 : Operation 500 [1/1] (0.00ns)   --->   "%trunc_ln57 = trunc i32 %sum_2" [hls_filter_2d.cpp:57->hls_filter_2d.cpp:167]   --->   Operation 500 'trunc' 'trunc_ln57' <Predicate = (!icmp_ln165)> <Delay = 0.00>
ST_11 : Operation 501 [1/1] (0.00ns)   --->   "%tmp_5 = bitselect i1 @_ssdm_op_BitSelect.i1.i32.i32, i32 %sum_2, i32 31" [hls_filter_2d.cpp:80->hls_filter_2d.cpp:167]   --->   Operation 501 'bitselect' 'tmp_5' <Predicate = (!icmp_ln165)> <Delay = 0.00>
ST_11 : Operation 502 [1/1] (0.41ns)   --->   "%sum_3 = select i1 %tmp_5, i31 0, i31 %trunc_ln57" [hls_filter_2d.cpp:80->hls_filter_2d.cpp:167]   --->   Operation 502 'select' 'sum_3' <Predicate = (!icmp_ln165)> <Delay = 0.41> <CoreInst = "Sel">   --->   Core 73 'Sel' <Latency = 0> <II = 1> <Delay = 0.41> <FuncUnit> <Opcode : 'select'> <InPorts = 3> <OutPorts = 1>
ST_11 : Operation 503 [1/1] (0.00ns)   --->   "%tmp_6 = partselect i23 @_ssdm_op_PartSelect.i23.i31.i32.i32, i31 %sum_3, i32 8, i32 30" [hls_filter_2d.cpp:82->hls_filter_2d.cpp:167]   --->   Operation 503 'partselect' 'tmp_6' <Predicate = (!icmp_ln165)> <Delay = 0.00>
ST_11 : Operation 504 [1/1] (0.92ns)   --->   "%icmp_ln82 = icmp_ne  i23 %tmp_6, i23 0" [hls_filter_2d.cpp:82->hls_filter_2d.cpp:167]   --->   Operation 504 'icmp' 'icmp_ln82' <Predicate = (!icmp_ln165)> <Delay = 0.92> <CoreInst = "Cmp">   --->   Core 9 'Cmp' <Latency = 0> <II = 1> <Delay = 0.92> <FuncUnit> <Opcode : 'seteq' 'setne' 'setle' 'setge' 'setlt' 'setgt'> <InPorts = 2> <OutPorts = 1>
ST_11 : Operation 505 [1/1] (0.00ns)   --->   "%trunc_ln95 = trunc i31 %sum_3" [hls_filter_2d.cpp:95->hls_filter_2d.cpp:167]   --->   Operation 505 'trunc' 'trunc_ln95' <Predicate = (!icmp_ln165 & !icmp_ln88 & and_ln88_1) | (!icmp_ln165 & borderType_read)> <Delay = 0.00>
ST_11 : Operation 506 [1/1] (0.39ns)   --->   "%out_paket_data = select i1 %icmp_ln82, i8 255, i8 %trunc_ln95" [hls_filter_2d.cpp:95->hls_filter_2d.cpp:167]   --->   Operation 506 'select' 'out_paket_data' <Predicate = (!icmp_ln165 & !icmp_ln88 & and_ln88_1) | (!icmp_ln165 & borderType_read)> <Delay = 0.39> <CoreInst = "Sel">   --->   Core 73 'Sel' <Latency = 0> <II = 1> <Delay = 0.39> <FuncUnit> <Opcode : 'select'> <InPorts = 3> <OutPorts = 1>
ST_11 : Operation 507 [1/1] (0.00ns)   --->   "%tmp = bitconcatenate i17 @_ssdm_op_BitConcatenate.i17.i1.i7.i1.i8, i1 %icmp_ln98, i7 0, i1 %out_paket_user, i8 %out_paket_data" [hls_filter_2d.cpp:99->hls_filter_2d.cpp:167]   --->   Operation 507 'bitconcatenate' 'tmp' <Predicate = (!icmp_ln165 & !icmp_ln88 & and_ln88_1) | (!icmp_ln165 & borderType_read)> <Delay = 0.00>
ST_11 : Operation 508 [1/1] (0.00ns)   --->   "%zext_ln99 = zext i17 %tmp" [hls_filter_2d.cpp:99->hls_filter_2d.cpp:167]   --->   Operation 508 'zext' 'zext_ln99' <Predicate = (!icmp_ln165 & !icmp_ln88 & and_ln88_1) | (!icmp_ln165 & borderType_read)> <Delay = 0.00>
ST_11 : Operation 509 [1/1] ( I:0.47ns O:0.47ns )   --->   "%write_ln99 = write void @_ssdm_op_Write.axis.volatile.i24P128A, i24 %m_axis_video, i24 %zext_ln99" [hls_filter_2d.cpp:99->hls_filter_2d.cpp:167]   --->   Operation 509 'write' 'write_ln99' <Predicate = (!icmp_ln165 & !icmp_ln88 & and_ln88_1) | (!icmp_ln165 & borderType_read)> <Delay = 0.47> <CoreInst = "regslice">   --->   Core 147 'regslice' <Latency = 0> <II = 1> <Delay = 0.62> <Adapter> <Opcode : 'read' 'write'>
ST_11 : Operation 510 [1/1] (0.00ns)   --->   "%br_ln100 = br void %if.end68.i" [hls_filter_2d.cpp:100->hls_filter_2d.cpp:167]   --->   Operation 510 'br' 'br_ln100' <Predicate = (!icmp_ln165 & !icmp_ln88 & and_ln88_1) | (!icmp_ln165 & borderType_read)> <Delay = 0.00>
ST_11 : Operation 511 [1/1] (0.42ns)   --->   "%ret_ln0 = ret"   --->   Operation 511 'ret' 'ret_ln0' <Predicate = (icmp_ln158)> <Delay = 0.42>


============================================================
+ Verbose Summary: Binding
============================================================
STG Binding: 
---------------- STG Properties BEGIN ----------------
- Is combinational: 0
- Is one-state seq: 0
- Is datapath-only: 0
- Is pipelined: 0
- Is top level: 0
Port [ Return ] is wired: 1; IO mode=ap_ctrl_hs:ce=0
Port [ total_pixels]:  wired=1; compound=0; hidden=0; nouse=0; global=0; static=0; extern=0; dir=0; type=0; pingpong=0; private_global=0; IO mode=ap_none:ce=0
Port [ flush_cycles]:  wired=1; compound=0; hidden=0; nouse=0; global=0; static=0; extern=0; dir=0; type=0; pingpong=0; private_global=0; IO mode=ap_none:ce=0
Port [ total_cycles]:  wired=1; compound=0; hidden=0; nouse=0; global=0; static=0; extern=0; dir=0; type=0; pingpong=0; private_global=0; IO mode=ap_none:ce=0
Port [ add_ln42]:  wired=1; compound=0; hidden=0; nouse=0; global=0; static=0; extern=0; dir=0; type=0; pingpong=0; private_global=0; IO mode=ap_none:ce=0
Port [ width]:  wired=1; compound=0; hidden=0; nouse=0; global=0; static=0; extern=0; dir=0; type=0; pingpong=0; private_global=0; IO mode=ap_none:ce=0
Port [ s_axis_video]:  wired=1; compound=1; hidden=0; nouse=0; global=0; static=0; extern=0; dir=0; type=0; pingpong=0; private_global=0; IO mode=axis:ce=0
Port [ add_ln104]:  wired=1; compound=0; hidden=0; nouse=0; global=0; static=0; extern=0; dir=0; type=0; pingpong=0; private_global=0; IO mode=ap_none:ce=0
Port [ add_ln88]:  wired=1; compound=0; hidden=0; nouse=0; global=0; static=0; extern=0; dir=0; type=0; pingpong=0; private_global=0; IO mode=ap_none:ce=0
Port [ add_ln89]:  wired=1; compound=0; hidden=0; nouse=0; global=0; static=0; extern=0; dir=0; type=0; pingpong=0; private_global=0; IO mode=ap_none:ce=0
Port [ zext_ln72]:  wired=1; compound=0; hidden=0; nouse=0; global=0; static=0; extern=0; dir=0; type=0; pingpong=0; private_global=0; IO mode=ap_none:ce=0
Port [ zext_ln149]:  wired=1; compound=0; hidden=0; nouse=0; global=0; static=0; extern=0; dir=0; type=0; pingpong=0; private_global=0; IO mode=ap_none:ce=0
Port [ height]:  wired=1; compound=0; hidden=0; nouse=0; global=0; static=0; extern=0; dir=0; type=0; pingpong=0; private_global=0; IO mode=ap_none:ce=0
Port [ sext_ln72_17]:  wired=1; compound=0; hidden=0; nouse=0; global=0; static=0; extern=0; dir=0; type=0; pingpong=0; private_global=0; IO mode=ap_none:ce=0
Port [ sext_ln72_16]:  wired=1; compound=0; hidden=0; nouse=0; global=0; static=0; extern=0; dir=0; type=0; pingpong=0; private_global=0; IO mode=ap_none:ce=0
Port [ sext_ln72_15]:  wired=1; compound=0; hidden=0; nouse=0; global=0; static=0; extern=0; dir=0; type=0; pingpong=0; private_global=0; IO mode=ap_none:ce=0
Port [ sext_ln72_14]:  wired=1; compound=0; hidden=0; nouse=0; global=0; static=0; extern=0; dir=0; type=0; pingpong=0; private_global=0; IO mode=ap_none:ce=0
Port [ sext_ln72_13]:  wired=1; compound=0; hidden=0; nouse=0; global=0; static=0; extern=0; dir=0; type=0; pingpong=0; private_global=0; IO mode=ap_none:ce=0
Port [ sext_ln72_12]:  wired=1; compound=0; hidden=0; nouse=0; global=0; static=0; extern=0; dir=0; type=0; pingpong=0; private_global=0; IO mode=ap_none:ce=0
Port [ sext_ln72_11]:  wired=1; compound=0; hidden=0; nouse=0; global=0; static=0; extern=0; dir=0; type=0; pingpong=0; private_global=0; IO mode=ap_none:ce=0
Port [ sext_ln72_10]:  wired=1; compound=0; hidden=0; nouse=0; global=0; static=0; extern=0; dir=0; type=0; pingpong=0; private_global=0; IO mode=ap_none:ce=0
Port [ sext_ln72_9]:  wired=1; compound=0; hidden=0; nouse=0; global=0; static=0; extern=0; dir=0; type=0; pingpong=0; private_global=0; IO mode=ap_none:ce=0
Port [ sext_ln72_8]:  wired=1; compound=0; hidden=0; nouse=0; global=0; static=0; extern=0; dir=0; type=0; pingpong=0; private_global=0; IO mode=ap_none:ce=0
Port [ sext_ln72_7]:  wired=1; compound=0; hidden=0; nouse=0; global=0; static=0; extern=0; dir=0; type=0; pingpong=0; private_global=0; IO mode=ap_none:ce=0
Port [ sext_ln72_6]:  wired=1; compound=0; hidden=0; nouse=0; global=0; static=0; extern=0; dir=0; type=0; pingpong=0; private_global=0; IO mode=ap_none:ce=0
Port [ sext_ln72_5]:  wired=1; compound=0; hidden=0; nouse=0; global=0; static=0; extern=0; dir=0; type=0; pingpong=0; private_global=0; IO mode=ap_none:ce=0
Port [ sext_ln72_4]:  wired=1; compound=0; hidden=0; nouse=0; global=0; static=0; extern=0; dir=0; type=0; pingpong=0; private_global=0; IO mode=ap_none:ce=0
Port [ sext_ln72_3]:  wired=1; compound=0; hidden=0; nouse=0; global=0; static=0; extern=0; dir=0; type=0; pingpong=0; private_global=0; IO mode=ap_none:ce=0
Port [ sext_ln72_2]:  wired=1; compound=0; hidden=0; nouse=0; global=0; static=0; extern=0; dir=0; type=0; pingpong=0; private_global=0; IO mode=ap_none:ce=0
Port [ sext_ln72]:  wired=1; compound=0; hidden=0; nouse=0; global=0; static=0; extern=0; dir=0; type=0; pingpong=0; private_global=0; IO mode=ap_none:ce=0
Port [ sext_ln72_1]:  wired=1; compound=0; hidden=0; nouse=0; global=0; static=0; extern=0; dir=0; type=0; pingpong=0; private_global=0; IO mode=ap_none:ce=0
Port [ sext_ln76]:  wired=1; compound=0; hidden=0; nouse=0; global=0; static=0; extern=0; dir=0; type=0; pingpong=0; private_global=0; IO mode=ap_none:ce=0
Port [ sext_ln72_23]:  wired=1; compound=0; hidden=0; nouse=0; global=0; static=0; extern=0; dir=0; type=0; pingpong=0; private_global=0; IO mode=ap_none:ce=0
Port [ sext_ln72_22]:  wired=1; compound=0; hidden=0; nouse=0; global=0; static=0; extern=0; dir=0; type=0; pingpong=0; private_global=0; IO mode=ap_none:ce=0
Port [ sext_ln72_21]:  wired=1; compound=0; hidden=0; nouse=0; global=0; static=0; extern=0; dir=0; type=0; pingpong=0; private_global=0; IO mode=ap_none:ce=0
Port [ sext_ln72_20]:  wired=1; compound=0; hidden=0; nouse=0; global=0; static=0; extern=0; dir=0; type=0; pingpong=0; private_global=0; IO mode=ap_none:ce=0
Port [ sext_ln72_19]:  wired=1; compound=0; hidden=0; nouse=0; global=0; static=0; extern=0; dir=0; type=0; pingpong=0; private_global=0; IO mode=ap_none:ce=0
Port [ sext_ln72_18]:  wired=1; compound=0; hidden=0; nouse=0; global=0; static=0; extern=0; dir=0; type=0; pingpong=0; private_global=0; IO mode=ap_none:ce=0
Port [ sext_ln76_1]:  wired=1; compound=0; hidden=0; nouse=0; global=0; static=0; extern=0; dir=0; type=0; pingpong=0; private_global=0; IO mode=ap_none:ce=0
Port [ zext_ln104]:  wired=1; compound=0; hidden=0; nouse=0; global=0; static=0; extern=0; dir=0; type=0; pingpong=0; private_global=0; IO mode=ap_none:ce=0
Port [ delta]:  wired=1; compound=0; hidden=0; nouse=0; global=0; static=0; extern=0; dir=0; type=0; pingpong=0; private_global=0; IO mode=ap_none:ce=0
Port [ borderType]:  wired=1; compound=0; hidden=0; nouse=0; global=0; static=0; extern=0; dir=0; type=0; pingpong=0; private_global=0; IO mode=ap_none:ce=0
Port [ add_ln98]:  wired=1; compound=0; hidden=0; nouse=0; global=0; static=0; extern=0; dir=0; type=0; pingpong=0; private_global=0; IO mode=ap_none:ce=0
Port [ m_axis_video]:  wired=1; compound=1; hidden=0; nouse=0; global=0; static=0; extern=0; dir=1; type=0; pingpong=0; private_global=0; IO mode=axis:ce=0
---------------- STG Properties END ------------------

---------------- Datapath Model BEGIN ----------------

<LifeTime>
<method=bitvector/>
x                       (alloca           ) [ 011000000000]
window                  (alloca           ) [ 011111000000]
val                     (alloca           ) [ 011111000000]
window_1                (alloca           ) [ 011111000000]
val_2                   (alloca           ) [ 011111100000]
window_2                (alloca           ) [ 011111000000]
val_4                   (alloca           ) [ 011111000000]
window_3                (alloca           ) [ 011111100000]
val_6                   (alloca           ) [ 011111100000]
window_4                (alloca           ) [ 011111100000]
val_8                   (alloca           ) [ 011111100000]
i                       (alloca           ) [ 010000000000]
img_y_2                 (alloca           ) [ 011110000000]
img_x_2                 (alloca           ) [ 011110000000]
window_5                (alloca           ) [ 011111000000]
window_6                (alloca           ) [ 011111000000]
window_7                (alloca           ) [ 011111000000]
window_8                (alloca           ) [ 011111000000]
window_9                (alloca           ) [ 011111000000]
window_10               (alloca           ) [ 011111000000]
window_11               (alloca           ) [ 011111000000]
window_12               (alloca           ) [ 011111100000]
window_13               (alloca           ) [ 011111100000]
window_14               (alloca           ) [ 011111100000]
add_ln98_read           (read             ) [ 011111000000]
borderType_read         (read             ) [ 011111111111]
delta_read              (read             ) [ 011111111111]
zext_ln104_read         (read             ) [ 000000000000]
sext_ln76_1_read        (read             ) [ 000000000000]
sext_ln72_18_read       (read             ) [ 000000000000]
sext_ln72_19_read       (read             ) [ 000000000000]
sext_ln72_20_read       (read             ) [ 000000000000]
sext_ln72_21_read       (read             ) [ 000000000000]
sext_ln72_22_read       (read             ) [ 000000000000]
sext_ln72_23_read       (read             ) [ 000000000000]
sext_ln76_read          (read             ) [ 000000000000]
sext_ln72_1_read        (read             ) [ 000000000000]
sext_ln72_read          (read             ) [ 000000000000]
sext_ln72_2_read        (read             ) [ 000000000000]
sext_ln72_3_read        (read             ) [ 000000000000]
sext_ln72_4_read        (read             ) [ 000000000000]
sext_ln72_5_read        (read             ) [ 000000000000]
sext_ln72_6_read        (read             ) [ 000000000000]
sext_ln72_7_read        (read             ) [ 000000000000]
sext_ln72_8_read        (read             ) [ 000000000000]
sext_ln72_9_read        (read             ) [ 000000000000]
sext_ln72_10_read       (read             ) [ 000000000000]
sext_ln72_11_read       (read             ) [ 000000000000]
sext_ln72_12_read       (read             ) [ 000000000000]
sext_ln72_13_read       (read             ) [ 000000000000]
sext_ln72_14_read       (read             ) [ 000000000000]
sext_ln72_15_read       (read             ) [ 000000000000]
sext_ln72_16_read       (read             ) [ 000000000000]
sext_ln72_17_read       (read             ) [ 000000000000]
height_read             (read             ) [ 011110000000]
zext_ln149_read         (read             ) [ 000000000000]
zext_ln72_read          (read             ) [ 000000000000]
add_ln89_read           (read             ) [ 011110000000]
add_ln88_read           (read             ) [ 011110000000]
add_ln104_read          (read             ) [ 011110000000]
width_read              (read             ) [ 011110000000]
add_ln42_read           (read             ) [ 011111000000]
total_cycles_read       (read             ) [ 000000000000]
flush_cycles_read       (read             ) [ 000000000000]
total_pixels_read       (read             ) [ 000000000000]
zext_ln104_cast         (zext             ) [ 011111111111]
sext_ln76_1_cast        (sext             ) [ 011111111110]
sext_ln72_18_cast       (sext             ) [ 011111110000]
sext_ln72_19_cast       (sext             ) [ 011111110000]
sext_ln72_20_cast       (sext             ) [ 011111110000]
sext_ln72_21_cast       (sext             ) [ 011111111000]
sext_ln72_22_cast       (sext             ) [ 011111110000]
sext_ln72_23_cast       (sext             ) [ 011111111000]
sext_ln76_cast          (sext             ) [ 011111110000]
sext_ln72_1_cast        (sext             ) [ 011111111000]
sext_ln72_cast          (sext             ) [ 011111110000]
sext_ln72_2_cast        (sext             ) [ 011111111000]
sext_ln72_3_cast        (sext             ) [ 011111111000]
sext_ln72_4_cast        (sext             ) [ 011111110000]
sext_ln72_5_cast        (sext             ) [ 011111111100]
sext_ln72_6_cast        (sext             ) [ 011111111000]
sext_ln72_7_cast        (sext             ) [ 011111111000]
sext_ln72_8_cast        (sext             ) [ 011111111100]
sext_ln72_9_cast        (sext             ) [ 011111110000]
sext_ln72_10_cast       (sext             ) [ 011111110000]
sext_ln72_11_cast       (sext             ) [ 011111110000]
sext_ln72_12_cast       (sext             ) [ 011111111000]
sext_ln72_13_cast       (sext             ) [ 011111110000]
sext_ln72_14_cast       (sext             ) [ 011111110000]
sext_ln72_15_cast       (sext             ) [ 011111110000]
sext_ln72_16_cast       (sext             ) [ 011111111000]
sext_ln72_17_cast       (sext             ) [ 011111110000]
zext_ln149_cast         (zext             ) [ 011111000000]
zext_ln72_cast          (zext             ) [ 011110000000]
specinterface_ln0       (specinterface    ) [ 000000000000]
specinterface_ln0       (specinterface    ) [ 000000000000]
line_buffer_3           (alloca           ) [ 011000000000]
line_buffer_2           (alloca           ) [ 011000000000]
line_buffer_1           (alloca           ) [ 011000000000]
line_buffer             (alloca           ) [ 011000000000]
zext_ln150              (zext             ) [ 000000000000]
zext_ln150_1            (zext             ) [ 000000000000]
store_ln63              (store            ) [ 000000000000]
store_ln64              (store            ) [ 000000000000]
store_ln11              (store            ) [ 000000000000]
store_ln153             (store            ) [ 000000000000]
br_ln158                (br               ) [ 000000000000]
i_1                     (load             ) [ 000000000000]
icmp_ln15               (icmp             ) [ 011111111111]
i_3                     (add              ) [ 000000000000]
br_ln15                 (br               ) [ 011000000000]
br_ln17                 (br               ) [ 011000000000]
icmp_ln165              (icmp             ) [ 011111111111]
br_ln165                (br               ) [ 000000000000]
br_ln86                 (br               ) [ 011111000000]
icmp_ln158              (icmp             ) [ 011111111111]
store_ln11              (store            ) [ 000000000000]
br_ln158                (br               ) [ 000000000000]
x_2                     (load             ) [ 000000000000]
s_axis_video_read       (read             ) [ 000000000000]
new_pixel               (trunc            ) [ 000000000000]
window_38               (phi              ) [ 011111000000]
zext_ln31               (zext             ) [ 000000000000]
line_buffer_addr        (getelementptr    ) [ 010111100000]
line_buffer_1_addr      (getelementptr    ) [ 010111000000]
line_buffer_2_addr      (getelementptr    ) [ 010110000000]
line_buffer_3_addr      (getelementptr    ) [ 010100000000]
icmp_ln35               (icmp             ) [ 011111000000]
br_ln35                 (br               ) [ 000000000000]
store_ln39              (store            ) [ 000000000000]
zext_ln42               (zext             ) [ 000000000000]
icmp_ln42               (icmp             ) [ 000000000000]
add_ln45                (add              ) [ 000000000000]
x_3                     (select           ) [ 000000000000]
store_ln153             (store            ) [ 000000000000]
window_37               (load             ) [ 010011000000]
store_ln37              (store            ) [ 000000000000]
img_y_5                 (load             ) [ 000000000000]
img_x_5                 (load             ) [ 000000000000]
window_36               (load             ) [ 010001000000]
store_ln37              (store            ) [ 000000000000]
zext_ln63               (zext             ) [ 010001000000]
zext_ln64               (zext             ) [ 000000000000]
img_y                   (add              ) [ 000000000000]
tmp_1                   (bitselect        ) [ 000000000000]
icmp_ln67               (icmp             ) [ 000000000000]
xor_ln67                (xor              ) [ 000000000000]
or_ln67_1               (or               ) [ 010001100000]
icmp_ln67_3             (icmp             ) [ 000000000000]
xor_ln67_3              (xor              ) [ 010001100000]
img_y_6                 (add              ) [ 000000000000]
tmp_4                   (bitselect        ) [ 000000000000]
icmp_ln67_6             (icmp             ) [ 000000000000]
xor_ln67_6              (xor              ) [ 000000000000]
or_ln67_8               (or               ) [ 010001100000]
icmp_ln67_7             (icmp             ) [ 010001000000]
img_y_7                 (add              ) [ 000000000000]
icmp_ln67_8             (icmp             ) [ 000000000000]
xor_ln67_8              (xor              ) [ 010001100000]
img_y_8                 (add              ) [ 000000000000]
icmp_ln67_9             (icmp             ) [ 000000000000]
xor_ln67_9              (xor              ) [ 010001000000]
tmp_7                   (partselect       ) [ 000000000000]
icmp_ln88               (icmp             ) [ 010011111111]
br_ln88                 (br               ) [ 000000000000]
icmp_ln88_1             (icmp             ) [ 000000000000]
tmp_8                   (partselect       ) [ 000000000000]
icmp_ln88_2             (icmp             ) [ 000000000000]
icmp_ln89               (icmp             ) [ 000000000000]
and_ln88                (and              ) [ 000000000000]
and_ln88_1              (and              ) [ 010011111111]
br_ln88                 (br               ) [ 010011000000]
or_ln96                 (or               ) [ 000000000000]
out_paket_user          (icmp             ) [ 010001111111]
icmp_ln102              (icmp             ) [ 010010000000]
br_ln102                (br               ) [ 000000000000]
out_x                   (add              ) [ 000000000000]
store_ln63              (store            ) [ 000000000000]
br_ln0                  (br               ) [ 000000000000]
icmp_ln104              (icmp             ) [ 000000000000]
add_ln107               (add              ) [ 000000000000]
out_y                   (select           ) [ 000000000000]
store_ln63              (store            ) [ 000000000000]
store_ln64              (store            ) [ 000000000000]
br_ln109                (br               ) [ 000000000000]
val_75                  (load             ) [ 000000000000]
val_72                  (load             ) [ 000000000000]
val_67                  (load             ) [ 010000100000]
val_64                  (load             ) [ 010000100000]
val_59                  (load             ) [ 000000000000]
val_56                  (load             ) [ 000000000000]
val_51                  (load             ) [ 010000100000]
window_35               (load             ) [ 000000000000]
store_ln37              (store            ) [ 000000000000]
br_ln40                 (br               ) [ 000000000000]
window_load             (load             ) [ 000000000000]
val_load                (load             ) [ 000000000000]
window_1_load           (load             ) [ 000000000000]
window_2_load           (load             ) [ 000000000000]
val_4_load              (load             ) [ 000000000000]
img_x                   (add              ) [ 000000000000]
tmp_2                   (bitselect        ) [ 000000000000]
icmp_ln67_1             (icmp             ) [ 000000000000]
xor_ln67_1              (xor              ) [ 000000000000]
or_ln67                 (or               ) [ 010000100000]
img_x_6                 (add              ) [ 000000000000]
tmp_3                   (bitselect        ) [ 000000000000]
icmp_ln67_2             (icmp             ) [ 000000000000]
xor_ln67_2              (xor              ) [ 000000000000]
or_ln67_3               (or               ) [ 010000100000]
img_x_7                 (add              ) [ 000000000000]
icmp_ln67_4             (icmp             ) [ 000000000000]
xor_ln67_4              (xor              ) [ 010000100000]
img_x_8                 (add              ) [ 000000000000]
icmp_ln67_5             (icmp             ) [ 000000000000]
xor_ln67_5              (xor              ) [ 010000100000]
or_ln67_13              (or               ) [ 000000000000]
val_55                  (select           ) [ 000000000000]
zext_ln67_4             (zext             ) [ 010000110000]
xor_ln67_7              (xor              ) [ 000000000000]
or_ln67_14              (or               ) [ 000000000000]
val_57                  (select           ) [ 000000000000]
zext_ln67_5             (zext             ) [ 010000110000]
or_ln67_15              (or               ) [ 000000000000]
val_58                  (select           ) [ 010000110000]
or_ln67_16              (or               ) [ 000000000000]
val_60                  (select           ) [ 010000100000]
or_ln67_17              (or               ) [ 000000000000]
val_62                  (select           ) [ 000000000000]
zext_ln67_8             (zext             ) [ 010000110000]
or_ln67_18              (or               ) [ 000000000000]
val_63                  (select           ) [ 010000110000]
or_ln67_21              (or               ) [ 000000000000]
val_68                  (select           ) [ 000000000000]
zext_ln67_11            (zext             ) [ 010000110000]
or_ln67_23              (or               ) [ 000000000000]
val_71                  (select           ) [ 000000000000]
zext_ln64_3             (zext             ) [ 010000110000]
or_ln67_24              (or               ) [ 000000000000]
val_73                  (select           ) [ 000000000000]
zext_ln67_13            (zext             ) [ 010000110000]
or_ln67_25              (or               ) [ 000000000000]
val_74                  (select           ) [ 010000100000]
or_ln67_26              (or               ) [ 000000000000]
val_76                  (select           ) [ 010000110000]
or_ln67_27              (or               ) [ 000000000000]
val_78                  (select           ) [ 010000100000]
or_ln67_28              (or               ) [ 000000000000]
val_79                  (select           ) [ 000000000000]
zext_ln71               (zext             ) [ 010000110000]
add_ln42_pn             (phi              ) [ 010001000000]
icmp_ln98               (icmp             ) [ 010000111111]
window_load_1           (load             ) [ 000000000000]
window_1_load_1         (load             ) [ 000000000000]
window_2_load_1         (load             ) [ 000000000000]
store_ln144             (store            ) [ 000000000000]
store_ln144             (store            ) [ 000000000000]
store_ln144             (store            ) [ 000000000000]
store_ln144             (store            ) [ 000000000000]
store_ln144             (store            ) [ 000000000000]
store_ln144             (store            ) [ 000000000000]
store_ln144             (store            ) [ 000000000000]
store_ln66              (store            ) [ 000000000000]
store_ln144             (store            ) [ 000000000000]
store_ln144             (store            ) [ 000000000000]
store_ln66              (store            ) [ 000000000000]
store_ln144             (store            ) [ 000000000000]
val_46                  (load             ) [ 000000000000]
val_36                  (load             ) [ 000000000000]
val_30                  (load             ) [ 000000000000]
specpipeline_ln159      (specpipeline     ) [ 000000000000]
speclooptripcount_ln144 (speclooptripcount) [ 000000000000]
specloopname_ln158      (specloopname     ) [ 000000000000]
window_34               (load             ) [ 000000000000]
val_2_load              (load             ) [ 000000000000]
window_3_load           (load             ) [ 000000000000]
val_6_load              (load             ) [ 000000000000]
window_4_load           (load             ) [ 000000000000]
val_8_load              (load             ) [ 000000000000]
or_ln67_2               (or               ) [ 000000000000]
val_32                  (select           ) [ 010000010000]
or_ln67_4               (or               ) [ 000000000000]
val_34                  (select           ) [ 000000000000]
zext_ln63_2             (zext             ) [ 010000011000]
or_ln67_5               (or               ) [ 000000000000]
val_38                  (select           ) [ 000000000000]
zext_ln63_3             (zext             ) [ 010000011000]
or_ln67_6               (or               ) [ 000000000000]
val_42                  (select           ) [ 010000011000]
or_ln67_7               (or               ) [ 000000000000]
val_44                  (select           ) [ 010000010000]
or_ln67_9               (or               ) [ 000000000000]
val_48                  (select           ) [ 010000010000]
or_ln67_10              (or               ) [ 000000000000]
val_50                  (select           ) [ 000000000000]
zext_ln67_1             (zext             ) [ 010000011000]
or_ln67_11              (or               ) [ 000000000000]
val_52                  (select           ) [ 010000011000]
or_ln67_12              (or               ) [ 000000000000]
val_54                  (select           ) [ 010000010000]
zext_ln67_7             (zext             ) [ 010000011000]
or_ln67_19              (or               ) [ 000000000000]
val_65                  (select           ) [ 010000010000]
or_ln67_20              (or               ) [ 000000000000]
val_66                  (select           ) [ 000000000000]
zext_ln67_10            (zext             ) [ 010000011000]
or_ln67_22              (or               ) [ 000000000000]
val_70                  (select           ) [ 010000010000]
zext_ln67_14            (zext             ) [ 010000011000]
zext_ln67_16            (zext             ) [ 010000011000]
window_3_load_1         (load             ) [ 000000000000]
window_4_load_1         (load             ) [ 000000000000]
store_ln144             (store            ) [ 000000000000]
store_ln144             (store            ) [ 000000000000]
store_ln144             (store            ) [ 000000000000]
store_ln66              (store            ) [ 000000000000]
store_ln144             (store            ) [ 000000000000]
store_ln66              (store            ) [ 000000000000]
store_ln144             (store            ) [ 000000000000]
store_ln66              (store            ) [ 000000000000]
zext_ln63_1             (zext             ) [ 000000000000]
zext_ln64_1             (zext             ) [ 000000000000]
zext_ln67               (zext             ) [ 010000001100]
zext_ln67_3             (zext             ) [ 010000001100]
zext_ln67_6             (zext             ) [ 000000000000]
zext_ln64_2             (zext             ) [ 000000000000]
zext_ln67_9             (zext             ) [ 000000000000]
zext_ln67_12            (zext             ) [ 000000000000]
zext_ln67_15            (zext             ) [ 000000000000]
mul_ln71                (mul              ) [ 000000000000]
sext_ln71               (sext             ) [ 010000001000]
mul_ln71_2              (mul              ) [ 000000000000]
sext_ln71_2             (sext             ) [ 010000001000]
mul_ln71_3              (mul              ) [ 000000000000]
sext_ln71_3             (sext             ) [ 010000001000]
mul_ln71_4              (mul              ) [ 000000000000]
sext_ln71_4             (sext             ) [ 010000001000]
mul_ln71_6              (mul              ) [ 000000000000]
sext_ln71_6             (sext             ) [ 010000001000]
mul_ln71_7              (mul              ) [ 000000000000]
sext_ln71_7             (sext             ) [ 010000001000]
mul_ln71_8              (mul              ) [ 000000000000]
sext_ln71_8             (sext             ) [ 010000001000]
mul_ln71_13             (mul              ) [ 000000000000]
sext_ln71_13            (sext             ) [ 010000001000]
mul_ln71_16             (mul              ) [ 000000000000]
sext_ln71_16            (sext             ) [ 010000001000]
mul_ln71_18             (mul              ) [ 000000000000]
sext_ln71_18            (sext             ) [ 010000001000]
mul_ln71_20             (mul              ) [ 000000000000]
sext_ln71_20            (sext             ) [ 010000001000]
mul_ln71_22             (mul              ) [ 000000000000]
sext_ln71_22            (sext             ) [ 010000001000]
mul_ln71_23             (mul              ) [ 000000000000]
sext_ln71_23            (sext             ) [ 010000001000]
mul_ln71_24             (mul              ) [ 000000000000]
sext_ln71_24            (sext             ) [ 010000001000]
zext_ln63_4             (zext             ) [ 000000000000]
zext_ln67_2             (zext             ) [ 000000000000]
mul_ln71_1              (mul              ) [ 000000000000]
sext_ln71_1             (sext             ) [ 010000000100]
mul_ln71_5              (mul              ) [ 000000000000]
sext_ln71_5             (sext             ) [ 010000000100]
mul_ln71_10             (mul              ) [ 000000000000]
sext_ln71_10            (sext             ) [ 010000000100]
mul_ln71_11             (mul              ) [ 000000000000]
sext_ln71_11            (sext             ) [ 010000000100]
mul_ln71_14             (mul              ) [ 000000000000]
sext_ln71_14            (sext             ) [ 010000000100]
mul_ln71_15             (mul              ) [ 000000000000]
sext_ln71_15            (sext             ) [ 010000000100]
mul_ln71_17             (mul              ) [ 000000000000]
sext_ln71_17            (sext             ) [ 010000000100]
mul_ln71_19             (mul              ) [ 000000000000]
sext_ln71_19            (sext             ) [ 010000000100]
mul_ln71_21             (mul              ) [ 000000000000]
sext_ln71_21            (sext             ) [ 010000000100]
add_ln71                (add              ) [ 000000000000]
sext_ln71_25            (sext             ) [ 010000000100]
add_ln71_2              (add              ) [ 000000000000]
sext_ln71_27            (sext             ) [ 010000000100]
add_ln71_5              (add              ) [ 000000000000]
sext_ln71_30            (sext             ) [ 010000000100]
add_ln71_7              (add              ) [ 000000000000]
sext_ln71_32            (sext             ) [ 010000000100]
add_ln71_16             (add              ) [ 000000000000]
sext_ln71_41            (sext             ) [ 010000000100]
add_ln71_18             (add              ) [ 000000000000]
sext_ln71_43            (sext             ) [ 000000000000]
add_ln71_19             (add              ) [ 000000000000]
sext_ln71_44            (sext             ) [ 000000000000]
add_ln71_20             (add              ) [ 010000000100]
mul_ln71_9              (mul              ) [ 000000000000]
sext_ln71_9             (sext             ) [ 010000000010]
mul_ln71_12             (mul              ) [ 000000000000]
sext_ln71_12            (sext             ) [ 010000000010]
add_ln71_1              (add              ) [ 000000000000]
sext_ln71_26            (sext             ) [ 000000000000]
add_ln71_3              (add              ) [ 000000000000]
sext_ln71_28            (sext             ) [ 000000000000]
add_ln71_4              (add              ) [ 000000000000]
sext_ln71_29            (sext             ) [ 000000000000]
add_ln71_6              (add              ) [ 000000000000]
sext_ln71_31            (sext             ) [ 000000000000]
add_ln71_8              (add              ) [ 000000000000]
sext_ln71_33            (sext             ) [ 000000000000]
add_ln71_9              (add              ) [ 000000000000]
sext_ln71_34            (sext             ) [ 000000000000]
add_ln71_10             (add              ) [ 010000000010]
add_ln71_11             (add              ) [ 000000000000]
sext_ln71_36            (sext             ) [ 010000000010]
add_ln71_13             (add              ) [ 000000000000]
sext_ln71_38            (sext             ) [ 010000000010]
add_ln71_17             (add              ) [ 000000000000]
sext_ln71_42            (sext             ) [ 000000000000]
sext_ln71_45            (sext             ) [ 000000000000]
add_ln71_21             (add              ) [ 010000000010]
sext_ln71_35            (sext             ) [ 000000000000]
add_ln71_12             (add              ) [ 000000000000]
sext_ln71_37            (sext             ) [ 000000000000]
add_ln71_14             (add              ) [ 000000000000]
sext_ln71_39            (sext             ) [ 000000000000]
add_ln71_15             (add              ) [ 000000000000]
sext_ln71_40            (sext             ) [ 000000000000]
sext_ln71_46            (sext             ) [ 000000000000]
add_ln71_22             (add              ) [ 000000000000]
sext_ln71_47            (sext             ) [ 000000000000]
sum                     (add              ) [ 000000000000]
sext_ln76_2             (sext             ) [ 000000000000]
mul_ln76                (mul              ) [ 010000000001]
sext_ln76_3             (sext             ) [ 000000000000]
ashr_ln76               (ashr             ) [ 000000000000]
sum_1                   (trunc            ) [ 000000000000]
sum_2                   (add              ) [ 000000000000]
trunc_ln57              (trunc            ) [ 000000000000]
tmp_5                   (bitselect        ) [ 000000000000]
sum_3                   (select           ) [ 000000000000]
tmp_6                   (partselect       ) [ 000000000000]
icmp_ln82               (icmp             ) [ 000000000000]
trunc_ln95              (trunc            ) [ 000000000000]
out_paket_data          (select           ) [ 000000000000]
tmp                     (bitconcatenate   ) [ 000000000000]
zext_ln99               (zext             ) [ 000000000000]
write_ln99              (write            ) [ 000000000000]
br_ln100                (br               ) [ 000000000000]
ret_ln0                 (ret              ) [ 000000000000]
</LifeTime>

<model>

<comp_list>
<comp id="0" class="1000" name="total_pixels">
<pin_list>
<pin id="1" dir="1" index="0" bw="1" slack="0"/>
</pin_list>
<bind>
<StgValue><ssdm name="total_pixels"/></StgValue>
</bind>
</comp>

<comp id="2" class="1000" name="flush_cycles">
<pin_list>
<pin id="3" dir="1" index="0" bw="1" slack="0"/>
</pin_list>
<bind>
<StgValue><ssdm name="flush_cycles"/></StgValue>
</bind>
</comp>

<comp id="4" class="1000" name="total_cycles">
<pin_list>
<pin id="5" dir="1" index="0" bw="1" slack="0"/>
</pin_list>
<bind>
<StgValue><ssdm name="total_cycles"/></StgValue>
</bind>
</comp>

<comp id="6" class="1000" name="add_ln42">
<pin_list>
<pin id="7" dir="1" index="0" bw="1" slack="0"/>
</pin_list>
<bind>
<StgValue><ssdm name="add_ln42"/></StgValue>
</bind>
</comp>

<comp id="8" class="1000" name="width">
<pin_list>
<pin id="9" dir="1" index="0" bw="1" slack="0"/>
</pin_list>
<bind>
<StgValue><ssdm name="width"/></StgValue>
</bind>
</comp>

<comp id="10" class="1000" name="s_axis_video">
<pin_list>
<pin id="11" dir="1" index="0" bw="1" slack="0"/>
</pin_list>
<bind>
<StgValue><ssdm name="s_axis_video"/></StgValue>
</bind>
</comp>

<comp id="12" class="1000" name="add_ln104">
<pin_list>
<pin id="13" dir="1" index="0" bw="1" slack="0"/>
</pin_list>
<bind>
<StgValue><ssdm name="add_ln104"/></StgValue>
</bind>
</comp>

<comp id="14" class="1000" name="add_ln88">
<pin_list>
<pin id="15" dir="1" index="0" bw="1" slack="0"/>
</pin_list>
<bind>
<StgValue><ssdm name="add_ln88"/></StgValue>
</bind>
</comp>

<comp id="16" class="1000" name="add_ln89">
<pin_list>
<pin id="17" dir="1" index="0" bw="1" slack="0"/>
</pin_list>
<bind>
<StgValue><ssdm name="add_ln89"/></StgValue>
</bind>
</comp>

<comp id="18" class="1000" name="zext_ln72">
<pin_list>
<pin id="19" dir="1" index="0" bw="1" slack="0"/>
</pin_list>
<bind>
<StgValue><ssdm name="zext_ln72"/></StgValue>
</bind>
</comp>

<comp id="20" class="1000" name="zext_ln149">
<pin_list>
<pin id="21" dir="1" index="0" bw="1" slack="0"/>
</pin_list>
<bind>
<StgValue><ssdm name="zext_ln149"/></StgValue>
</bind>
</comp>

<comp id="22" class="1000" name="height">
<pin_list>
<pin id="23" dir="1" index="0" bw="1" slack="0"/>
</pin_list>
<bind>
<StgValue><ssdm name="height"/></StgValue>
</bind>
</comp>

<comp id="24" class="1000" name="sext_ln72_17">
<pin_list>
<pin id="25" dir="1" index="0" bw="1" slack="0"/>
</pin_list>
<bind>
<StgValue><ssdm name="sext_ln72_17"/></StgValue>
</bind>
</comp>

<comp id="26" class="1000" name="sext_ln72_16">
<pin_list>
<pin id="27" dir="1" index="0" bw="1" slack="0"/>
</pin_list>
<bind>
<StgValue><ssdm name="sext_ln72_16"/></StgValue>
</bind>
</comp>

<comp id="28" class="1000" name="sext_ln72_15">
<pin_list>
<pin id="29" dir="1" index="0" bw="1" slack="0"/>
</pin_list>
<bind>
<StgValue><ssdm name="sext_ln72_15"/></StgValue>
</bind>
</comp>

<comp id="30" class="1000" name="sext_ln72_14">
<pin_list>
<pin id="31" dir="1" index="0" bw="1" slack="0"/>
</pin_list>
<bind>
<StgValue><ssdm name="sext_ln72_14"/></StgValue>
</bind>
</comp>

<comp id="32" class="1000" name="sext_ln72_13">
<pin_list>
<pin id="33" dir="1" index="0" bw="1" slack="0"/>
</pin_list>
<bind>
<StgValue><ssdm name="sext_ln72_13"/></StgValue>
</bind>
</comp>

<comp id="34" class="1000" name="sext_ln72_12">
<pin_list>
<pin id="35" dir="1" index="0" bw="1" slack="0"/>
</pin_list>
<bind>
<StgValue><ssdm name="sext_ln72_12"/></StgValue>
</bind>
</comp>

<comp id="36" class="1000" name="sext_ln72_11">
<pin_list>
<pin id="37" dir="1" index="0" bw="1" slack="0"/>
</pin_list>
<bind>
<StgValue><ssdm name="sext_ln72_11"/></StgValue>
</bind>
</comp>

<comp id="38" class="1000" name="sext_ln72_10">
<pin_list>
<pin id="39" dir="1" index="0" bw="1" slack="0"/>
</pin_list>
<bind>
<StgValue><ssdm name="sext_ln72_10"/></StgValue>
</bind>
</comp>

<comp id="40" class="1000" name="sext_ln72_9">
<pin_list>
<pin id="41" dir="1" index="0" bw="1" slack="0"/>
</pin_list>
<bind>
<StgValue><ssdm name="sext_ln72_9"/></StgValue>
</bind>
</comp>

<comp id="42" class="1000" name="sext_ln72_8">
<pin_list>
<pin id="43" dir="1" index="0" bw="1" slack="0"/>
</pin_list>
<bind>
<StgValue><ssdm name="sext_ln72_8"/></StgValue>
</bind>
</comp>

<comp id="44" class="1000" name="sext_ln72_7">
<pin_list>
<pin id="45" dir="1" index="0" bw="1" slack="0"/>
</pin_list>
<bind>
<StgValue><ssdm name="sext_ln72_7"/></StgValue>
</bind>
</comp>

<comp id="46" class="1000" name="sext_ln72_6">
<pin_list>
<pin id="47" dir="1" index="0" bw="1" slack="0"/>
</pin_list>
<bind>
<StgValue><ssdm name="sext_ln72_6"/></StgValue>
</bind>
</comp>

<comp id="48" class="1000" name="sext_ln72_5">
<pin_list>
<pin id="49" dir="1" index="0" bw="1" slack="0"/>
</pin_list>
<bind>
<StgValue><ssdm name="sext_ln72_5"/></StgValue>
</bind>
</comp>

<comp id="50" class="1000" name="sext_ln72_4">
<pin_list>
<pin id="51" dir="1" index="0" bw="1" slack="0"/>
</pin_list>
<bind>
<StgValue><ssdm name="sext_ln72_4"/></StgValue>
</bind>
</comp>

<comp id="52" class="1000" name="sext_ln72_3">
<pin_list>
<pin id="53" dir="1" index="0" bw="1" slack="0"/>
</pin_list>
<bind>
<StgValue><ssdm name="sext_ln72_3"/></StgValue>
</bind>
</comp>

<comp id="54" class="1000" name="sext_ln72_2">
<pin_list>
<pin id="55" dir="1" index="0" bw="1" slack="0"/>
</pin_list>
<bind>
<StgValue><ssdm name="sext_ln72_2"/></StgValue>
</bind>
</comp>

<comp id="56" class="1000" name="sext_ln72">
<pin_list>
<pin id="57" dir="1" index="0" bw="1" slack="0"/>
</pin_list>
<bind>
<StgValue><ssdm name="sext_ln72"/></StgValue>
</bind>
</comp>

<comp id="58" class="1000" name="sext_ln72_1">
<pin_list>
<pin id="59" dir="1" index="0" bw="1" slack="0"/>
</pin_list>
<bind>
<StgValue><ssdm name="sext_ln72_1"/></StgValue>
</bind>
</comp>

<comp id="60" class="1000" name="sext_ln76">
<pin_list>
<pin id="61" dir="1" index="0" bw="1" slack="0"/>
</pin_list>
<bind>
<StgValue><ssdm name="sext_ln76"/></StgValue>
</bind>
</comp>

<comp id="62" class="1000" name="sext_ln72_23">
<pin_list>
<pin id="63" dir="1" index="0" bw="1" slack="0"/>
</pin_list>
<bind>
<StgValue><ssdm name="sext_ln72_23"/></StgValue>
</bind>
</comp>

<comp id="64" class="1000" name="sext_ln72_22">
<pin_list>
<pin id="65" dir="1" index="0" bw="1" slack="0"/>
</pin_list>
<bind>
<StgValue><ssdm name="sext_ln72_22"/></StgValue>
</bind>
</comp>

<comp id="66" class="1000" name="sext_ln72_21">
<pin_list>
<pin id="67" dir="1" index="0" bw="1" slack="0"/>
</pin_list>
<bind>
<StgValue><ssdm name="sext_ln72_21"/></StgValue>
</bind>
</comp>

<comp id="68" class="1000" name="sext_ln72_20">
<pin_list>
<pin id="69" dir="1" index="0" bw="1" slack="0"/>
</pin_list>
<bind>
<StgValue><ssdm name="sext_ln72_20"/></StgValue>
</bind>
</comp>

<comp id="70" class="1000" name="sext_ln72_19">
<pin_list>
<pin id="71" dir="1" index="0" bw="1" slack="0"/>
</pin_list>
<bind>
<StgValue><ssdm name="sext_ln72_19"/></StgValue>
</bind>
</comp>

<comp id="72" class="1000" name="sext_ln72_18">
<pin_list>
<pin id="73" dir="1" index="0" bw="1" slack="0"/>
</pin_list>
<bind>
<StgValue><ssdm name="sext_ln72_18"/></StgValue>
</bind>
</comp>

<comp id="74" class="1000" name="sext_ln76_1">
<pin_list>
<pin id="75" dir="1" index="0" bw="1" slack="0"/>
</pin_list>
<bind>
<StgValue><ssdm name="sext_ln76_1"/></StgValue>
</bind>
</comp>

<comp id="76" class="1000" name="zext_ln104">
<pin_list>
<pin id="77" dir="1" index="0" bw="1" slack="0"/>
</pin_list>
<bind>
<StgValue><ssdm name="zext_ln104"/></StgValue>
</bind>
</comp>

<comp id="78" class="1000" name="delta">
<pin_list>
<pin id="79" dir="1" index="0" bw="1" slack="0"/>
</pin_list>
<bind>
<StgValue><ssdm name="delta"/></StgValue>
</bind>
</comp>

<comp id="80" class="1000" name="borderType">
<pin_list>
<pin id="81" dir="1" index="0" bw="1" slack="0"/>
</pin_list>
<bind>
<StgValue><ssdm name="borderType"/></StgValue>
</bind>
</comp>

<comp id="82" class="1000" name="add_ln98">
<pin_list>
<pin id="83" dir="1" index="0" bw="1" slack="0"/>
</pin_list>
<bind>
<StgValue><ssdm name="add_ln98"/></StgValue>
</bind>
</comp>

<comp id="84" class="1000" name="m_axis_video">
<pin_list>
<pin id="85" dir="1" index="0" bw="1" slack="0"/>
</pin_list>
<bind>
<StgValue><ssdm name="m_axis_video"/></StgValue>
</bind>
</comp>

<comp id="86" class="1001" name="const_86">
<pin_list>
<pin id="87" dir="1" index="0" bw="1" slack="0"/>
</pin_list>
<bind>
<StgValue><ssdm name=""/></StgValue>
</bind>
</comp>

<comp id="88" class="1001" name="const_88">
<pin_list>
<pin id="89" dir="1" index="0" bw="1" slack="0"/>
</pin_list>
<bind>
<StgValue><ssdm name="_ssdm_op_Read.ap_auto.i14"/></StgValue>
</bind>
</comp>

<comp id="90" class="1001" name="const_90">
<pin_list>
<pin id="91" dir="1" index="0" bw="1" slack="0"/>
</pin_list>
<bind>
<StgValue><ssdm name="_ssdm_op_Read.ap_auto.i1"/></StgValue>
</bind>
</comp>

<comp id="92" class="1001" name="const_92">
<pin_list>
<pin id="93" dir="1" index="0" bw="1" slack="0"/>
</pin_list>
<bind>
<StgValue><ssdm name="_ssdm_op_Read.ap_auto.i32"/></StgValue>
</bind>
</comp>

<comp id="94" class="1001" name="const_94">
<pin_list>
<pin id="95" dir="1" index="0" bw="1" slack="0"/>
</pin_list>
<bind>
<StgValue><ssdm name="_ssdm_op_Read.ap_auto.i5"/></StgValue>
</bind>
</comp>

<comp id="96" class="1001" name="const_96">
<pin_list>
<pin id="97" dir="1" index="0" bw="1" slack="0"/>
</pin_list>
<bind>
<StgValue><ssdm name="_ssdm_op_Read.ap_auto.i8"/></StgValue>
</bind>
</comp>

<comp id="98" class="1001" name="const_98">
<pin_list>
<pin id="99" dir="1" index="0" bw="1" slack="0"/>
</pin_list>
<bind>
<StgValue><ssdm name="_ssdm_op_Read.ap_auto.i13"/></StgValue>
</bind>
</comp>

<comp id="100" class="1001" name="const_100">
<pin_list>
<pin id="101" dir="1" index="0" bw="1" slack="0"/>
</pin_list>
<bind>
<StgValue><ssdm name="_ssdm_op_Read.ap_auto.i27"/></StgValue>
</bind>
</comp>

<comp id="102" class="1001" name="const_102">
<pin_list>
<pin id="103" dir="1" index="0" bw="1" slack="0"/>
</pin_list>
<bind>
<StgValue><ssdm name="_ssdm_op_Read.ap_auto.i15"/></StgValue>
</bind>
</comp>

<comp id="104" class="1001" name="const_104">
<pin_list>
<pin id="105" dir="1" index="0" bw="1" slack="0"/>
</pin_list>
<bind>
<StgValue><ssdm name="_ssdm_op_Read.ap_auto.i26"/></StgValue>
</bind>
</comp>

<comp id="106" class="1001" name="const_106">
<pin_list>
<pin id="107" dir="1" index="0" bw="1" slack="2147483647"/>
</pin_list>
<bind>
<StgValue><ssdm name="_ssdm_op_SpecInterface"/></StgValue>
</bind>
</comp>

<comp id="108" class="1001" name="const_108">
<pin_list>
<pin id="109" dir="1" index="0" bw="1" slack="2147483647"/>
</pin_list>
<bind>
<StgValue><ssdm name="empty_17"/></StgValue>
</bind>
</comp>

<comp id="110" class="1001" name="const_110">
<pin_list>
<pin id="111" dir="1" index="0" bw="1" slack="2147483647"/>
</pin_list>
<bind>
<StgValue><ssdm name=""/></StgValue>
</bind>
</comp>

<comp id="112" class="1001" name="const_112">
<pin_list>
<pin id="113" dir="1" index="0" bw="1" slack="2147483647"/>
</pin_list>
<bind>
<StgValue><ssdm name="empty_36"/></StgValue>
</bind>
</comp>

<comp id="114" class="1001" name="const_114">
<pin_list>
<pin id="115" dir="1" index="0" bw="1" slack="2147483647"/>
</pin_list>
<bind>
<StgValue><ssdm name="empty"/></StgValue>
</bind>
</comp>

<comp id="116" class="1001" name="const_116">
<pin_list>
<pin id="117" dir="1" index="0" bw="1" slack="2147483647"/>
</pin_list>
<bind>
<StgValue><ssdm name=""/></StgValue>
</bind>
</comp>

<comp id="118" class="1001" name="const_118">
<pin_list>
<pin id="119" dir="1" index="0" bw="1" slack="0"/>
</pin_list>
<bind>
<StgValue><ssdm name=""/></StgValue>
</bind>
</comp>

<comp id="120" class="1001" name="const_120">
<pin_list>
<pin id="121" dir="1" index="0" bw="1" slack="0"/>
</pin_list>
<bind>
<StgValue><ssdm name=""/></StgValue>
</bind>
</comp>

<comp id="122" class="1001" name="const_122">
<pin_list>
<pin id="123" dir="1" index="0" bw="1" slack="0"/>
</pin_list>
<bind>
<StgValue><ssdm name=""/></StgValue>
</bind>
</comp>

<comp id="124" class="1001" name="const_124">
<pin_list>
<pin id="125" dir="1" index="0" bw="1" slack="0"/>
</pin_list>
<bind>
<StgValue><ssdm name=""/></StgValue>
</bind>
</comp>

<comp id="126" class="1001" name="const_126">
<pin_list>
<pin id="127" dir="1" index="0" bw="1" slack="0"/>
</pin_list>
<bind>
<StgValue><ssdm name="_ssdm_op_Read.axis.volatile.i24P128A"/></StgValue>
</bind>
</comp>

<comp id="128" class="1001" name="const_128">
<pin_list>
<pin id="129" dir="1" index="0" bw="1" slack="0"/>
</pin_list>
<bind>
<StgValue><ssdm name=""/></StgValue>
</bind>
</comp>

<comp id="130" class="1001" name="const_130">
<pin_list>
<pin id="131" dir="1" index="0" bw="1" slack="0"/>
</pin_list>
<bind>
<StgValue><ssdm name=""/></StgValue>
</bind>
</comp>

<comp id="132" class="1001" name="const_132">
<pin_list>
<pin id="133" dir="1" index="0" bw="1" slack="0"/>
</pin_list>
<bind>
<StgValue><ssdm name=""/></StgValue>
</bind>
</comp>

<comp id="134" class="1001" name="const_134">
<pin_list>
<pin id="135" dir="1" index="0" bw="1" slack="0"/>
</pin_list>
<bind>
<StgValue><ssdm name=""/></StgValue>
</bind>
</comp>

<comp id="136" class="1001" name="const_136">
<pin_list>
<pin id="137" dir="1" index="0" bw="1" slack="0"/>
</pin_list>
<bind>
<StgValue><ssdm name="_ssdm_op_BitSelect.i1.i14.i32"/></StgValue>
</bind>
</comp>

<comp id="138" class="1001" name="const_138">
<pin_list>
<pin id="139" dir="1" index="0" bw="1" slack="0"/>
</pin_list>
<bind>
<StgValue><ssdm name=""/></StgValue>
</bind>
</comp>

<comp id="140" class="1001" name="const_140">
<pin_list>
<pin id="141" dir="1" index="0" bw="1" slack="0"/>
</pin_list>
<bind>
<StgValue><ssdm name=""/></StgValue>
</bind>
</comp>

<comp id="142" class="1001" name="const_142">
<pin_list>
<pin id="143" dir="1" index="0" bw="1" slack="0"/>
</pin_list>
<bind>
<StgValue><ssdm name=""/></StgValue>
</bind>
</comp>

<comp id="144" class="1001" name="const_144">
<pin_list>
<pin id="145" dir="1" index="0" bw="1" slack="0"/>
</pin_list>
<bind>
<StgValue><ssdm name=""/></StgValue>
</bind>
</comp>

<comp id="146" class="1001" name="const_146">
<pin_list>
<pin id="147" dir="1" index="0" bw="1" slack="0"/>
</pin_list>
<bind>
<StgValue><ssdm name=""/></StgValue>
</bind>
</comp>

<comp id="148" class="1001" name="const_148">
<pin_list>
<pin id="149" dir="1" index="0" bw="1" slack="0"/>
</pin_list>
<bind>
<StgValue><ssdm name="_ssdm_op_PartSelect.i12.i13.i32.i32"/></StgValue>
</bind>
</comp>

<comp id="150" class="1001" name="const_150">
<pin_list>
<pin id="151" dir="1" index="0" bw="1" slack="0"/>
</pin_list>
<bind>
<StgValue><ssdm name=""/></StgValue>
</bind>
</comp>

<comp id="152" class="1001" name="const_152">
<pin_list>
<pin id="153" dir="1" index="0" bw="1" slack="0"/>
</pin_list>
<bind>
<StgValue><ssdm name=""/></StgValue>
</bind>
</comp>

<comp id="154" class="1001" name="const_154">
<pin_list>
<pin id="155" dir="1" index="0" bw="1" slack="2147483647"/>
</pin_list>
<bind>
<StgValue><ssdm name="_ssdm_op_SpecPipeline"/></StgValue>
</bind>
</comp>

<comp id="156" class="1001" name="const_156">
<pin_list>
<pin id="157" dir="1" index="0" bw="1" slack="2147483647"/>
</pin_list>
<bind>
<StgValue><ssdm name="_ssdm_op_SpecLoopTripCount"/></StgValue>
</bind>
</comp>

<comp id="158" class="1001" name="const_158">
<pin_list>
<pin id="159" dir="1" index="0" bw="1" slack="2147483647"/>
</pin_list>
<bind>
<StgValue><ssdm name=""/></StgValue>
</bind>
</comp>

<comp id="160" class="1001" name="const_160">
<pin_list>
<pin id="161" dir="1" index="0" bw="1" slack="2147483647"/>
</pin_list>
<bind>
<StgValue><ssdm name=""/></StgValue>
</bind>
</comp>

<comp id="162" class="1001" name="const_162">
<pin_list>
<pin id="163" dir="1" index="0" bw="1" slack="2147483647"/>
</pin_list>
<bind>
<StgValue><ssdm name=""/></StgValue>
</bind>
</comp>

<comp id="164" class="1001" name="const_164">
<pin_list>
<pin id="165" dir="1" index="0" bw="1" slack="2147483647"/>
</pin_list>
<bind>
<StgValue><ssdm name="_ssdm_op_SpecLoopName"/></StgValue>
</bind>
</comp>

<comp id="166" class="1001" name="const_166">
<pin_list>
<pin id="167" dir="1" index="0" bw="1" slack="2147483647"/>
</pin_list>
<bind>
<StgValue><ssdm name="empty_35"/></StgValue>
</bind>
</comp>

<comp id="168" class="1001" name="const_168">
<pin_list>
<pin id="169" dir="1" index="0" bw="1" slack="0"/>
</pin_list>
<bind>
<StgValue><ssdm name="_ssdm_op_BitSelect.i1.i32.i32"/></StgValue>
</bind>
</comp>

<comp id="170" class="1001" name="const_170">
<pin_list>
<pin id="171" dir="1" index="0" bw="1" slack="0"/>
</pin_list>
<bind>
<StgValue><ssdm name=""/></StgValue>
</bind>
</comp>

<comp id="172" class="1001" name="const_172">
<pin_list>
<pin id="173" dir="1" index="0" bw="1" slack="0"/>
</pin_list>
<bind>
<StgValue><ssdm name=""/></StgValue>
</bind>
</comp>

<comp id="174" class="1001" name="const_174">
<pin_list>
<pin id="175" dir="1" index="0" bw="1" slack="0"/>
</pin_list>
<bind>
<StgValue><ssdm name="_ssdm_op_PartSelect.i23.i31.i32.i32"/></StgValue>
</bind>
</comp>

<comp id="176" class="1001" name="const_176">
<pin_list>
<pin id="177" dir="1" index="0" bw="1" slack="0"/>
</pin_list>
<bind>
<StgValue><ssdm name=""/></StgValue>
</bind>
</comp>

<comp id="178" class="1001" name="const_178">
<pin_list>
<pin id="179" dir="1" index="0" bw="1" slack="0"/>
</pin_list>
<bind>
<StgValue><ssdm name=""/></StgValue>
</bind>
</comp>

<comp id="180" class="1001" name="const_180">
<pin_list>
<pin id="181" dir="1" index="0" bw="1" slack="0"/>
</pin_list>
<bind>
<StgValue><ssdm name=""/></StgValue>
</bind>
</comp>

<comp id="182" class="1001" name="const_182">
<pin_list>
<pin id="183" dir="1" index="0" bw="1" slack="0"/>
</pin_list>
<bind>
<StgValue><ssdm name=""/></StgValue>
</bind>
</comp>

<comp id="184" class="1001" name="const_184">
<pin_list>
<pin id="185" dir="1" index="0" bw="1" slack="0"/>
</pin_list>
<bind>
<StgValue><ssdm name="_ssdm_op_BitConcatenate.i17.i1.i7.i1.i8"/></StgValue>
</bind>
</comp>

<comp id="186" class="1001" name="const_186">
<pin_list>
<pin id="187" dir="1" index="0" bw="1" slack="0"/>
</pin_list>
<bind>
<StgValue><ssdm name=""/></StgValue>
</bind>
</comp>

<comp id="188" class="1001" name="const_188">
<pin_list>
<pin id="189" dir="1" index="0" bw="1" slack="0"/>
</pin_list>
<bind>
<StgValue><ssdm name="_ssdm_op_Write.axis.volatile.i24P128A"/></StgValue>
</bind>
</comp>

<comp id="190" class="1004" name="x_fu_190">
<pin_list>
<pin id="191" dir="0" index="0" bw="1" slack="0"/>
<pin id="192" dir="1" index="1" bw="13" slack="0"/>
</pin_list>
<bind>
<opcode="alloca(26) " fcode="alloca"/>
<opset="x/1 "/>
</bind>
</comp>

<comp id="194" class="1004" name="window_fu_194">
<pin_list>
<pin id="195" dir="0" index="0" bw="1" slack="0"/>
<pin id="196" dir="1" index="1" bw="8" slack="4"/>
</pin_list>
<bind>
<opcode="alloca(26) " fcode="alloca"/>
<opset="window/1 "/>
</bind>
</comp>

<comp id="198" class="1004" name="val_fu_198">
<pin_list>
<pin id="199" dir="0" index="0" bw="1" slack="0"/>
<pin id="200" dir="1" index="1" bw="8" slack="4"/>
</pin_list>
<bind>
<opcode="alloca(26) " fcode="alloca"/>
<opset="val/1 "/>
</bind>
</comp>

<comp id="202" class="1004" name="window_1_fu_202">
<pin_list>
<pin id="203" dir="0" index="0" bw="1" slack="0"/>
<pin id="204" dir="1" index="1" bw="8" slack="4"/>
</pin_list>
<bind>
<opcode="alloca(26) " fcode="alloca"/>
<opset="window_1/1 "/>
</bind>
</comp>

<comp id="206" class="1004" name="val_2_fu_206">
<pin_list>
<pin id="207" dir="0" index="0" bw="1" slack="0"/>
<pin id="208" dir="1" index="1" bw="8" slack="5"/>
</pin_list>
<bind>
<opcode="alloca(26) " fcode="alloca"/>
<opset="val_2/1 "/>
</bind>
</comp>

<comp id="210" class="1004" name="window_2_fu_210">
<pin_list>
<pin id="211" dir="0" index="0" bw="1" slack="0"/>
<pin id="212" dir="1" index="1" bw="8" slack="4"/>
</pin_list>
<bind>
<opcode="alloca(26) " fcode="alloca"/>
<opset="window_2/1 "/>
</bind>
</comp>

<comp id="214" class="1004" name="val_4_fu_214">
<pin_list>
<pin id="215" dir="0" index="0" bw="1" slack="0"/>
<pin id="216" dir="1" index="1" bw="8" slack="4"/>
</pin_list>
<bind>
<opcode="alloca(26) " fcode="alloca"/>
<opset="val_4/1 "/>
</bind>
</comp>

<comp id="218" class="1004" name="window_3_fu_218">
<pin_list>
<pin id="219" dir="0" index="0" bw="1" slack="0"/>
<pin id="220" dir="1" index="1" bw="8" slack="5"/>
</pin_list>
<bind>
<opcode="alloca(26) " fcode="alloca"/>
<opset="window_3/1 "/>
</bind>
</comp>

<comp id="222" class="1004" name="val_6_fu_222">
<pin_list>
<pin id="223" dir="0" index="0" bw="1" slack="0"/>
<pin id="224" dir="1" index="1" bw="8" slack="5"/>
</pin_list>
<bind>
<opcode="alloca(26) " fcode="alloca"/>
<opset="val_6/1 "/>
</bind>
</comp>

<comp id="226" class="1004" name="window_4_fu_226">
<pin_list>
<pin id="227" dir="0" index="0" bw="1" slack="0"/>
<pin id="228" dir="1" index="1" bw="8" slack="5"/>
</pin_list>
<bind>
<opcode="alloca(26) " fcode="alloca"/>
<opset="window_4/1 "/>
</bind>
</comp>

<comp id="230" class="1004" name="val_8_fu_230">
<pin_list>
<pin id="231" dir="0" index="0" bw="1" slack="0"/>
<pin id="232" dir="1" index="1" bw="8" slack="5"/>
</pin_list>
<bind>
<opcode="alloca(26) " fcode="alloca"/>
<opset="val_8/1 "/>
</bind>
</comp>

<comp id="234" class="1004" name="i_fu_234">
<pin_list>
<pin id="235" dir="0" index="0" bw="1" slack="0"/>
<pin id="236" dir="1" index="1" bw="27" slack="0"/>
</pin_list>
<bind>
<opcode="alloca(26) " fcode="alloca"/>
<opset="i/1 "/>
</bind>
</comp>

<comp id="238" class="1004" name="img_y_2_fu_238">
<pin_list>
<pin id="239" dir="0" index="0" bw="1" slack="0"/>
<pin id="240" dir="1" index="1" bw="13" slack="0"/>
</pin_list>
<bind>
<opcode="alloca(26) " fcode="alloca"/>
<opset="img_y_2/1 "/>
</bind>
</comp>

<comp id="242" class="1004" name="img_x_2_fu_242">
<pin_list>
<pin id="243" dir="0" index="0" bw="1" slack="0"/>
<pin id="244" dir="1" index="1" bw="13" slack="0"/>
</pin_list>
<bind>
<opcode="alloca(26) " fcode="alloca"/>
<opset="img_x_2/1 "/>
</bind>
</comp>

<comp id="246" class="1004" name="window_5_fu_246">
<pin_list>
<pin id="247" dir="0" index="0" bw="1" slack="0"/>
<pin id="248" dir="1" index="1" bw="8" slack="4"/>
</pin_list>
<bind>
<opcode="alloca(26) " fcode="alloca"/>
<opset="window_5/1 "/>
</bind>
</comp>

<comp id="250" class="1004" name="window_6_fu_250">
<pin_list>
<pin id="251" dir="0" index="0" bw="1" slack="0"/>
<pin id="252" dir="1" index="1" bw="8" slack="4"/>
</pin_list>
<bind>
<opcode="alloca(26) " fcode="alloca"/>
<opset="window_6/1 "/>
</bind>
</comp>

<comp id="254" class="1004" name="window_7_fu_254">
<pin_list>
<pin id="255" dir="0" index="0" bw="1" slack="0"/>
<pin id="256" dir="1" index="1" bw="8" slack="4"/>
</pin_list>
<bind>
<opcode="alloca(26) " fcode="alloca"/>
<opset="window_7/1 "/>
</bind>
</comp>

<comp id="258" class="1004" name="window_8_fu_258">
<pin_list>
<pin id="259" dir="0" index="0" bw="1" slack="0"/>
<pin id="260" dir="1" index="1" bw="8" slack="4"/>
</pin_list>
<bind>
<opcode="alloca(26) " fcode="alloca"/>
<opset="window_8/1 "/>
</bind>
</comp>

<comp id="262" class="1004" name="window_9_fu_262">
<pin_list>
<pin id="263" dir="0" index="0" bw="1" slack="0"/>
<pin id="264" dir="1" index="1" bw="8" slack="4"/>
</pin_list>
<bind>
<opcode="alloca(26) " fcode="alloca"/>
<opset="window_9/1 "/>
</bind>
</comp>

<comp id="266" class="1004" name="window_10_fu_266">
<pin_list>
<pin id="267" dir="0" index="0" bw="1" slack="0"/>
<pin id="268" dir="1" index="1" bw="8" slack="4"/>
</pin_list>
<bind>
<opcode="alloca(26) " fcode="alloca"/>
<opset="window_10/1 "/>
</bind>
</comp>

<comp id="270" class="1004" name="window_11_fu_270">
<pin_list>
<pin id="271" dir="0" index="0" bw="1" slack="0"/>
<pin id="272" dir="1" index="1" bw="8" slack="4"/>
</pin_list>
<bind>
<opcode="alloca(26) " fcode="alloca"/>
<opset="window_11/1 "/>
</bind>
</comp>

<comp id="274" class="1004" name="window_12_fu_274">
<pin_list>
<pin id="275" dir="0" index="0" bw="1" slack="0"/>
<pin id="276" dir="1" index="1" bw="8" slack="5"/>
</pin_list>
<bind>
<opcode="alloca(26) " fcode="alloca"/>
<opset="window_12/1 "/>
</bind>
</comp>

<comp id="278" class="1004" name="window_13_fu_278">
<pin_list>
<pin id="279" dir="0" index="0" bw="1" slack="0"/>
<pin id="280" dir="1" index="1" bw="8" slack="5"/>
</pin_list>
<bind>
<opcode="alloca(26) " fcode="alloca"/>
<opset="window_13/1 "/>
</bind>
</comp>

<comp id="282" class="1004" name="window_14_fu_282">
<pin_list>
<pin id="283" dir="0" index="0" bw="1" slack="0"/>
<pin id="284" dir="1" index="1" bw="8" slack="5"/>
</pin_list>
<bind>
<opcode="alloca(26) " fcode="alloca"/>
<opset="window_14/1 "/>
</bind>
</comp>

<comp id="286" class="1004" name="line_buffer_3_alloca_fu_286">
<pin_list>
<pin id="287" dir="0" index="0" bw="1" slack="0"/>
<pin id="288" dir="1" index="1" bw="8" slack="2147483647"/>
</pin_list>
<bind>
<opcode="alloca(26) " fcode="alloca"/>
<opset="line_buffer_3/1 "/>
</bind>
</comp>

<comp id="290" class="1004" name="line_buffer_2_alloca_fu_290">
<pin_list>
<pin id="291" dir="0" index="0" bw="1" slack="0"/>
<pin id="292" dir="1" index="1" bw="8" slack="2147483647"/>
</pin_list>
<bind>
<opcode="alloca(26) " fcode="alloca"/>
<opset="line_buffer_2/1 "/>
</bind>
</comp>

<comp id="294" class="1004" name="line_buffer_1_alloca_fu_294">
<pin_list>
<pin id="295" dir="0" index="0" bw="1" slack="0"/>
<pin id="296" dir="1" index="1" bw="8" slack="2147483647"/>
</pin_list>
<bind>
<opcode="alloca(26) " fcode="alloca"/>
<opset="line_buffer_1/1 "/>
</bind>
</comp>

<comp id="298" class="1004" name="line_buffer_alloca_fu_298">
<pin_list>
<pin id="299" dir="0" index="0" bw="1" slack="0"/>
<pin id="300" dir="1" index="1" bw="8" slack="2147483647"/>
</pin_list>
<bind>
<opcode="alloca(26) " fcode="alloca"/>
<opset="line_buffer/1 "/>
</bind>
</comp>

<comp id="302" class="1004" name="add_ln98_read_read_fu_302">
<pin_list>
<pin id="303" dir="0" index="0" bw="14" slack="0"/>
<pin id="304" dir="0" index="1" bw="14" slack="0"/>
<pin id="305" dir="1" index="2" bw="14" slack="4"/>
</pin_list>
<bind>
<opcode="read(1150) " fcode="read"/>
<opset="add_ln98_read/1 "/>
</bind>
</comp>

<comp id="308" class="1004" name="borderType_read_read_fu_308">
<pin_list>
<pin id="309" dir="0" index="0" bw="1" slack="0"/>
<pin id="310" dir="0" index="1" bw="1" slack="0"/>
<pin id="311" dir="1" index="2" bw="1" slack="1"/>
</pin_list>
<bind>
<opcode="read(1150) " fcode="read"/>
<opset="borderType_read/1 "/>
</bind>
</comp>

<comp id="314" class="1004" name="delta_read_read_fu_314">
<pin_list>
<pin id="315" dir="0" index="0" bw="32" slack="0"/>
<pin id="316" dir="0" index="1" bw="32" slack="0"/>
<pin id="317" dir="1" index="2" bw="32" slack="10"/>
</pin_list>
<bind>
<opcode="read(1150) " fcode="read"/>
<opset="delta_read/1 "/>
</bind>
</comp>

<comp id="320" class="1004" name="zext_ln104_read_read_fu_320">
<pin_list>
<pin id="321" dir="0" index="0" bw="5" slack="0"/>
<pin id="322" dir="0" index="1" bw="5" slack="0"/>
<pin id="323" dir="1" index="2" bw="5" slack="0"/>
</pin_list>
<bind>
<opcode="read(1150) " fcode="read"/>
<opset="zext_ln104_read/1 "/>
</bind>
</comp>

<comp id="326" class="1004" name="sext_ln76_1_read_read_fu_326">
<pin_list>
<pin id="327" dir="0" index="0" bw="32" slack="0"/>
<pin id="328" dir="0" index="1" bw="32" slack="0"/>
<pin id="329" dir="1" index="2" bw="32" slack="0"/>
</pin_list>
<bind>
<opcode="read(1150) " fcode="read"/>
<opset="sext_ln76_1_read/1 "/>
</bind>
</comp>

<comp id="332" class="1004" name="sext_ln72_18_read_read_fu_332">
<pin_list>
<pin id="333" dir="0" index="0" bw="8" slack="0"/>
<pin id="334" dir="0" index="1" bw="8" slack="0"/>
<pin id="335" dir="1" index="2" bw="8" slack="0"/>
</pin_list>
<bind>
<opcode="read(1150) " fcode="read"/>
<opset="sext_ln72_18_read/1 "/>
</bind>
</comp>

<comp id="338" class="1004" name="sext_ln72_19_read_read_fu_338">
<pin_list>
<pin id="339" dir="0" index="0" bw="8" slack="0"/>
<pin id="340" dir="0" index="1" bw="8" slack="0"/>
<pin id="341" dir="1" index="2" bw="8" slack="0"/>
</pin_list>
<bind>
<opcode="read(1150) " fcode="read"/>
<opset="sext_ln72_19_read/1 "/>
</bind>
</comp>

<comp id="344" class="1004" name="sext_ln72_20_read_read_fu_344">
<pin_list>
<pin id="345" dir="0" index="0" bw="8" slack="0"/>
<pin id="346" dir="0" index="1" bw="8" slack="0"/>
<pin id="347" dir="1" index="2" bw="8" slack="0"/>
</pin_list>
<bind>
<opcode="read(1150) " fcode="read"/>
<opset="sext_ln72_20_read/1 "/>
</bind>
</comp>

<comp id="350" class="1004" name="sext_ln72_21_read_read_fu_350">
<pin_list>
<pin id="351" dir="0" index="0" bw="8" slack="0"/>
<pin id="352" dir="0" index="1" bw="8" slack="0"/>
<pin id="353" dir="1" index="2" bw="8" slack="0"/>
</pin_list>
<bind>
<opcode="read(1150) " fcode="read"/>
<opset="sext_ln72_21_read/1 "/>
</bind>
</comp>

<comp id="356" class="1004" name="sext_ln72_22_read_read_fu_356">
<pin_list>
<pin id="357" dir="0" index="0" bw="8" slack="0"/>
<pin id="358" dir="0" index="1" bw="8" slack="0"/>
<pin id="359" dir="1" index="2" bw="8" slack="0"/>
</pin_list>
<bind>
<opcode="read(1150) " fcode="read"/>
<opset="sext_ln72_22_read/1 "/>
</bind>
</comp>

<comp id="362" class="1004" name="sext_ln72_23_read_read_fu_362">
<pin_list>
<pin id="363" dir="0" index="0" bw="8" slack="0"/>
<pin id="364" dir="0" index="1" bw="8" slack="0"/>
<pin id="365" dir="1" index="2" bw="8" slack="0"/>
</pin_list>
<bind>
<opcode="read(1150) " fcode="read"/>
<opset="sext_ln72_23_read/1 "/>
</bind>
</comp>

<comp id="368" class="1004" name="sext_ln76_read_read_fu_368">
<pin_list>
<pin id="369" dir="0" index="0" bw="8" slack="0"/>
<pin id="370" dir="0" index="1" bw="8" slack="0"/>
<pin id="371" dir="1" index="2" bw="8" slack="0"/>
</pin_list>
<bind>
<opcode="read(1150) " fcode="read"/>
<opset="sext_ln76_read/1 "/>
</bind>
</comp>

<comp id="374" class="1004" name="sext_ln72_1_read_read_fu_374">
<pin_list>
<pin id="375" dir="0" index="0" bw="8" slack="0"/>
<pin id="376" dir="0" index="1" bw="8" slack="0"/>
<pin id="377" dir="1" index="2" bw="8" slack="0"/>
</pin_list>
<bind>
<opcode="read(1150) " fcode="read"/>
<opset="sext_ln72_1_read/1 "/>
</bind>
</comp>

<comp id="380" class="1004" name="sext_ln72_read_read_fu_380">
<pin_list>
<pin id="381" dir="0" index="0" bw="8" slack="0"/>
<pin id="382" dir="0" index="1" bw="8" slack="0"/>
<pin id="383" dir="1" index="2" bw="8" slack="0"/>
</pin_list>
<bind>
<opcode="read(1150) " fcode="read"/>
<opset="sext_ln72_read/1 "/>
</bind>
</comp>

<comp id="386" class="1004" name="sext_ln72_2_read_read_fu_386">
<pin_list>
<pin id="387" dir="0" index="0" bw="8" slack="0"/>
<pin id="388" dir="0" index="1" bw="8" slack="0"/>
<pin id="389" dir="1" index="2" bw="8" slack="0"/>
</pin_list>
<bind>
<opcode="read(1150) " fcode="read"/>
<opset="sext_ln72_2_read/1 "/>
</bind>
</comp>

<comp id="392" class="1004" name="sext_ln72_3_read_read_fu_392">
<pin_list>
<pin id="393" dir="0" index="0" bw="8" slack="0"/>
<pin id="394" dir="0" index="1" bw="8" slack="0"/>
<pin id="395" dir="1" index="2" bw="8" slack="0"/>
</pin_list>
<bind>
<opcode="read(1150) " fcode="read"/>
<opset="sext_ln72_3_read/1 "/>
</bind>
</comp>

<comp id="398" class="1004" name="sext_ln72_4_read_read_fu_398">
<pin_list>
<pin id="399" dir="0" index="0" bw="8" slack="0"/>
<pin id="400" dir="0" index="1" bw="8" slack="0"/>
<pin id="401" dir="1" index="2" bw="8" slack="0"/>
</pin_list>
<bind>
<opcode="read(1150) " fcode="read"/>
<opset="sext_ln72_4_read/1 "/>
</bind>
</comp>

<comp id="404" class="1004" name="sext_ln72_5_read_read_fu_404">
<pin_list>
<pin id="405" dir="0" index="0" bw="8" slack="0"/>
<pin id="406" dir="0" index="1" bw="8" slack="0"/>
<pin id="407" dir="1" index="2" bw="8" slack="0"/>
</pin_list>
<bind>
<opcode="read(1150) " fcode="read"/>
<opset="sext_ln72_5_read/1 "/>
</bind>
</comp>

<comp id="410" class="1004" name="sext_ln72_6_read_read_fu_410">
<pin_list>
<pin id="411" dir="0" index="0" bw="8" slack="0"/>
<pin id="412" dir="0" index="1" bw="8" slack="0"/>
<pin id="413" dir="1" index="2" bw="8" slack="0"/>
</pin_list>
<bind>
<opcode="read(1150) " fcode="read"/>
<opset="sext_ln72_6_read/1 "/>
</bind>
</comp>

<comp id="416" class="1004" name="sext_ln72_7_read_read_fu_416">
<pin_list>
<pin id="417" dir="0" index="0" bw="8" slack="0"/>
<pin id="418" dir="0" index="1" bw="8" slack="0"/>
<pin id="419" dir="1" index="2" bw="8" slack="0"/>
</pin_list>
<bind>
<opcode="read(1150) " fcode="read"/>
<opset="sext_ln72_7_read/1 "/>
</bind>
</comp>

<comp id="422" class="1004" name="sext_ln72_8_read_read_fu_422">
<pin_list>
<pin id="423" dir="0" index="0" bw="8" slack="0"/>
<pin id="424" dir="0" index="1" bw="8" slack="0"/>
<pin id="425" dir="1" index="2" bw="8" slack="0"/>
</pin_list>
<bind>
<opcode="read(1150) " fcode="read"/>
<opset="sext_ln72_8_read/1 "/>
</bind>
</comp>

<comp id="428" class="1004" name="sext_ln72_9_read_read_fu_428">
<pin_list>
<pin id="429" dir="0" index="0" bw="8" slack="0"/>
<pin id="430" dir="0" index="1" bw="8" slack="0"/>
<pin id="431" dir="1" index="2" bw="8" slack="0"/>
</pin_list>
<bind>
<opcode="read(1150) " fcode="read"/>
<opset="sext_ln72_9_read/1 "/>
</bind>
</comp>

<comp id="434" class="1004" name="sext_ln72_10_read_read_fu_434">
<pin_list>
<pin id="435" dir="0" index="0" bw="8" slack="0"/>
<pin id="436" dir="0" index="1" bw="8" slack="0"/>
<pin id="437" dir="1" index="2" bw="8" slack="0"/>
</pin_list>
<bind>
<opcode="read(1150) " fcode="read"/>
<opset="sext_ln72_10_read/1 "/>
</bind>
</comp>

<comp id="440" class="1004" name="sext_ln72_11_read_read_fu_440">
<pin_list>
<pin id="441" dir="0" index="0" bw="8" slack="0"/>
<pin id="442" dir="0" index="1" bw="8" slack="0"/>
<pin id="443" dir="1" index="2" bw="8" slack="0"/>
</pin_list>
<bind>
<opcode="read(1150) " fcode="read"/>
<opset="sext_ln72_11_read/1 "/>
</bind>
</comp>

<comp id="446" class="1004" name="sext_ln72_12_read_read_fu_446">
<pin_list>
<pin id="447" dir="0" index="0" bw="8" slack="0"/>
<pin id="448" dir="0" index="1" bw="8" slack="0"/>
<pin id="449" dir="1" index="2" bw="8" slack="0"/>
</pin_list>
<bind>
<opcode="read(1150) " fcode="read"/>
<opset="sext_ln72_12_read/1 "/>
</bind>
</comp>

<comp id="452" class="1004" name="sext_ln72_13_read_read_fu_452">
<pin_list>
<pin id="453" dir="0" index="0" bw="8" slack="0"/>
<pin id="454" dir="0" index="1" bw="8" slack="0"/>
<pin id="455" dir="1" index="2" bw="8" slack="0"/>
</pin_list>
<bind>
<opcode="read(1150) " fcode="read"/>
<opset="sext_ln72_13_read/1 "/>
</bind>
</comp>

<comp id="458" class="1004" name="sext_ln72_14_read_read_fu_458">
<pin_list>
<pin id="459" dir="0" index="0" bw="8" slack="0"/>
<pin id="460" dir="0" index="1" bw="8" slack="0"/>
<pin id="461" dir="1" index="2" bw="8" slack="0"/>
</pin_list>
<bind>
<opcode="read(1150) " fcode="read"/>
<opset="sext_ln72_14_read/1 "/>
</bind>
</comp>

<comp id="464" class="1004" name="sext_ln72_15_read_read_fu_464">
<pin_list>
<pin id="465" dir="0" index="0" bw="8" slack="0"/>
<pin id="466" dir="0" index="1" bw="8" slack="0"/>
<pin id="467" dir="1" index="2" bw="8" slack="0"/>
</pin_list>
<bind>
<opcode="read(1150) " fcode="read"/>
<opset="sext_ln72_15_read/1 "/>
</bind>
</comp>

<comp id="470" class="1004" name="sext_ln72_16_read_read_fu_470">
<pin_list>
<pin id="471" dir="0" index="0" bw="8" slack="0"/>
<pin id="472" dir="0" index="1" bw="8" slack="0"/>
<pin id="473" dir="1" index="2" bw="8" slack="0"/>
</pin_list>
<bind>
<opcode="read(1150) " fcode="read"/>
<opset="sext_ln72_16_read/1 "/>
</bind>
</comp>

<comp id="476" class="1004" name="sext_ln72_17_read_read_fu_476">
<pin_list>
<pin id="477" dir="0" index="0" bw="8" slack="0"/>
<pin id="478" dir="0" index="1" bw="8" slack="0"/>
<pin id="479" dir="1" index="2" bw="8" slack="0"/>
</pin_list>
<bind>
<opcode="read(1150) " fcode="read"/>
<opset="sext_ln72_17_read/1 "/>
</bind>
</comp>

<comp id="482" class="1004" name="height_read_read_fu_482">
<pin_list>
<pin id="483" dir="0" index="0" bw="13" slack="0"/>
<pin id="484" dir="0" index="1" bw="13" slack="0"/>
<pin id="485" dir="1" index="2" bw="13" slack="3"/>
</pin_list>
<bind>
<opcode="read(1150) " fcode="read"/>
<opset="height_read/1 "/>
</bind>
</comp>

<comp id="488" class="1004" name="zext_ln149_read_read_fu_488">
<pin_list>
<pin id="489" dir="0" index="0" bw="13" slack="0"/>
<pin id="490" dir="0" index="1" bw="13" slack="0"/>
<pin id="491" dir="1" index="2" bw="13" slack="0"/>
</pin_list>
<bind>
<opcode="read(1150) " fcode="read"/>
<opset="zext_ln149_read/1 "/>
</bind>
</comp>

<comp id="494" class="1004" name="zext_ln72_read_read_fu_494">
<pin_list>
<pin id="495" dir="0" index="0" bw="13" slack="0"/>
<pin id="496" dir="0" index="1" bw="13" slack="0"/>
<pin id="497" dir="1" index="2" bw="13" slack="0"/>
</pin_list>
<bind>
<opcode="read(1150) " fcode="read"/>
<opset="zext_ln72_read/1 "/>
</bind>
</comp>

<comp id="500" class="1004" name="add_ln89_read_read_fu_500">
<pin_list>
<pin id="501" dir="0" index="0" bw="14" slack="0"/>
<pin id="502" dir="0" index="1" bw="14" slack="0"/>
<pin id="503" dir="1" index="2" bw="14" slack="3"/>
</pin_list>
<bind>
<opcode="read(1150) " fcode="read"/>
<opset="add_ln89_read/1 "/>
</bind>
</comp>

<comp id="506" class="1004" name="add_ln88_read_read_fu_506">
<pin_list>
<pin id="507" dir="0" index="0" bw="14" slack="0"/>
<pin id="508" dir="0" index="1" bw="14" slack="0"/>
<pin id="509" dir="1" index="2" bw="14" slack="3"/>
</pin_list>
<bind>
<opcode="read(1150) " fcode="read"/>
<opset="add_ln88_read/1 "/>
</bind>
</comp>

<comp id="512" class="1004" name="add_ln104_read_read_fu_512">
<pin_list>
<pin id="513" dir="0" index="0" bw="14" slack="0"/>
<pin id="514" dir="0" index="1" bw="14" slack="0"/>
<pin id="515" dir="1" index="2" bw="14" slack="3"/>
</pin_list>
<bind>
<opcode="read(1150) " fcode="read"/>
<opset="add_ln104_read/1 "/>
</bind>
</comp>

<comp id="518" class="1004" name="width_read_read_fu_518">
<pin_list>
<pin id="519" dir="0" index="0" bw="13" slack="0"/>
<pin id="520" dir="0" index="1" bw="13" slack="0"/>
<pin id="521" dir="1" index="2" bw="13" slack="1"/>
</pin_list>
<bind>
<opcode="read(1150) " fcode="read"/>
<opset="width_read/1 "/>
</bind>
</comp>

<comp id="524" class="1004" name="add_ln42_read_read_fu_524">
<pin_list>
<pin id="525" dir="0" index="0" bw="14" slack="0"/>
<pin id="526" dir="0" index="1" bw="14" slack="0"/>
<pin id="527" dir="1" index="2" bw="14" slack="1"/>
</pin_list>
<bind>
<opcode="read(1150) " fcode="read"/>
<opset="add_ln42_read/1 "/>
</bind>
</comp>

<comp id="530" class="1004" name="total_cycles_read_read_fu_530">
<pin_list>
<pin id="531" dir="0" index="0" bw="27" slack="0"/>
<pin id="532" dir="0" index="1" bw="27" slack="0"/>
<pin id="533" dir="1" index="2" bw="27" slack="0"/>
</pin_list>
<bind>
<opcode="read(1150) " fcode="read"/>
<opset="total_cycles_read/1 "/>
</bind>
</comp>

<comp id="536" class="1004" name="flush_cycles_read_read_fu_536">
<pin_list>
<pin id="537" dir="0" index="0" bw="15" slack="0"/>
<pin id="538" dir="0" index="1" bw="15" slack="0"/>
<pin id="539" dir="1" index="2" bw="15" slack="0"/>
</pin_list>
<bind>
<opcode="read(1150) " fcode="read"/>
<opset="flush_cycles_read/1 "/>
</bind>
</comp>

<comp id="542" class="1004" name="total_pixels_read_read_fu_542">
<pin_list>
<pin id="543" dir="0" index="0" bw="26" slack="0"/>
<pin id="544" dir="0" index="1" bw="26" slack="0"/>
<pin id="545" dir="1" index="2" bw="26" slack="0"/>
</pin_list>
<bind>
<opcode="read(1150) " fcode="read"/>
<opset="total_pixels_read/1 "/>
</bind>
</comp>

<comp id="548" class="1004" name="s_axis_video_read_read_fu_548">
<pin_list>
<pin id="549" dir="0" index="0" bw="24" slack="0"/>
<pin id="550" dir="0" index="1" bw="24" slack="0"/>
<pin id="551" dir="1" index="2" bw="24" slack="0"/>
</pin_list>
<bind>
<opcode="read(1150) " fcode="read"/>
<opset="s_axis_video_read/2 "/>
</bind>
</comp>

<comp id="554" class="1004" name="write_ln99_write_fu_554">
<pin_list>
<pin id="555" dir="0" index="0" bw="0" slack="0"/>
<pin id="556" dir="0" index="1" bw="24" slack="0"/>
<pin id="557" dir="0" index="2" bw="17" slack="0"/>
<pin id="558" dir="1" index="3" bw="0" slack="2147483647"/>
</pin_list>
<bind>
<opcode="write(1151) " fcode="write"/>
<opset="write_ln99/11 "/>
</bind>
</comp>

<comp id="561" class="1004" name="line_buffer_addr_gep_fu_561">
<pin_list>
<pin id="562" dir="0" index="0" bw="8" slack="2147483647"/>
<pin id="563" dir="0" index="1" bw="1" slack="0"/>
<pin id="564" dir="0" index="2" bw="13" slack="0"/>
<pin id="565" dir="1" index="3" bw="13" slack="3"/>
</pin_list>
<bind>
<opcode="getelementptr(29) " fcode="getelementptr"/>
<opset="line_buffer_addr/2 "/>
</bind>
</comp>

<comp id="567" class="1004" name="line_buffer_1_addr_gep_fu_567">
<pin_list>
<pin id="568" dir="0" index="0" bw="8" slack="2147483647"/>
<pin id="569" dir="0" index="1" bw="1" slack="0"/>
<pin id="570" dir="0" index="2" bw="13" slack="0"/>
<pin id="571" dir="1" index="3" bw="13" slack="2"/>
</pin_list>
<bind>
<opcode="getelementptr(29) " fcode="getelementptr"/>
<opset="line_buffer_1_addr/2 "/>
</bind>
</comp>

<comp id="573" class="1004" name="line_buffer_2_addr_gep_fu_573">
<pin_list>
<pin id="574" dir="0" index="0" bw="8" slack="2147483647"/>
<pin id="575" dir="0" index="1" bw="1" slack="0"/>
<pin id="576" dir="0" index="2" bw="13" slack="0"/>
<pin id="577" dir="1" index="3" bw="13" slack="1"/>
</pin_list>
<bind>
<opcode="getelementptr(29) " fcode="getelementptr"/>
<opset="line_buffer_2_addr/2 "/>
</bind>
</comp>

<comp id="579" class="1004" name="line_buffer_3_addr_gep_fu_579">
<pin_list>
<pin id="580" dir="0" index="0" bw="8" slack="2147483647"/>
<pin id="581" dir="0" index="1" bw="1" slack="0"/>
<pin id="582" dir="0" index="2" bw="13" slack="0"/>
<pin id="583" dir="1" index="3" bw="13" slack="0"/>
</pin_list>
<bind>
<opcode="getelementptr(29) " fcode="getelementptr"/>
<opset="line_buffer_3_addr/2 "/>
</bind>
</comp>

<comp id="585" class="1004" name="grp_access_fu_585">
<pin_list>
<pin id="586" dir="0" index="0" bw="13" slack="0"/>
<pin id="587" dir="0" index="1" bw="8" slack="0"/>
<pin id="588" dir="0" index="2" bw="0" slack="2147483647"/>
<pin id="589" dir="1" index="3" bw="8" slack="0"/>
</pin_list>
<bind>
<opcode="load(27) store(28) " fcode="store"/>
<opset="window_37/2 store_ln39/2 "/>
</bind>
</comp>

<comp id="591" class="1004" name="grp_access_fu_591">
<pin_list>
<pin id="592" dir="0" index="0" bw="13" slack="1"/>
<pin id="593" dir="0" index="1" bw="8" slack="0"/>
<pin id="594" dir="0" index="2" bw="0" slack="2147483647"/>
<pin id="595" dir="1" index="3" bw="8" slack="0"/>
</pin_list>
<bind>
<opcode="load(27) store(28) " fcode="store"/>
<opset="window_36/3 store_ln37/3 "/>
</bind>
</comp>

<comp id="597" class="1004" name="grp_access_fu_597">
<pin_list>
<pin id="598" dir="0" index="0" bw="13" slack="2"/>
<pin id="599" dir="0" index="1" bw="8" slack="0"/>
<pin id="600" dir="0" index="2" bw="0" slack="2147483647"/>
<pin id="601" dir="1" index="3" bw="8" slack="0"/>
</pin_list>
<bind>
<opcode="load(27) store(28) " fcode="store"/>
<opset="window_35/4 store_ln37/4 "/>
</bind>
</comp>

<comp id="603" class="1004" name="grp_access_fu_603">
<pin_list>
<pin id="604" dir="0" index="0" bw="13" slack="3"/>
<pin id="605" dir="0" index="1" bw="8" slack="0"/>
<pin id="606" dir="0" index="2" bw="0" slack="2147483647"/>
<pin id="607" dir="1" index="3" bw="8" slack="0"/>
</pin_list>
<bind>
<opcode="load(27) store(28) " fcode="store"/>
<opset="window_34/5 store_ln37/5 "/>
</bind>
</comp>

<comp id="609" class="1005" name="window_38_reg_609">
<pin_list>
<pin id="610" dir="0" index="0" bw="8" slack="1"/>
<pin id="611" dir="1" index="1" bw="8" slack="1"/>
</pin_list>
<bind>
<opset="window_38 (phireg) "/>
</bind>
</comp>

<comp id="613" class="1004" name="window_38_phi_fu_613">
<pin_list>
<pin id="614" dir="0" index="0" bw="8" slack="0"/>
<pin id="615" dir="0" index="1" bw="0" slack="2147483647"/>
<pin id="616" dir="0" index="2" bw="1" slack="1"/>
<pin id="617" dir="0" index="3" bw="0" slack="2147483647"/>
<pin id="618" dir="1" index="4" bw="8" slack="0"/>
</pin_list>
<bind>
<opcode="phi(47) " fcode="phi"/>
<opset="window_38/2 "/>
</bind>
</comp>

<comp id="622" class="1005" name="add_ln42_pn_reg_622">
<pin_list>
<pin id="623" dir="0" index="0" bw="14" slack="2147483647"/>
<pin id="624" dir="1" index="1" bw="14" slack="2147483647"/>
</pin_list>
<bind>
<opset="add_ln42_pn (phireg) "/>
</bind>
</comp>

<comp id="625" class="1004" name="add_ln42_pn_phi_fu_625">
<pin_list>
<pin id="626" dir="0" index="0" bw="14" slack="4"/>
<pin id="627" dir="0" index="1" bw="0" slack="2147483647"/>
<pin id="628" dir="0" index="2" bw="14" slack="4"/>
<pin id="629" dir="0" index="3" bw="0" slack="2147483647"/>
<pin id="630" dir="1" index="4" bw="14" slack="0"/>
</pin_list>
<bind>
<opcode="phi(47) " fcode="phi"/>
<opset="add_ln42_pn/5 "/>
</bind>
</comp>

<comp id="631" class="1004" name="mul_ln76_fu_631">
<pin_list>
<pin id="632" dir="0" index="0" bw="21" slack="0"/>
<pin id="633" dir="0" index="1" bw="32" slack="9"/>
<pin id="634" dir="1" index="2" bw="52" slack="1"/>
</pin_list>
<bind>
<opcode="mul(12) " fcode="mul"/>
<opset="mul_ln76/10 "/>
</bind>
</comp>

<comp id="635" class="1004" name="zext_ln104_cast_fu_635">
<pin_list>
<pin id="636" dir="0" index="0" bw="5" slack="0"/>
<pin id="637" dir="1" index="1" bw="63" slack="10"/>
</pin_list>
<bind>
<opcode="zext(34) " fcode="zext"/>
<opset="zext_ln104_cast/1 "/>
</bind>
</comp>

<comp id="639" class="1004" name="sext_ln76_1_cast_fu_639">
<pin_list>
<pin id="640" dir="0" index="0" bw="32" slack="0"/>
<pin id="641" dir="1" index="1" bw="52" slack="9"/>
</pin_list>
<bind>
<opcode="sext(35) " fcode="sext"/>
<opset="sext_ln76_1_cast/1 "/>
</bind>
</comp>

<comp id="643" class="1004" name="sext_ln72_18_cast_fu_643">
<pin_list>
<pin id="644" dir="0" index="0" bw="8" slack="0"/>
<pin id="645" dir="1" index="1" bw="16" slack="6"/>
</pin_list>
<bind>
<opcode="sext(35) " fcode="sext"/>
<opset="sext_ln72_18_cast/1 "/>
</bind>
</comp>

<comp id="647" class="1004" name="sext_ln72_19_cast_fu_647">
<pin_list>
<pin id="648" dir="0" index="0" bw="8" slack="0"/>
<pin id="649" dir="1" index="1" bw="16" slack="4"/>
</pin_list>
<bind>
<opcode="sext(35) " fcode="sext"/>
<opset="sext_ln72_19_cast/1 "/>
</bind>
</comp>

<comp id="651" class="1004" name="sext_ln72_20_cast_fu_651">
<pin_list>
<pin id="652" dir="0" index="0" bw="8" slack="0"/>
<pin id="653" dir="1" index="1" bw="16" slack="4"/>
</pin_list>
<bind>
<opcode="sext(35) " fcode="sext"/>
<opset="sext_ln72_20_cast/1 "/>
</bind>
</comp>

<comp id="655" class="1004" name="sext_ln72_21_cast_fu_655">
<pin_list>
<pin id="656" dir="0" index="0" bw="8" slack="0"/>
<pin id="657" dir="1" index="1" bw="16" slack="5"/>
</pin_list>
<bind>
<opcode="sext(35) " fcode="sext"/>
<opset="sext_ln72_21_cast/1 "/>
</bind>
</comp>

<comp id="659" class="1004" name="sext_ln72_22_cast_fu_659">
<pin_list>
<pin id="660" dir="0" index="0" bw="8" slack="0"/>
<pin id="661" dir="1" index="1" bw="16" slack="6"/>
</pin_list>
<bind>
<opcode="sext(35) " fcode="sext"/>
<opset="sext_ln72_22_cast/1 "/>
</bind>
</comp>

<comp id="663" class="1004" name="sext_ln72_23_cast_fu_663">
<pin_list>
<pin id="664" dir="0" index="0" bw="8" slack="0"/>
<pin id="665" dir="1" index="1" bw="16" slack="5"/>
</pin_list>
<bind>
<opcode="sext(35) " fcode="sext"/>
<opset="sext_ln72_23_cast/1 "/>
</bind>
</comp>

<comp id="667" class="1004" name="sext_ln76_cast_fu_667">
<pin_list>
<pin id="668" dir="0" index="0" bw="8" slack="0"/>
<pin id="669" dir="1" index="1" bw="16" slack="4"/>
</pin_list>
<bind>
<opcode="sext(35) " fcode="sext"/>
<opset="sext_ln76_cast/1 "/>
</bind>
</comp>

<comp id="671" class="1004" name="sext_ln72_1_cast_fu_671">
<pin_list>
<pin id="672" dir="0" index="0" bw="8" slack="0"/>
<pin id="673" dir="1" index="1" bw="16" slack="5"/>
</pin_list>
<bind>
<opcode="sext(35) " fcode="sext"/>
<opset="sext_ln72_1_cast/1 "/>
</bind>
</comp>

<comp id="675" class="1004" name="sext_ln72_cast_fu_675">
<pin_list>
<pin id="676" dir="0" index="0" bw="8" slack="0"/>
<pin id="677" dir="1" index="1" bw="16" slack="6"/>
</pin_list>
<bind>
<opcode="sext(35) " fcode="sext"/>
<opset="sext_ln72_cast/1 "/>
</bind>
</comp>

<comp id="679" class="1004" name="sext_ln72_2_cast_fu_679">
<pin_list>
<pin id="680" dir="0" index="0" bw="8" slack="0"/>
<pin id="681" dir="1" index="1" bw="16" slack="5"/>
</pin_list>
<bind>
<opcode="sext(35) " fcode="sext"/>
<opset="sext_ln72_2_cast/1 "/>
</bind>
</comp>

<comp id="683" class="1004" name="sext_ln72_3_cast_fu_683">
<pin_list>
<pin id="684" dir="0" index="0" bw="8" slack="0"/>
<pin id="685" dir="1" index="1" bw="16" slack="7"/>
</pin_list>
<bind>
<opcode="sext(35) " fcode="sext"/>
<opset="sext_ln72_3_cast/1 "/>
</bind>
</comp>

<comp id="687" class="1004" name="sext_ln72_4_cast_fu_687">
<pin_list>
<pin id="688" dir="0" index="0" bw="8" slack="0"/>
<pin id="689" dir="1" index="1" bw="16" slack="6"/>
</pin_list>
<bind>
<opcode="sext(35) " fcode="sext"/>
<opset="sext_ln72_4_cast/1 "/>
</bind>
</comp>

<comp id="691" class="1004" name="sext_ln72_5_cast_fu_691">
<pin_list>
<pin id="692" dir="0" index="0" bw="8" slack="0"/>
<pin id="693" dir="1" index="1" bw="16" slack="6"/>
</pin_list>
<bind>
<opcode="sext(35) " fcode="sext"/>
<opset="sext_ln72_5_cast/1 "/>
</bind>
</comp>

<comp id="695" class="1004" name="sext_ln72_6_cast_fu_695">
<pin_list>
<pin id="696" dir="0" index="0" bw="8" slack="0"/>
<pin id="697" dir="1" index="1" bw="16" slack="5"/>
</pin_list>
<bind>
<opcode="sext(35) " fcode="sext"/>
<opset="sext_ln72_6_cast/1 "/>
</bind>
</comp>

<comp id="699" class="1004" name="sext_ln72_7_cast_fu_699">
<pin_list>
<pin id="700" dir="0" index="0" bw="8" slack="0"/>
<pin id="701" dir="1" index="1" bw="16" slack="7"/>
</pin_list>
<bind>
<opcode="sext(35) " fcode="sext"/>
<opset="sext_ln72_7_cast/1 "/>
</bind>
</comp>

<comp id="703" class="1004" name="sext_ln72_8_cast_fu_703">
<pin_list>
<pin id="704" dir="0" index="0" bw="8" slack="0"/>
<pin id="705" dir="1" index="1" bw="16" slack="6"/>
</pin_list>
<bind>
<opcode="sext(35) " fcode="sext"/>
<opset="sext_ln72_8_cast/1 "/>
</bind>
</comp>

<comp id="707" class="1004" name="sext_ln72_9_cast_fu_707">
<pin_list>
<pin id="708" dir="0" index="0" bw="8" slack="0"/>
<pin id="709" dir="1" index="1" bw="16" slack="4"/>
</pin_list>
<bind>
<opcode="sext(35) " fcode="sext"/>
<opset="sext_ln72_9_cast/1 "/>
</bind>
</comp>

<comp id="711" class="1004" name="sext_ln72_10_cast_fu_711">
<pin_list>
<pin id="712" dir="0" index="0" bw="8" slack="0"/>
<pin id="713" dir="1" index="1" bw="16" slack="4"/>
</pin_list>
<bind>
<opcode="sext(35) " fcode="sext"/>
<opset="sext_ln72_10_cast/1 "/>
</bind>
</comp>

<comp id="715" class="1004" name="sext_ln72_11_cast_fu_715">
<pin_list>
<pin id="716" dir="0" index="0" bw="8" slack="0"/>
<pin id="717" dir="1" index="1" bw="16" slack="6"/>
</pin_list>
<bind>
<opcode="sext(35) " fcode="sext"/>
<opset="sext_ln72_11_cast/1 "/>
</bind>
</comp>

<comp id="719" class="1004" name="sext_ln72_12_cast_fu_719">
<pin_list>
<pin id="720" dir="0" index="0" bw="8" slack="0"/>
<pin id="721" dir="1" index="1" bw="16" slack="5"/>
</pin_list>
<bind>
<opcode="sext(35) " fcode="sext"/>
<opset="sext_ln72_12_cast/1 "/>
</bind>
</comp>

<comp id="723" class="1004" name="sext_ln72_13_cast_fu_723">
<pin_list>
<pin id="724" dir="0" index="0" bw="8" slack="0"/>
<pin id="725" dir="1" index="1" bw="16" slack="4"/>
</pin_list>
<bind>
<opcode="sext(35) " fcode="sext"/>
<opset="sext_ln72_13_cast/1 "/>
</bind>
</comp>

<comp id="727" class="1004" name="sext_ln72_14_cast_fu_727">
<pin_list>
<pin id="728" dir="0" index="0" bw="8" slack="0"/>
<pin id="729" dir="1" index="1" bw="16" slack="6"/>
</pin_list>
<bind>
<opcode="sext(35) " fcode="sext"/>
<opset="sext_ln72_14_cast/1 "/>
</bind>
</comp>

<comp id="731" class="1004" name="sext_ln72_15_cast_fu_731">
<pin_list>
<pin id="732" dir="0" index="0" bw="8" slack="0"/>
<pin id="733" dir="1" index="1" bw="16" slack="6"/>
</pin_list>
<bind>
<opcode="sext(35) " fcode="sext"/>
<opset="sext_ln72_15_cast/1 "/>
</bind>
</comp>

<comp id="735" class="1004" name="sext_ln72_16_cast_fu_735">
<pin_list>
<pin id="736" dir="0" index="0" bw="8" slack="0"/>
<pin id="737" dir="1" index="1" bw="16" slack="5"/>
</pin_list>
<bind>
<opcode="sext(35) " fcode="sext"/>
<opset="sext_ln72_16_cast/1 "/>
</bind>
</comp>

<comp id="739" class="1004" name="sext_ln72_17_cast_fu_739">
<pin_list>
<pin id="740" dir="0" index="0" bw="8" slack="0"/>
<pin id="741" dir="1" index="1" bw="16" slack="4"/>
</pin_list>
<bind>
<opcode="sext(35) " fcode="sext"/>
<opset="sext_ln72_17_cast/1 "/>
</bind>
</comp>

<comp id="743" class="1004" name="zext_ln149_cast_fu_743">
<pin_list>
<pin id="744" dir="0" index="0" bw="13" slack="0"/>
<pin id="745" dir="1" index="1" bw="14" slack="4"/>
</pin_list>
<bind>
<opcode="zext(34) " fcode="zext"/>
<opset="zext_ln149_cast/1 "/>
</bind>
</comp>

<comp id="747" class="1004" name="zext_ln72_cast_fu_747">
<pin_list>
<pin id="748" dir="0" index="0" bw="13" slack="0"/>
<pin id="749" dir="1" index="1" bw="14" slack="3"/>
</pin_list>
<bind>
<opcode="zext(34) " fcode="zext"/>
<opset="zext_ln72_cast/1 "/>
</bind>
</comp>

<comp id="751" class="1004" name="zext_ln150_fu_751">
<pin_list>
<pin id="752" dir="0" index="0" bw="26" slack="0"/>
<pin id="753" dir="1" index="1" bw="27" slack="0"/>
</pin_list>
<bind>
<opcode="zext(34) " fcode="zext"/>
<opset="zext_ln150/1 "/>
</bind>
</comp>

<comp id="755" class="1004" name="zext_ln150_1_fu_755">
<pin_list>
<pin id="756" dir="0" index="0" bw="15" slack="0"/>
<pin id="757" dir="1" index="1" bw="27" slack="0"/>
</pin_list>
<bind>
<opcode="zext(34) " fcode="zext"/>
<opset="zext_ln150_1/1 "/>
</bind>
</comp>

<comp id="759" class="1004" name="store_ln63_store_fu_759">
<pin_list>
<pin id="760" dir="0" index="0" bw="1" slack="0"/>
<pin id="761" dir="0" index="1" bw="13" slack="0"/>
<pin id="762" dir="1" index="2" bw="0" slack="2147483647"/>
</pin_list>
<bind>
<opcode="store(28) " fcode="store"/>
<opset="store_ln63/1 "/>
</bind>
</comp>

<comp id="764" class="1004" name="store_ln64_store_fu_764">
<pin_list>
<pin id="765" dir="0" index="0" bw="1" slack="0"/>
<pin id="766" dir="0" index="1" bw="13" slack="0"/>
<pin id="767" dir="1" index="2" bw="0" slack="2147483647"/>
</pin_list>
<bind>
<opcode="store(28) " fcode="store"/>
<opset="store_ln64/1 "/>
</bind>
</comp>

<comp id="769" class="1004" name="store_ln11_store_fu_769">
<pin_list>
<pin id="770" dir="0" index="0" bw="1" slack="0"/>
<pin id="771" dir="0" index="1" bw="27" slack="0"/>
<pin id="772" dir="1" index="2" bw="0" slack="2147483647"/>
</pin_list>
<bind>
<opcode="store(28) " fcode="store"/>
<opset="store_ln11/1 "/>
</bind>
</comp>

<comp id="774" class="1004" name="store_ln153_store_fu_774">
<pin_list>
<pin id="775" dir="0" index="0" bw="1" slack="0"/>
<pin id="776" dir="0" index="1" bw="13" slack="0"/>
<pin id="777" dir="1" index="2" bw="0" slack="2147483647"/>
</pin_list>
<bind>
<opcode="store(28) " fcode="store"/>
<opset="store_ln153/1 "/>
</bind>
</comp>

<comp id="779" class="1004" name="i_1_load_fu_779">
<pin_list>
<pin id="780" dir="0" index="0" bw="27" slack="0"/>
<pin id="781" dir="1" index="1" bw="27" slack="0"/>
</pin_list>
<bind>
<opcode="load(27) " fcode="load"/>
<opset="i_1/1 "/>
</bind>
</comp>

<comp id="782" class="1004" name="icmp_ln15_fu_782">
<pin_list>
<pin id="783" dir="0" index="0" bw="27" slack="0"/>
<pin id="784" dir="0" index="1" bw="27" slack="0"/>
<pin id="785" dir="1" index="2" bw="1" slack="1"/>
</pin_list>
<bind>
<opcode="icmp(45) " fcode="icmp"/>
<opset="icmp_ln15/1 "/>
</bind>
</comp>

<comp id="788" class="1004" name="i_3_fu_788">
<pin_list>
<pin id="789" dir="0" index="0" bw="27" slack="0"/>
<pin id="790" dir="0" index="1" bw="1" slack="0"/>
<pin id="791" dir="1" index="2" bw="27" slack="0"/>
</pin_list>
<bind>
<opcode="add(8) " fcode="add"/>
<opset="i_3/1 "/>
</bind>
</comp>

<comp id="794" class="1004" name="icmp_ln165_fu_794">
<pin_list>
<pin id="795" dir="0" index="0" bw="27" slack="0"/>
<pin id="796" dir="0" index="1" bw="27" slack="0"/>
<pin id="797" dir="1" index="2" bw="1" slack="1"/>
</pin_list>
<bind>
<opcode="icmp(45) " fcode="icmp"/>
<opset="icmp_ln165/1 "/>
</bind>
</comp>

<comp id="800" class="1004" name="icmp_ln158_fu_800">
<pin_list>
<pin id="801" dir="0" index="0" bw="27" slack="0"/>
<pin id="802" dir="0" index="1" bw="27" slack="0"/>
<pin id="803" dir="1" index="2" bw="1" slack="10"/>
</pin_list>
<bind>
<opcode="icmp(45) " fcode="icmp"/>
<opset="icmp_ln158/1 "/>
</bind>
</comp>

<comp id="806" class="1004" name="store_ln11_store_fu_806">
<pin_list>
<pin id="807" dir="0" index="0" bw="27" slack="0"/>
<pin id="808" dir="0" index="1" bw="27" slack="0"/>
<pin id="809" dir="1" index="2" bw="0" slack="2147483647"/>
</pin_list>
<bind>
<opcode="store(28) " fcode="store"/>
<opset="store_ln11/1 "/>
</bind>
</comp>

<comp id="811" class="1004" name="x_2_load_fu_811">
<pin_list>
<pin id="812" dir="0" index="0" bw="13" slack="1"/>
<pin id="813" dir="1" index="1" bw="13" slack="0"/>
</pin_list>
<bind>
<opcode="load(27) " fcode="load"/>
<opset="x_2/2 "/>
</bind>
</comp>

<comp id="814" class="1004" name="new_pixel_fu_814">
<pin_list>
<pin id="815" dir="0" index="0" bw="24" slack="0"/>
<pin id="816" dir="1" index="1" bw="8" slack="0"/>
</pin_list>
<bind>
<opcode="trunc(33) " fcode="trunc"/>
<opset="new_pixel/2 "/>
</bind>
</comp>

<comp id="819" class="1004" name="zext_ln31_fu_819">
<pin_list>
<pin id="820" dir="0" index="0" bw="13" slack="0"/>
<pin id="821" dir="1" index="1" bw="64" slack="0"/>
</pin_list>
<bind>
<opcode="zext(34) " fcode="zext"/>
<opset="zext_ln31/2 "/>
</bind>
</comp>

<comp id="827" class="1004" name="icmp_ln35_fu_827">
<pin_list>
<pin id="828" dir="0" index="0" bw="13" slack="0"/>
<pin id="829" dir="0" index="1" bw="13" slack="1"/>
<pin id="830" dir="1" index="2" bw="1" slack="1"/>
</pin_list>
<bind>
<opcode="icmp(45) " fcode="icmp"/>
<opset="icmp_ln35/2 "/>
</bind>
</comp>

<comp id="832" class="1004" name="zext_ln42_fu_832">
<pin_list>
<pin id="833" dir="0" index="0" bw="13" slack="0"/>
<pin id="834" dir="1" index="1" bw="14" slack="0"/>
</pin_list>
<bind>
<opcode="zext(34) " fcode="zext"/>
<opset="zext_ln42/2 "/>
</bind>
</comp>

<comp id="836" class="1004" name="icmp_ln42_fu_836">
<pin_list>
<pin id="837" dir="0" index="0" bw="14" slack="1"/>
<pin id="838" dir="0" index="1" bw="14" slack="0"/>
<pin id="839" dir="1" index="2" bw="1" slack="0"/>
</pin_list>
<bind>
<opcode="icmp(45) " fcode="icmp"/>
<opset="icmp_ln42/2 "/>
</bind>
</comp>

<comp id="841" class="1004" name="add_ln45_fu_841">
<pin_list>
<pin id="842" dir="0" index="0" bw="13" slack="0"/>
<pin id="843" dir="0" index="1" bw="1" slack="0"/>
<pin id="844" dir="1" index="2" bw="13" slack="0"/>
</pin_list>
<bind>
<opcode="add(8) " fcode="add"/>
<opset="add_ln45/2 "/>
</bind>
</comp>

<comp id="847" class="1004" name="x_3_fu_847">
<pin_list>
<pin id="848" dir="0" index="0" bw="1" slack="0"/>
<pin id="849" dir="0" index="1" bw="13" slack="0"/>
<pin id="850" dir="0" index="2" bw="13" slack="0"/>
<pin id="851" dir="1" index="3" bw="13" slack="0"/>
</pin_list>
<bind>
<opcode="select(49) " fcode="select"/>
<opset="x_3/2 "/>
</bind>
</comp>

<comp id="855" class="1004" name="store_ln153_store_fu_855">
<pin_list>
<pin id="856" dir="0" index="0" bw="13" slack="0"/>
<pin id="857" dir="0" index="1" bw="13" slack="1"/>
<pin id="858" dir="1" index="2" bw="0" slack="2147483647"/>
</pin_list>
<bind>
<opcode="store(28) " fcode="store"/>
<opset="store_ln153/2 "/>
</bind>
</comp>

<comp id="860" class="1004" name="img_y_5_load_fu_860">
<pin_list>
<pin id="861" dir="0" index="0" bw="13" slack="3"/>
<pin id="862" dir="1" index="1" bw="13" slack="0"/>
</pin_list>
<bind>
<opcode="load(27) " fcode="load"/>
<opset="img_y_5/4 "/>
</bind>
</comp>

<comp id="863" class="1004" name="img_x_5_load_fu_863">
<pin_list>
<pin id="864" dir="0" index="0" bw="13" slack="3"/>
<pin id="865" dir="1" index="1" bw="13" slack="0"/>
</pin_list>
<bind>
<opcode="load(27) " fcode="load"/>
<opset="img_x_5/4 "/>
</bind>
</comp>

<comp id="866" class="1004" name="zext_ln63_fu_866">
<pin_list>
<pin id="867" dir="0" index="0" bw="13" slack="0"/>
<pin id="868" dir="1" index="1" bw="14" slack="0"/>
</pin_list>
<bind>
<opcode="zext(34) " fcode="zext"/>
<opset="zext_ln63/4 "/>
</bind>
</comp>

<comp id="870" class="1004" name="zext_ln64_fu_870">
<pin_list>
<pin id="871" dir="0" index="0" bw="13" slack="0"/>
<pin id="872" dir="1" index="1" bw="14" slack="0"/>
</pin_list>
<bind>
<opcode="zext(34) " fcode="zext"/>
<opset="zext_ln64/4 "/>
</bind>
</comp>

<comp id="874" class="1004" name="img_y_fu_874">
<pin_list>
<pin id="875" dir="0" index="0" bw="13" slack="0"/>
<pin id="876" dir="0" index="1" bw="2" slack="0"/>
<pin id="877" dir="1" index="2" bw="14" slack="0"/>
</pin_list>
<bind>
<opcode="add(8) " fcode="add"/>
<opset="img_y/4 "/>
</bind>
</comp>

<comp id="880" class="1004" name="tmp_1_fu_880">
<pin_list>
<pin id="881" dir="0" index="0" bw="1" slack="0"/>
<pin id="882" dir="0" index="1" bw="14" slack="0"/>
<pin id="883" dir="0" index="2" bw="5" slack="0"/>
<pin id="884" dir="1" index="3" bw="1" slack="0"/>
</pin_list>
<bind>
<opcode="bitselect(1000) " fcode="bitselect"/>
<opset="tmp_1/4 "/>
</bind>
</comp>

<comp id="888" class="1004" name="icmp_ln67_fu_888">
<pin_list>
<pin id="889" dir="0" index="0" bw="14" slack="0"/>
<pin id="890" dir="0" index="1" bw="14" slack="3"/>
<pin id="891" dir="1" index="2" bw="1" slack="0"/>
</pin_list>
<bind>
<opcode="icmp(45) " fcode="icmp"/>
<opset="icmp_ln67/4 "/>
</bind>
</comp>

<comp id="893" class="1004" name="xor_ln67_fu_893">
<pin_list>
<pin id="894" dir="0" index="0" bw="1" slack="0"/>
<pin id="895" dir="0" index="1" bw="1" slack="0"/>
<pin id="896" dir="1" index="2" bw="1" slack="0"/>
</pin_list>
<bind>
<opcode="xor(25) " fcode="xor"/>
<opset="xor_ln67/4 "/>
</bind>
</comp>

<comp id="899" class="1004" name="or_ln67_1_fu_899">
<pin_list>
<pin id="900" dir="0" index="0" bw="1" slack="0"/>
<pin id="901" dir="0" index="1" bw="1" slack="0"/>
<pin id="902" dir="1" index="2" bw="1" slack="2"/>
</pin_list>
<bind>
<opcode="or(24) " fcode="or"/>
<opset="or_ln67_1/4 "/>
</bind>
</comp>

<comp id="905" class="1004" name="icmp_ln67_3_fu_905">
<pin_list>
<pin id="906" dir="0" index="0" bw="13" slack="0"/>
<pin id="907" dir="0" index="1" bw="13" slack="3"/>
<pin id="908" dir="1" index="2" bw="1" slack="0"/>
</pin_list>
<bind>
<opcode="icmp(45) " fcode="icmp"/>
<opset="icmp_ln67_3/4 "/>
</bind>
</comp>

<comp id="910" class="1004" name="xor_ln67_3_fu_910">
<pin_list>
<pin id="911" dir="0" index="0" bw="1" slack="0"/>
<pin id="912" dir="0" index="1" bw="1" slack="0"/>
<pin id="913" dir="1" index="2" bw="1" slack="1"/>
</pin_list>
<bind>
<opcode="xor(25) " fcode="xor"/>
<opset="xor_ln67_3/4 "/>
</bind>
</comp>

<comp id="916" class="1004" name="img_y_6_fu_916">
<pin_list>
<pin id="917" dir="0" index="0" bw="13" slack="0"/>
<pin id="918" dir="0" index="1" bw="1" slack="0"/>
<pin id="919" dir="1" index="2" bw="14" slack="0"/>
</pin_list>
<bind>
<opcode="add(8) " fcode="add"/>
<opset="img_y_6/4 "/>
</bind>
</comp>

<comp id="922" class="1004" name="tmp_4_fu_922">
<pin_list>
<pin id="923" dir="0" index="0" bw="1" slack="0"/>
<pin id="924" dir="0" index="1" bw="14" slack="0"/>
<pin id="925" dir="0" index="2" bw="5" slack="0"/>
<pin id="926" dir="1" index="3" bw="1" slack="0"/>
</pin_list>
<bind>
<opcode="bitselect(1000) " fcode="bitselect"/>
<opset="tmp_4/4 "/>
</bind>
</comp>

<comp id="930" class="1004" name="icmp_ln67_6_fu_930">
<pin_list>
<pin id="931" dir="0" index="0" bw="14" slack="0"/>
<pin id="932" dir="0" index="1" bw="14" slack="3"/>
<pin id="933" dir="1" index="2" bw="1" slack="0"/>
</pin_list>
<bind>
<opcode="icmp(45) " fcode="icmp"/>
<opset="icmp_ln67_6/4 "/>
</bind>
</comp>

<comp id="935" class="1004" name="xor_ln67_6_fu_935">
<pin_list>
<pin id="936" dir="0" index="0" bw="1" slack="0"/>
<pin id="937" dir="0" index="1" bw="1" slack="0"/>
<pin id="938" dir="1" index="2" bw="1" slack="0"/>
</pin_list>
<bind>
<opcode="xor(25) " fcode="xor"/>
<opset="xor_ln67_6/4 "/>
</bind>
</comp>

<comp id="941" class="1004" name="or_ln67_8_fu_941">
<pin_list>
<pin id="942" dir="0" index="0" bw="1" slack="0"/>
<pin id="943" dir="0" index="1" bw="1" slack="0"/>
<pin id="944" dir="1" index="2" bw="1" slack="1"/>
</pin_list>
<bind>
<opcode="or(24) " fcode="or"/>
<opset="or_ln67_8/4 "/>
</bind>
</comp>

<comp id="947" class="1004" name="icmp_ln67_7_fu_947">
<pin_list>
<pin id="948" dir="0" index="0" bw="13" slack="0"/>
<pin id="949" dir="0" index="1" bw="13" slack="3"/>
<pin id="950" dir="1" index="2" bw="1" slack="1"/>
</pin_list>
<bind>
<opcode="icmp(45) " fcode="icmp"/>
<opset="icmp_ln67_7/4 "/>
</bind>
</comp>

<comp id="952" class="1004" name="img_y_7_fu_952">
<pin_list>
<pin id="953" dir="0" index="0" bw="13" slack="0"/>
<pin id="954" dir="0" index="1" bw="1" slack="0"/>
<pin id="955" dir="1" index="2" bw="14" slack="0"/>
</pin_list>
<bind>
<opcode="add(8) " fcode="add"/>
<opset="img_y_7/4 "/>
</bind>
</comp>

<comp id="958" class="1004" name="icmp_ln67_8_fu_958">
<pin_list>
<pin id="959" dir="0" index="0" bw="14" slack="0"/>
<pin id="960" dir="0" index="1" bw="14" slack="3"/>
<pin id="961" dir="1" index="2" bw="1" slack="0"/>
</pin_list>
<bind>
<opcode="icmp(45) " fcode="icmp"/>
<opset="icmp_ln67_8/4 "/>
</bind>
</comp>

<comp id="963" class="1004" name="xor_ln67_8_fu_963">
<pin_list>
<pin id="964" dir="0" index="0" bw="1" slack="0"/>
<pin id="965" dir="0" index="1" bw="1" slack="0"/>
<pin id="966" dir="1" index="2" bw="1" slack="1"/>
</pin_list>
<bind>
<opcode="xor(25) " fcode="xor"/>
<opset="xor_ln67_8/4 "/>
</bind>
</comp>

<comp id="969" class="1004" name="img_y_8_fu_969">
<pin_list>
<pin id="970" dir="0" index="0" bw="13" slack="0"/>
<pin id="971" dir="0" index="1" bw="3" slack="0"/>
<pin id="972" dir="1" index="2" bw="14" slack="0"/>
</pin_list>
<bind>
<opcode="add(8) " fcode="add"/>
<opset="img_y_8/4 "/>
</bind>
</comp>

<comp id="975" class="1004" name="icmp_ln67_9_fu_975">
<pin_list>
<pin id="976" dir="0" index="0" bw="14" slack="0"/>
<pin id="977" dir="0" index="1" bw="14" slack="3"/>
<pin id="978" dir="1" index="2" bw="1" slack="0"/>
</pin_list>
<bind>
<opcode="icmp(45) " fcode="icmp"/>
<opset="icmp_ln67_9/4 "/>
</bind>
</comp>

<comp id="980" class="1004" name="xor_ln67_9_fu_980">
<pin_list>
<pin id="981" dir="0" index="0" bw="1" slack="0"/>
<pin id="982" dir="0" index="1" bw="1" slack="0"/>
<pin id="983" dir="1" index="2" bw="1" slack="1"/>
</pin_list>
<bind>
<opcode="xor(25) " fcode="xor"/>
<opset="xor_ln67_9/4 "/>
</bind>
</comp>

<comp id="986" class="1004" name="tmp_7_fu_986">
<pin_list>
<pin id="987" dir="0" index="0" bw="12" slack="0"/>
<pin id="988" dir="0" index="1" bw="13" slack="0"/>
<pin id="989" dir="0" index="2" bw="1" slack="0"/>
<pin id="990" dir="0" index="3" bw="5" slack="0"/>
<pin id="991" dir="1" index="4" bw="12" slack="0"/>
</pin_list>
<bind>
<opcode="partselect(1002) " fcode="partselect"/>
<opset="tmp_7/4 "/>
</bind>
</comp>

<comp id="996" class="1004" name="icmp_ln88_fu_996">
<pin_list>
<pin id="997" dir="0" index="0" bw="12" slack="0"/>
<pin id="998" dir="0" index="1" bw="12" slack="0"/>
<pin id="999" dir="1" index="2" bw="1" slack="1"/>
</pin_list>
<bind>
<opcode="icmp(45) " fcode="icmp"/>
<opset="icmp_ln88/4 "/>
</bind>
</comp>

<comp id="1002" class="1004" name="icmp_ln88_1_fu_1002">
<pin_list>
<pin id="1003" dir="0" index="0" bw="14" slack="3"/>
<pin id="1004" dir="0" index="1" bw="14" slack="0"/>
<pin id="1005" dir="1" index="2" bw="1" slack="0"/>
</pin_list>
<bind>
<opcode="icmp(45) " fcode="icmp"/>
<opset="icmp_ln88_1/4 "/>
</bind>
</comp>

<comp id="1007" class="1004" name="tmp_8_fu_1007">
<pin_list>
<pin id="1008" dir="0" index="0" bw="12" slack="0"/>
<pin id="1009" dir="0" index="1" bw="13" slack="0"/>
<pin id="1010" dir="0" index="2" bw="1" slack="0"/>
<pin id="1011" dir="0" index="3" bw="5" slack="0"/>
<pin id="1012" dir="1" index="4" bw="12" slack="0"/>
</pin_list>
<bind>
<opcode="partselect(1002) " fcode="partselect"/>
<opset="tmp_8/4 "/>
</bind>
</comp>

<comp id="1017" class="1004" name="icmp_ln88_2_fu_1017">
<pin_list>
<pin id="1018" dir="0" index="0" bw="12" slack="0"/>
<pin id="1019" dir="0" index="1" bw="12" slack="0"/>
<pin id="1020" dir="1" index="2" bw="1" slack="0"/>
</pin_list>
<bind>
<opcode="icmp(45) " fcode="icmp"/>
<opset="icmp_ln88_2/4 "/>
</bind>
</comp>

<comp id="1023" class="1004" name="icmp_ln89_fu_1023">
<pin_list>
<pin id="1024" dir="0" index="0" bw="14" slack="3"/>
<pin id="1025" dir="0" index="1" bw="14" slack="0"/>
<pin id="1026" dir="1" index="2" bw="1" slack="0"/>
</pin_list>
<bind>
<opcode="icmp(45) " fcode="icmp"/>
<opset="icmp_ln89/4 "/>
</bind>
</comp>

<comp id="1028" class="1004" name="and_ln88_fu_1028">
<pin_list>
<pin id="1029" dir="0" index="0" bw="1" slack="0"/>
<pin id="1030" dir="0" index="1" bw="1" slack="0"/>
<pin id="1031" dir="1" index="2" bw="1" slack="0"/>
</pin_list>
<bind>
<opcode="and(23) " fcode="and"/>
<opset="and_ln88/4 "/>
</bind>
</comp>

<comp id="1034" class="1004" name="and_ln88_1_fu_1034">
<pin_list>
<pin id="1035" dir="0" index="0" bw="1" slack="0"/>
<pin id="1036" dir="0" index="1" bw="1" slack="0"/>
<pin id="1037" dir="1" index="2" bw="1" slack="1"/>
</pin_list>
<bind>
<opcode="and(23) " fcode="and"/>
<opset="and_ln88_1/4 "/>
</bind>
</comp>

<comp id="1040" class="1004" name="or_ln96_fu_1040">
<pin_list>
<pin id="1041" dir="0" index="0" bw="13" slack="0"/>
<pin id="1042" dir="0" index="1" bw="13" slack="0"/>
<pin id="1043" dir="1" index="2" bw="13" slack="0"/>
</pin_list>
<bind>
<opcode="or(24) " fcode="or"/>
<opset="or_ln96/4 "/>
</bind>
</comp>

<comp id="1046" class="1004" name="out_paket_user_fu_1046">
<pin_list>
<pin id="1047" dir="0" index="0" bw="13" slack="0"/>
<pin id="1048" dir="0" index="1" bw="13" slack="0"/>
<pin id="1049" dir="1" index="2" bw="1" slack="7"/>
</pin_list>
<bind>
<opcode="icmp(45) " fcode="icmp"/>
<opset="out_paket_user/4 "/>
</bind>
</comp>

<comp id="1052" class="1004" name="icmp_ln102_fu_1052">
<pin_list>
<pin id="1053" dir="0" index="0" bw="14" slack="3"/>
<pin id="1054" dir="0" index="1" bw="14" slack="0"/>
<pin id="1055" dir="1" index="2" bw="1" slack="2147483647"/>
</pin_list>
<bind>
<opcode="icmp(45) " fcode="icmp"/>
<opset="icmp_ln102/4 "/>
</bind>
</comp>

<comp id="1057" class="1004" name="out_x_fu_1057">
<pin_list>
<pin id="1058" dir="0" index="0" bw="13" slack="0"/>
<pin id="1059" dir="0" index="1" bw="1" slack="0"/>
<pin id="1060" dir="1" index="2" bw="13" slack="0"/>
</pin_list>
<bind>
<opcode="add(8) " fcode="add"/>
<opset="out_x/4 "/>
</bind>
</comp>

<comp id="1063" class="1004" name="store_ln63_store_fu_1063">
<pin_list>
<pin id="1064" dir="0" index="0" bw="13" slack="0"/>
<pin id="1065" dir="0" index="1" bw="13" slack="3"/>
<pin id="1066" dir="1" index="2" bw="0" slack="2147483647"/>
</pin_list>
<bind>
<opcode="store(28) " fcode="store"/>
<opset="store_ln63/4 "/>
</bind>
</comp>

<comp id="1068" class="1004" name="icmp_ln104_fu_1068">
<pin_list>
<pin id="1069" dir="0" index="0" bw="14" slack="3"/>
<pin id="1070" dir="0" index="1" bw="14" slack="0"/>
<pin id="1071" dir="1" index="2" bw="1" slack="0"/>
</pin_list>
<bind>
<opcode="icmp(45) " fcode="icmp"/>
<opset="icmp_ln104/4 "/>
</bind>
</comp>

<comp id="1073" class="1004" name="add_ln107_fu_1073">
<pin_list>
<pin id="1074" dir="0" index="0" bw="13" slack="0"/>
<pin id="1075" dir="0" index="1" bw="1" slack="0"/>
<pin id="1076" dir="1" index="2" bw="13" slack="0"/>
</pin_list>
<bind>
<opcode="add(8) " fcode="add"/>
<opset="add_ln107/4 "/>
</bind>
</comp>

<comp id="1079" class="1004" name="out_y_fu_1079">
<pin_list>
<pin id="1080" dir="0" index="0" bw="1" slack="0"/>
<pin id="1081" dir="0" index="1" bw="13" slack="0"/>
<pin id="1082" dir="0" index="2" bw="13" slack="0"/>
<pin id="1083" dir="1" index="3" bw="13" slack="0"/>
</pin_list>
<bind>
<opcode="select(49) " fcode="select"/>
<opset="out_y/4 "/>
</bind>
</comp>

<comp id="1087" class="1004" name="store_ln63_store_fu_1087">
<pin_list>
<pin id="1088" dir="0" index="0" bw="1" slack="0"/>
<pin id="1089" dir="0" index="1" bw="13" slack="3"/>
<pin id="1090" dir="1" index="2" bw="0" slack="2147483647"/>
</pin_list>
<bind>
<opcode="store(28) " fcode="store"/>
<opset="store_ln63/4 "/>
</bind>
</comp>

<comp id="1092" class="1004" name="store_ln64_store_fu_1092">
<pin_list>
<pin id="1093" dir="0" index="0" bw="13" slack="0"/>
<pin id="1094" dir="0" index="1" bw="13" slack="3"/>
<pin id="1095" dir="1" index="2" bw="0" slack="2147483647"/>
</pin_list>
<bind>
<opcode="store(28) " fcode="store"/>
<opset="store_ln64/4 "/>
</bind>
</comp>

<comp id="1097" class="1004" name="val_75_load_fu_1097">
<pin_list>
<pin id="1098" dir="0" index="0" bw="8" slack="4"/>
<pin id="1099" dir="1" index="1" bw="8" slack="0"/>
</pin_list>
<bind>
<opcode="load(27) " fcode="load"/>
<opset="val_75/5 "/>
</bind>
</comp>

<comp id="1100" class="1004" name="val_72_load_fu_1100">
<pin_list>
<pin id="1101" dir="0" index="0" bw="8" slack="4"/>
<pin id="1102" dir="1" index="1" bw="8" slack="0"/>
</pin_list>
<bind>
<opcode="load(27) " fcode="load"/>
<opset="val_72/5 "/>
</bind>
</comp>

<comp id="1103" class="1004" name="val_67_load_fu_1103">
<pin_list>
<pin id="1104" dir="0" index="0" bw="8" slack="4"/>
<pin id="1105" dir="1" index="1" bw="8" slack="0"/>
</pin_list>
<bind>
<opcode="load(27) " fcode="load"/>
<opset="val_67/5 "/>
</bind>
</comp>

<comp id="1106" class="1004" name="val_64_load_fu_1106">
<pin_list>
<pin id="1107" dir="0" index="0" bw="8" slack="4"/>
<pin id="1108" dir="1" index="1" bw="8" slack="1"/>
</pin_list>
<bind>
<opcode="load(27) " fcode="load"/>
<opset="val_64/5 "/>
</bind>
</comp>

<comp id="1109" class="1004" name="val_59_load_fu_1109">
<pin_list>
<pin id="1110" dir="0" index="0" bw="8" slack="4"/>
<pin id="1111" dir="1" index="1" bw="8" slack="0"/>
</pin_list>
<bind>
<opcode="load(27) " fcode="load"/>
<opset="val_59/5 "/>
</bind>
</comp>

<comp id="1112" class="1004" name="val_56_load_fu_1112">
<pin_list>
<pin id="1113" dir="0" index="0" bw="8" slack="4"/>
<pin id="1114" dir="1" index="1" bw="8" slack="0"/>
</pin_list>
<bind>
<opcode="load(27) " fcode="load"/>
<opset="val_56/5 "/>
</bind>
</comp>

<comp id="1115" class="1004" name="val_51_load_fu_1115">
<pin_list>
<pin id="1116" dir="0" index="0" bw="8" slack="4"/>
<pin id="1117" dir="1" index="1" bw="8" slack="1"/>
</pin_list>
<bind>
<opcode="load(27) " fcode="load"/>
<opset="val_51/5 "/>
</bind>
</comp>

<comp id="1118" class="1004" name="window_load_load_fu_1118">
<pin_list>
<pin id="1119" dir="0" index="0" bw="8" slack="4"/>
<pin id="1120" dir="1" index="1" bw="8" slack="0"/>
</pin_list>
<bind>
<opcode="load(27) " fcode="load"/>
<opset="window_load/5 "/>
</bind>
</comp>

<comp id="1121" class="1004" name="val_load_load_fu_1121">
<pin_list>
<pin id="1122" dir="0" index="0" bw="8" slack="4"/>
<pin id="1123" dir="1" index="1" bw="8" slack="0"/>
</pin_list>
<bind>
<opcode="load(27) " fcode="load"/>
<opset="val_load/5 "/>
</bind>
</comp>

<comp id="1124" class="1004" name="window_1_load_load_fu_1124">
<pin_list>
<pin id="1125" dir="0" index="0" bw="8" slack="4"/>
<pin id="1126" dir="1" index="1" bw="8" slack="0"/>
</pin_list>
<bind>
<opcode="load(27) " fcode="load"/>
<opset="window_1_load/5 "/>
</bind>
</comp>

<comp id="1127" class="1004" name="window_2_load_load_fu_1127">
<pin_list>
<pin id="1128" dir="0" index="0" bw="8" slack="4"/>
<pin id="1129" dir="1" index="1" bw="8" slack="0"/>
</pin_list>
<bind>
<opcode="load(27) " fcode="load"/>
<opset="window_2_load/5 "/>
</bind>
</comp>

<comp id="1130" class="1004" name="val_4_load_load_fu_1130">
<pin_list>
<pin id="1131" dir="0" index="0" bw="8" slack="4"/>
<pin id="1132" dir="1" index="1" bw="8" slack="0"/>
</pin_list>
<bind>
<opcode="load(27) " fcode="load"/>
<opset="val_4_load/5 "/>
</bind>
</comp>

<comp id="1133" class="1004" name="img_x_fu_1133">
<pin_list>
<pin id="1134" dir="0" index="0" bw="13" slack="1"/>
<pin id="1135" dir="0" index="1" bw="2" slack="0"/>
<pin id="1136" dir="1" index="2" bw="14" slack="0"/>
</pin_list>
<bind>
<opcode="add(8) " fcode="add"/>
<opset="img_x/5 "/>
</bind>
</comp>

<comp id="1138" class="1004" name="tmp_2_fu_1138">
<pin_list>
<pin id="1139" dir="0" index="0" bw="1" slack="0"/>
<pin id="1140" dir="0" index="1" bw="14" slack="0"/>
<pin id="1141" dir="0" index="2" bw="5" slack="0"/>
<pin id="1142" dir="1" index="3" bw="1" slack="0"/>
</pin_list>
<bind>
<opcode="bitselect(1000) " fcode="bitselect"/>
<opset="tmp_2/5 "/>
</bind>
</comp>

<comp id="1146" class="1004" name="icmp_ln67_1_fu_1146">
<pin_list>
<pin id="1147" dir="0" index="0" bw="14" slack="0"/>
<pin id="1148" dir="0" index="1" bw="14" slack="4"/>
<pin id="1149" dir="1" index="2" bw="1" slack="0"/>
</pin_list>
<bind>
<opcode="icmp(45) " fcode="icmp"/>
<opset="icmp_ln67_1/5 "/>
</bind>
</comp>

<comp id="1151" class="1004" name="xor_ln67_1_fu_1151">
<pin_list>
<pin id="1152" dir="0" index="0" bw="1" slack="0"/>
<pin id="1153" dir="0" index="1" bw="1" slack="0"/>
<pin id="1154" dir="1" index="2" bw="1" slack="0"/>
</pin_list>
<bind>
<opcode="xor(25) " fcode="xor"/>
<opset="xor_ln67_1/5 "/>
</bind>
</comp>

<comp id="1157" class="1004" name="or_ln67_fu_1157">
<pin_list>
<pin id="1158" dir="0" index="0" bw="1" slack="0"/>
<pin id="1159" dir="0" index="1" bw="1" slack="0"/>
<pin id="1160" dir="1" index="2" bw="1" slack="0"/>
</pin_list>
<bind>
<opcode="or(24) " fcode="or"/>
<opset="or_ln67/5 "/>
</bind>
</comp>

<comp id="1163" class="1004" name="img_x_6_fu_1163">
<pin_list>
<pin id="1164" dir="0" index="0" bw="13" slack="1"/>
<pin id="1165" dir="0" index="1" bw="1" slack="0"/>
<pin id="1166" dir="1" index="2" bw="14" slack="0"/>
</pin_list>
<bind>
<opcode="add(8) " fcode="add"/>
<opset="img_x_6/5 "/>
</bind>
</comp>

<comp id="1168" class="1004" name="tmp_3_fu_1168">
<pin_list>
<pin id="1169" dir="0" index="0" bw="1" slack="0"/>
<pin id="1170" dir="0" index="1" bw="14" slack="0"/>
<pin id="1171" dir="0" index="2" bw="5" slack="0"/>
<pin id="1172" dir="1" index="3" bw="1" slack="0"/>
</pin_list>
<bind>
<opcode="bitselect(1000) " fcode="bitselect"/>
<opset="tmp_3/5 "/>
</bind>
</comp>

<comp id="1176" class="1004" name="icmp_ln67_2_fu_1176">
<pin_list>
<pin id="1177" dir="0" index="0" bw="14" slack="0"/>
<pin id="1178" dir="0" index="1" bw="14" slack="4"/>
<pin id="1179" dir="1" index="2" bw="1" slack="0"/>
</pin_list>
<bind>
<opcode="icmp(45) " fcode="icmp"/>
<opset="icmp_ln67_2/5 "/>
</bind>
</comp>

<comp id="1181" class="1004" name="xor_ln67_2_fu_1181">
<pin_list>
<pin id="1182" dir="0" index="0" bw="1" slack="0"/>
<pin id="1183" dir="0" index="1" bw="1" slack="0"/>
<pin id="1184" dir="1" index="2" bw="1" slack="0"/>
</pin_list>
<bind>
<opcode="xor(25) " fcode="xor"/>
<opset="xor_ln67_2/5 "/>
</bind>
</comp>

<comp id="1187" class="1004" name="or_ln67_3_fu_1187">
<pin_list>
<pin id="1188" dir="0" index="0" bw="1" slack="0"/>
<pin id="1189" dir="0" index="1" bw="1" slack="0"/>
<pin id="1190" dir="1" index="2" bw="1" slack="0"/>
</pin_list>
<bind>
<opcode="or(24) " fcode="or"/>
<opset="or_ln67_3/5 "/>
</bind>
</comp>

<comp id="1193" class="1004" name="img_x_7_fu_1193">
<pin_list>
<pin id="1194" dir="0" index="0" bw="13" slack="1"/>
<pin id="1195" dir="0" index="1" bw="1" slack="0"/>
<pin id="1196" dir="1" index="2" bw="14" slack="0"/>
</pin_list>
<bind>
<opcode="add(8) " fcode="add"/>
<opset="img_x_7/5 "/>
</bind>
</comp>

<comp id="1198" class="1004" name="icmp_ln67_4_fu_1198">
<pin_list>
<pin id="1199" dir="0" index="0" bw="14" slack="0"/>
<pin id="1200" dir="0" index="1" bw="14" slack="4"/>
<pin id="1201" dir="1" index="2" bw="1" slack="0"/>
</pin_list>
<bind>
<opcode="icmp(45) " fcode="icmp"/>
<opset="icmp_ln67_4/5 "/>
</bind>
</comp>

<comp id="1203" class="1004" name="xor_ln67_4_fu_1203">
<pin_list>
<pin id="1204" dir="0" index="0" bw="1" slack="0"/>
<pin id="1205" dir="0" index="1" bw="1" slack="0"/>
<pin id="1206" dir="1" index="2" bw="1" slack="0"/>
</pin_list>
<bind>
<opcode="xor(25) " fcode="xor"/>
<opset="xor_ln67_4/5 "/>
</bind>
</comp>

<comp id="1209" class="1004" name="img_x_8_fu_1209">
<pin_list>
<pin id="1210" dir="0" index="0" bw="13" slack="1"/>
<pin id="1211" dir="0" index="1" bw="3" slack="0"/>
<pin id="1212" dir="1" index="2" bw="14" slack="0"/>
</pin_list>
<bind>
<opcode="add(8) " fcode="add"/>
<opset="img_x_8/5 "/>
</bind>
</comp>

<comp id="1214" class="1004" name="icmp_ln67_5_fu_1214">
<pin_list>
<pin id="1215" dir="0" index="0" bw="14" slack="0"/>
<pin id="1216" dir="0" index="1" bw="14" slack="4"/>
<pin id="1217" dir="1" index="2" bw="1" slack="0"/>
</pin_list>
<bind>
<opcode="icmp(45) " fcode="icmp"/>
<opset="icmp_ln67_5/5 "/>
</bind>
</comp>

<comp id="1219" class="1004" name="xor_ln67_5_fu_1219">
<pin_list>
<pin id="1220" dir="0" index="0" bw="1" slack="0"/>
<pin id="1221" dir="0" index="1" bw="1" slack="0"/>
<pin id="1222" dir="1" index="2" bw="1" slack="0"/>
</pin_list>
<bind>
<opcode="xor(25) " fcode="xor"/>
<opset="xor_ln67_5/5 "/>
</bind>
</comp>

<comp id="1225" class="1004" name="or_ln67_13_fu_1225">
<pin_list>
<pin id="1226" dir="0" index="0" bw="1" slack="1"/>
<pin id="1227" dir="0" index="1" bw="1" slack="0"/>
<pin id="1228" dir="1" index="2" bw="1" slack="0"/>
</pin_list>
<bind>
<opcode="or(24) " fcode="or"/>
<opset="or_ln67_13/5 "/>
</bind>
</comp>

<comp id="1230" class="1004" name="val_55_fu_1230">
<pin_list>
<pin id="1231" dir="0" index="0" bw="1" slack="0"/>
<pin id="1232" dir="0" index="1" bw="8" slack="0"/>
<pin id="1233" dir="0" index="2" bw="8" slack="0"/>
<pin id="1234" dir="1" index="3" bw="8" slack="0"/>
</pin_list>
<bind>
<opcode="select(49) " fcode="select"/>
<opset="val_55/5 "/>
</bind>
</comp>

<comp id="1238" class="1004" name="zext_ln67_4_fu_1238">
<pin_list>
<pin id="1239" dir="0" index="0" bw="8" slack="0"/>
<pin id="1240" dir="1" index="1" bw="16" slack="0"/>
</pin_list>
<bind>
<opcode="zext(34) " fcode="zext"/>
<opset="zext_ln67_4/5 "/>
</bind>
</comp>

<comp id="1242" class="1004" name="xor_ln67_7_fu_1242">
<pin_list>
<pin id="1243" dir="0" index="0" bw="1" slack="1"/>
<pin id="1244" dir="0" index="1" bw="1" slack="0"/>
<pin id="1245" dir="1" index="2" bw="1" slack="0"/>
</pin_list>
<bind>
<opcode="xor(25) " fcode="xor"/>
<opset="xor_ln67_7/5 "/>
</bind>
</comp>

<comp id="1247" class="1004" name="or_ln67_14_fu_1247">
<pin_list>
<pin id="1248" dir="0" index="0" bw="1" slack="0"/>
<pin id="1249" dir="0" index="1" bw="1" slack="0"/>
<pin id="1250" dir="1" index="2" bw="1" slack="0"/>
</pin_list>
<bind>
<opcode="or(24) " fcode="or"/>
<opset="or_ln67_14/5 "/>
</bind>
</comp>

<comp id="1253" class="1004" name="val_57_fu_1253">
<pin_list>
<pin id="1254" dir="0" index="0" bw="1" slack="0"/>
<pin id="1255" dir="0" index="1" bw="8" slack="0"/>
<pin id="1256" dir="0" index="2" bw="8" slack="0"/>
<pin id="1257" dir="1" index="3" bw="8" slack="0"/>
</pin_list>
<bind>
<opcode="select(49) " fcode="select"/>
<opset="val_57/5 "/>
</bind>
</comp>

<comp id="1261" class="1004" name="zext_ln67_5_fu_1261">
<pin_list>
<pin id="1262" dir="0" index="0" bw="8" slack="0"/>
<pin id="1263" dir="1" index="1" bw="16" slack="0"/>
</pin_list>
<bind>
<opcode="zext(34) " fcode="zext"/>
<opset="zext_ln67_5/5 "/>
</bind>
</comp>

<comp id="1265" class="1004" name="or_ln67_15_fu_1265">
<pin_list>
<pin id="1266" dir="0" index="0" bw="1" slack="0"/>
<pin id="1267" dir="0" index="1" bw="1" slack="0"/>
<pin id="1268" dir="1" index="2" bw="1" slack="0"/>
</pin_list>
<bind>
<opcode="or(24) " fcode="or"/>
<opset="or_ln67_15/5 "/>
</bind>
</comp>

<comp id="1271" class="1004" name="val_58_fu_1271">
<pin_list>
<pin id="1272" dir="0" index="0" bw="1" slack="0"/>
<pin id="1273" dir="0" index="1" bw="8" slack="0"/>
<pin id="1274" dir="0" index="2" bw="8" slack="0"/>
<pin id="1275" dir="1" index="3" bw="8" slack="2"/>
</pin_list>
<bind>
<opcode="select(49) " fcode="select"/>
<opset="val_58/5 "/>
</bind>
</comp>

<comp id="1279" class="1004" name="or_ln67_16_fu_1279">
<pin_list>
<pin id="1280" dir="0" index="0" bw="1" slack="1"/>
<pin id="1281" dir="0" index="1" bw="1" slack="0"/>
<pin id="1282" dir="1" index="2" bw="1" slack="0"/>
</pin_list>
<bind>
<opcode="or(24) " fcode="or"/>
<opset="or_ln67_16/5 "/>
</bind>
</comp>

<comp id="1284" class="1004" name="val_60_fu_1284">
<pin_list>
<pin id="1285" dir="0" index="0" bw="1" slack="0"/>
<pin id="1286" dir="0" index="1" bw="8" slack="0"/>
<pin id="1287" dir="0" index="2" bw="8" slack="0"/>
<pin id="1288" dir="1" index="3" bw="8" slack="1"/>
</pin_list>
<bind>
<opcode="select(49) " fcode="select"/>
<opset="val_60/5 "/>
</bind>
</comp>

<comp id="1292" class="1004" name="or_ln67_17_fu_1292">
<pin_list>
<pin id="1293" dir="0" index="0" bw="1" slack="0"/>
<pin id="1294" dir="0" index="1" bw="1" slack="0"/>
<pin id="1295" dir="1" index="2" bw="1" slack="0"/>
</pin_list>
<bind>
<opcode="or(24) " fcode="or"/>
<opset="or_ln67_17/5 "/>
</bind>
</comp>

<comp id="1298" class="1004" name="val_62_fu_1298">
<pin_list>
<pin id="1299" dir="0" index="0" bw="1" slack="0"/>
<pin id="1300" dir="0" index="1" bw="8" slack="0"/>
<pin id="1301" dir="0" index="2" bw="8" slack="0"/>
<pin id="1302" dir="1" index="3" bw="8" slack="0"/>
</pin_list>
<bind>
<opcode="select(49) " fcode="select"/>
<opset="val_62/5 "/>
</bind>
</comp>

<comp id="1306" class="1004" name="zext_ln67_8_fu_1306">
<pin_list>
<pin id="1307" dir="0" index="0" bw="8" slack="0"/>
<pin id="1308" dir="1" index="1" bw="16" slack="0"/>
</pin_list>
<bind>
<opcode="zext(34) " fcode="zext"/>
<opset="zext_ln67_8/5 "/>
</bind>
</comp>

<comp id="1310" class="1004" name="or_ln67_18_fu_1310">
<pin_list>
<pin id="1311" dir="0" index="0" bw="1" slack="0"/>
<pin id="1312" dir="0" index="1" bw="1" slack="0"/>
<pin id="1313" dir="1" index="2" bw="1" slack="0"/>
</pin_list>
<bind>
<opcode="or(24) " fcode="or"/>
<opset="or_ln67_18/5 "/>
</bind>
</comp>

<comp id="1316" class="1004" name="val_63_fu_1316">
<pin_list>
<pin id="1317" dir="0" index="0" bw="1" slack="0"/>
<pin id="1318" dir="0" index="1" bw="8" slack="0"/>
<pin id="1319" dir="0" index="2" bw="8" slack="1"/>
<pin id="1320" dir="1" index="3" bw="8" slack="2"/>
</pin_list>
<bind>
<opcode="select(49) " fcode="select"/>
<opset="val_63/5 "/>
</bind>
</comp>

<comp id="1323" class="1004" name="or_ln67_21_fu_1323">
<pin_list>
<pin id="1324" dir="0" index="0" bw="1" slack="1"/>
<pin id="1325" dir="0" index="1" bw="1" slack="1"/>
<pin id="1326" dir="1" index="2" bw="1" slack="0"/>
</pin_list>
<bind>
<opcode="or(24) " fcode="or"/>
<opset="or_ln67_21/5 "/>
</bind>
</comp>

<comp id="1327" class="1004" name="val_68_fu_1327">
<pin_list>
<pin id="1328" dir="0" index="0" bw="1" slack="0"/>
<pin id="1329" dir="0" index="1" bw="8" slack="0"/>
<pin id="1330" dir="0" index="2" bw="8" slack="0"/>
<pin id="1331" dir="1" index="3" bw="8" slack="0"/>
</pin_list>
<bind>
<opcode="select(49) " fcode="select"/>
<opset="val_68/5 "/>
</bind>
</comp>

<comp id="1335" class="1004" name="zext_ln67_11_fu_1335">
<pin_list>
<pin id="1336" dir="0" index="0" bw="8" slack="0"/>
<pin id="1337" dir="1" index="1" bw="16" slack="0"/>
</pin_list>
<bind>
<opcode="zext(34) " fcode="zext"/>
<opset="zext_ln67_11/5 "/>
</bind>
</comp>

<comp id="1339" class="1004" name="or_ln67_23_fu_1339">
<pin_list>
<pin id="1340" dir="0" index="0" bw="1" slack="0"/>
<pin id="1341" dir="0" index="1" bw="1" slack="1"/>
<pin id="1342" dir="1" index="2" bw="1" slack="0"/>
</pin_list>
<bind>
<opcode="or(24) " fcode="or"/>
<opset="or_ln67_23/5 "/>
</bind>
</comp>

<comp id="1344" class="1004" name="val_71_fu_1344">
<pin_list>
<pin id="1345" dir="0" index="0" bw="1" slack="0"/>
<pin id="1346" dir="0" index="1" bw="8" slack="0"/>
<pin id="1347" dir="0" index="2" bw="8" slack="2"/>
<pin id="1348" dir="1" index="3" bw="8" slack="0"/>
</pin_list>
<bind>
<opcode="select(49) " fcode="select"/>
<opset="val_71/5 "/>
</bind>
</comp>

<comp id="1351" class="1004" name="zext_ln64_3_fu_1351">
<pin_list>
<pin id="1352" dir="0" index="0" bw="8" slack="0"/>
<pin id="1353" dir="1" index="1" bw="16" slack="0"/>
</pin_list>
<bind>
<opcode="zext(34) " fcode="zext"/>
<opset="zext_ln64_3/5 "/>
</bind>
</comp>

<comp id="1355" class="1004" name="or_ln67_24_fu_1355">
<pin_list>
<pin id="1356" dir="0" index="0" bw="1" slack="0"/>
<pin id="1357" dir="0" index="1" bw="1" slack="1"/>
<pin id="1358" dir="1" index="2" bw="1" slack="0"/>
</pin_list>
<bind>
<opcode="or(24) " fcode="or"/>
<opset="or_ln67_24/5 "/>
</bind>
</comp>

<comp id="1360" class="1004" name="val_73_fu_1360">
<pin_list>
<pin id="1361" dir="0" index="0" bw="1" slack="0"/>
<pin id="1362" dir="0" index="1" bw="8" slack="0"/>
<pin id="1363" dir="0" index="2" bw="8" slack="0"/>
<pin id="1364" dir="1" index="3" bw="8" slack="0"/>
</pin_list>
<bind>
<opcode="select(49) " fcode="select"/>
<opset="val_73/5 "/>
</bind>
</comp>

<comp id="1368" class="1004" name="zext_ln67_13_fu_1368">
<pin_list>
<pin id="1369" dir="0" index="0" bw="8" slack="0"/>
<pin id="1370" dir="1" index="1" bw="16" slack="0"/>
</pin_list>
<bind>
<opcode="zext(34) " fcode="zext"/>
<opset="zext_ln67_13/5 "/>
</bind>
</comp>

<comp id="1372" class="1004" name="or_ln67_25_fu_1372">
<pin_list>
<pin id="1373" dir="0" index="0" bw="1" slack="0"/>
<pin id="1374" dir="0" index="1" bw="1" slack="1"/>
<pin id="1375" dir="1" index="2" bw="1" slack="0"/>
</pin_list>
<bind>
<opcode="or(24) " fcode="or"/>
<opset="or_ln67_25/5 "/>
</bind>
</comp>

<comp id="1377" class="1004" name="val_74_fu_1377">
<pin_list>
<pin id="1378" dir="0" index="0" bw="1" slack="0"/>
<pin id="1379" dir="0" index="1" bw="8" slack="0"/>
<pin id="1380" dir="0" index="2" bw="8" slack="0"/>
<pin id="1381" dir="1" index="3" bw="8" slack="1"/>
</pin_list>
<bind>
<opcode="select(49) " fcode="select"/>
<opset="val_74/5 "/>
</bind>
</comp>

<comp id="1385" class="1004" name="or_ln67_26_fu_1385">
<pin_list>
<pin id="1386" dir="0" index="0" bw="1" slack="1"/>
<pin id="1387" dir="0" index="1" bw="1" slack="1"/>
<pin id="1388" dir="1" index="2" bw="1" slack="0"/>
</pin_list>
<bind>
<opcode="or(24) " fcode="or"/>
<opset="or_ln67_26/5 "/>
</bind>
</comp>

<comp id="1389" class="1004" name="val_76_fu_1389">
<pin_list>
<pin id="1390" dir="0" index="0" bw="1" slack="0"/>
<pin id="1391" dir="0" index="1" bw="8" slack="0"/>
<pin id="1392" dir="0" index="2" bw="8" slack="0"/>
<pin id="1393" dir="1" index="3" bw="8" slack="2"/>
</pin_list>
<bind>
<opcode="select(49) " fcode="select"/>
<opset="val_76/5 "/>
</bind>
</comp>

<comp id="1397" class="1004" name="or_ln67_27_fu_1397">
<pin_list>
<pin id="1398" dir="0" index="0" bw="1" slack="0"/>
<pin id="1399" dir="0" index="1" bw="1" slack="1"/>
<pin id="1400" dir="1" index="2" bw="1" slack="0"/>
</pin_list>
<bind>
<opcode="or(24) " fcode="or"/>
<opset="or_ln67_27/5 "/>
</bind>
</comp>

<comp id="1402" class="1004" name="val_78_fu_1402">
<pin_list>
<pin id="1403" dir="0" index="0" bw="1" slack="0"/>
<pin id="1404" dir="0" index="1" bw="8" slack="0"/>
<pin id="1405" dir="0" index="2" bw="8" slack="0"/>
<pin id="1406" dir="1" index="3" bw="8" slack="1"/>
</pin_list>
<bind>
<opcode="select(49) " fcode="select"/>
<opset="val_78/5 "/>
</bind>
</comp>

<comp id="1410" class="1004" name="or_ln67_28_fu_1410">
<pin_list>
<pin id="1411" dir="0" index="0" bw="1" slack="0"/>
<pin id="1412" dir="0" index="1" bw="1" slack="1"/>
<pin id="1413" dir="1" index="2" bw="1" slack="0"/>
</pin_list>
<bind>
<opcode="or(24) " fcode="or"/>
<opset="or_ln67_28/5 "/>
</bind>
</comp>

<comp id="1415" class="1004" name="val_79_fu_1415">
<pin_list>
<pin id="1416" dir="0" index="0" bw="1" slack="0"/>
<pin id="1417" dir="0" index="1" bw="8" slack="0"/>
<pin id="1418" dir="0" index="2" bw="8" slack="3"/>
<pin id="1419" dir="1" index="3" bw="8" slack="0"/>
</pin_list>
<bind>
<opcode="select(49) " fcode="select"/>
<opset="val_79/5 "/>
</bind>
</comp>

<comp id="1423" class="1004" name="zext_ln71_fu_1423">
<pin_list>
<pin id="1424" dir="0" index="0" bw="8" slack="0"/>
<pin id="1425" dir="1" index="1" bw="16" slack="0"/>
</pin_list>
<bind>
<opcode="zext(34) " fcode="zext"/>
<opset="zext_ln71/5 "/>
</bind>
</comp>

<comp id="1427" class="1004" name="icmp_ln98_fu_1427">
<pin_list>
<pin id="1428" dir="0" index="0" bw="14" slack="0"/>
<pin id="1429" dir="0" index="1" bw="14" slack="1"/>
<pin id="1430" dir="1" index="2" bw="1" slack="6"/>
</pin_list>
<bind>
<opcode="icmp(45) " fcode="icmp"/>
<opset="icmp_ln98/5 "/>
</bind>
</comp>

<comp id="1432" class="1004" name="window_load_1_load_fu_1432">
<pin_list>
<pin id="1433" dir="0" index="0" bw="8" slack="4"/>
<pin id="1434" dir="1" index="1" bw="8" slack="0"/>
</pin_list>
<bind>
<opcode="load(27) " fcode="load"/>
<opset="window_load_1/5 "/>
</bind>
</comp>

<comp id="1435" class="1004" name="window_1_load_1_load_fu_1435">
<pin_list>
<pin id="1436" dir="0" index="0" bw="8" slack="4"/>
<pin id="1437" dir="1" index="1" bw="8" slack="0"/>
</pin_list>
<bind>
<opcode="load(27) " fcode="load"/>
<opset="window_1_load_1/5 "/>
</bind>
</comp>

<comp id="1438" class="1004" name="window_2_load_1_load_fu_1438">
<pin_list>
<pin id="1439" dir="0" index="0" bw="8" slack="4"/>
<pin id="1440" dir="1" index="1" bw="8" slack="0"/>
</pin_list>
<bind>
<opcode="load(27) " fcode="load"/>
<opset="window_2_load_1/5 "/>
</bind>
</comp>

<comp id="1441" class="1004" name="store_ln144_store_fu_1441">
<pin_list>
<pin id="1442" dir="0" index="0" bw="8" slack="0"/>
<pin id="1443" dir="0" index="1" bw="8" slack="4"/>
<pin id="1444" dir="1" index="2" bw="0" slack="2147483647"/>
</pin_list>
<bind>
<opcode="store(28) " fcode="store"/>
<opset="store_ln144/5 "/>
</bind>
</comp>

<comp id="1446" class="1004" name="store_ln144_store_fu_1446">
<pin_list>
<pin id="1447" dir="0" index="0" bw="8" slack="0"/>
<pin id="1448" dir="0" index="1" bw="8" slack="4"/>
<pin id="1449" dir="1" index="2" bw="0" slack="2147483647"/>
</pin_list>
<bind>
<opcode="store(28) " fcode="store"/>
<opset="store_ln144/5 "/>
</bind>
</comp>

<comp id="1451" class="1004" name="store_ln144_store_fu_1451">
<pin_list>
<pin id="1452" dir="0" index="0" bw="8" slack="1"/>
<pin id="1453" dir="0" index="1" bw="8" slack="4"/>
<pin id="1454" dir="1" index="2" bw="0" slack="2147483647"/>
</pin_list>
<bind>
<opcode="store(28) " fcode="store"/>
<opset="store_ln144/5 "/>
</bind>
</comp>

<comp id="1455" class="1004" name="store_ln144_store_fu_1455">
<pin_list>
<pin id="1456" dir="0" index="0" bw="8" slack="0"/>
<pin id="1457" dir="0" index="1" bw="8" slack="4"/>
<pin id="1458" dir="1" index="2" bw="0" slack="2147483647"/>
</pin_list>
<bind>
<opcode="store(28) " fcode="store"/>
<opset="store_ln144/5 "/>
</bind>
</comp>

<comp id="1460" class="1004" name="store_ln144_store_fu_1460">
<pin_list>
<pin id="1461" dir="0" index="0" bw="8" slack="2"/>
<pin id="1462" dir="0" index="1" bw="8" slack="4"/>
<pin id="1463" dir="1" index="2" bw="0" slack="2147483647"/>
</pin_list>
<bind>
<opcode="store(28) " fcode="store"/>
<opset="store_ln144/5 "/>
</bind>
</comp>

<comp id="1464" class="1004" name="store_ln144_store_fu_1464">
<pin_list>
<pin id="1465" dir="0" index="0" bw="8" slack="0"/>
<pin id="1466" dir="0" index="1" bw="8" slack="4"/>
<pin id="1467" dir="1" index="2" bw="0" slack="2147483647"/>
</pin_list>
<bind>
<opcode="store(28) " fcode="store"/>
<opset="store_ln144/5 "/>
</bind>
</comp>

<comp id="1469" class="1004" name="store_ln144_store_fu_1469">
<pin_list>
<pin id="1470" dir="0" index="0" bw="8" slack="3"/>
<pin id="1471" dir="0" index="1" bw="8" slack="4"/>
<pin id="1472" dir="1" index="2" bw="0" slack="2147483647"/>
</pin_list>
<bind>
<opcode="store(28) " fcode="store"/>
<opset="store_ln144/5 "/>
</bind>
</comp>

<comp id="1474" class="1004" name="store_ln66_store_fu_1474">
<pin_list>
<pin id="1475" dir="0" index="0" bw="8" slack="0"/>
<pin id="1476" dir="0" index="1" bw="8" slack="4"/>
<pin id="1477" dir="1" index="2" bw="0" slack="2147483647"/>
</pin_list>
<bind>
<opcode="store(28) " fcode="store"/>
<opset="store_ln66/5 "/>
</bind>
</comp>

<comp id="1479" class="1004" name="store_ln144_store_fu_1479">
<pin_list>
<pin id="1480" dir="0" index="0" bw="8" slack="0"/>
<pin id="1481" dir="0" index="1" bw="8" slack="4"/>
<pin id="1482" dir="1" index="2" bw="0" slack="2147483647"/>
</pin_list>
<bind>
<opcode="store(28) " fcode="store"/>
<opset="store_ln144/5 "/>
</bind>
</comp>

<comp id="1484" class="1004" name="store_ln144_store_fu_1484">
<pin_list>
<pin id="1485" dir="0" index="0" bw="8" slack="0"/>
<pin id="1486" dir="0" index="1" bw="8" slack="4"/>
<pin id="1487" dir="1" index="2" bw="0" slack="2147483647"/>
</pin_list>
<bind>
<opcode="store(28) " fcode="store"/>
<opset="store_ln144/5 "/>
</bind>
</comp>

<comp id="1489" class="1004" name="store_ln66_store_fu_1489">
<pin_list>
<pin id="1490" dir="0" index="0" bw="8" slack="0"/>
<pin id="1491" dir="0" index="1" bw="8" slack="4"/>
<pin id="1492" dir="1" index="2" bw="0" slack="2147483647"/>
</pin_list>
<bind>
<opcode="store(28) " fcode="store"/>
<opset="store_ln66/5 "/>
</bind>
</comp>

<comp id="1494" class="1004" name="store_ln144_store_fu_1494">
<pin_list>
<pin id="1495" dir="0" index="0" bw="8" slack="0"/>
<pin id="1496" dir="0" index="1" bw="8" slack="4"/>
<pin id="1497" dir="1" index="2" bw="0" slack="2147483647"/>
</pin_list>
<bind>
<opcode="store(28) " fcode="store"/>
<opset="store_ln144/5 "/>
</bind>
</comp>

<comp id="1499" class="1004" name="val_46_load_fu_1499">
<pin_list>
<pin id="1500" dir="0" index="0" bw="8" slack="5"/>
<pin id="1501" dir="1" index="1" bw="8" slack="0"/>
</pin_list>
<bind>
<opcode="load(27) " fcode="load"/>
<opset="val_46/6 "/>
</bind>
</comp>

<comp id="1502" class="1004" name="val_36_load_fu_1502">
<pin_list>
<pin id="1503" dir="0" index="0" bw="8" slack="5"/>
<pin id="1504" dir="1" index="1" bw="8" slack="0"/>
</pin_list>
<bind>
<opcode="load(27) " fcode="load"/>
<opset="val_36/6 "/>
</bind>
</comp>

<comp id="1505" class="1004" name="val_30_load_fu_1505">
<pin_list>
<pin id="1506" dir="0" index="0" bw="8" slack="5"/>
<pin id="1507" dir="1" index="1" bw="8" slack="0"/>
</pin_list>
<bind>
<opcode="load(27) " fcode="load"/>
<opset="val_30/6 "/>
</bind>
</comp>

<comp id="1508" class="1004" name="val_2_load_load_fu_1508">
<pin_list>
<pin id="1509" dir="0" index="0" bw="8" slack="5"/>
<pin id="1510" dir="1" index="1" bw="8" slack="0"/>
</pin_list>
<bind>
<opcode="load(27) " fcode="load"/>
<opset="val_2_load/6 "/>
</bind>
</comp>

<comp id="1511" class="1004" name="window_3_load_load_fu_1511">
<pin_list>
<pin id="1512" dir="0" index="0" bw="8" slack="5"/>
<pin id="1513" dir="1" index="1" bw="8" slack="0"/>
</pin_list>
<bind>
<opcode="load(27) " fcode="load"/>
<opset="window_3_load/6 "/>
</bind>
</comp>

<comp id="1514" class="1004" name="val_6_load_load_fu_1514">
<pin_list>
<pin id="1515" dir="0" index="0" bw="8" slack="5"/>
<pin id="1516" dir="1" index="1" bw="8" slack="0"/>
</pin_list>
<bind>
<opcode="load(27) " fcode="load"/>
<opset="val_6_load/6 "/>
</bind>
</comp>

<comp id="1517" class="1004" name="window_4_load_load_fu_1517">
<pin_list>
<pin id="1518" dir="0" index="0" bw="8" slack="5"/>
<pin id="1519" dir="1" index="1" bw="8" slack="0"/>
</pin_list>
<bind>
<opcode="load(27) " fcode="load"/>
<opset="window_4_load/6 "/>
</bind>
</comp>

<comp id="1520" class="1004" name="val_8_load_load_fu_1520">
<pin_list>
<pin id="1521" dir="0" index="0" bw="8" slack="5"/>
<pin id="1522" dir="1" index="1" bw="8" slack="0"/>
</pin_list>
<bind>
<opcode="load(27) " fcode="load"/>
<opset="val_8_load/6 "/>
</bind>
</comp>

<comp id="1523" class="1004" name="or_ln67_2_fu_1523">
<pin_list>
<pin id="1524" dir="0" index="0" bw="1" slack="2"/>
<pin id="1525" dir="0" index="1" bw="1" slack="1"/>
<pin id="1526" dir="1" index="2" bw="1" slack="0"/>
</pin_list>
<bind>
<opcode="or(24) " fcode="or"/>
<opset="or_ln67_2/6 "/>
</bind>
</comp>

<comp id="1527" class="1004" name="val_32_fu_1527">
<pin_list>
<pin id="1528" dir="0" index="0" bw="1" slack="0"/>
<pin id="1529" dir="0" index="1" bw="8" slack="0"/>
<pin id="1530" dir="0" index="2" bw="8" slack="0"/>
<pin id="1531" dir="1" index="3" bw="8" slack="1"/>
</pin_list>
<bind>
<opcode="select(49) " fcode="select"/>
<opset="val_32/6 "/>
</bind>
</comp>

<comp id="1535" class="1004" name="or_ln67_4_fu_1535">
<pin_list>
<pin id="1536" dir="0" index="0" bw="1" slack="2"/>
<pin id="1537" dir="0" index="1" bw="1" slack="1"/>
<pin id="1538" dir="1" index="2" bw="1" slack="0"/>
</pin_list>
<bind>
<opcode="or(24) " fcode="or"/>
<opset="or_ln67_4/6 "/>
</bind>
</comp>

<comp id="1539" class="1004" name="val_34_fu_1539">
<pin_list>
<pin id="1540" dir="0" index="0" bw="1" slack="0"/>
<pin id="1541" dir="0" index="1" bw="8" slack="0"/>
<pin id="1542" dir="0" index="2" bw="8" slack="0"/>
<pin id="1543" dir="1" index="3" bw="8" slack="0"/>
</pin_list>
<bind>
<opcode="select(49) " fcode="select"/>
<opset="val_34/6 "/>
</bind>
</comp>

<comp id="1547" class="1004" name="zext_ln63_2_fu_1547">
<pin_list>
<pin id="1548" dir="0" index="0" bw="8" slack="0"/>
<pin id="1549" dir="1" index="1" bw="16" slack="0"/>
</pin_list>
<bind>
<opcode="zext(34) " fcode="zext"/>
<opset="zext_ln63_2/6 "/>
</bind>
</comp>

<comp id="1551" class="1004" name="or_ln67_5_fu_1551">
<pin_list>
<pin id="1552" dir="0" index="0" bw="1" slack="2"/>
<pin id="1553" dir="0" index="1" bw="1" slack="2"/>
<pin id="1554" dir="1" index="2" bw="1" slack="0"/>
</pin_list>
<bind>
<opcode="or(24) " fcode="or"/>
<opset="or_ln67_5/6 "/>
</bind>
</comp>

<comp id="1555" class="1004" name="val_38_fu_1555">
<pin_list>
<pin id="1556" dir="0" index="0" bw="1" slack="0"/>
<pin id="1557" dir="0" index="1" bw="8" slack="0"/>
<pin id="1558" dir="0" index="2" bw="8" slack="0"/>
<pin id="1559" dir="1" index="3" bw="8" slack="0"/>
</pin_list>
<bind>
<opcode="select(49) " fcode="select"/>
<opset="val_38/6 "/>
</bind>
</comp>

<comp id="1563" class="1004" name="zext_ln63_3_fu_1563">
<pin_list>
<pin id="1564" dir="0" index="0" bw="8" slack="0"/>
<pin id="1565" dir="1" index="1" bw="16" slack="0"/>
</pin_list>
<bind>
<opcode="zext(34) " fcode="zext"/>
<opset="zext_ln63_3/6 "/>
</bind>
</comp>

<comp id="1567" class="1004" name="or_ln67_6_fu_1567">
<pin_list>
<pin id="1568" dir="0" index="0" bw="1" slack="2"/>
<pin id="1569" dir="0" index="1" bw="1" slack="1"/>
<pin id="1570" dir="1" index="2" bw="1" slack="0"/>
</pin_list>
<bind>
<opcode="or(24) " fcode="or"/>
<opset="or_ln67_6/6 "/>
</bind>
</comp>

<comp id="1571" class="1004" name="val_42_fu_1571">
<pin_list>
<pin id="1572" dir="0" index="0" bw="1" slack="0"/>
<pin id="1573" dir="0" index="1" bw="8" slack="0"/>
<pin id="1574" dir="0" index="2" bw="8" slack="0"/>
<pin id="1575" dir="1" index="3" bw="8" slack="2"/>
</pin_list>
<bind>
<opcode="select(49) " fcode="select"/>
<opset="val_42/6 "/>
</bind>
</comp>

<comp id="1579" class="1004" name="or_ln67_7_fu_1579">
<pin_list>
<pin id="1580" dir="0" index="0" bw="1" slack="2"/>
<pin id="1581" dir="0" index="1" bw="1" slack="1"/>
<pin id="1582" dir="1" index="2" bw="1" slack="0"/>
</pin_list>
<bind>
<opcode="or(24) " fcode="or"/>
<opset="or_ln67_7/6 "/>
</bind>
</comp>

<comp id="1583" class="1004" name="val_44_fu_1583">
<pin_list>
<pin id="1584" dir="0" index="0" bw="1" slack="0"/>
<pin id="1585" dir="0" index="1" bw="8" slack="0"/>
<pin id="1586" dir="0" index="2" bw="8" slack="0"/>
<pin id="1587" dir="1" index="3" bw="8" slack="1"/>
</pin_list>
<bind>
<opcode="select(49) " fcode="select"/>
<opset="val_44/6 "/>
</bind>
</comp>

<comp id="1591" class="1004" name="or_ln67_9_fu_1591">
<pin_list>
<pin id="1592" dir="0" index="0" bw="1" slack="2"/>
<pin id="1593" dir="0" index="1" bw="1" slack="1"/>
<pin id="1594" dir="1" index="2" bw="1" slack="0"/>
</pin_list>
<bind>
<opcode="or(24) " fcode="or"/>
<opset="or_ln67_9/6 "/>
</bind>
</comp>

<comp id="1595" class="1004" name="val_48_fu_1595">
<pin_list>
<pin id="1596" dir="0" index="0" bw="1" slack="0"/>
<pin id="1597" dir="0" index="1" bw="8" slack="0"/>
<pin id="1598" dir="0" index="2" bw="8" slack="0"/>
<pin id="1599" dir="1" index="3" bw="8" slack="1"/>
</pin_list>
<bind>
<opcode="select(49) " fcode="select"/>
<opset="val_48/6 "/>
</bind>
</comp>

<comp id="1603" class="1004" name="or_ln67_10_fu_1603">
<pin_list>
<pin id="1604" dir="0" index="0" bw="1" slack="2"/>
<pin id="1605" dir="0" index="1" bw="1" slack="1"/>
<pin id="1606" dir="1" index="2" bw="1" slack="0"/>
</pin_list>
<bind>
<opcode="or(24) " fcode="or"/>
<opset="or_ln67_10/6 "/>
</bind>
</comp>

<comp id="1607" class="1004" name="val_50_fu_1607">
<pin_list>
<pin id="1608" dir="0" index="0" bw="1" slack="0"/>
<pin id="1609" dir="0" index="1" bw="8" slack="0"/>
<pin id="1610" dir="0" index="2" bw="8" slack="0"/>
<pin id="1611" dir="1" index="3" bw="8" slack="0"/>
</pin_list>
<bind>
<opcode="select(49) " fcode="select"/>
<opset="val_50/6 "/>
</bind>
</comp>

<comp id="1615" class="1004" name="zext_ln67_1_fu_1615">
<pin_list>
<pin id="1616" dir="0" index="0" bw="8" slack="0"/>
<pin id="1617" dir="1" index="1" bw="16" slack="0"/>
</pin_list>
<bind>
<opcode="zext(34) " fcode="zext"/>
<opset="zext_ln67_1/6 "/>
</bind>
</comp>

<comp id="1619" class="1004" name="or_ln67_11_fu_1619">
<pin_list>
<pin id="1620" dir="0" index="0" bw="1" slack="2"/>
<pin id="1621" dir="0" index="1" bw="1" slack="2"/>
<pin id="1622" dir="1" index="2" bw="1" slack="0"/>
</pin_list>
<bind>
<opcode="or(24) " fcode="or"/>
<opset="or_ln67_11/6 "/>
</bind>
</comp>

<comp id="1623" class="1004" name="val_52_fu_1623">
<pin_list>
<pin id="1624" dir="0" index="0" bw="1" slack="0"/>
<pin id="1625" dir="0" index="1" bw="8" slack="0"/>
<pin id="1626" dir="0" index="2" bw="8" slack="0"/>
<pin id="1627" dir="1" index="3" bw="8" slack="2"/>
</pin_list>
<bind>
<opcode="select(49) " fcode="select"/>
<opset="val_52/6 "/>
</bind>
</comp>

<comp id="1631" class="1004" name="or_ln67_12_fu_1631">
<pin_list>
<pin id="1632" dir="0" index="0" bw="1" slack="2"/>
<pin id="1633" dir="0" index="1" bw="1" slack="1"/>
<pin id="1634" dir="1" index="2" bw="1" slack="0"/>
</pin_list>
<bind>
<opcode="or(24) " fcode="or"/>
<opset="or_ln67_12/6 "/>
</bind>
</comp>

<comp id="1635" class="1004" name="val_54_fu_1635">
<pin_list>
<pin id="1636" dir="0" index="0" bw="1" slack="0"/>
<pin id="1637" dir="0" index="1" bw="8" slack="0"/>
<pin id="1638" dir="0" index="2" bw="8" slack="1"/>
<pin id="1639" dir="1" index="3" bw="8" slack="1"/>
</pin_list>
<bind>
<opcode="select(49) " fcode="select"/>
<opset="val_54/6 "/>
</bind>
</comp>

<comp id="1642" class="1004" name="zext_ln67_7_fu_1642">
<pin_list>
<pin id="1643" dir="0" index="0" bw="8" slack="1"/>
<pin id="1644" dir="1" index="1" bw="16" slack="0"/>
</pin_list>
<bind>
<opcode="zext(34) " fcode="zext"/>
<opset="zext_ln67_7/6 "/>
</bind>
</comp>

<comp id="1645" class="1004" name="or_ln67_19_fu_1645">
<pin_list>
<pin id="1646" dir="0" index="0" bw="1" slack="1"/>
<pin id="1647" dir="0" index="1" bw="1" slack="2"/>
<pin id="1648" dir="1" index="2" bw="1" slack="0"/>
</pin_list>
<bind>
<opcode="or(24) " fcode="or"/>
<opset="or_ln67_19/6 "/>
</bind>
</comp>

<comp id="1649" class="1004" name="val_65_fu_1649">
<pin_list>
<pin id="1650" dir="0" index="0" bw="1" slack="0"/>
<pin id="1651" dir="0" index="1" bw="8" slack="0"/>
<pin id="1652" dir="0" index="2" bw="8" slack="0"/>
<pin id="1653" dir="1" index="3" bw="8" slack="1"/>
</pin_list>
<bind>
<opcode="select(49) " fcode="select"/>
<opset="val_65/6 "/>
</bind>
</comp>

<comp id="1657" class="1004" name="or_ln67_20_fu_1657">
<pin_list>
<pin id="1658" dir="0" index="0" bw="1" slack="1"/>
<pin id="1659" dir="0" index="1" bw="1" slack="2"/>
<pin id="1660" dir="1" index="2" bw="1" slack="0"/>
</pin_list>
<bind>
<opcode="or(24) " fcode="or"/>
<opset="or_ln67_20/6 "/>
</bind>
</comp>

<comp id="1661" class="1004" name="val_66_fu_1661">
<pin_list>
<pin id="1662" dir="0" index="0" bw="1" slack="0"/>
<pin id="1663" dir="0" index="1" bw="8" slack="0"/>
<pin id="1664" dir="0" index="2" bw="8" slack="1"/>
<pin id="1665" dir="1" index="3" bw="8" slack="0"/>
</pin_list>
<bind>
<opcode="select(49) " fcode="select"/>
<opset="val_66/6 "/>
</bind>
</comp>

<comp id="1668" class="1004" name="zext_ln67_10_fu_1668">
<pin_list>
<pin id="1669" dir="0" index="0" bw="8" slack="0"/>
<pin id="1670" dir="1" index="1" bw="16" slack="0"/>
</pin_list>
<bind>
<opcode="zext(34) " fcode="zext"/>
<opset="zext_ln67_10/6 "/>
</bind>
</comp>

<comp id="1672" class="1004" name="or_ln67_22_fu_1672">
<pin_list>
<pin id="1673" dir="0" index="0" bw="1" slack="1"/>
<pin id="1674" dir="0" index="1" bw="1" slack="2"/>
<pin id="1675" dir="1" index="2" bw="1" slack="0"/>
</pin_list>
<bind>
<opcode="or(24) " fcode="or"/>
<opset="or_ln67_22/6 "/>
</bind>
</comp>

<comp id="1676" class="1004" name="val_70_fu_1676">
<pin_list>
<pin id="1677" dir="0" index="0" bw="1" slack="0"/>
<pin id="1678" dir="0" index="1" bw="8" slack="0"/>
<pin id="1679" dir="0" index="2" bw="8" slack="1"/>
<pin id="1680" dir="1" index="3" bw="8" slack="1"/>
</pin_list>
<bind>
<opcode="select(49) " fcode="select"/>
<opset="val_70/6 "/>
</bind>
</comp>

<comp id="1683" class="1004" name="zext_ln67_14_fu_1683">
<pin_list>
<pin id="1684" dir="0" index="0" bw="8" slack="1"/>
<pin id="1685" dir="1" index="1" bw="16" slack="0"/>
</pin_list>
<bind>
<opcode="zext(34) " fcode="zext"/>
<opset="zext_ln67_14/6 "/>
</bind>
</comp>

<comp id="1686" class="1004" name="zext_ln67_16_fu_1686">
<pin_list>
<pin id="1687" dir="0" index="0" bw="8" slack="1"/>
<pin id="1688" dir="1" index="1" bw="16" slack="0"/>
</pin_list>
<bind>
<opcode="zext(34) " fcode="zext"/>
<opset="zext_ln67_16/6 "/>
</bind>
</comp>

<comp id="1689" class="1004" name="window_3_load_1_load_fu_1689">
<pin_list>
<pin id="1690" dir="0" index="0" bw="8" slack="5"/>
<pin id="1691" dir="1" index="1" bw="8" slack="0"/>
</pin_list>
<bind>
<opcode="load(27) " fcode="load"/>
<opset="window_3_load_1/6 "/>
</bind>
</comp>

<comp id="1692" class="1004" name="window_4_load_1_load_fu_1692">
<pin_list>
<pin id="1693" dir="0" index="0" bw="8" slack="5"/>
<pin id="1694" dir="1" index="1" bw="8" slack="0"/>
</pin_list>
<bind>
<opcode="load(27) " fcode="load"/>
<opset="window_4_load_1/6 "/>
</bind>
</comp>

<comp id="1695" class="1004" name="store_ln144_store_fu_1695">
<pin_list>
<pin id="1696" dir="0" index="0" bw="8" slack="0"/>
<pin id="1697" dir="0" index="1" bw="8" slack="5"/>
<pin id="1698" dir="1" index="2" bw="0" slack="2147483647"/>
</pin_list>
<bind>
<opcode="store(28) " fcode="store"/>
<opset="store_ln144/6 "/>
</bind>
</comp>

<comp id="1700" class="1004" name="store_ln144_store_fu_1700">
<pin_list>
<pin id="1701" dir="0" index="0" bw="8" slack="0"/>
<pin id="1702" dir="0" index="1" bw="8" slack="5"/>
<pin id="1703" dir="1" index="2" bw="0" slack="2147483647"/>
</pin_list>
<bind>
<opcode="store(28) " fcode="store"/>
<opset="store_ln144/6 "/>
</bind>
</comp>

<comp id="1705" class="1004" name="store_ln144_store_fu_1705">
<pin_list>
<pin id="1706" dir="0" index="0" bw="8" slack="0"/>
<pin id="1707" dir="0" index="1" bw="8" slack="5"/>
<pin id="1708" dir="1" index="2" bw="0" slack="2147483647"/>
</pin_list>
<bind>
<opcode="store(28) " fcode="store"/>
<opset="store_ln144/6 "/>
</bind>
</comp>

<comp id="1710" class="1004" name="store_ln66_store_fu_1710">
<pin_list>
<pin id="1711" dir="0" index="0" bw="8" slack="0"/>
<pin id="1712" dir="0" index="1" bw="8" slack="5"/>
<pin id="1713" dir="1" index="2" bw="0" slack="2147483647"/>
</pin_list>
<bind>
<opcode="store(28) " fcode="store"/>
<opset="store_ln66/6 "/>
</bind>
</comp>

<comp id="1715" class="1004" name="store_ln144_store_fu_1715">
<pin_list>
<pin id="1716" dir="0" index="0" bw="8" slack="0"/>
<pin id="1717" dir="0" index="1" bw="8" slack="5"/>
<pin id="1718" dir="1" index="2" bw="0" slack="2147483647"/>
</pin_list>
<bind>
<opcode="store(28) " fcode="store"/>
<opset="store_ln144/6 "/>
</bind>
</comp>

<comp id="1720" class="1004" name="store_ln66_store_fu_1720">
<pin_list>
<pin id="1721" dir="0" index="0" bw="8" slack="0"/>
<pin id="1722" dir="0" index="1" bw="8" slack="5"/>
<pin id="1723" dir="1" index="2" bw="0" slack="2147483647"/>
</pin_list>
<bind>
<opcode="store(28) " fcode="store"/>
<opset="store_ln66/6 "/>
</bind>
</comp>

<comp id="1725" class="1004" name="store_ln144_store_fu_1725">
<pin_list>
<pin id="1726" dir="0" index="0" bw="8" slack="1"/>
<pin id="1727" dir="0" index="1" bw="8" slack="5"/>
<pin id="1728" dir="1" index="2" bw="0" slack="2147483647"/>
</pin_list>
<bind>
<opcode="store(28) " fcode="store"/>
<opset="store_ln144/6 "/>
</bind>
</comp>

<comp id="1729" class="1004" name="store_ln66_store_fu_1729">
<pin_list>
<pin id="1730" dir="0" index="0" bw="8" slack="1"/>
<pin id="1731" dir="0" index="1" bw="8" slack="5"/>
<pin id="1732" dir="1" index="2" bw="0" slack="2147483647"/>
</pin_list>
<bind>
<opcode="store(28) " fcode="store"/>
<opset="store_ln66/6 "/>
</bind>
</comp>

<comp id="1733" class="1004" name="zext_ln63_1_fu_1733">
<pin_list>
<pin id="1734" dir="0" index="0" bw="8" slack="1"/>
<pin id="1735" dir="1" index="1" bw="16" slack="0"/>
</pin_list>
<bind>
<opcode="zext(34) " fcode="zext"/>
<opset="zext_ln63_1/7 "/>
</bind>
</comp>

<comp id="1736" class="1004" name="zext_ln64_1_fu_1736">
<pin_list>
<pin id="1737" dir="0" index="0" bw="8" slack="1"/>
<pin id="1738" dir="1" index="1" bw="16" slack="0"/>
</pin_list>
<bind>
<opcode="zext(34) " fcode="zext"/>
<opset="zext_ln64_1/7 "/>
</bind>
</comp>

<comp id="1739" class="1004" name="zext_ln67_fu_1739">
<pin_list>
<pin id="1740" dir="0" index="0" bw="8" slack="1"/>
<pin id="1741" dir="1" index="1" bw="16" slack="0"/>
</pin_list>
<bind>
<opcode="zext(34) " fcode="zext"/>
<opset="zext_ln67/7 "/>
</bind>
</comp>

<comp id="1742" class="1004" name="zext_ln67_3_fu_1742">
<pin_list>
<pin id="1743" dir="0" index="0" bw="8" slack="1"/>
<pin id="1744" dir="1" index="1" bw="16" slack="0"/>
</pin_list>
<bind>
<opcode="zext(34) " fcode="zext"/>
<opset="zext_ln67_3/7 "/>
</bind>
</comp>

<comp id="1745" class="1004" name="zext_ln67_6_fu_1745">
<pin_list>
<pin id="1746" dir="0" index="0" bw="8" slack="2"/>
<pin id="1747" dir="1" index="1" bw="16" slack="0"/>
</pin_list>
<bind>
<opcode="zext(34) " fcode="zext"/>
<opset="zext_ln67_6/7 "/>
</bind>
</comp>

<comp id="1748" class="1004" name="zext_ln64_2_fu_1748">
<pin_list>
<pin id="1749" dir="0" index="0" bw="8" slack="2"/>
<pin id="1750" dir="1" index="1" bw="16" slack="0"/>
</pin_list>
<bind>
<opcode="zext(34) " fcode="zext"/>
<opset="zext_ln64_2/7 "/>
</bind>
</comp>

<comp id="1751" class="1004" name="zext_ln67_9_fu_1751">
<pin_list>
<pin id="1752" dir="0" index="0" bw="8" slack="1"/>
<pin id="1753" dir="1" index="1" bw="16" slack="0"/>
</pin_list>
<bind>
<opcode="zext(34) " fcode="zext"/>
<opset="zext_ln67_9/7 "/>
</bind>
</comp>

<comp id="1754" class="1004" name="zext_ln67_12_fu_1754">
<pin_list>
<pin id="1755" dir="0" index="0" bw="8" slack="1"/>
<pin id="1756" dir="1" index="1" bw="16" slack="0"/>
</pin_list>
<bind>
<opcode="zext(34) " fcode="zext"/>
<opset="zext_ln67_12/7 "/>
</bind>
</comp>

<comp id="1757" class="1004" name="zext_ln67_15_fu_1757">
<pin_list>
<pin id="1758" dir="0" index="0" bw="8" slack="2"/>
<pin id="1759" dir="1" index="1" bw="16" slack="0"/>
</pin_list>
<bind>
<opcode="zext(34) " fcode="zext"/>
<opset="zext_ln67_15/7 "/>
</bind>
</comp>

<comp id="1760" class="1004" name="mul_ln71_2_fu_1760">
<pin_list>
<pin id="1761" dir="0" index="0" bw="8" slack="0"/>
<pin id="1762" dir="0" index="1" bw="8" slack="6"/>
<pin id="1763" dir="1" index="2" bw="16" slack="0"/>
</pin_list>
<bind>
<opcode="mul(12) " fcode="mul"/>
<opset="mul_ln71_2/7 "/>
</bind>
</comp>

<comp id="1765" class="1004" name="sext_ln71_2_fu_1765">
<pin_list>
<pin id="1766" dir="0" index="0" bw="16" slack="0"/>
<pin id="1767" dir="1" index="1" bw="17" slack="0"/>
</pin_list>
<bind>
<opcode="sext(35) " fcode="sext"/>
<opset="sext_ln71_2/7 "/>
</bind>
</comp>

<comp id="1769" class="1004" name="mul_ln71_3_fu_1769">
<pin_list>
<pin id="1770" dir="0" index="0" bw="8" slack="0"/>
<pin id="1771" dir="0" index="1" bw="8" slack="6"/>
<pin id="1772" dir="1" index="2" bw="16" slack="0"/>
</pin_list>
<bind>
<opcode="mul(12) " fcode="mul"/>
<opset="mul_ln71_3/7 "/>
</bind>
</comp>

<comp id="1774" class="1004" name="sext_ln71_3_fu_1774">
<pin_list>
<pin id="1775" dir="0" index="0" bw="16" slack="0"/>
<pin id="1776" dir="1" index="1" bw="17" slack="0"/>
</pin_list>
<bind>
<opcode="sext(35) " fcode="sext"/>
<opset="sext_ln71_3/7 "/>
</bind>
</comp>

<comp id="1778" class="1004" name="mul_ln71_6_fu_1778">
<pin_list>
<pin id="1779" dir="0" index="0" bw="8" slack="0"/>
<pin id="1780" dir="0" index="1" bw="8" slack="6"/>
<pin id="1781" dir="1" index="2" bw="16" slack="0"/>
</pin_list>
<bind>
<opcode="mul(12) " fcode="mul"/>
<opset="mul_ln71_6/7 "/>
</bind>
</comp>

<comp id="1783" class="1004" name="sext_ln71_6_fu_1783">
<pin_list>
<pin id="1784" dir="0" index="0" bw="16" slack="0"/>
<pin id="1785" dir="1" index="1" bw="17" slack="0"/>
</pin_list>
<bind>
<opcode="sext(35) " fcode="sext"/>
<opset="sext_ln71_6/7 "/>
</bind>
</comp>

<comp id="1787" class="1004" name="mul_ln71_13_fu_1787">
<pin_list>
<pin id="1788" dir="0" index="0" bw="8" slack="0"/>
<pin id="1789" dir="0" index="1" bw="8" slack="6"/>
<pin id="1790" dir="1" index="2" bw="16" slack="0"/>
</pin_list>
<bind>
<opcode="mul(12) " fcode="mul"/>
<opset="mul_ln71_13/7 "/>
</bind>
</comp>

<comp id="1792" class="1004" name="sext_ln71_13_fu_1792">
<pin_list>
<pin id="1793" dir="0" index="0" bw="16" slack="0"/>
<pin id="1794" dir="1" index="1" bw="17" slack="0"/>
</pin_list>
<bind>
<opcode="sext(35) " fcode="sext"/>
<opset="sext_ln71_13/7 "/>
</bind>
</comp>

<comp id="1796" class="1004" name="mul_ln71_16_fu_1796">
<pin_list>
<pin id="1797" dir="0" index="0" bw="8" slack="0"/>
<pin id="1798" dir="0" index="1" bw="8" slack="6"/>
<pin id="1799" dir="1" index="2" bw="16" slack="0"/>
</pin_list>
<bind>
<opcode="mul(12) " fcode="mul"/>
<opset="mul_ln71_16/7 "/>
</bind>
</comp>

<comp id="1801" class="1004" name="sext_ln71_16_fu_1801">
<pin_list>
<pin id="1802" dir="0" index="0" bw="16" slack="0"/>
<pin id="1803" dir="1" index="1" bw="17" slack="0"/>
</pin_list>
<bind>
<opcode="sext(35) " fcode="sext"/>
<opset="sext_ln71_16/7 "/>
</bind>
</comp>

<comp id="1805" class="1004" name="mul_ln71_20_fu_1805">
<pin_list>
<pin id="1806" dir="0" index="0" bw="8" slack="0"/>
<pin id="1807" dir="0" index="1" bw="8" slack="6"/>
<pin id="1808" dir="1" index="2" bw="16" slack="0"/>
</pin_list>
<bind>
<opcode="mul(12) " fcode="mul"/>
<opset="mul_ln71_20/7 "/>
</bind>
</comp>

<comp id="1810" class="1004" name="sext_ln71_20_fu_1810">
<pin_list>
<pin id="1811" dir="0" index="0" bw="16" slack="0"/>
<pin id="1812" dir="1" index="1" bw="17" slack="0"/>
</pin_list>
<bind>
<opcode="sext(35) " fcode="sext"/>
<opset="sext_ln71_20/7 "/>
</bind>
</comp>

<comp id="1814" class="1004" name="mul_ln71_24_fu_1814">
<pin_list>
<pin id="1815" dir="0" index="0" bw="8" slack="0"/>
<pin id="1816" dir="0" index="1" bw="8" slack="6"/>
<pin id="1817" dir="1" index="2" bw="16" slack="0"/>
</pin_list>
<bind>
<opcode="mul(12) " fcode="mul"/>
<opset="mul_ln71_24/7 "/>
</bind>
</comp>

<comp id="1819" class="1004" name="sext_ln71_24_fu_1819">
<pin_list>
<pin id="1820" dir="0" index="0" bw="16" slack="0"/>
<pin id="1821" dir="1" index="1" bw="17" slack="0"/>
</pin_list>
<bind>
<opcode="sext(35) " fcode="sext"/>
<opset="sext_ln71_24/7 "/>
</bind>
</comp>

<comp id="1823" class="1004" name="zext_ln63_4_fu_1823">
<pin_list>
<pin id="1824" dir="0" index="0" bw="8" slack="2"/>
<pin id="1825" dir="1" index="1" bw="16" slack="0"/>
</pin_list>
<bind>
<opcode="zext(34) " fcode="zext"/>
<opset="zext_ln63_4/8 "/>
</bind>
</comp>

<comp id="1826" class="1004" name="zext_ln67_2_fu_1826">
<pin_list>
<pin id="1827" dir="0" index="0" bw="8" slack="2"/>
<pin id="1828" dir="1" index="1" bw="16" slack="0"/>
</pin_list>
<bind>
<opcode="zext(34) " fcode="zext"/>
<opset="zext_ln67_2/8 "/>
</bind>
</comp>

<comp id="1829" class="1004" name="mul_ln71_10_fu_1829">
<pin_list>
<pin id="1830" dir="0" index="0" bw="8" slack="0"/>
<pin id="1831" dir="0" index="1" bw="8" slack="7"/>
<pin id="1832" dir="1" index="2" bw="16" slack="0"/>
</pin_list>
<bind>
<opcode="mul(12) " fcode="mul"/>
<opset="mul_ln71_10/8 "/>
</bind>
</comp>

<comp id="1834" class="1004" name="sext_ln71_10_fu_1834">
<pin_list>
<pin id="1835" dir="0" index="0" bw="16" slack="0"/>
<pin id="1836" dir="1" index="1" bw="17" slack="0"/>
</pin_list>
<bind>
<opcode="sext(35) " fcode="sext"/>
<opset="sext_ln71_10/8 "/>
</bind>
</comp>

<comp id="1838" class="1004" name="mul_ln71_14_fu_1838">
<pin_list>
<pin id="1839" dir="0" index="0" bw="8" slack="0"/>
<pin id="1840" dir="0" index="1" bw="8" slack="7"/>
<pin id="1841" dir="1" index="2" bw="16" slack="0"/>
</pin_list>
<bind>
<opcode="mul(12) " fcode="mul"/>
<opset="mul_ln71_14/8 "/>
</bind>
</comp>

<comp id="1843" class="1004" name="sext_ln71_14_fu_1843">
<pin_list>
<pin id="1844" dir="0" index="0" bw="16" slack="0"/>
<pin id="1845" dir="1" index="1" bw="17" slack="0"/>
</pin_list>
<bind>
<opcode="sext(35) " fcode="sext"/>
<opset="sext_ln71_14/8 "/>
</bind>
</comp>

<comp id="1847" class="1004" name="sext_ln71_25_fu_1847">
<pin_list>
<pin id="1848" dir="0" index="0" bw="17" slack="0"/>
<pin id="1849" dir="1" index="1" bw="18" slack="0"/>
</pin_list>
<bind>
<opcode="sext(35) " fcode="sext"/>
<opset="sext_ln71_25/8 "/>
</bind>
</comp>

<comp id="1850" class="1004" name="sext_ln71_27_fu_1850">
<pin_list>
<pin id="1851" dir="0" index="0" bw="17" slack="0"/>
<pin id="1852" dir="1" index="1" bw="18" slack="0"/>
</pin_list>
<bind>
<opcode="sext(35) " fcode="sext"/>
<opset="sext_ln71_27/8 "/>
</bind>
</comp>

<comp id="1853" class="1004" name="sext_ln71_30_fu_1853">
<pin_list>
<pin id="1854" dir="0" index="0" bw="17" slack="0"/>
<pin id="1855" dir="1" index="1" bw="18" slack="0"/>
</pin_list>
<bind>
<opcode="sext(35) " fcode="sext"/>
<opset="sext_ln71_30/8 "/>
</bind>
</comp>

<comp id="1856" class="1004" name="sext_ln71_32_fu_1856">
<pin_list>
<pin id="1857" dir="0" index="0" bw="17" slack="0"/>
<pin id="1858" dir="1" index="1" bw="18" slack="0"/>
</pin_list>
<bind>
<opcode="sext(35) " fcode="sext"/>
<opset="sext_ln71_32/8 "/>
</bind>
</comp>

<comp id="1859" class="1004" name="sext_ln71_41_fu_1859">
<pin_list>
<pin id="1860" dir="0" index="0" bw="17" slack="0"/>
<pin id="1861" dir="1" index="1" bw="18" slack="0"/>
</pin_list>
<bind>
<opcode="sext(35) " fcode="sext"/>
<opset="sext_ln71_41/8 "/>
</bind>
</comp>

<comp id="1862" class="1004" name="sext_ln71_43_fu_1862">
<pin_list>
<pin id="1863" dir="0" index="0" bw="17" slack="0"/>
<pin id="1864" dir="1" index="1" bw="18" slack="0"/>
</pin_list>
<bind>
<opcode="sext(35) " fcode="sext"/>
<opset="sext_ln71_43/8 "/>
</bind>
</comp>

<comp id="1865" class="1004" name="sext_ln71_44_fu_1865">
<pin_list>
<pin id="1866" dir="0" index="0" bw="17" slack="0"/>
<pin id="1867" dir="1" index="1" bw="18" slack="0"/>
</pin_list>
<bind>
<opcode="sext(35) " fcode="sext"/>
<opset="sext_ln71_44/8 "/>
</bind>
</comp>

<comp id="1868" class="1004" name="add_ln71_20_fu_1868">
<pin_list>
<pin id="1869" dir="0" index="0" bw="17" slack="0"/>
<pin id="1870" dir="0" index="1" bw="17" slack="0"/>
<pin id="1871" dir="1" index="2" bw="18" slack="1"/>
</pin_list>
<bind>
<opcode="add(8) " fcode="add"/>
<opset="add_ln71_20/8 "/>
</bind>
</comp>

<comp id="1874" class="1004" name="sext_ln71_26_fu_1874">
<pin_list>
<pin id="1875" dir="0" index="0" bw="18" slack="0"/>
<pin id="1876" dir="1" index="1" bw="19" slack="0"/>
</pin_list>
<bind>
<opcode="sext(35) " fcode="sext"/>
<opset="sext_ln71_26/9 "/>
</bind>
</comp>

<comp id="1877" class="1004" name="sext_ln71_28_fu_1877">
<pin_list>
<pin id="1878" dir="0" index="0" bw="18" slack="0"/>
<pin id="1879" dir="1" index="1" bw="19" slack="0"/>
</pin_list>
<bind>
<opcode="sext(35) " fcode="sext"/>
<opset="sext_ln71_28/9 "/>
</bind>
</comp>

<comp id="1880" class="1004" name="add_ln71_4_fu_1880">
<pin_list>
<pin id="1881" dir="0" index="0" bw="18" slack="0"/>
<pin id="1882" dir="0" index="1" bw="18" slack="0"/>
<pin id="1883" dir="1" index="2" bw="19" slack="0"/>
</pin_list>
<bind>
<opcode="add(8) " fcode="add"/>
<opset="add_ln71_4/9 "/>
</bind>
</comp>

<comp id="1886" class="1004" name="sext_ln71_29_fu_1886">
<pin_list>
<pin id="1887" dir="0" index="0" bw="19" slack="0"/>
<pin id="1888" dir="1" index="1" bw="20" slack="0"/>
</pin_list>
<bind>
<opcode="sext(35) " fcode="sext"/>
<opset="sext_ln71_29/9 "/>
</bind>
</comp>

<comp id="1890" class="1004" name="sext_ln71_31_fu_1890">
<pin_list>
<pin id="1891" dir="0" index="0" bw="18" slack="0"/>
<pin id="1892" dir="1" index="1" bw="19" slack="0"/>
</pin_list>
<bind>
<opcode="sext(35) " fcode="sext"/>
<opset="sext_ln71_31/9 "/>
</bind>
</comp>

<comp id="1893" class="1004" name="sext_ln71_33_fu_1893">
<pin_list>
<pin id="1894" dir="0" index="0" bw="18" slack="0"/>
<pin id="1895" dir="1" index="1" bw="19" slack="0"/>
</pin_list>
<bind>
<opcode="sext(35) " fcode="sext"/>
<opset="sext_ln71_33/9 "/>
</bind>
</comp>

<comp id="1896" class="1004" name="add_ln71_9_fu_1896">
<pin_list>
<pin id="1897" dir="0" index="0" bw="18" slack="0"/>
<pin id="1898" dir="0" index="1" bw="18" slack="0"/>
<pin id="1899" dir="1" index="2" bw="19" slack="0"/>
</pin_list>
<bind>
<opcode="add(8) " fcode="add"/>
<opset="add_ln71_9/9 "/>
</bind>
</comp>

<comp id="1902" class="1004" name="sext_ln71_34_fu_1902">
<pin_list>
<pin id="1903" dir="0" index="0" bw="19" slack="0"/>
<pin id="1904" dir="1" index="1" bw="20" slack="0"/>
</pin_list>
<bind>
<opcode="sext(35) " fcode="sext"/>
<opset="sext_ln71_34/9 "/>
</bind>
</comp>

<comp id="1906" class="1004" name="add_ln71_10_fu_1906">
<pin_list>
<pin id="1907" dir="0" index="0" bw="19" slack="0"/>
<pin id="1908" dir="0" index="1" bw="19" slack="0"/>
<pin id="1909" dir="1" index="2" bw="20" slack="1"/>
</pin_list>
<bind>
<opcode="add(8) " fcode="add"/>
<opset="add_ln71_10/9 "/>
</bind>
</comp>

<comp id="1912" class="1004" name="sext_ln71_36_fu_1912">
<pin_list>
<pin id="1913" dir="0" index="0" bw="17" slack="0"/>
<pin id="1914" dir="1" index="1" bw="18" slack="0"/>
</pin_list>
<bind>
<opcode="sext(35) " fcode="sext"/>
<opset="sext_ln71_36/9 "/>
</bind>
</comp>

<comp id="1915" class="1004" name="sext_ln71_38_fu_1915">
<pin_list>
<pin id="1916" dir="0" index="0" bw="17" slack="0"/>
<pin id="1917" dir="1" index="1" bw="18" slack="0"/>
</pin_list>
<bind>
<opcode="sext(35) " fcode="sext"/>
<opset="sext_ln71_38/9 "/>
</bind>
</comp>

<comp id="1918" class="1004" name="sext_ln71_42_fu_1918">
<pin_list>
<pin id="1919" dir="0" index="0" bw="18" slack="0"/>
<pin id="1920" dir="1" index="1" bw="19" slack="0"/>
</pin_list>
<bind>
<opcode="sext(35) " fcode="sext"/>
<opset="sext_ln71_42/9 "/>
</bind>
</comp>

<comp id="1921" class="1004" name="sext_ln71_45_fu_1921">
<pin_list>
<pin id="1922" dir="0" index="0" bw="18" slack="1"/>
<pin id="1923" dir="1" index="1" bw="19" slack="0"/>
</pin_list>
<bind>
<opcode="sext(35) " fcode="sext"/>
<opset="sext_ln71_45/9 "/>
</bind>
</comp>

<comp id="1924" class="1004" name="add_ln71_21_fu_1924">
<pin_list>
<pin id="1925" dir="0" index="0" bw="18" slack="0"/>
<pin id="1926" dir="0" index="1" bw="18" slack="0"/>
<pin id="1927" dir="1" index="2" bw="19" slack="1"/>
</pin_list>
<bind>
<opcode="add(8) " fcode="add"/>
<opset="add_ln71_21/9 "/>
</bind>
</comp>

<comp id="1930" class="1004" name="sext_ln71_35_fu_1930">
<pin_list>
<pin id="1931" dir="0" index="0" bw="20" slack="1"/>
<pin id="1932" dir="1" index="1" bw="21" slack="0"/>
</pin_list>
<bind>
<opcode="sext(35) " fcode="sext"/>
<opset="sext_ln71_35/10 "/>
</bind>
</comp>

<comp id="1933" class="1004" name="sext_ln71_37_fu_1933">
<pin_list>
<pin id="1934" dir="0" index="0" bw="18" slack="0"/>
<pin id="1935" dir="1" index="1" bw="19" slack="0"/>
</pin_list>
<bind>
<opcode="sext(35) " fcode="sext"/>
<opset="sext_ln71_37/10 "/>
</bind>
</comp>

<comp id="1936" class="1004" name="sext_ln71_39_fu_1936">
<pin_list>
<pin id="1937" dir="0" index="0" bw="18" slack="0"/>
<pin id="1938" dir="1" index="1" bw="19" slack="0"/>
</pin_list>
<bind>
<opcode="sext(35) " fcode="sext"/>
<opset="sext_ln71_39/10 "/>
</bind>
</comp>

<comp id="1939" class="1004" name="add_ln71_15_fu_1939">
<pin_list>
<pin id="1940" dir="0" index="0" bw="18" slack="0"/>
<pin id="1941" dir="0" index="1" bw="18" slack="0"/>
<pin id="1942" dir="1" index="2" bw="19" slack="0"/>
</pin_list>
<bind>
<opcode="add(8) " fcode="add"/>
<opset="add_ln71_15/10 "/>
</bind>
</comp>

<comp id="1945" class="1004" name="sext_ln71_40_fu_1945">
<pin_list>
<pin id="1946" dir="0" index="0" bw="19" slack="0"/>
<pin id="1947" dir="1" index="1" bw="20" slack="0"/>
</pin_list>
<bind>
<opcode="sext(35) " fcode="sext"/>
<opset="sext_ln71_40/10 "/>
</bind>
</comp>

<comp id="1949" class="1004" name="sext_ln71_46_fu_1949">
<pin_list>
<pin id="1950" dir="0" index="0" bw="19" slack="1"/>
<pin id="1951" dir="1" index="1" bw="20" slack="0"/>
</pin_list>
<bind>
<opcode="sext(35) " fcode="sext"/>
<opset="sext_ln71_46/10 "/>
</bind>
</comp>

<comp id="1952" class="1004" name="add_ln71_22_fu_1952">
<pin_list>
<pin id="1953" dir="0" index="0" bw="19" slack="0"/>
<pin id="1954" dir="0" index="1" bw="19" slack="0"/>
<pin id="1955" dir="1" index="2" bw="20" slack="0"/>
</pin_list>
<bind>
<opcode="add(8) " fcode="add"/>
<opset="add_ln71_22/10 "/>
</bind>
</comp>

<comp id="1958" class="1004" name="sext_ln71_47_fu_1958">
<pin_list>
<pin id="1959" dir="0" index="0" bw="20" slack="0"/>
<pin id="1960" dir="1" index="1" bw="21" slack="0"/>
</pin_list>
<bind>
<opcode="sext(35) " fcode="sext"/>
<opset="sext_ln71_47/10 "/>
</bind>
</comp>

<comp id="1962" class="1004" name="sum_fu_1962">
<pin_list>
<pin id="1963" dir="0" index="0" bw="20" slack="0"/>
<pin id="1964" dir="0" index="1" bw="20" slack="0"/>
<pin id="1965" dir="1" index="2" bw="21" slack="0"/>
</pin_list>
<bind>
<opcode="add(8) " fcode="add"/>
<opset="sum/10 "/>
</bind>
</comp>

<comp id="1968" class="1004" name="sext_ln76_2_fu_1968">
<pin_list>
<pin id="1969" dir="0" index="0" bw="21" slack="0"/>
<pin id="1970" dir="1" index="1" bw="52" slack="0"/>
</pin_list>
<bind>
<opcode="sext(35) " fcode="sext"/>
<opset="sext_ln76_2/10 "/>
</bind>
</comp>

<comp id="1973" class="1004" name="sext_ln76_3_fu_1973">
<pin_list>
<pin id="1974" dir="0" index="0" bw="52" slack="1"/>
<pin id="1975" dir="1" index="1" bw="63" slack="0"/>
</pin_list>
<bind>
<opcode="sext(35) " fcode="sext"/>
<opset="sext_ln76_3/11 "/>
</bind>
</comp>

<comp id="1976" class="1004" name="ashr_ln76_fu_1976">
<pin_list>
<pin id="1977" dir="0" index="0" bw="52" slack="0"/>
<pin id="1978" dir="0" index="1" bw="5" slack="10"/>
<pin id="1979" dir="1" index="2" bw="63" slack="0"/>
</pin_list>
<bind>
<opcode="ashr(22) " fcode="ashr"/>
<opset="ashr_ln76/11 "/>
</bind>
</comp>

<comp id="1981" class="1004" name="sum_1_fu_1981">
<pin_list>
<pin id="1982" dir="0" index="0" bw="63" slack="0"/>
<pin id="1983" dir="1" index="1" bw="32" slack="0"/>
</pin_list>
<bind>
<opcode="trunc(33) " fcode="trunc"/>
<opset="sum_1/11 "/>
</bind>
</comp>

<comp id="1985" class="1004" name="sum_2_fu_1985">
<pin_list>
<pin id="1986" dir="0" index="0" bw="32" slack="0"/>
<pin id="1987" dir="0" index="1" bw="32" slack="10"/>
<pin id="1988" dir="1" index="2" bw="32" slack="0"/>
</pin_list>
<bind>
<opcode="add(8) " fcode="add"/>
<opset="sum_2/11 "/>
</bind>
</comp>

<comp id="1990" class="1004" name="trunc_ln57_fu_1990">
<pin_list>
<pin id="1991" dir="0" index="0" bw="32" slack="0"/>
<pin id="1992" dir="1" index="1" bw="31" slack="0"/>
</pin_list>
<bind>
<opcode="trunc(33) " fcode="trunc"/>
<opset="trunc_ln57/11 "/>
</bind>
</comp>

<comp id="1994" class="1004" name="tmp_5_fu_1994">
<pin_list>
<pin id="1995" dir="0" index="0" bw="1" slack="0"/>
<pin id="1996" dir="0" index="1" bw="32" slack="0"/>
<pin id="1997" dir="0" index="2" bw="6" slack="0"/>
<pin id="1998" dir="1" index="3" bw="1" slack="0"/>
</pin_list>
<bind>
<opcode="bitselect(1000) " fcode="bitselect"/>
<opset="tmp_5/11 "/>
</bind>
</comp>

<comp id="2002" class="1004" name="sum_3_fu_2002">
<pin_list>
<pin id="2003" dir="0" index="0" bw="1" slack="0"/>
<pin id="2004" dir="0" index="1" bw="31" slack="0"/>
<pin id="2005" dir="0" index="2" bw="31" slack="0"/>
<pin id="2006" dir="1" index="3" bw="31" slack="0"/>
</pin_list>
<bind>
<opcode="select(49) " fcode="select"/>
<opset="sum_3/11 "/>
</bind>
</comp>

<comp id="2010" class="1004" name="tmp_6_fu_2010">
<pin_list>
<pin id="2011" dir="0" index="0" bw="23" slack="0"/>
<pin id="2012" dir="0" index="1" bw="31" slack="0"/>
<pin id="2013" dir="0" index="2" bw="5" slack="0"/>
<pin id="2014" dir="0" index="3" bw="6" slack="0"/>
<pin id="2015" dir="1" index="4" bw="23" slack="0"/>
</pin_list>
<bind>
<opcode="partselect(1002) " fcode="partselect"/>
<opset="tmp_6/11 "/>
</bind>
</comp>

<comp id="2020" class="1004" name="icmp_ln82_fu_2020">
<pin_list>
<pin id="2021" dir="0" index="0" bw="23" slack="0"/>
<pin id="2022" dir="0" index="1" bw="23" slack="0"/>
<pin id="2023" dir="1" index="2" bw="1" slack="0"/>
</pin_list>
<bind>
<opcode="icmp(45) " fcode="icmp"/>
<opset="icmp_ln82/11 "/>
</bind>
</comp>

<comp id="2026" class="1004" name="trunc_ln95_fu_2026">
<pin_list>
<pin id="2027" dir="0" index="0" bw="31" slack="0"/>
<pin id="2028" dir="1" index="1" bw="8" slack="0"/>
</pin_list>
<bind>
<opcode="trunc(33) " fcode="trunc"/>
<opset="trunc_ln95/11 "/>
</bind>
</comp>

<comp id="2030" class="1004" name="out_paket_data_fu_2030">
<pin_list>
<pin id="2031" dir="0" index="0" bw="1" slack="0"/>
<pin id="2032" dir="0" index="1" bw="8" slack="0"/>
<pin id="2033" dir="0" index="2" bw="8" slack="0"/>
<pin id="2034" dir="1" index="3" bw="8" slack="0"/>
</pin_list>
<bind>
<opcode="select(49) " fcode="select"/>
<opset="out_paket_data/11 "/>
</bind>
</comp>

<comp id="2038" class="1004" name="tmp_fu_2038">
<pin_list>
<pin id="2039" dir="0" index="0" bw="17" slack="0"/>
<pin id="2040" dir="0" index="1" bw="1" slack="6"/>
<pin id="2041" dir="0" index="2" bw="1" slack="0"/>
<pin id="2042" dir="0" index="3" bw="1" slack="7"/>
<pin id="2043" dir="0" index="4" bw="8" slack="0"/>
<pin id="2044" dir="1" index="5" bw="17" slack="0"/>
</pin_list>
<bind>
<opcode="bitconcatenate(1004) " fcode="bitconcatenate"/>
<opset="tmp/11 "/>
</bind>
</comp>

<comp id="2048" class="1004" name="zext_ln99_fu_2048">
<pin_list>
<pin id="2049" dir="0" index="0" bw="17" slack="0"/>
<pin id="2050" dir="1" index="1" bw="24" slack="0"/>
</pin_list>
<bind>
<opcode="zext(34) " fcode="zext"/>
<opset="zext_ln99/11 "/>
</bind>
</comp>

<comp id="2053" class="1007" name="grp_fu_2053">
<pin_list>
<pin id="2054" dir="0" index="0" bw="8" slack="0"/>
<pin id="2055" dir="0" index="1" bw="8" slack="4"/>
<pin id="2056" dir="0" index="2" bw="16" slack="0"/>
<pin id="2057" dir="1" index="3" bw="17" slack="0"/>
</pin_list>
<bind>
<opcode="muladd(1172) " fcode="muladd"/>
<opset="mul_ln71/5 sext_ln71/7 add_ln71_2/7 "/>
</bind>
</comp>

<comp id="2061" class="1007" name="grp_fu_2061">
<pin_list>
<pin id="2062" dir="0" index="0" bw="8" slack="0"/>
<pin id="2063" dir="0" index="1" bw="8" slack="4"/>
<pin id="2064" dir="0" index="2" bw="16" slack="0"/>
<pin id="2065" dir="1" index="3" bw="17" slack="0"/>
</pin_list>
<bind>
<opcode="muladd(1172) " fcode="muladd"/>
<opset="mul_ln71_4/5 sext_ln71_4/7 add_ln71_5/7 "/>
</bind>
</comp>

<comp id="2069" class="1007" name="grp_fu_2069">
<pin_list>
<pin id="2070" dir="0" index="0" bw="8" slack="0"/>
<pin id="2071" dir="0" index="1" bw="8" slack="4"/>
<pin id="2072" dir="0" index="2" bw="16" slack="0"/>
<pin id="2073" dir="1" index="3" bw="17" slack="0"/>
</pin_list>
<bind>
<opcode="muladd(1172) " fcode="muladd"/>
<opset="mul_ln71_7/5 sext_ln71_7/7 add_ln71_7/7 "/>
</bind>
</comp>

<comp id="2077" class="1007" name="grp_fu_2077">
<pin_list>
<pin id="2078" dir="0" index="0" bw="8" slack="0"/>
<pin id="2079" dir="0" index="1" bw="8" slack="4"/>
<pin id="2080" dir="0" index="2" bw="16" slack="0"/>
<pin id="2081" dir="1" index="3" bw="17" slack="0"/>
</pin_list>
<bind>
<opcode="muladd(1172) " fcode="muladd"/>
<opset="mul_ln71_8/5 sext_ln71_8/7 add_ln71_18/7 "/>
</bind>
</comp>

<comp id="2085" class="1007" name="grp_fu_2085">
<pin_list>
<pin id="2086" dir="0" index="0" bw="8" slack="0"/>
<pin id="2087" dir="0" index="1" bw="8" slack="4"/>
<pin id="2088" dir="0" index="2" bw="16" slack="0"/>
<pin id="2089" dir="1" index="3" bw="17" slack="0"/>
</pin_list>
<bind>
<opcode="muladd(1172) " fcode="muladd"/>
<opset="mul_ln71_18/5 sext_ln71_18/7 add_ln71_16/7 "/>
</bind>
</comp>

<comp id="2093" class="1007" name="grp_fu_2093">
<pin_list>
<pin id="2094" dir="0" index="0" bw="8" slack="0"/>
<pin id="2095" dir="0" index="1" bw="8" slack="4"/>
<pin id="2096" dir="0" index="2" bw="16" slack="0"/>
<pin id="2097" dir="1" index="3" bw="17" slack="0"/>
</pin_list>
<bind>
<opcode="muladd(1172) " fcode="muladd"/>
<opset="mul_ln71_22/5 sext_ln71_22/7 add_ln71/7 "/>
</bind>
</comp>

<comp id="2101" class="1007" name="grp_fu_2101">
<pin_list>
<pin id="2102" dir="0" index="0" bw="8" slack="0"/>
<pin id="2103" dir="0" index="1" bw="8" slack="4"/>
<pin id="2104" dir="0" index="2" bw="16" slack="0"/>
<pin id="2105" dir="1" index="3" bw="17" slack="0"/>
</pin_list>
<bind>
<opcode="muladd(1172) " fcode="muladd"/>
<opset="mul_ln71_23/5 sext_ln71_23/7 add_ln71_19/7 "/>
</bind>
</comp>

<comp id="2109" class="1007" name="grp_fu_2109">
<pin_list>
<pin id="2110" dir="0" index="0" bw="8" slack="0"/>
<pin id="2111" dir="0" index="1" bw="8" slack="5"/>
<pin id="2112" dir="0" index="2" bw="17" slack="0"/>
<pin id="2113" dir="1" index="3" bw="18" slack="0"/>
</pin_list>
<bind>
<opcode="muladd(1172) " fcode="muladd"/>
<opset="mul_ln71_1/6 sext_ln71_1/8 add_ln71_6/8 "/>
</bind>
</comp>

<comp id="2117" class="1007" name="grp_fu_2117">
<pin_list>
<pin id="2118" dir="0" index="0" bw="8" slack="0"/>
<pin id="2119" dir="0" index="1" bw="8" slack="5"/>
<pin id="2120" dir="0" index="2" bw="17" slack="0"/>
<pin id="2121" dir="1" index="3" bw="18" slack="0"/>
</pin_list>
<bind>
<opcode="muladd(1172) " fcode="muladd"/>
<opset="mul_ln71_5/6 sext_ln71_5/8 add_ln71_8/8 "/>
</bind>
</comp>

<comp id="2125" class="1007" name="grp_fu_2125">
<pin_list>
<pin id="2126" dir="0" index="0" bw="8" slack="0"/>
<pin id="2127" dir="0" index="1" bw="8" slack="5"/>
<pin id="2128" dir="0" index="2" bw="16" slack="0"/>
<pin id="2129" dir="1" index="3" bw="17" slack="0"/>
</pin_list>
<bind>
<opcode="muladd(1172) " fcode="muladd"/>
<opset="mul_ln71_11/6 sext_ln71_11/8 add_ln71_11/8 "/>
</bind>
</comp>

<comp id="2133" class="1007" name="grp_fu_2133">
<pin_list>
<pin id="2134" dir="0" index="0" bw="8" slack="0"/>
<pin id="2135" dir="0" index="1" bw="8" slack="5"/>
<pin id="2136" dir="0" index="2" bw="16" slack="0"/>
<pin id="2137" dir="1" index="3" bw="17" slack="0"/>
</pin_list>
<bind>
<opcode="muladd(1172) " fcode="muladd"/>
<opset="mul_ln71_15/6 sext_ln71_15/8 add_ln71_13/8 "/>
</bind>
</comp>

<comp id="2141" class="1007" name="grp_fu_2141">
<pin_list>
<pin id="2142" dir="0" index="0" bw="8" slack="0"/>
<pin id="2143" dir="0" index="1" bw="8" slack="5"/>
<pin id="2144" dir="0" index="2" bw="17" slack="0"/>
<pin id="2145" dir="1" index="3" bw="18" slack="0"/>
</pin_list>
<bind>
<opcode="muladd(1172) " fcode="muladd"/>
<opset="mul_ln71_17/6 sext_ln71_17/8 add_ln71_17/8 "/>
</bind>
</comp>

<comp id="2149" class="1007" name="grp_fu_2149">
<pin_list>
<pin id="2150" dir="0" index="0" bw="8" slack="0"/>
<pin id="2151" dir="0" index="1" bw="8" slack="5"/>
<pin id="2152" dir="0" index="2" bw="17" slack="0"/>
<pin id="2153" dir="1" index="3" bw="18" slack="0"/>
</pin_list>
<bind>
<opcode="muladd(1172) " fcode="muladd"/>
<opset="mul_ln71_19/6 sext_ln71_19/8 add_ln71_1/8 "/>
</bind>
</comp>

<comp id="2157" class="1007" name="grp_fu_2157">
<pin_list>
<pin id="2158" dir="0" index="0" bw="8" slack="0"/>
<pin id="2159" dir="0" index="1" bw="8" slack="5"/>
<pin id="2160" dir="0" index="2" bw="17" slack="0"/>
<pin id="2161" dir="1" index="3" bw="18" slack="0"/>
</pin_list>
<bind>
<opcode="muladd(1172) " fcode="muladd"/>
<opset="mul_ln71_21/6 sext_ln71_21/8 add_ln71_3/8 "/>
</bind>
</comp>

<comp id="2165" class="1007" name="grp_fu_2165">
<pin_list>
<pin id="2166" dir="0" index="0" bw="8" slack="0"/>
<pin id="2167" dir="0" index="1" bw="8" slack="6"/>
<pin id="2168" dir="0" index="2" bw="17" slack="0"/>
<pin id="2169" dir="1" index="3" bw="18" slack="0"/>
</pin_list>
<bind>
<opcode="muladd(1172) " fcode="muladd"/>
<opset="mul_ln71_9/7 sext_ln71_9/9 add_ln71_12/9 "/>
</bind>
</comp>

<comp id="2173" class="1007" name="grp_fu_2173">
<pin_list>
<pin id="2174" dir="0" index="0" bw="8" slack="0"/>
<pin id="2175" dir="0" index="1" bw="8" slack="6"/>
<pin id="2176" dir="0" index="2" bw="17" slack="0"/>
<pin id="2177" dir="1" index="3" bw="18" slack="0"/>
</pin_list>
<bind>
<opcode="muladd(1172) " fcode="muladd"/>
<opset="mul_ln71_12/7 sext_ln71_12/9 add_ln71_14/9 "/>
</bind>
</comp>

<comp id="2181" class="1005" name="x_reg_2181">
<pin_list>
<pin id="2182" dir="0" index="0" bw="13" slack="0"/>
<pin id="2183" dir="1" index="1" bw="13" slack="0"/>
</pin_list>
<bind>
<opset="x "/>
</bind>
</comp>

<comp id="2188" class="1005" name="window_reg_2188">
<pin_list>
<pin id="2189" dir="0" index="0" bw="8" slack="4"/>
<pin id="2190" dir="1" index="1" bw="8" slack="4"/>
</pin_list>
<bind>
<opset="window "/>
</bind>
</comp>

<comp id="2195" class="1005" name="val_reg_2195">
<pin_list>
<pin id="2196" dir="0" index="0" bw="8" slack="4"/>
<pin id="2197" dir="1" index="1" bw="8" slack="4"/>
</pin_list>
<bind>
<opset="val "/>
</bind>
</comp>

<comp id="2201" class="1005" name="window_1_reg_2201">
<pin_list>
<pin id="2202" dir="0" index="0" bw="8" slack="4"/>
<pin id="2203" dir="1" index="1" bw="8" slack="4"/>
</pin_list>
<bind>
<opset="window_1 "/>
</bind>
</comp>

<comp id="2208" class="1005" name="val_2_reg_2208">
<pin_list>
<pin id="2209" dir="0" index="0" bw="8" slack="5"/>
<pin id="2210" dir="1" index="1" bw="8" slack="5"/>
</pin_list>
<bind>
<opset="val_2 "/>
</bind>
</comp>

<comp id="2214" class="1005" name="window_2_reg_2214">
<pin_list>
<pin id="2215" dir="0" index="0" bw="8" slack="4"/>
<pin id="2216" dir="1" index="1" bw="8" slack="4"/>
</pin_list>
<bind>
<opset="window_2 "/>
</bind>
</comp>

<comp id="2221" class="1005" name="val_4_reg_2221">
<pin_list>
<pin id="2222" dir="0" index="0" bw="8" slack="4"/>
<pin id="2223" dir="1" index="1" bw="8" slack="4"/>
</pin_list>
<bind>
<opset="val_4 "/>
</bind>
</comp>

<comp id="2227" class="1005" name="window_3_reg_2227">
<pin_list>
<pin id="2228" dir="0" index="0" bw="8" slack="5"/>
<pin id="2229" dir="1" index="1" bw="8" slack="5"/>
</pin_list>
<bind>
<opset="window_3 "/>
</bind>
</comp>

<comp id="2234" class="1005" name="val_6_reg_2234">
<pin_list>
<pin id="2235" dir="0" index="0" bw="8" slack="5"/>
<pin id="2236" dir="1" index="1" bw="8" slack="5"/>
</pin_list>
<bind>
<opset="val_6 "/>
</bind>
</comp>

<comp id="2240" class="1005" name="window_4_reg_2240">
<pin_list>
<pin id="2241" dir="0" index="0" bw="8" slack="5"/>
<pin id="2242" dir="1" index="1" bw="8" slack="5"/>
</pin_list>
<bind>
<opset="window_4 "/>
</bind>
</comp>

<comp id="2247" class="1005" name="val_8_reg_2247">
<pin_list>
<pin id="2248" dir="0" index="0" bw="8" slack="5"/>
<pin id="2249" dir="1" index="1" bw="8" slack="5"/>
</pin_list>
<bind>
<opset="val_8 "/>
</bind>
</comp>

<comp id="2253" class="1005" name="i_reg_2253">
<pin_list>
<pin id="2254" dir="0" index="0" bw="27" slack="0"/>
<pin id="2255" dir="1" index="1" bw="27" slack="0"/>
</pin_list>
<bind>
<opset="i "/>
</bind>
</comp>

<comp id="2260" class="1005" name="img_y_2_reg_2260">
<pin_list>
<pin id="2261" dir="0" index="0" bw="13" slack="0"/>
<pin id="2262" dir="1" index="1" bw="13" slack="0"/>
</pin_list>
<bind>
<opset="img_y_2 "/>
</bind>
</comp>

<comp id="2267" class="1005" name="img_x_2_reg_2267">
<pin_list>
<pin id="2268" dir="0" index="0" bw="13" slack="0"/>
<pin id="2269" dir="1" index="1" bw="13" slack="0"/>
</pin_list>
<bind>
<opset="img_x_2 "/>
</bind>
</comp>

<comp id="2275" class="1005" name="window_5_reg_2275">
<pin_list>
<pin id="2276" dir="0" index="0" bw="8" slack="4"/>
<pin id="2277" dir="1" index="1" bw="8" slack="4"/>
</pin_list>
<bind>
<opset="window_5 "/>
</bind>
</comp>

<comp id="2281" class="1005" name="window_6_reg_2281">
<pin_list>
<pin id="2282" dir="0" index="0" bw="8" slack="4"/>
<pin id="2283" dir="1" index="1" bw="8" slack="4"/>
</pin_list>
<bind>
<opset="window_6 "/>
</bind>
</comp>

<comp id="2287" class="1005" name="window_7_reg_2287">
<pin_list>
<pin id="2288" dir="0" index="0" bw="8" slack="4"/>
<pin id="2289" dir="1" index="1" bw="8" slack="4"/>
</pin_list>
<bind>
<opset="window_7 "/>
</bind>
</comp>

<comp id="2293" class="1005" name="window_8_reg_2293">
<pin_list>
<pin id="2294" dir="0" index="0" bw="8" slack="4"/>
<pin id="2295" dir="1" index="1" bw="8" slack="4"/>
</pin_list>
<bind>
<opset="window_8 "/>
</bind>
</comp>

<comp id="2299" class="1005" name="window_9_reg_2299">
<pin_list>
<pin id="2300" dir="0" index="0" bw="8" slack="4"/>
<pin id="2301" dir="1" index="1" bw="8" slack="4"/>
</pin_list>
<bind>
<opset="window_9 "/>
</bind>
</comp>

<comp id="2305" class="1005" name="window_10_reg_2305">
<pin_list>
<pin id="2306" dir="0" index="0" bw="8" slack="4"/>
<pin id="2307" dir="1" index="1" bw="8" slack="4"/>
</pin_list>
<bind>
<opset="window_10 "/>
</bind>
</comp>

<comp id="2311" class="1005" name="window_11_reg_2311">
<pin_list>
<pin id="2312" dir="0" index="0" bw="8" slack="4"/>
<pin id="2313" dir="1" index="1" bw="8" slack="4"/>
</pin_list>
<bind>
<opset="window_11 "/>
</bind>
</comp>

<comp id="2317" class="1005" name="window_12_reg_2317">
<pin_list>
<pin id="2318" dir="0" index="0" bw="8" slack="5"/>
<pin id="2319" dir="1" index="1" bw="8" slack="5"/>
</pin_list>
<bind>
<opset="window_12 "/>
</bind>
</comp>

<comp id="2323" class="1005" name="window_13_reg_2323">
<pin_list>
<pin id="2324" dir="0" index="0" bw="8" slack="5"/>
<pin id="2325" dir="1" index="1" bw="8" slack="5"/>
</pin_list>
<bind>
<opset="window_13 "/>
</bind>
</comp>

<comp id="2329" class="1005" name="window_14_reg_2329">
<pin_list>
<pin id="2330" dir="0" index="0" bw="8" slack="5"/>
<pin id="2331" dir="1" index="1" bw="8" slack="5"/>
</pin_list>
<bind>
<opset="window_14 "/>
</bind>
</comp>

<comp id="2335" class="1005" name="add_ln98_read_reg_2335">
<pin_list>
<pin id="2336" dir="0" index="0" bw="14" slack="4"/>
<pin id="2337" dir="1" index="1" bw="14" slack="4"/>
</pin_list>
<bind>
<opset="add_ln98_read "/>
</bind>
</comp>

<comp id="2340" class="1005" name="borderType_read_reg_2340">
<pin_list>
<pin id="2341" dir="0" index="0" bw="1" slack="1"/>
<pin id="2342" dir="1" index="1" bw="1" slack="2147483647"/>
</pin_list>
<bind>
<opset="borderType_read "/>
</bind>
</comp>

<comp id="2344" class="1005" name="delta_read_reg_2344">
<pin_list>
<pin id="2345" dir="0" index="0" bw="32" slack="10"/>
<pin id="2346" dir="1" index="1" bw="32" slack="10"/>
</pin_list>
<bind>
<opset="delta_read "/>
</bind>
</comp>

<comp id="2349" class="1005" name="height_read_reg_2349">
<pin_list>
<pin id="2350" dir="0" index="0" bw="13" slack="3"/>
<pin id="2351" dir="1" index="1" bw="13" slack="3"/>
</pin_list>
<bind>
<opset="height_read "/>
</bind>
</comp>

<comp id="2354" class="1005" name="add_ln89_read_reg_2354">
<pin_list>
<pin id="2355" dir="0" index="0" bw="14" slack="3"/>
<pin id="2356" dir="1" index="1" bw="14" slack="3"/>
</pin_list>
<bind>
<opset="add_ln89_read "/>
</bind>
</comp>

<comp id="2359" class="1005" name="add_ln88_read_reg_2359">
<pin_list>
<pin id="2360" dir="0" index="0" bw="14" slack="3"/>
<pin id="2361" dir="1" index="1" bw="14" slack="3"/>
</pin_list>
<bind>
<opset="add_ln88_read "/>
</bind>
</comp>

<comp id="2364" class="1005" name="add_ln104_read_reg_2364">
<pin_list>
<pin id="2365" dir="0" index="0" bw="14" slack="3"/>
<pin id="2366" dir="1" index="1" bw="14" slack="3"/>
</pin_list>
<bind>
<opset="add_ln104_read "/>
</bind>
</comp>

<comp id="2369" class="1005" name="width_read_reg_2369">
<pin_list>
<pin id="2370" dir="0" index="0" bw="13" slack="1"/>
<pin id="2371" dir="1" index="1" bw="13" slack="1"/>
</pin_list>
<bind>
<opset="width_read "/>
</bind>
</comp>

<comp id="2375" class="1005" name="add_ln42_read_reg_2375">
<pin_list>
<pin id="2376" dir="0" index="0" bw="14" slack="1"/>
<pin id="2377" dir="1" index="1" bw="14" slack="1"/>
</pin_list>
<bind>
<opset="add_ln42_read "/>
</bind>
</comp>

<comp id="2382" class="1005" name="zext_ln104_cast_reg_2382">
<pin_list>
<pin id="2383" dir="0" index="0" bw="63" slack="10"/>
<pin id="2384" dir="1" index="1" bw="63" slack="10"/>
</pin_list>
<bind>
<opset="zext_ln104_cast "/>
</bind>
</comp>

<comp id="2387" class="1005" name="sext_ln76_1_cast_reg_2387">
<pin_list>
<pin id="2388" dir="0" index="0" bw="52" slack="9"/>
<pin id="2389" dir="1" index="1" bw="52" slack="9"/>
</pin_list>
<bind>
<opset="sext_ln76_1_cast "/>
</bind>
</comp>

<comp id="2392" class="1005" name="sext_ln72_18_cast_reg_2392">
<pin_list>
<pin id="2393" dir="0" index="0" bw="16" slack="6"/>
<pin id="2394" dir="1" index="1" bw="16" slack="6"/>
</pin_list>
<bind>
<opset="sext_ln72_18_cast "/>
</bind>
</comp>

<comp id="2397" class="1005" name="sext_ln72_19_cast_reg_2397">
<pin_list>
<pin id="2398" dir="0" index="0" bw="16" slack="4"/>
<pin id="2399" dir="1" index="1" bw="16" slack="4"/>
</pin_list>
<bind>
<opset="sext_ln72_19_cast "/>
</bind>
</comp>

<comp id="2402" class="1005" name="sext_ln72_20_cast_reg_2402">
<pin_list>
<pin id="2403" dir="0" index="0" bw="16" slack="4"/>
<pin id="2404" dir="1" index="1" bw="16" slack="4"/>
</pin_list>
<bind>
<opset="sext_ln72_20_cast "/>
</bind>
</comp>

<comp id="2407" class="1005" name="sext_ln72_21_cast_reg_2407">
<pin_list>
<pin id="2408" dir="0" index="0" bw="16" slack="5"/>
<pin id="2409" dir="1" index="1" bw="16" slack="5"/>
</pin_list>
<bind>
<opset="sext_ln72_21_cast "/>
</bind>
</comp>

<comp id="2412" class="1005" name="sext_ln72_22_cast_reg_2412">
<pin_list>
<pin id="2413" dir="0" index="0" bw="16" slack="6"/>
<pin id="2414" dir="1" index="1" bw="16" slack="6"/>
</pin_list>
<bind>
<opset="sext_ln72_22_cast "/>
</bind>
</comp>

<comp id="2417" class="1005" name="sext_ln72_23_cast_reg_2417">
<pin_list>
<pin id="2418" dir="0" index="0" bw="16" slack="5"/>
<pin id="2419" dir="1" index="1" bw="16" slack="5"/>
</pin_list>
<bind>
<opset="sext_ln72_23_cast "/>
</bind>
</comp>

<comp id="2422" class="1005" name="sext_ln76_cast_reg_2422">
<pin_list>
<pin id="2423" dir="0" index="0" bw="16" slack="4"/>
<pin id="2424" dir="1" index="1" bw="16" slack="4"/>
</pin_list>
<bind>
<opset="sext_ln76_cast "/>
</bind>
</comp>

<comp id="2427" class="1005" name="sext_ln72_1_cast_reg_2427">
<pin_list>
<pin id="2428" dir="0" index="0" bw="16" slack="5"/>
<pin id="2429" dir="1" index="1" bw="16" slack="5"/>
</pin_list>
<bind>
<opset="sext_ln72_1_cast "/>
</bind>
</comp>

<comp id="2432" class="1005" name="sext_ln72_cast_reg_2432">
<pin_list>
<pin id="2433" dir="0" index="0" bw="16" slack="6"/>
<pin id="2434" dir="1" index="1" bw="16" slack="6"/>
</pin_list>
<bind>
<opset="sext_ln72_cast "/>
</bind>
</comp>

<comp id="2437" class="1005" name="sext_ln72_2_cast_reg_2437">
<pin_list>
<pin id="2438" dir="0" index="0" bw="16" slack="5"/>
<pin id="2439" dir="1" index="1" bw="16" slack="5"/>
</pin_list>
<bind>
<opset="sext_ln72_2_cast "/>
</bind>
</comp>

<comp id="2442" class="1005" name="sext_ln72_3_cast_reg_2442">
<pin_list>
<pin id="2443" dir="0" index="0" bw="16" slack="7"/>
<pin id="2444" dir="1" index="1" bw="16" slack="7"/>
</pin_list>
<bind>
<opset="sext_ln72_3_cast "/>
</bind>
</comp>

<comp id="2447" class="1005" name="sext_ln72_4_cast_reg_2447">
<pin_list>
<pin id="2448" dir="0" index="0" bw="16" slack="6"/>
<pin id="2449" dir="1" index="1" bw="16" slack="6"/>
</pin_list>
<bind>
<opset="sext_ln72_4_cast "/>
</bind>
</comp>

<comp id="2452" class="1005" name="sext_ln72_5_cast_reg_2452">
<pin_list>
<pin id="2453" dir="0" index="0" bw="16" slack="6"/>
<pin id="2454" dir="1" index="1" bw="16" slack="6"/>
</pin_list>
<bind>
<opset="sext_ln72_5_cast "/>
</bind>
</comp>

<comp id="2457" class="1005" name="sext_ln72_6_cast_reg_2457">
<pin_list>
<pin id="2458" dir="0" index="0" bw="16" slack="5"/>
<pin id="2459" dir="1" index="1" bw="16" slack="5"/>
</pin_list>
<bind>
<opset="sext_ln72_6_cast "/>
</bind>
</comp>

<comp id="2462" class="1005" name="sext_ln72_7_cast_reg_2462">
<pin_list>
<pin id="2463" dir="0" index="0" bw="16" slack="7"/>
<pin id="2464" dir="1" index="1" bw="16" slack="7"/>
</pin_list>
<bind>
<opset="sext_ln72_7_cast "/>
</bind>
</comp>

<comp id="2467" class="1005" name="sext_ln72_8_cast_reg_2467">
<pin_list>
<pin id="2468" dir="0" index="0" bw="16" slack="6"/>
<pin id="2469" dir="1" index="1" bw="16" slack="6"/>
</pin_list>
<bind>
<opset="sext_ln72_8_cast "/>
</bind>
</comp>

<comp id="2472" class="1005" name="sext_ln72_9_cast_reg_2472">
<pin_list>
<pin id="2473" dir="0" index="0" bw="16" slack="4"/>
<pin id="2474" dir="1" index="1" bw="16" slack="4"/>
</pin_list>
<bind>
<opset="sext_ln72_9_cast "/>
</bind>
</comp>

<comp id="2477" class="1005" name="sext_ln72_10_cast_reg_2477">
<pin_list>
<pin id="2478" dir="0" index="0" bw="16" slack="4"/>
<pin id="2479" dir="1" index="1" bw="16" slack="4"/>
</pin_list>
<bind>
<opset="sext_ln72_10_cast "/>
</bind>
</comp>

<comp id="2482" class="1005" name="sext_ln72_11_cast_reg_2482">
<pin_list>
<pin id="2483" dir="0" index="0" bw="16" slack="6"/>
<pin id="2484" dir="1" index="1" bw="16" slack="6"/>
</pin_list>
<bind>
<opset="sext_ln72_11_cast "/>
</bind>
</comp>

<comp id="2487" class="1005" name="sext_ln72_12_cast_reg_2487">
<pin_list>
<pin id="2488" dir="0" index="0" bw="16" slack="5"/>
<pin id="2489" dir="1" index="1" bw="16" slack="5"/>
</pin_list>
<bind>
<opset="sext_ln72_12_cast "/>
</bind>
</comp>

<comp id="2492" class="1005" name="sext_ln72_13_cast_reg_2492">
<pin_list>
<pin id="2493" dir="0" index="0" bw="16" slack="4"/>
<pin id="2494" dir="1" index="1" bw="16" slack="4"/>
</pin_list>
<bind>
<opset="sext_ln72_13_cast "/>
</bind>
</comp>

<comp id="2497" class="1005" name="sext_ln72_14_cast_reg_2497">
<pin_list>
<pin id="2498" dir="0" index="0" bw="16" slack="6"/>
<pin id="2499" dir="1" index="1" bw="16" slack="6"/>
</pin_list>
<bind>
<opset="sext_ln72_14_cast "/>
</bind>
</comp>

<comp id="2502" class="1005" name="sext_ln72_15_cast_reg_2502">
<pin_list>
<pin id="2503" dir="0" index="0" bw="16" slack="6"/>
<pin id="2504" dir="1" index="1" bw="16" slack="6"/>
</pin_list>
<bind>
<opset="sext_ln72_15_cast "/>
</bind>
</comp>

<comp id="2507" class="1005" name="sext_ln72_16_cast_reg_2507">
<pin_list>
<pin id="2508" dir="0" index="0" bw="16" slack="5"/>
<pin id="2509" dir="1" index="1" bw="16" slack="5"/>
</pin_list>
<bind>
<opset="sext_ln72_16_cast "/>
</bind>
</comp>

<comp id="2512" class="1005" name="sext_ln72_17_cast_reg_2512">
<pin_list>
<pin id="2513" dir="0" index="0" bw="16" slack="4"/>
<pin id="2514" dir="1" index="1" bw="16" slack="4"/>
</pin_list>
<bind>
<opset="sext_ln72_17_cast "/>
</bind>
</comp>

<comp id="2517" class="1005" name="zext_ln149_cast_reg_2517">
<pin_list>
<pin id="2518" dir="0" index="0" bw="14" slack="4"/>
<pin id="2519" dir="1" index="1" bw="14" slack="4"/>
</pin_list>
<bind>
<opset="zext_ln149_cast "/>
</bind>
</comp>

<comp id="2525" class="1005" name="zext_ln72_cast_reg_2525">
<pin_list>
<pin id="2526" dir="0" index="0" bw="14" slack="3"/>
<pin id="2527" dir="1" index="1" bw="14" slack="3"/>
</pin_list>
<bind>
<opset="zext_ln72_cast "/>
</bind>
</comp>

<comp id="2533" class="1005" name="icmp_ln15_reg_2533">
<pin_list>
<pin id="2534" dir="0" index="0" bw="1" slack="1"/>
<pin id="2535" dir="1" index="1" bw="1" slack="2147483647"/>
</pin_list>
<bind>
<opset="icmp_ln15 "/>
</bind>
</comp>

<comp id="2537" class="1005" name="icmp_ln165_reg_2537">
<pin_list>
<pin id="2538" dir="0" index="0" bw="1" slack="1"/>
<pin id="2539" dir="1" index="1" bw="1" slack="2147483647"/>
</pin_list>
<bind>
<opset="icmp_ln165 "/>
</bind>
</comp>

<comp id="2541" class="1005" name="icmp_ln158_reg_2541">
<pin_list>
<pin id="2542" dir="0" index="0" bw="1" slack="10"/>
<pin id="2543" dir="1" index="1" bw="1" slack="2147483647"/>
</pin_list>
<bind>
<opset="icmp_ln158 "/>
</bind>
</comp>

<comp id="2545" class="1005" name="line_buffer_addr_reg_2545">
<pin_list>
<pin id="2546" dir="0" index="0" bw="13" slack="3"/>
<pin id="2547" dir="1" index="1" bw="13" slack="3"/>
</pin_list>
<bind>
<opset="line_buffer_addr "/>
</bind>
</comp>

<comp id="2550" class="1005" name="line_buffer_1_addr_reg_2550">
<pin_list>
<pin id="2551" dir="0" index="0" bw="13" slack="2"/>
<pin id="2552" dir="1" index="1" bw="13" slack="2"/>
</pin_list>
<bind>
<opset="line_buffer_1_addr "/>
</bind>
</comp>

<comp id="2555" class="1005" name="line_buffer_2_addr_reg_2555">
<pin_list>
<pin id="2556" dir="0" index="0" bw="13" slack="1"/>
<pin id="2557" dir="1" index="1" bw="13" slack="1"/>
</pin_list>
<bind>
<opset="line_buffer_2_addr "/>
</bind>
</comp>

<comp id="2560" class="1005" name="line_buffer_3_addr_reg_2560">
<pin_list>
<pin id="2561" dir="0" index="0" bw="13" slack="1"/>
<pin id="2562" dir="1" index="1" bw="13" slack="1"/>
</pin_list>
<bind>
<opset="line_buffer_3_addr "/>
</bind>
</comp>

<comp id="2565" class="1005" name="icmp_ln35_reg_2565">
<pin_list>
<pin id="2566" dir="0" index="0" bw="1" slack="1"/>
<pin id="2567" dir="1" index="1" bw="1" slack="2147483647"/>
</pin_list>
<bind>
<opset="icmp_ln35 "/>
</bind>
</comp>

<comp id="2569" class="1005" name="window_37_reg_2569">
<pin_list>
<pin id="2570" dir="0" index="0" bw="8" slack="2"/>
<pin id="2571" dir="1" index="1" bw="8" slack="2"/>
</pin_list>
<bind>
<opset="window_37 "/>
</bind>
</comp>

<comp id="2575" class="1005" name="window_36_reg_2575">
<pin_list>
<pin id="2576" dir="0" index="0" bw="8" slack="1"/>
<pin id="2577" dir="1" index="1" bw="8" slack="1"/>
</pin_list>
<bind>
<opset="window_36 "/>
</bind>
</comp>

<comp id="2581" class="1005" name="zext_ln63_reg_2581">
<pin_list>
<pin id="2582" dir="0" index="0" bw="14" slack="1"/>
<pin id="2583" dir="1" index="1" bw="14" slack="1"/>
</pin_list>
<bind>
<opset="zext_ln63 "/>
</bind>
</comp>

<comp id="2590" class="1005" name="or_ln67_1_reg_2590">
<pin_list>
<pin id="2591" dir="0" index="0" bw="1" slack="2"/>
<pin id="2592" dir="1" index="1" bw="1" slack="2"/>
</pin_list>
<bind>
<opset="or_ln67_1 "/>
</bind>
</comp>

<comp id="2599" class="1005" name="xor_ln67_3_reg_2599">
<pin_list>
<pin id="2600" dir="0" index="0" bw="1" slack="1"/>
<pin id="2601" dir="1" index="1" bw="1" slack="1"/>
</pin_list>
<bind>
<opset="xor_ln67_3 "/>
</bind>
</comp>

<comp id="2608" class="1005" name="or_ln67_8_reg_2608">
<pin_list>
<pin id="2609" dir="0" index="0" bw="1" slack="1"/>
<pin id="2610" dir="1" index="1" bw="1" slack="1"/>
</pin_list>
<bind>
<opset="or_ln67_8 "/>
</bind>
</comp>

<comp id="2617" class="1005" name="icmp_ln67_7_reg_2617">
<pin_list>
<pin id="2618" dir="0" index="0" bw="1" slack="1"/>
<pin id="2619" dir="1" index="1" bw="1" slack="1"/>
</pin_list>
<bind>
<opset="icmp_ln67_7 "/>
</bind>
</comp>

<comp id="2622" class="1005" name="xor_ln67_8_reg_2622">
<pin_list>
<pin id="2623" dir="0" index="0" bw="1" slack="1"/>
<pin id="2624" dir="1" index="1" bw="1" slack="1"/>
</pin_list>
<bind>
<opset="xor_ln67_8 "/>
</bind>
</comp>

<comp id="2631" class="1005" name="xor_ln67_9_reg_2631">
<pin_list>
<pin id="2632" dir="0" index="0" bw="1" slack="1"/>
<pin id="2633" dir="1" index="1" bw="1" slack="1"/>
</pin_list>
<bind>
<opset="xor_ln67_9 "/>
</bind>
</comp>

<comp id="2640" class="1005" name="icmp_ln88_reg_2640">
<pin_list>
<pin id="2641" dir="0" index="0" bw="1" slack="1"/>
<pin id="2642" dir="1" index="1" bw="1" slack="2147483647"/>
</pin_list>
<bind>
<opset="icmp_ln88 "/>
</bind>
</comp>

<comp id="2644" class="1005" name="and_ln88_1_reg_2644">
<pin_list>
<pin id="2645" dir="0" index="0" bw="1" slack="1"/>
<pin id="2646" dir="1" index="1" bw="1" slack="2147483647"/>
</pin_list>
<bind>
<opset="and_ln88_1 "/>
</bind>
</comp>

<comp id="2648" class="1005" name="out_paket_user_reg_2648">
<pin_list>
<pin id="2649" dir="0" index="0" bw="1" slack="7"/>
<pin id="2650" dir="1" index="1" bw="1" slack="7"/>
</pin_list>
<bind>
<opset="out_paket_user "/>
</bind>
</comp>

<comp id="2656" class="1005" name="val_67_reg_2656">
<pin_list>
<pin id="2657" dir="0" index="0" bw="8" slack="1"/>
<pin id="2658" dir="1" index="1" bw="8" slack="1"/>
</pin_list>
<bind>
<opset="val_67 "/>
</bind>
</comp>

<comp id="2661" class="1005" name="val_64_reg_2661">
<pin_list>
<pin id="2662" dir="0" index="0" bw="8" slack="1"/>
<pin id="2663" dir="1" index="1" bw="8" slack="1"/>
</pin_list>
<bind>
<opset="val_64 "/>
</bind>
</comp>

<comp id="2667" class="1005" name="val_51_reg_2667">
<pin_list>
<pin id="2668" dir="0" index="0" bw="8" slack="1"/>
<pin id="2669" dir="1" index="1" bw="8" slack="1"/>
</pin_list>
<bind>
<opset="val_51 "/>
</bind>
</comp>

<comp id="2673" class="1005" name="or_ln67_reg_2673">
<pin_list>
<pin id="2674" dir="0" index="0" bw="1" slack="1"/>
<pin id="2675" dir="1" index="1" bw="1" slack="1"/>
</pin_list>
<bind>
<opset="or_ln67 "/>
</bind>
</comp>

<comp id="2680" class="1005" name="or_ln67_3_reg_2680">
<pin_list>
<pin id="2681" dir="0" index="0" bw="1" slack="1"/>
<pin id="2682" dir="1" index="1" bw="1" slack="1"/>
</pin_list>
<bind>
<opset="or_ln67_3 "/>
</bind>
</comp>

<comp id="2687" class="1005" name="xor_ln67_4_reg_2687">
<pin_list>
<pin id="2688" dir="0" index="0" bw="1" slack="1"/>
<pin id="2689" dir="1" index="1" bw="1" slack="1"/>
</pin_list>
<bind>
<opset="xor_ln67_4 "/>
</bind>
</comp>

<comp id="2694" class="1005" name="xor_ln67_5_reg_2694">
<pin_list>
<pin id="2695" dir="0" index="0" bw="1" slack="1"/>
<pin id="2696" dir="1" index="1" bw="1" slack="1"/>
</pin_list>
<bind>
<opset="xor_ln67_5 "/>
</bind>
</comp>

<comp id="2699" class="1005" name="zext_ln67_4_reg_2699">
<pin_list>
<pin id="2700" dir="0" index="0" bw="16" slack="1"/>
<pin id="2701" dir="1" index="1" bw="16" slack="1"/>
</pin_list>
<bind>
<opset="zext_ln67_4 "/>
</bind>
</comp>

<comp id="2704" class="1005" name="zext_ln67_5_reg_2704">
<pin_list>
<pin id="2705" dir="0" index="0" bw="16" slack="1"/>
<pin id="2706" dir="1" index="1" bw="16" slack="1"/>
</pin_list>
<bind>
<opset="zext_ln67_5 "/>
</bind>
</comp>

<comp id="2709" class="1005" name="val_58_reg_2709">
<pin_list>
<pin id="2710" dir="0" index="0" bw="8" slack="2"/>
<pin id="2711" dir="1" index="1" bw="8" slack="2"/>
</pin_list>
<bind>
<opset="val_58 "/>
</bind>
</comp>

<comp id="2714" class="1005" name="val_60_reg_2714">
<pin_list>
<pin id="2715" dir="0" index="0" bw="8" slack="1"/>
<pin id="2716" dir="1" index="1" bw="8" slack="1"/>
</pin_list>
<bind>
<opset="val_60 "/>
</bind>
</comp>

<comp id="2719" class="1005" name="zext_ln67_8_reg_2719">
<pin_list>
<pin id="2720" dir="0" index="0" bw="16" slack="1"/>
<pin id="2721" dir="1" index="1" bw="16" slack="1"/>
</pin_list>
<bind>
<opset="zext_ln67_8 "/>
</bind>
</comp>

<comp id="2724" class="1005" name="val_63_reg_2724">
<pin_list>
<pin id="2725" dir="0" index="0" bw="8" slack="2"/>
<pin id="2726" dir="1" index="1" bw="8" slack="2"/>
</pin_list>
<bind>
<opset="val_63 "/>
</bind>
</comp>

<comp id="2729" class="1005" name="zext_ln67_11_reg_2729">
<pin_list>
<pin id="2730" dir="0" index="0" bw="16" slack="1"/>
<pin id="2731" dir="1" index="1" bw="16" slack="1"/>
</pin_list>
<bind>
<opset="zext_ln67_11 "/>
</bind>
</comp>

<comp id="2734" class="1005" name="zext_ln64_3_reg_2734">
<pin_list>
<pin id="2735" dir="0" index="0" bw="16" slack="1"/>
<pin id="2736" dir="1" index="1" bw="16" slack="1"/>
</pin_list>
<bind>
<opset="zext_ln64_3 "/>
</bind>
</comp>

<comp id="2739" class="1005" name="zext_ln67_13_reg_2739">
<pin_list>
<pin id="2740" dir="0" index="0" bw="16" slack="1"/>
<pin id="2741" dir="1" index="1" bw="16" slack="1"/>
</pin_list>
<bind>
<opset="zext_ln67_13 "/>
</bind>
</comp>

<comp id="2744" class="1005" name="val_74_reg_2744">
<pin_list>
<pin id="2745" dir="0" index="0" bw="8" slack="1"/>
<pin id="2746" dir="1" index="1" bw="8" slack="1"/>
</pin_list>
<bind>
<opset="val_74 "/>
</bind>
</comp>

<comp id="2749" class="1005" name="val_76_reg_2749">
<pin_list>
<pin id="2750" dir="0" index="0" bw="8" slack="2"/>
<pin id="2751" dir="1" index="1" bw="8" slack="2"/>
</pin_list>
<bind>
<opset="val_76 "/>
</bind>
</comp>

<comp id="2754" class="1005" name="val_78_reg_2754">
<pin_list>
<pin id="2755" dir="0" index="0" bw="8" slack="1"/>
<pin id="2756" dir="1" index="1" bw="8" slack="1"/>
</pin_list>
<bind>
<opset="val_78 "/>
</bind>
</comp>

<comp id="2759" class="1005" name="zext_ln71_reg_2759">
<pin_list>
<pin id="2760" dir="0" index="0" bw="16" slack="1"/>
<pin id="2761" dir="1" index="1" bw="16" slack="1"/>
</pin_list>
<bind>
<opset="zext_ln71 "/>
</bind>
</comp>

<comp id="2764" class="1005" name="icmp_ln98_reg_2764">
<pin_list>
<pin id="2765" dir="0" index="0" bw="1" slack="6"/>
<pin id="2766" dir="1" index="1" bw="1" slack="6"/>
</pin_list>
<bind>
<opset="icmp_ln98 "/>
</bind>
</comp>

<comp id="2769" class="1005" name="val_32_reg_2769">
<pin_list>
<pin id="2770" dir="0" index="0" bw="8" slack="1"/>
<pin id="2771" dir="1" index="1" bw="8" slack="1"/>
</pin_list>
<bind>
<opset="val_32 "/>
</bind>
</comp>

<comp id="2774" class="1005" name="zext_ln63_2_reg_2774">
<pin_list>
<pin id="2775" dir="0" index="0" bw="16" slack="1"/>
<pin id="2776" dir="1" index="1" bw="16" slack="1"/>
</pin_list>
<bind>
<opset="zext_ln63_2 "/>
</bind>
</comp>

<comp id="2779" class="1005" name="zext_ln63_3_reg_2779">
<pin_list>
<pin id="2780" dir="0" index="0" bw="16" slack="1"/>
<pin id="2781" dir="1" index="1" bw="16" slack="1"/>
</pin_list>
<bind>
<opset="zext_ln63_3 "/>
</bind>
</comp>

<comp id="2784" class="1005" name="val_42_reg_2784">
<pin_list>
<pin id="2785" dir="0" index="0" bw="8" slack="2"/>
<pin id="2786" dir="1" index="1" bw="8" slack="2"/>
</pin_list>
<bind>
<opset="val_42 "/>
</bind>
</comp>

<comp id="2789" class="1005" name="val_44_reg_2789">
<pin_list>
<pin id="2790" dir="0" index="0" bw="8" slack="1"/>
<pin id="2791" dir="1" index="1" bw="8" slack="1"/>
</pin_list>
<bind>
<opset="val_44 "/>
</bind>
</comp>

<comp id="2794" class="1005" name="val_48_reg_2794">
<pin_list>
<pin id="2795" dir="0" index="0" bw="8" slack="1"/>
<pin id="2796" dir="1" index="1" bw="8" slack="1"/>
</pin_list>
<bind>
<opset="val_48 "/>
</bind>
</comp>

<comp id="2799" class="1005" name="zext_ln67_1_reg_2799">
<pin_list>
<pin id="2800" dir="0" index="0" bw="16" slack="1"/>
<pin id="2801" dir="1" index="1" bw="16" slack="1"/>
</pin_list>
<bind>
<opset="zext_ln67_1 "/>
</bind>
</comp>

<comp id="2804" class="1005" name="val_52_reg_2804">
<pin_list>
<pin id="2805" dir="0" index="0" bw="8" slack="2"/>
<pin id="2806" dir="1" index="1" bw="8" slack="2"/>
</pin_list>
<bind>
<opset="val_52 "/>
</bind>
</comp>

<comp id="2809" class="1005" name="val_54_reg_2809">
<pin_list>
<pin id="2810" dir="0" index="0" bw="8" slack="1"/>
<pin id="2811" dir="1" index="1" bw="8" slack="1"/>
</pin_list>
<bind>
<opset="val_54 "/>
</bind>
</comp>

<comp id="2814" class="1005" name="zext_ln67_7_reg_2814">
<pin_list>
<pin id="2815" dir="0" index="0" bw="16" slack="1"/>
<pin id="2816" dir="1" index="1" bw="16" slack="1"/>
</pin_list>
<bind>
<opset="zext_ln67_7 "/>
</bind>
</comp>

<comp id="2819" class="1005" name="val_65_reg_2819">
<pin_list>
<pin id="2820" dir="0" index="0" bw="8" slack="1"/>
<pin id="2821" dir="1" index="1" bw="8" slack="1"/>
</pin_list>
<bind>
<opset="val_65 "/>
</bind>
</comp>

<comp id="2824" class="1005" name="zext_ln67_10_reg_2824">
<pin_list>
<pin id="2825" dir="0" index="0" bw="16" slack="1"/>
<pin id="2826" dir="1" index="1" bw="16" slack="1"/>
</pin_list>
<bind>
<opset="zext_ln67_10 "/>
</bind>
</comp>

<comp id="2829" class="1005" name="val_70_reg_2829">
<pin_list>
<pin id="2830" dir="0" index="0" bw="8" slack="1"/>
<pin id="2831" dir="1" index="1" bw="8" slack="1"/>
</pin_list>
<bind>
<opset="val_70 "/>
</bind>
</comp>

<comp id="2834" class="1005" name="zext_ln67_14_reg_2834">
<pin_list>
<pin id="2835" dir="0" index="0" bw="16" slack="1"/>
<pin id="2836" dir="1" index="1" bw="16" slack="1"/>
</pin_list>
<bind>
<opset="zext_ln67_14 "/>
</bind>
</comp>

<comp id="2839" class="1005" name="zext_ln67_16_reg_2839">
<pin_list>
<pin id="2840" dir="0" index="0" bw="16" slack="1"/>
<pin id="2841" dir="1" index="1" bw="16" slack="1"/>
</pin_list>
<bind>
<opset="zext_ln67_16 "/>
</bind>
</comp>

<comp id="2844" class="1005" name="zext_ln67_reg_2844">
<pin_list>
<pin id="2845" dir="0" index="0" bw="16" slack="1"/>
<pin id="2846" dir="1" index="1" bw="16" slack="1"/>
</pin_list>
<bind>
<opset="zext_ln67 "/>
</bind>
</comp>

<comp id="2849" class="1005" name="zext_ln67_3_reg_2849">
<pin_list>
<pin id="2850" dir="0" index="0" bw="16" slack="1"/>
<pin id="2851" dir="1" index="1" bw="16" slack="1"/>
</pin_list>
<bind>
<opset="zext_ln67_3 "/>
</bind>
</comp>

<comp id="2854" class="1005" name="sext_ln71_2_reg_2854">
<pin_list>
<pin id="2855" dir="0" index="0" bw="17" slack="1"/>
<pin id="2856" dir="1" index="1" bw="17" slack="1"/>
</pin_list>
<bind>
<opset="sext_ln71_2 "/>
</bind>
</comp>

<comp id="2859" class="1005" name="sext_ln71_3_reg_2859">
<pin_list>
<pin id="2860" dir="0" index="0" bw="17" slack="1"/>
<pin id="2861" dir="1" index="1" bw="17" slack="1"/>
</pin_list>
<bind>
<opset="sext_ln71_3 "/>
</bind>
</comp>

<comp id="2864" class="1005" name="sext_ln71_6_reg_2864">
<pin_list>
<pin id="2865" dir="0" index="0" bw="17" slack="1"/>
<pin id="2866" dir="1" index="1" bw="17" slack="1"/>
</pin_list>
<bind>
<opset="sext_ln71_6 "/>
</bind>
</comp>

<comp id="2869" class="1005" name="sext_ln71_13_reg_2869">
<pin_list>
<pin id="2870" dir="0" index="0" bw="17" slack="1"/>
<pin id="2871" dir="1" index="1" bw="17" slack="1"/>
</pin_list>
<bind>
<opset="sext_ln71_13 "/>
</bind>
</comp>

<comp id="2874" class="1005" name="sext_ln71_16_reg_2874">
<pin_list>
<pin id="2875" dir="0" index="0" bw="17" slack="1"/>
<pin id="2876" dir="1" index="1" bw="17" slack="1"/>
</pin_list>
<bind>
<opset="sext_ln71_16 "/>
</bind>
</comp>

<comp id="2879" class="1005" name="sext_ln71_20_reg_2879">
<pin_list>
<pin id="2880" dir="0" index="0" bw="17" slack="1"/>
<pin id="2881" dir="1" index="1" bw="17" slack="1"/>
</pin_list>
<bind>
<opset="sext_ln71_20 "/>
</bind>
</comp>

<comp id="2884" class="1005" name="sext_ln71_24_reg_2884">
<pin_list>
<pin id="2885" dir="0" index="0" bw="17" slack="1"/>
<pin id="2886" dir="1" index="1" bw="17" slack="1"/>
</pin_list>
<bind>
<opset="sext_ln71_24 "/>
</bind>
</comp>

<comp id="2889" class="1005" name="sext_ln71_10_reg_2889">
<pin_list>
<pin id="2890" dir="0" index="0" bw="17" slack="1"/>
<pin id="2891" dir="1" index="1" bw="17" slack="1"/>
</pin_list>
<bind>
<opset="sext_ln71_10 "/>
</bind>
</comp>

<comp id="2894" class="1005" name="sext_ln71_14_reg_2894">
<pin_list>
<pin id="2895" dir="0" index="0" bw="17" slack="1"/>
<pin id="2896" dir="1" index="1" bw="17" slack="1"/>
</pin_list>
<bind>
<opset="sext_ln71_14 "/>
</bind>
</comp>

<comp id="2899" class="1005" name="sext_ln71_25_reg_2899">
<pin_list>
<pin id="2900" dir="0" index="0" bw="18" slack="1"/>
<pin id="2901" dir="1" index="1" bw="18" slack="1"/>
</pin_list>
<bind>
<opset="sext_ln71_25 "/>
</bind>
</comp>

<comp id="2904" class="1005" name="sext_ln71_27_reg_2904">
<pin_list>
<pin id="2905" dir="0" index="0" bw="18" slack="1"/>
<pin id="2906" dir="1" index="1" bw="18" slack="1"/>
</pin_list>
<bind>
<opset="sext_ln71_27 "/>
</bind>
</comp>

<comp id="2909" class="1005" name="sext_ln71_30_reg_2909">
<pin_list>
<pin id="2910" dir="0" index="0" bw="18" slack="1"/>
<pin id="2911" dir="1" index="1" bw="18" slack="1"/>
</pin_list>
<bind>
<opset="sext_ln71_30 "/>
</bind>
</comp>

<comp id="2914" class="1005" name="sext_ln71_32_reg_2914">
<pin_list>
<pin id="2915" dir="0" index="0" bw="18" slack="1"/>
<pin id="2916" dir="1" index="1" bw="18" slack="1"/>
</pin_list>
<bind>
<opset="sext_ln71_32 "/>
</bind>
</comp>

<comp id="2919" class="1005" name="sext_ln71_41_reg_2919">
<pin_list>
<pin id="2920" dir="0" index="0" bw="18" slack="1"/>
<pin id="2921" dir="1" index="1" bw="18" slack="1"/>
</pin_list>
<bind>
<opset="sext_ln71_41 "/>
</bind>
</comp>

<comp id="2924" class="1005" name="add_ln71_20_reg_2924">
<pin_list>
<pin id="2925" dir="0" index="0" bw="18" slack="1"/>
<pin id="2926" dir="1" index="1" bw="18" slack="1"/>
</pin_list>
<bind>
<opset="add_ln71_20 "/>
</bind>
</comp>

<comp id="2929" class="1005" name="add_ln71_10_reg_2929">
<pin_list>
<pin id="2930" dir="0" index="0" bw="20" slack="1"/>
<pin id="2931" dir="1" index="1" bw="20" slack="1"/>
</pin_list>
<bind>
<opset="add_ln71_10 "/>
</bind>
</comp>

<comp id="2934" class="1005" name="sext_ln71_36_reg_2934">
<pin_list>
<pin id="2935" dir="0" index="0" bw="18" slack="1"/>
<pin id="2936" dir="1" index="1" bw="18" slack="1"/>
</pin_list>
<bind>
<opset="sext_ln71_36 "/>
</bind>
</comp>

<comp id="2939" class="1005" name="sext_ln71_38_reg_2939">
<pin_list>
<pin id="2940" dir="0" index="0" bw="18" slack="1"/>
<pin id="2941" dir="1" index="1" bw="18" slack="1"/>
</pin_list>
<bind>
<opset="sext_ln71_38 "/>
</bind>
</comp>

<comp id="2944" class="1005" name="add_ln71_21_reg_2944">
<pin_list>
<pin id="2945" dir="0" index="0" bw="19" slack="1"/>
<pin id="2946" dir="1" index="1" bw="19" slack="1"/>
</pin_list>
<bind>
<opset="add_ln71_21 "/>
</bind>
</comp>

<comp id="2949" class="1005" name="mul_ln76_reg_2949">
<pin_list>
<pin id="2950" dir="0" index="0" bw="52" slack="1"/>
<pin id="2951" dir="1" index="1" bw="52" slack="1"/>
</pin_list>
<bind>
<opset="mul_ln76 "/>
</bind>
</comp>

</comp_list>

<net_list>
<net id="193"><net_src comp="86" pin="0"/><net_sink comp="190" pin=0"/></net>

<net id="197"><net_src comp="86" pin="0"/><net_sink comp="194" pin=0"/></net>

<net id="201"><net_src comp="86" pin="0"/><net_sink comp="198" pin=0"/></net>

<net id="205"><net_src comp="86" pin="0"/><net_sink comp="202" pin=0"/></net>

<net id="209"><net_src comp="86" pin="0"/><net_sink comp="206" pin=0"/></net>

<net id="213"><net_src comp="86" pin="0"/><net_sink comp="210" pin=0"/></net>

<net id="217"><net_src comp="86" pin="0"/><net_sink comp="214" pin=0"/></net>

<net id="221"><net_src comp="86" pin="0"/><net_sink comp="218" pin=0"/></net>

<net id="225"><net_src comp="86" pin="0"/><net_sink comp="222" pin=0"/></net>

<net id="229"><net_src comp="86" pin="0"/><net_sink comp="226" pin=0"/></net>

<net id="233"><net_src comp="86" pin="0"/><net_sink comp="230" pin=0"/></net>

<net id="237"><net_src comp="86" pin="0"/><net_sink comp="234" pin=0"/></net>

<net id="241"><net_src comp="86" pin="0"/><net_sink comp="238" pin=0"/></net>

<net id="245"><net_src comp="86" pin="0"/><net_sink comp="242" pin=0"/></net>

<net id="249"><net_src comp="86" pin="0"/><net_sink comp="246" pin=0"/></net>

<net id="253"><net_src comp="86" pin="0"/><net_sink comp="250" pin=0"/></net>

<net id="257"><net_src comp="86" pin="0"/><net_sink comp="254" pin=0"/></net>

<net id="261"><net_src comp="86" pin="0"/><net_sink comp="258" pin=0"/></net>

<net id="265"><net_src comp="86" pin="0"/><net_sink comp="262" pin=0"/></net>

<net id="269"><net_src comp="86" pin="0"/><net_sink comp="266" pin=0"/></net>

<net id="273"><net_src comp="86" pin="0"/><net_sink comp="270" pin=0"/></net>

<net id="277"><net_src comp="86" pin="0"/><net_sink comp="274" pin=0"/></net>

<net id="281"><net_src comp="86" pin="0"/><net_sink comp="278" pin=0"/></net>

<net id="285"><net_src comp="86" pin="0"/><net_sink comp="282" pin=0"/></net>

<net id="289"><net_src comp="118" pin="0"/><net_sink comp="286" pin=0"/></net>

<net id="293"><net_src comp="118" pin="0"/><net_sink comp="290" pin=0"/></net>

<net id="297"><net_src comp="118" pin="0"/><net_sink comp="294" pin=0"/></net>

<net id="301"><net_src comp="118" pin="0"/><net_sink comp="298" pin=0"/></net>

<net id="306"><net_src comp="88" pin="0"/><net_sink comp="302" pin=0"/></net>

<net id="307"><net_src comp="82" pin="0"/><net_sink comp="302" pin=1"/></net>

<net id="312"><net_src comp="90" pin="0"/><net_sink comp="308" pin=0"/></net>

<net id="313"><net_src comp="80" pin="0"/><net_sink comp="308" pin=1"/></net>

<net id="318"><net_src comp="92" pin="0"/><net_sink comp="314" pin=0"/></net>

<net id="319"><net_src comp="78" pin="0"/><net_sink comp="314" pin=1"/></net>

<net id="324"><net_src comp="94" pin="0"/><net_sink comp="320" pin=0"/></net>

<net id="325"><net_src comp="76" pin="0"/><net_sink comp="320" pin=1"/></net>

<net id="330"><net_src comp="92" pin="0"/><net_sink comp="326" pin=0"/></net>

<net id="331"><net_src comp="74" pin="0"/><net_sink comp="326" pin=1"/></net>

<net id="336"><net_src comp="96" pin="0"/><net_sink comp="332" pin=0"/></net>

<net id="337"><net_src comp="72" pin="0"/><net_sink comp="332" pin=1"/></net>

<net id="342"><net_src comp="96" pin="0"/><net_sink comp="338" pin=0"/></net>

<net id="343"><net_src comp="70" pin="0"/><net_sink comp="338" pin=1"/></net>

<net id="348"><net_src comp="96" pin="0"/><net_sink comp="344" pin=0"/></net>

<net id="349"><net_src comp="68" pin="0"/><net_sink comp="344" pin=1"/></net>

<net id="354"><net_src comp="96" pin="0"/><net_sink comp="350" pin=0"/></net>

<net id="355"><net_src comp="66" pin="0"/><net_sink comp="350" pin=1"/></net>

<net id="360"><net_src comp="96" pin="0"/><net_sink comp="356" pin=0"/></net>

<net id="361"><net_src comp="64" pin="0"/><net_sink comp="356" pin=1"/></net>

<net id="366"><net_src comp="96" pin="0"/><net_sink comp="362" pin=0"/></net>

<net id="367"><net_src comp="62" pin="0"/><net_sink comp="362" pin=1"/></net>

<net id="372"><net_src comp="96" pin="0"/><net_sink comp="368" pin=0"/></net>

<net id="373"><net_src comp="60" pin="0"/><net_sink comp="368" pin=1"/></net>

<net id="378"><net_src comp="96" pin="0"/><net_sink comp="374" pin=0"/></net>

<net id="379"><net_src comp="58" pin="0"/><net_sink comp="374" pin=1"/></net>

<net id="384"><net_src comp="96" pin="0"/><net_sink comp="380" pin=0"/></net>

<net id="385"><net_src comp="56" pin="0"/><net_sink comp="380" pin=1"/></net>

<net id="390"><net_src comp="96" pin="0"/><net_sink comp="386" pin=0"/></net>

<net id="391"><net_src comp="54" pin="0"/><net_sink comp="386" pin=1"/></net>

<net id="396"><net_src comp="96" pin="0"/><net_sink comp="392" pin=0"/></net>

<net id="397"><net_src comp="52" pin="0"/><net_sink comp="392" pin=1"/></net>

<net id="402"><net_src comp="96" pin="0"/><net_sink comp="398" pin=0"/></net>

<net id="403"><net_src comp="50" pin="0"/><net_sink comp="398" pin=1"/></net>

<net id="408"><net_src comp="96" pin="0"/><net_sink comp="404" pin=0"/></net>

<net id="409"><net_src comp="48" pin="0"/><net_sink comp="404" pin=1"/></net>

<net id="414"><net_src comp="96" pin="0"/><net_sink comp="410" pin=0"/></net>

<net id="415"><net_src comp="46" pin="0"/><net_sink comp="410" pin=1"/></net>

<net id="420"><net_src comp="96" pin="0"/><net_sink comp="416" pin=0"/></net>

<net id="421"><net_src comp="44" pin="0"/><net_sink comp="416" pin=1"/></net>

<net id="426"><net_src comp="96" pin="0"/><net_sink comp="422" pin=0"/></net>

<net id="427"><net_src comp="42" pin="0"/><net_sink comp="422" pin=1"/></net>

<net id="432"><net_src comp="96" pin="0"/><net_sink comp="428" pin=0"/></net>

<net id="433"><net_src comp="40" pin="0"/><net_sink comp="428" pin=1"/></net>

<net id="438"><net_src comp="96" pin="0"/><net_sink comp="434" pin=0"/></net>

<net id="439"><net_src comp="38" pin="0"/><net_sink comp="434" pin=1"/></net>

<net id="444"><net_src comp="96" pin="0"/><net_sink comp="440" pin=0"/></net>

<net id="445"><net_src comp="36" pin="0"/><net_sink comp="440" pin=1"/></net>

<net id="450"><net_src comp="96" pin="0"/><net_sink comp="446" pin=0"/></net>

<net id="451"><net_src comp="34" pin="0"/><net_sink comp="446" pin=1"/></net>

<net id="456"><net_src comp="96" pin="0"/><net_sink comp="452" pin=0"/></net>

<net id="457"><net_src comp="32" pin="0"/><net_sink comp="452" pin=1"/></net>

<net id="462"><net_src comp="96" pin="0"/><net_sink comp="458" pin=0"/></net>

<net id="463"><net_src comp="30" pin="0"/><net_sink comp="458" pin=1"/></net>

<net id="468"><net_src comp="96" pin="0"/><net_sink comp="464" pin=0"/></net>

<net id="469"><net_src comp="28" pin="0"/><net_sink comp="464" pin=1"/></net>

<net id="474"><net_src comp="96" pin="0"/><net_sink comp="470" pin=0"/></net>

<net id="475"><net_src comp="26" pin="0"/><net_sink comp="470" pin=1"/></net>

<net id="480"><net_src comp="96" pin="0"/><net_sink comp="476" pin=0"/></net>

<net id="481"><net_src comp="24" pin="0"/><net_sink comp="476" pin=1"/></net>

<net id="486"><net_src comp="98" pin="0"/><net_sink comp="482" pin=0"/></net>

<net id="487"><net_src comp="22" pin="0"/><net_sink comp="482" pin=1"/></net>

<net id="492"><net_src comp="98" pin="0"/><net_sink comp="488" pin=0"/></net>

<net id="493"><net_src comp="20" pin="0"/><net_sink comp="488" pin=1"/></net>

<net id="498"><net_src comp="98" pin="0"/><net_sink comp="494" pin=0"/></net>

<net id="499"><net_src comp="18" pin="0"/><net_sink comp="494" pin=1"/></net>

<net id="504"><net_src comp="88" pin="0"/><net_sink comp="500" pin=0"/></net>

<net id="505"><net_src comp="16" pin="0"/><net_sink comp="500" pin=1"/></net>

<net id="510"><net_src comp="88" pin="0"/><net_sink comp="506" pin=0"/></net>

<net id="511"><net_src comp="14" pin="0"/><net_sink comp="506" pin=1"/></net>

<net id="516"><net_src comp="88" pin="0"/><net_sink comp="512" pin=0"/></net>

<net id="517"><net_src comp="12" pin="0"/><net_sink comp="512" pin=1"/></net>

<net id="522"><net_src comp="98" pin="0"/><net_sink comp="518" pin=0"/></net>

<net id="523"><net_src comp="8" pin="0"/><net_sink comp="518" pin=1"/></net>

<net id="528"><net_src comp="88" pin="0"/><net_sink comp="524" pin=0"/></net>

<net id="529"><net_src comp="6" pin="0"/><net_sink comp="524" pin=1"/></net>

<net id="534"><net_src comp="100" pin="0"/><net_sink comp="530" pin=0"/></net>

<net id="535"><net_src comp="4" pin="0"/><net_sink comp="530" pin=1"/></net>

<net id="540"><net_src comp="102" pin="0"/><net_sink comp="536" pin=0"/></net>

<net id="541"><net_src comp="2" pin="0"/><net_sink comp="536" pin=1"/></net>

<net id="546"><net_src comp="104" pin="0"/><net_sink comp="542" pin=0"/></net>

<net id="547"><net_src comp="0" pin="0"/><net_sink comp="542" pin=1"/></net>

<net id="552"><net_src comp="126" pin="0"/><net_sink comp="548" pin=0"/></net>

<net id="553"><net_src comp="10" pin="0"/><net_sink comp="548" pin=1"/></net>

<net id="559"><net_src comp="188" pin="0"/><net_sink comp="554" pin=0"/></net>

<net id="560"><net_src comp="84" pin="0"/><net_sink comp="554" pin=1"/></net>

<net id="566"><net_src comp="130" pin="0"/><net_sink comp="561" pin=1"/></net>

<net id="572"><net_src comp="130" pin="0"/><net_sink comp="567" pin=1"/></net>

<net id="578"><net_src comp="130" pin="0"/><net_sink comp="573" pin=1"/></net>

<net id="584"><net_src comp="130" pin="0"/><net_sink comp="579" pin=1"/></net>

<net id="590"><net_src comp="579" pin="3"/><net_sink comp="585" pin=0"/></net>

<net id="596"><net_src comp="585" pin="3"/><net_sink comp="591" pin=1"/></net>

<net id="602"><net_src comp="591" pin="3"/><net_sink comp="597" pin=1"/></net>

<net id="608"><net_src comp="597" pin="3"/><net_sink comp="603" pin=1"/></net>

<net id="612"><net_src comp="128" pin="0"/><net_sink comp="609" pin=0"/></net>

<net id="619"><net_src comp="609" pin="1"/><net_sink comp="613" pin=2"/></net>

<net id="620"><net_src comp="613" pin="4"/><net_sink comp="585" pin=1"/></net>

<net id="621"><net_src comp="613" pin="4"/><net_sink comp="609" pin=0"/></net>

<net id="638"><net_src comp="320" pin="2"/><net_sink comp="635" pin=0"/></net>

<net id="642"><net_src comp="326" pin="2"/><net_sink comp="639" pin=0"/></net>

<net id="646"><net_src comp="332" pin="2"/><net_sink comp="643" pin=0"/></net>

<net id="650"><net_src comp="338" pin="2"/><net_sink comp="647" pin=0"/></net>

<net id="654"><net_src comp="344" pin="2"/><net_sink comp="651" pin=0"/></net>

<net id="658"><net_src comp="350" pin="2"/><net_sink comp="655" pin=0"/></net>

<net id="662"><net_src comp="356" pin="2"/><net_sink comp="659" pin=0"/></net>

<net id="666"><net_src comp="362" pin="2"/><net_sink comp="663" pin=0"/></net>

<net id="670"><net_src comp="368" pin="2"/><net_sink comp="667" pin=0"/></net>

<net id="674"><net_src comp="374" pin="2"/><net_sink comp="671" pin=0"/></net>

<net id="678"><net_src comp="380" pin="2"/><net_sink comp="675" pin=0"/></net>

<net id="682"><net_src comp="386" pin="2"/><net_sink comp="679" pin=0"/></net>

<net id="686"><net_src comp="392" pin="2"/><net_sink comp="683" pin=0"/></net>

<net id="690"><net_src comp="398" pin="2"/><net_sink comp="687" pin=0"/></net>

<net id="694"><net_src comp="404" pin="2"/><net_sink comp="691" pin=0"/></net>

<net id="698"><net_src comp="410" pin="2"/><net_sink comp="695" pin=0"/></net>

<net id="702"><net_src comp="416" pin="2"/><net_sink comp="699" pin=0"/></net>

<net id="706"><net_src comp="422" pin="2"/><net_sink comp="703" pin=0"/></net>

<net id="710"><net_src comp="428" pin="2"/><net_sink comp="707" pin=0"/></net>

<net id="714"><net_src comp="434" pin="2"/><net_sink comp="711" pin=0"/></net>

<net id="718"><net_src comp="440" pin="2"/><net_sink comp="715" pin=0"/></net>

<net id="722"><net_src comp="446" pin="2"/><net_sink comp="719" pin=0"/></net>

<net id="726"><net_src comp="452" pin="2"/><net_sink comp="723" pin=0"/></net>

<net id="730"><net_src comp="458" pin="2"/><net_sink comp="727" pin=0"/></net>

<net id="734"><net_src comp="464" pin="2"/><net_sink comp="731" pin=0"/></net>

<net id="738"><net_src comp="470" pin="2"/><net_sink comp="735" pin=0"/></net>

<net id="742"><net_src comp="476" pin="2"/><net_sink comp="739" pin=0"/></net>

<net id="746"><net_src comp="488" pin="2"/><net_sink comp="743" pin=0"/></net>

<net id="750"><net_src comp="494" pin="2"/><net_sink comp="747" pin=0"/></net>

<net id="754"><net_src comp="542" pin="2"/><net_sink comp="751" pin=0"/></net>

<net id="758"><net_src comp="536" pin="2"/><net_sink comp="755" pin=0"/></net>

<net id="763"><net_src comp="120" pin="0"/><net_sink comp="759" pin=0"/></net>

<net id="768"><net_src comp="120" pin="0"/><net_sink comp="764" pin=0"/></net>

<net id="773"><net_src comp="122" pin="0"/><net_sink comp="769" pin=0"/></net>

<net id="778"><net_src comp="120" pin="0"/><net_sink comp="774" pin=0"/></net>

<net id="786"><net_src comp="779" pin="1"/><net_sink comp="782" pin=0"/></net>

<net id="787"><net_src comp="751" pin="1"/><net_sink comp="782" pin=1"/></net>

<net id="792"><net_src comp="779" pin="1"/><net_sink comp="788" pin=0"/></net>

<net id="793"><net_src comp="124" pin="0"/><net_sink comp="788" pin=1"/></net>

<net id="798"><net_src comp="779" pin="1"/><net_sink comp="794" pin=0"/></net>

<net id="799"><net_src comp="755" pin="1"/><net_sink comp="794" pin=1"/></net>

<net id="804"><net_src comp="788" pin="2"/><net_sink comp="800" pin=0"/></net>

<net id="805"><net_src comp="530" pin="2"/><net_sink comp="800" pin=1"/></net>

<net id="810"><net_src comp="788" pin="2"/><net_sink comp="806" pin=0"/></net>

<net id="817"><net_src comp="548" pin="2"/><net_sink comp="814" pin=0"/></net>

<net id="818"><net_src comp="814" pin="1"/><net_sink comp="613" pin=0"/></net>

<net id="822"><net_src comp="811" pin="1"/><net_sink comp="819" pin=0"/></net>

<net id="823"><net_src comp="819" pin="1"/><net_sink comp="561" pin=2"/></net>

<net id="824"><net_src comp="819" pin="1"/><net_sink comp="567" pin=2"/></net>

<net id="825"><net_src comp="819" pin="1"/><net_sink comp="573" pin=2"/></net>

<net id="826"><net_src comp="819" pin="1"/><net_sink comp="579" pin=2"/></net>

<net id="831"><net_src comp="811" pin="1"/><net_sink comp="827" pin=0"/></net>

<net id="835"><net_src comp="811" pin="1"/><net_sink comp="832" pin=0"/></net>

<net id="840"><net_src comp="832" pin="1"/><net_sink comp="836" pin=1"/></net>

<net id="845"><net_src comp="811" pin="1"/><net_sink comp="841" pin=0"/></net>

<net id="846"><net_src comp="132" pin="0"/><net_sink comp="841" pin=1"/></net>

<net id="852"><net_src comp="836" pin="2"/><net_sink comp="847" pin=0"/></net>

<net id="853"><net_src comp="120" pin="0"/><net_sink comp="847" pin=1"/></net>

<net id="854"><net_src comp="841" pin="2"/><net_sink comp="847" pin=2"/></net>

<net id="859"><net_src comp="847" pin="3"/><net_sink comp="855" pin=0"/></net>

<net id="869"><net_src comp="863" pin="1"/><net_sink comp="866" pin=0"/></net>

<net id="873"><net_src comp="860" pin="1"/><net_sink comp="870" pin=0"/></net>

<net id="878"><net_src comp="870" pin="1"/><net_sink comp="874" pin=0"/></net>

<net id="879"><net_src comp="134" pin="0"/><net_sink comp="874" pin=1"/></net>

<net id="885"><net_src comp="136" pin="0"/><net_sink comp="880" pin=0"/></net>

<net id="886"><net_src comp="874" pin="2"/><net_sink comp="880" pin=1"/></net>

<net id="887"><net_src comp="138" pin="0"/><net_sink comp="880" pin=2"/></net>

<net id="892"><net_src comp="874" pin="2"/><net_sink comp="888" pin=0"/></net>

<net id="897"><net_src comp="888" pin="2"/><net_sink comp="893" pin=0"/></net>

<net id="898"><net_src comp="140" pin="0"/><net_sink comp="893" pin=1"/></net>

<net id="903"><net_src comp="880" pin="3"/><net_sink comp="899" pin=0"/></net>

<net id="904"><net_src comp="893" pin="2"/><net_sink comp="899" pin=1"/></net>

<net id="909"><net_src comp="863" pin="1"/><net_sink comp="905" pin=0"/></net>

<net id="914"><net_src comp="905" pin="2"/><net_sink comp="910" pin=0"/></net>

<net id="915"><net_src comp="140" pin="0"/><net_sink comp="910" pin=1"/></net>

<net id="920"><net_src comp="870" pin="1"/><net_sink comp="916" pin=0"/></net>

<net id="921"><net_src comp="142" pin="0"/><net_sink comp="916" pin=1"/></net>

<net id="927"><net_src comp="136" pin="0"/><net_sink comp="922" pin=0"/></net>

<net id="928"><net_src comp="916" pin="2"/><net_sink comp="922" pin=1"/></net>

<net id="929"><net_src comp="138" pin="0"/><net_sink comp="922" pin=2"/></net>

<net id="934"><net_src comp="916" pin="2"/><net_sink comp="930" pin=0"/></net>

<net id="939"><net_src comp="930" pin="2"/><net_sink comp="935" pin=0"/></net>

<net id="940"><net_src comp="140" pin="0"/><net_sink comp="935" pin=1"/></net>

<net id="945"><net_src comp="922" pin="3"/><net_sink comp="941" pin=0"/></net>

<net id="946"><net_src comp="935" pin="2"/><net_sink comp="941" pin=1"/></net>

<net id="951"><net_src comp="860" pin="1"/><net_sink comp="947" pin=0"/></net>

<net id="956"><net_src comp="870" pin="1"/><net_sink comp="952" pin=0"/></net>

<net id="957"><net_src comp="144" pin="0"/><net_sink comp="952" pin=1"/></net>

<net id="962"><net_src comp="952" pin="2"/><net_sink comp="958" pin=0"/></net>

<net id="967"><net_src comp="958" pin="2"/><net_sink comp="963" pin=0"/></net>

<net id="968"><net_src comp="140" pin="0"/><net_sink comp="963" pin=1"/></net>

<net id="973"><net_src comp="870" pin="1"/><net_sink comp="969" pin=0"/></net>

<net id="974"><net_src comp="146" pin="0"/><net_sink comp="969" pin=1"/></net>

<net id="979"><net_src comp="969" pin="2"/><net_sink comp="975" pin=0"/></net>

<net id="984"><net_src comp="975" pin="2"/><net_sink comp="980" pin=0"/></net>

<net id="985"><net_src comp="140" pin="0"/><net_sink comp="980" pin=1"/></net>

<net id="992"><net_src comp="148" pin="0"/><net_sink comp="986" pin=0"/></net>

<net id="993"><net_src comp="863" pin="1"/><net_sink comp="986" pin=1"/></net>

<net id="994"><net_src comp="86" pin="0"/><net_sink comp="986" pin=2"/></net>

<net id="995"><net_src comp="150" pin="0"/><net_sink comp="986" pin=3"/></net>

<net id="1000"><net_src comp="986" pin="4"/><net_sink comp="996" pin=0"/></net>

<net id="1001"><net_src comp="152" pin="0"/><net_sink comp="996" pin=1"/></net>

<net id="1006"><net_src comp="866" pin="1"/><net_sink comp="1002" pin=1"/></net>

<net id="1013"><net_src comp="148" pin="0"/><net_sink comp="1007" pin=0"/></net>

<net id="1014"><net_src comp="860" pin="1"/><net_sink comp="1007" pin=1"/></net>

<net id="1015"><net_src comp="86" pin="0"/><net_sink comp="1007" pin=2"/></net>

<net id="1016"><net_src comp="150" pin="0"/><net_sink comp="1007" pin=3"/></net>

<net id="1021"><net_src comp="1007" pin="4"/><net_sink comp="1017" pin=0"/></net>

<net id="1022"><net_src comp="152" pin="0"/><net_sink comp="1017" pin=1"/></net>

<net id="1027"><net_src comp="870" pin="1"/><net_sink comp="1023" pin=1"/></net>

<net id="1032"><net_src comp="1017" pin="2"/><net_sink comp="1028" pin=0"/></net>

<net id="1033"><net_src comp="1023" pin="2"/><net_sink comp="1028" pin=1"/></net>

<net id="1038"><net_src comp="1028" pin="2"/><net_sink comp="1034" pin=0"/></net>

<net id="1039"><net_src comp="1002" pin="2"/><net_sink comp="1034" pin=1"/></net>

<net id="1044"><net_src comp="863" pin="1"/><net_sink comp="1040" pin=0"/></net>

<net id="1045"><net_src comp="860" pin="1"/><net_sink comp="1040" pin=1"/></net>

<net id="1050"><net_src comp="1040" pin="2"/><net_sink comp="1046" pin=0"/></net>

<net id="1051"><net_src comp="120" pin="0"/><net_sink comp="1046" pin=1"/></net>

<net id="1056"><net_src comp="866" pin="1"/><net_sink comp="1052" pin=1"/></net>

<net id="1061"><net_src comp="863" pin="1"/><net_sink comp="1057" pin=0"/></net>

<net id="1062"><net_src comp="132" pin="0"/><net_sink comp="1057" pin=1"/></net>

<net id="1067"><net_src comp="1057" pin="2"/><net_sink comp="1063" pin=0"/></net>

<net id="1072"><net_src comp="870" pin="1"/><net_sink comp="1068" pin=1"/></net>

<net id="1077"><net_src comp="860" pin="1"/><net_sink comp="1073" pin=0"/></net>

<net id="1078"><net_src comp="132" pin="0"/><net_sink comp="1073" pin=1"/></net>

<net id="1084"><net_src comp="1068" pin="2"/><net_sink comp="1079" pin=0"/></net>

<net id="1085"><net_src comp="120" pin="0"/><net_sink comp="1079" pin=1"/></net>

<net id="1086"><net_src comp="1073" pin="2"/><net_sink comp="1079" pin=2"/></net>

<net id="1091"><net_src comp="120" pin="0"/><net_sink comp="1087" pin=0"/></net>

<net id="1096"><net_src comp="1079" pin="3"/><net_sink comp="1092" pin=0"/></net>

<net id="1137"><net_src comp="134" pin="0"/><net_sink comp="1133" pin=1"/></net>

<net id="1143"><net_src comp="136" pin="0"/><net_sink comp="1138" pin=0"/></net>

<net id="1144"><net_src comp="1133" pin="2"/><net_sink comp="1138" pin=1"/></net>

<net id="1145"><net_src comp="138" pin="0"/><net_sink comp="1138" pin=2"/></net>

<net id="1150"><net_src comp="1133" pin="2"/><net_sink comp="1146" pin=0"/></net>

<net id="1155"><net_src comp="1146" pin="2"/><net_sink comp="1151" pin=0"/></net>

<net id="1156"><net_src comp="140" pin="0"/><net_sink comp="1151" pin=1"/></net>

<net id="1161"><net_src comp="1151" pin="2"/><net_sink comp="1157" pin=0"/></net>

<net id="1162"><net_src comp="1138" pin="3"/><net_sink comp="1157" pin=1"/></net>

<net id="1167"><net_src comp="142" pin="0"/><net_sink comp="1163" pin=1"/></net>

<net id="1173"><net_src comp="136" pin="0"/><net_sink comp="1168" pin=0"/></net>

<net id="1174"><net_src comp="1163" pin="2"/><net_sink comp="1168" pin=1"/></net>

<net id="1175"><net_src comp="138" pin="0"/><net_sink comp="1168" pin=2"/></net>

<net id="1180"><net_src comp="1163" pin="2"/><net_sink comp="1176" pin=0"/></net>

<net id="1185"><net_src comp="1176" pin="2"/><net_sink comp="1181" pin=0"/></net>

<net id="1186"><net_src comp="140" pin="0"/><net_sink comp="1181" pin=1"/></net>

<net id="1191"><net_src comp="1181" pin="2"/><net_sink comp="1187" pin=0"/></net>

<net id="1192"><net_src comp="1168" pin="3"/><net_sink comp="1187" pin=1"/></net>

<net id="1197"><net_src comp="144" pin="0"/><net_sink comp="1193" pin=1"/></net>

<net id="1202"><net_src comp="1193" pin="2"/><net_sink comp="1198" pin=0"/></net>

<net id="1207"><net_src comp="1198" pin="2"/><net_sink comp="1203" pin=0"/></net>

<net id="1208"><net_src comp="140" pin="0"/><net_sink comp="1203" pin=1"/></net>

<net id="1213"><net_src comp="146" pin="0"/><net_sink comp="1209" pin=1"/></net>

<net id="1218"><net_src comp="1209" pin="2"/><net_sink comp="1214" pin=0"/></net>

<net id="1223"><net_src comp="1214" pin="2"/><net_sink comp="1219" pin=0"/></net>

<net id="1224"><net_src comp="140" pin="0"/><net_sink comp="1219" pin=1"/></net>

<net id="1229"><net_src comp="1219" pin="2"/><net_sink comp="1225" pin=1"/></net>

<net id="1235"><net_src comp="1225" pin="2"/><net_sink comp="1230" pin=0"/></net>

<net id="1236"><net_src comp="128" pin="0"/><net_sink comp="1230" pin=1"/></net>

<net id="1237"><net_src comp="597" pin="3"/><net_sink comp="1230" pin=2"/></net>

<net id="1241"><net_src comp="1230" pin="3"/><net_sink comp="1238" pin=0"/></net>

<net id="1246"><net_src comp="140" pin="0"/><net_sink comp="1242" pin=1"/></net>

<net id="1251"><net_src comp="1157" pin="2"/><net_sink comp="1247" pin=0"/></net>

<net id="1252"><net_src comp="1242" pin="2"/><net_sink comp="1247" pin=1"/></net>

<net id="1258"><net_src comp="1247" pin="2"/><net_sink comp="1253" pin=0"/></net>

<net id="1259"><net_src comp="128" pin="0"/><net_sink comp="1253" pin=1"/></net>

<net id="1260"><net_src comp="1130" pin="1"/><net_sink comp="1253" pin=2"/></net>

<net id="1264"><net_src comp="1253" pin="3"/><net_sink comp="1261" pin=0"/></net>

<net id="1269"><net_src comp="1187" pin="2"/><net_sink comp="1265" pin=0"/></net>

<net id="1270"><net_src comp="1242" pin="2"/><net_sink comp="1265" pin=1"/></net>

<net id="1276"><net_src comp="1265" pin="2"/><net_sink comp="1271" pin=0"/></net>

<net id="1277"><net_src comp="128" pin="0"/><net_sink comp="1271" pin=1"/></net>

<net id="1278"><net_src comp="1112" pin="1"/><net_sink comp="1271" pin=2"/></net>

<net id="1283"><net_src comp="1242" pin="2"/><net_sink comp="1279" pin=1"/></net>

<net id="1289"><net_src comp="1279" pin="2"/><net_sink comp="1284" pin=0"/></net>

<net id="1290"><net_src comp="128" pin="0"/><net_sink comp="1284" pin=1"/></net>

<net id="1291"><net_src comp="1127" pin="1"/><net_sink comp="1284" pin=2"/></net>

<net id="1296"><net_src comp="1203" pin="2"/><net_sink comp="1292" pin=0"/></net>

<net id="1297"><net_src comp="1242" pin="2"/><net_sink comp="1292" pin=1"/></net>

<net id="1303"><net_src comp="1292" pin="2"/><net_sink comp="1298" pin=0"/></net>

<net id="1304"><net_src comp="128" pin="0"/><net_sink comp="1298" pin=1"/></net>

<net id="1305"><net_src comp="1109" pin="1"/><net_sink comp="1298" pin=2"/></net>

<net id="1309"><net_src comp="1298" pin="3"/><net_sink comp="1306" pin=0"/></net>

<net id="1314"><net_src comp="1219" pin="2"/><net_sink comp="1310" pin=0"/></net>

<net id="1315"><net_src comp="1242" pin="2"/><net_sink comp="1310" pin=1"/></net>

<net id="1321"><net_src comp="1310" pin="2"/><net_sink comp="1316" pin=0"/></net>

<net id="1322"><net_src comp="128" pin="0"/><net_sink comp="1316" pin=1"/></net>

<net id="1332"><net_src comp="1323" pin="2"/><net_sink comp="1327" pin=0"/></net>

<net id="1333"><net_src comp="128" pin="0"/><net_sink comp="1327" pin=1"/></net>

<net id="1334"><net_src comp="1124" pin="1"/><net_sink comp="1327" pin=2"/></net>

<net id="1338"><net_src comp="1327" pin="3"/><net_sink comp="1335" pin=0"/></net>

<net id="1343"><net_src comp="1219" pin="2"/><net_sink comp="1339" pin=0"/></net>

<net id="1349"><net_src comp="1339" pin="2"/><net_sink comp="1344" pin=0"/></net>

<net id="1350"><net_src comp="128" pin="0"/><net_sink comp="1344" pin=1"/></net>

<net id="1354"><net_src comp="1344" pin="3"/><net_sink comp="1351" pin=0"/></net>

<net id="1359"><net_src comp="1157" pin="2"/><net_sink comp="1355" pin=0"/></net>

<net id="1365"><net_src comp="1355" pin="2"/><net_sink comp="1360" pin=0"/></net>

<net id="1366"><net_src comp="128" pin="0"/><net_sink comp="1360" pin=1"/></net>

<net id="1367"><net_src comp="1121" pin="1"/><net_sink comp="1360" pin=2"/></net>

<net id="1371"><net_src comp="1360" pin="3"/><net_sink comp="1368" pin=0"/></net>

<net id="1376"><net_src comp="1187" pin="2"/><net_sink comp="1372" pin=0"/></net>

<net id="1382"><net_src comp="1372" pin="2"/><net_sink comp="1377" pin=0"/></net>

<net id="1383"><net_src comp="128" pin="0"/><net_sink comp="1377" pin=1"/></net>

<net id="1384"><net_src comp="1100" pin="1"/><net_sink comp="1377" pin=2"/></net>

<net id="1394"><net_src comp="1385" pin="2"/><net_sink comp="1389" pin=0"/></net>

<net id="1395"><net_src comp="128" pin="0"/><net_sink comp="1389" pin=1"/></net>

<net id="1396"><net_src comp="1118" pin="1"/><net_sink comp="1389" pin=2"/></net>

<net id="1401"><net_src comp="1203" pin="2"/><net_sink comp="1397" pin=0"/></net>

<net id="1407"><net_src comp="1397" pin="2"/><net_sink comp="1402" pin=0"/></net>

<net id="1408"><net_src comp="128" pin="0"/><net_sink comp="1402" pin=1"/></net>

<net id="1409"><net_src comp="1097" pin="1"/><net_sink comp="1402" pin=2"/></net>

<net id="1414"><net_src comp="1219" pin="2"/><net_sink comp="1410" pin=0"/></net>

<net id="1420"><net_src comp="1410" pin="2"/><net_sink comp="1415" pin=0"/></net>

<net id="1421"><net_src comp="128" pin="0"/><net_sink comp="1415" pin=1"/></net>

<net id="1422"><net_src comp="609" pin="1"/><net_sink comp="1415" pin=2"/></net>

<net id="1426"><net_src comp="1415" pin="3"/><net_sink comp="1423" pin=0"/></net>

<net id="1431"><net_src comp="625" pin="4"/><net_sink comp="1427" pin=0"/></net>

<net id="1445"><net_src comp="597" pin="3"/><net_sink comp="1441" pin=0"/></net>

<net id="1450"><net_src comp="1438" pin="1"/><net_sink comp="1446" pin=0"/></net>

<net id="1459"><net_src comp="1435" pin="1"/><net_sink comp="1455" pin=0"/></net>

<net id="1468"><net_src comp="1432" pin="1"/><net_sink comp="1464" pin=0"/></net>

<net id="1473"><net_src comp="609" pin="1"/><net_sink comp="1469" pin=0"/></net>

<net id="1478"><net_src comp="1112" pin="1"/><net_sink comp="1474" pin=0"/></net>

<net id="1483"><net_src comp="1109" pin="1"/><net_sink comp="1479" pin=0"/></net>

<net id="1488"><net_src comp="1103" pin="1"/><net_sink comp="1484" pin=0"/></net>

<net id="1493"><net_src comp="1100" pin="1"/><net_sink comp="1489" pin=0"/></net>

<net id="1498"><net_src comp="1097" pin="1"/><net_sink comp="1494" pin=0"/></net>

<net id="1532"><net_src comp="1523" pin="2"/><net_sink comp="1527" pin=0"/></net>

<net id="1533"><net_src comp="128" pin="0"/><net_sink comp="1527" pin=1"/></net>

<net id="1534"><net_src comp="1520" pin="1"/><net_sink comp="1527" pin=2"/></net>

<net id="1544"><net_src comp="1535" pin="2"/><net_sink comp="1539" pin=0"/></net>

<net id="1545"><net_src comp="128" pin="0"/><net_sink comp="1539" pin=1"/></net>

<net id="1546"><net_src comp="1505" pin="1"/><net_sink comp="1539" pin=2"/></net>

<net id="1550"><net_src comp="1539" pin="3"/><net_sink comp="1547" pin=0"/></net>

<net id="1560"><net_src comp="1551" pin="2"/><net_sink comp="1555" pin=0"/></net>

<net id="1561"><net_src comp="128" pin="0"/><net_sink comp="1555" pin=1"/></net>

<net id="1562"><net_src comp="1517" pin="1"/><net_sink comp="1555" pin=2"/></net>

<net id="1566"><net_src comp="1555" pin="3"/><net_sink comp="1563" pin=0"/></net>

<net id="1576"><net_src comp="1567" pin="2"/><net_sink comp="1571" pin=0"/></net>

<net id="1577"><net_src comp="128" pin="0"/><net_sink comp="1571" pin=1"/></net>

<net id="1578"><net_src comp="1502" pin="1"/><net_sink comp="1571" pin=2"/></net>

<net id="1588"><net_src comp="1579" pin="2"/><net_sink comp="1583" pin=0"/></net>

<net id="1589"><net_src comp="128" pin="0"/><net_sink comp="1583" pin=1"/></net>

<net id="1590"><net_src comp="603" pin="3"/><net_sink comp="1583" pin=2"/></net>

<net id="1600"><net_src comp="1591" pin="2"/><net_sink comp="1595" pin=0"/></net>

<net id="1601"><net_src comp="128" pin="0"/><net_sink comp="1595" pin=1"/></net>

<net id="1602"><net_src comp="1514" pin="1"/><net_sink comp="1595" pin=2"/></net>

<net id="1612"><net_src comp="1603" pin="2"/><net_sink comp="1607" pin=0"/></net>

<net id="1613"><net_src comp="128" pin="0"/><net_sink comp="1607" pin=1"/></net>

<net id="1614"><net_src comp="1499" pin="1"/><net_sink comp="1607" pin=2"/></net>

<net id="1618"><net_src comp="1607" pin="3"/><net_sink comp="1615" pin=0"/></net>

<net id="1628"><net_src comp="1619" pin="2"/><net_sink comp="1623" pin=0"/></net>

<net id="1629"><net_src comp="128" pin="0"/><net_sink comp="1623" pin=1"/></net>

<net id="1630"><net_src comp="1511" pin="1"/><net_sink comp="1623" pin=2"/></net>

<net id="1640"><net_src comp="1631" pin="2"/><net_sink comp="1635" pin=0"/></net>

<net id="1641"><net_src comp="128" pin="0"/><net_sink comp="1635" pin=1"/></net>

<net id="1654"><net_src comp="1645" pin="2"/><net_sink comp="1649" pin=0"/></net>

<net id="1655"><net_src comp="128" pin="0"/><net_sink comp="1649" pin=1"/></net>

<net id="1656"><net_src comp="1508" pin="1"/><net_sink comp="1649" pin=2"/></net>

<net id="1666"><net_src comp="1657" pin="2"/><net_sink comp="1661" pin=0"/></net>

<net id="1667"><net_src comp="128" pin="0"/><net_sink comp="1661" pin=1"/></net>

<net id="1671"><net_src comp="1661" pin="3"/><net_sink comp="1668" pin=0"/></net>

<net id="1681"><net_src comp="1672" pin="2"/><net_sink comp="1676" pin=0"/></net>

<net id="1682"><net_src comp="128" pin="0"/><net_sink comp="1676" pin=1"/></net>

<net id="1699"><net_src comp="1692" pin="1"/><net_sink comp="1695" pin=0"/></net>

<net id="1704"><net_src comp="603" pin="3"/><net_sink comp="1700" pin=0"/></net>

<net id="1709"><net_src comp="1689" pin="1"/><net_sink comp="1705" pin=0"/></net>

<net id="1714"><net_src comp="1505" pin="1"/><net_sink comp="1710" pin=0"/></net>

<net id="1719"><net_src comp="1502" pin="1"/><net_sink comp="1715" pin=0"/></net>

<net id="1724"><net_src comp="1499" pin="1"/><net_sink comp="1720" pin=0"/></net>

<net id="1764"><net_src comp="1751" pin="1"/><net_sink comp="1760" pin=0"/></net>

<net id="1768"><net_src comp="1760" pin="2"/><net_sink comp="1765" pin=0"/></net>

<net id="1773"><net_src comp="1748" pin="1"/><net_sink comp="1769" pin=0"/></net>

<net id="1777"><net_src comp="1769" pin="2"/><net_sink comp="1774" pin=0"/></net>

<net id="1782"><net_src comp="1745" pin="1"/><net_sink comp="1778" pin=0"/></net>

<net id="1786"><net_src comp="1778" pin="2"/><net_sink comp="1783" pin=0"/></net>

<net id="1791"><net_src comp="1736" pin="1"/><net_sink comp="1787" pin=0"/></net>

<net id="1795"><net_src comp="1787" pin="2"/><net_sink comp="1792" pin=0"/></net>

<net id="1800"><net_src comp="1733" pin="1"/><net_sink comp="1796" pin=0"/></net>

<net id="1804"><net_src comp="1796" pin="2"/><net_sink comp="1801" pin=0"/></net>

<net id="1809"><net_src comp="1757" pin="1"/><net_sink comp="1805" pin=0"/></net>

<net id="1813"><net_src comp="1805" pin="2"/><net_sink comp="1810" pin=0"/></net>

<net id="1818"><net_src comp="1754" pin="1"/><net_sink comp="1814" pin=0"/></net>

<net id="1822"><net_src comp="1814" pin="2"/><net_sink comp="1819" pin=0"/></net>

<net id="1833"><net_src comp="1826" pin="1"/><net_sink comp="1829" pin=0"/></net>

<net id="1837"><net_src comp="1829" pin="2"/><net_sink comp="1834" pin=0"/></net>

<net id="1842"><net_src comp="1823" pin="1"/><net_sink comp="1838" pin=0"/></net>

<net id="1846"><net_src comp="1838" pin="2"/><net_sink comp="1843" pin=0"/></net>

<net id="1872"><net_src comp="1865" pin="1"/><net_sink comp="1868" pin=0"/></net>

<net id="1873"><net_src comp="1862" pin="1"/><net_sink comp="1868" pin=1"/></net>

<net id="1884"><net_src comp="1877" pin="1"/><net_sink comp="1880" pin=0"/></net>

<net id="1885"><net_src comp="1874" pin="1"/><net_sink comp="1880" pin=1"/></net>

<net id="1889"><net_src comp="1880" pin="2"/><net_sink comp="1886" pin=0"/></net>

<net id="1900"><net_src comp="1893" pin="1"/><net_sink comp="1896" pin=0"/></net>

<net id="1901"><net_src comp="1890" pin="1"/><net_sink comp="1896" pin=1"/></net>

<net id="1905"><net_src comp="1896" pin="2"/><net_sink comp="1902" pin=0"/></net>

<net id="1910"><net_src comp="1902" pin="1"/><net_sink comp="1906" pin=0"/></net>

<net id="1911"><net_src comp="1886" pin="1"/><net_sink comp="1906" pin=1"/></net>

<net id="1928"><net_src comp="1921" pin="1"/><net_sink comp="1924" pin=0"/></net>

<net id="1929"><net_src comp="1918" pin="1"/><net_sink comp="1924" pin=1"/></net>

<net id="1943"><net_src comp="1936" pin="1"/><net_sink comp="1939" pin=0"/></net>

<net id="1944"><net_src comp="1933" pin="1"/><net_sink comp="1939" pin=1"/></net>

<net id="1948"><net_src comp="1939" pin="2"/><net_sink comp="1945" pin=0"/></net>

<net id="1956"><net_src comp="1949" pin="1"/><net_sink comp="1952" pin=0"/></net>

<net id="1957"><net_src comp="1945" pin="1"/><net_sink comp="1952" pin=1"/></net>

<net id="1961"><net_src comp="1952" pin="2"/><net_sink comp="1958" pin=0"/></net>

<net id="1966"><net_src comp="1958" pin="1"/><net_sink comp="1962" pin=0"/></net>

<net id="1967"><net_src comp="1930" pin="1"/><net_sink comp="1962" pin=1"/></net>

<net id="1971"><net_src comp="1962" pin="2"/><net_sink comp="1968" pin=0"/></net>

<net id="1972"><net_src comp="1968" pin="1"/><net_sink comp="631" pin=0"/></net>

<net id="1980"><net_src comp="1973" pin="1"/><net_sink comp="1976" pin=0"/></net>

<net id="1984"><net_src comp="1976" pin="2"/><net_sink comp="1981" pin=0"/></net>

<net id="1989"><net_src comp="1981" pin="1"/><net_sink comp="1985" pin=0"/></net>

<net id="1993"><net_src comp="1985" pin="2"/><net_sink comp="1990" pin=0"/></net>

<net id="1999"><net_src comp="168" pin="0"/><net_sink comp="1994" pin=0"/></net>

<net id="2000"><net_src comp="1985" pin="2"/><net_sink comp="1994" pin=1"/></net>

<net id="2001"><net_src comp="170" pin="0"/><net_sink comp="1994" pin=2"/></net>

<net id="2007"><net_src comp="1994" pin="3"/><net_sink comp="2002" pin=0"/></net>

<net id="2008"><net_src comp="172" pin="0"/><net_sink comp="2002" pin=1"/></net>

<net id="2009"><net_src comp="1990" pin="1"/><net_sink comp="2002" pin=2"/></net>

<net id="2016"><net_src comp="174" pin="0"/><net_sink comp="2010" pin=0"/></net>

<net id="2017"><net_src comp="2002" pin="3"/><net_sink comp="2010" pin=1"/></net>

<net id="2018"><net_src comp="176" pin="0"/><net_sink comp="2010" pin=2"/></net>

<net id="2019"><net_src comp="178" pin="0"/><net_sink comp="2010" pin=3"/></net>

<net id="2024"><net_src comp="2010" pin="4"/><net_sink comp="2020" pin=0"/></net>

<net id="2025"><net_src comp="180" pin="0"/><net_sink comp="2020" pin=1"/></net>

<net id="2029"><net_src comp="2002" pin="3"/><net_sink comp="2026" pin=0"/></net>

<net id="2035"><net_src comp="2020" pin="2"/><net_sink comp="2030" pin=0"/></net>

<net id="2036"><net_src comp="182" pin="0"/><net_sink comp="2030" pin=1"/></net>

<net id="2037"><net_src comp="2026" pin="1"/><net_sink comp="2030" pin=2"/></net>

<net id="2045"><net_src comp="184" pin="0"/><net_sink comp="2038" pin=0"/></net>

<net id="2046"><net_src comp="186" pin="0"/><net_sink comp="2038" pin=2"/></net>

<net id="2047"><net_src comp="2030" pin="3"/><net_sink comp="2038" pin=4"/></net>

<net id="2051"><net_src comp="2038" pin="5"/><net_sink comp="2048" pin=0"/></net>

<net id="2052"><net_src comp="2048" pin="1"/><net_sink comp="554" pin=2"/></net>

<net id="2058"><net_src comp="1335" pin="1"/><net_sink comp="2053" pin=0"/></net>

<net id="2059"><net_src comp="1819" pin="1"/><net_sink comp="2053" pin=2"/></net>

<net id="2060"><net_src comp="2053" pin="3"/><net_sink comp="1850" pin=0"/></net>

<net id="2066"><net_src comp="1306" pin="1"/><net_sink comp="2061" pin=0"/></net>

<net id="2067"><net_src comp="1765" pin="1"/><net_sink comp="2061" pin=2"/></net>

<net id="2068"><net_src comp="2061" pin="3"/><net_sink comp="1853" pin=0"/></net>

<net id="2074"><net_src comp="1261" pin="1"/><net_sink comp="2069" pin=0"/></net>

<net id="2075"><net_src comp="1783" pin="1"/><net_sink comp="2069" pin=2"/></net>

<net id="2076"><net_src comp="2069" pin="3"/><net_sink comp="1856" pin=0"/></net>

<net id="2082"><net_src comp="1238" pin="1"/><net_sink comp="2077" pin=0"/></net>

<net id="2083"><net_src comp="1792" pin="1"/><net_sink comp="2077" pin=2"/></net>

<net id="2084"><net_src comp="2077" pin="3"/><net_sink comp="1862" pin=0"/></net>

<net id="2090"><net_src comp="1423" pin="1"/><net_sink comp="2085" pin=0"/></net>

<net id="2091"><net_src comp="1801" pin="1"/><net_sink comp="2085" pin=2"/></net>

<net id="2092"><net_src comp="2085" pin="3"/><net_sink comp="1859" pin=0"/></net>

<net id="2098"><net_src comp="1368" pin="1"/><net_sink comp="2093" pin=0"/></net>

<net id="2099"><net_src comp="1810" pin="1"/><net_sink comp="2093" pin=2"/></net>

<net id="2100"><net_src comp="2093" pin="3"/><net_sink comp="1847" pin=0"/></net>

<net id="2106"><net_src comp="1351" pin="1"/><net_sink comp="2101" pin=0"/></net>

<net id="2107"><net_src comp="1774" pin="1"/><net_sink comp="2101" pin=2"/></net>

<net id="2108"><net_src comp="2101" pin="3"/><net_sink comp="1865" pin=0"/></net>

<net id="2114"><net_src comp="1668" pin="1"/><net_sink comp="2109" pin=0"/></net>

<net id="2115"><net_src comp="1853" pin="1"/><net_sink comp="2109" pin=2"/></net>

<net id="2116"><net_src comp="2109" pin="3"/><net_sink comp="1890" pin=0"/></net>

<net id="2122"><net_src comp="1642" pin="1"/><net_sink comp="2117" pin=0"/></net>

<net id="2123"><net_src comp="1856" pin="1"/><net_sink comp="2117" pin=2"/></net>

<net id="2124"><net_src comp="2117" pin="3"/><net_sink comp="1893" pin=0"/></net>

<net id="2130"><net_src comp="1615" pin="1"/><net_sink comp="2125" pin=0"/></net>

<net id="2131"><net_src comp="1834" pin="1"/><net_sink comp="2125" pin=2"/></net>

<net id="2132"><net_src comp="2125" pin="3"/><net_sink comp="1912" pin=0"/></net>

<net id="2138"><net_src comp="1563" pin="1"/><net_sink comp="2133" pin=0"/></net>

<net id="2139"><net_src comp="1843" pin="1"/><net_sink comp="2133" pin=2"/></net>

<net id="2140"><net_src comp="2133" pin="3"/><net_sink comp="1915" pin=0"/></net>

<net id="2146"><net_src comp="1547" pin="1"/><net_sink comp="2141" pin=0"/></net>

<net id="2147"><net_src comp="1859" pin="1"/><net_sink comp="2141" pin=2"/></net>

<net id="2148"><net_src comp="2141" pin="3"/><net_sink comp="1918" pin=0"/></net>

<net id="2154"><net_src comp="1686" pin="1"/><net_sink comp="2149" pin=0"/></net>

<net id="2155"><net_src comp="1847" pin="1"/><net_sink comp="2149" pin=2"/></net>

<net id="2156"><net_src comp="2149" pin="3"/><net_sink comp="1874" pin=0"/></net>

<net id="2162"><net_src comp="1683" pin="1"/><net_sink comp="2157" pin=0"/></net>

<net id="2163"><net_src comp="1850" pin="1"/><net_sink comp="2157" pin=2"/></net>

<net id="2164"><net_src comp="2157" pin="3"/><net_sink comp="1877" pin=0"/></net>

<net id="2170"><net_src comp="1742" pin="1"/><net_sink comp="2165" pin=0"/></net>

<net id="2171"><net_src comp="1912" pin="1"/><net_sink comp="2165" pin=2"/></net>

<net id="2172"><net_src comp="2165" pin="3"/><net_sink comp="1933" pin=0"/></net>

<net id="2178"><net_src comp="1739" pin="1"/><net_sink comp="2173" pin=0"/></net>

<net id="2179"><net_src comp="1915" pin="1"/><net_sink comp="2173" pin=2"/></net>

<net id="2180"><net_src comp="2173" pin="3"/><net_sink comp="1936" pin=0"/></net>

<net id="2184"><net_src comp="190" pin="1"/><net_sink comp="2181" pin=0"/></net>

<net id="2185"><net_src comp="2181" pin="1"/><net_sink comp="774" pin=1"/></net>

<net id="2186"><net_src comp="2181" pin="1"/><net_sink comp="811" pin=0"/></net>

<net id="2187"><net_src comp="2181" pin="1"/><net_sink comp="855" pin=1"/></net>

<net id="2191"><net_src comp="194" pin="1"/><net_sink comp="2188" pin=0"/></net>

<net id="2192"><net_src comp="2188" pin="1"/><net_sink comp="1118" pin=0"/></net>

<net id="2193"><net_src comp="2188" pin="1"/><net_sink comp="1432" pin=0"/></net>

<net id="2194"><net_src comp="2188" pin="1"/><net_sink comp="1494" pin=1"/></net>

<net id="2198"><net_src comp="198" pin="1"/><net_sink comp="2195" pin=0"/></net>

<net id="2199"><net_src comp="2195" pin="1"/><net_sink comp="1121" pin=0"/></net>

<net id="2200"><net_src comp="2195" pin="1"/><net_sink comp="1489" pin=1"/></net>

<net id="2204"><net_src comp="202" pin="1"/><net_sink comp="2201" pin=0"/></net>

<net id="2205"><net_src comp="2201" pin="1"/><net_sink comp="1124" pin=0"/></net>

<net id="2206"><net_src comp="2201" pin="1"/><net_sink comp="1435" pin=0"/></net>

<net id="2207"><net_src comp="2201" pin="1"/><net_sink comp="1484" pin=1"/></net>

<net id="2211"><net_src comp="206" pin="1"/><net_sink comp="2208" pin=0"/></net>

<net id="2212"><net_src comp="2208" pin="1"/><net_sink comp="1508" pin=0"/></net>

<net id="2213"><net_src comp="2208" pin="1"/><net_sink comp="1729" pin=1"/></net>

<net id="2217"><net_src comp="210" pin="1"/><net_sink comp="2214" pin=0"/></net>

<net id="2218"><net_src comp="2214" pin="1"/><net_sink comp="1127" pin=0"/></net>

<net id="2219"><net_src comp="2214" pin="1"/><net_sink comp="1438" pin=0"/></net>

<net id="2220"><net_src comp="2214" pin="1"/><net_sink comp="1479" pin=1"/></net>

<net id="2224"><net_src comp="214" pin="1"/><net_sink comp="2221" pin=0"/></net>

<net id="2225"><net_src comp="2221" pin="1"/><net_sink comp="1130" pin=0"/></net>

<net id="2226"><net_src comp="2221" pin="1"/><net_sink comp="1474" pin=1"/></net>

<net id="2230"><net_src comp="218" pin="1"/><net_sink comp="2227" pin=0"/></net>

<net id="2231"><net_src comp="2227" pin="1"/><net_sink comp="1511" pin=0"/></net>

<net id="2232"><net_src comp="2227" pin="1"/><net_sink comp="1689" pin=0"/></net>

<net id="2233"><net_src comp="2227" pin="1"/><net_sink comp="1725" pin=1"/></net>

<net id="2237"><net_src comp="222" pin="1"/><net_sink comp="2234" pin=0"/></net>

<net id="2238"><net_src comp="2234" pin="1"/><net_sink comp="1514" pin=0"/></net>

<net id="2239"><net_src comp="2234" pin="1"/><net_sink comp="1720" pin=1"/></net>

<net id="2243"><net_src comp="226" pin="1"/><net_sink comp="2240" pin=0"/></net>

<net id="2244"><net_src comp="2240" pin="1"/><net_sink comp="1517" pin=0"/></net>

<net id="2245"><net_src comp="2240" pin="1"/><net_sink comp="1692" pin=0"/></net>

<net id="2246"><net_src comp="2240" pin="1"/><net_sink comp="1715" pin=1"/></net>

<net id="2250"><net_src comp="230" pin="1"/><net_sink comp="2247" pin=0"/></net>

<net id="2251"><net_src comp="2247" pin="1"/><net_sink comp="1520" pin=0"/></net>

<net id="2252"><net_src comp="2247" pin="1"/><net_sink comp="1710" pin=1"/></net>

<net id="2256"><net_src comp="234" pin="1"/><net_sink comp="2253" pin=0"/></net>

<net id="2257"><net_src comp="2253" pin="1"/><net_sink comp="769" pin=1"/></net>

<net id="2258"><net_src comp="2253" pin="1"/><net_sink comp="779" pin=0"/></net>

<net id="2259"><net_src comp="2253" pin="1"/><net_sink comp="806" pin=1"/></net>

<net id="2263"><net_src comp="238" pin="1"/><net_sink comp="2260" pin=0"/></net>

<net id="2264"><net_src comp="2260" pin="1"/><net_sink comp="764" pin=1"/></net>

<net id="2265"><net_src comp="2260" pin="1"/><net_sink comp="860" pin=0"/></net>

<net id="2266"><net_src comp="2260" pin="1"/><net_sink comp="1092" pin=1"/></net>

<net id="2270"><net_src comp="242" pin="1"/><net_sink comp="2267" pin=0"/></net>

<net id="2271"><net_src comp="2267" pin="1"/><net_sink comp="759" pin=1"/></net>

<net id="2272"><net_src comp="2267" pin="1"/><net_sink comp="863" pin=0"/></net>

<net id="2273"><net_src comp="2267" pin="1"/><net_sink comp="1063" pin=1"/></net>

<net id="2274"><net_src comp="2267" pin="1"/><net_sink comp="1087" pin=1"/></net>

<net id="2278"><net_src comp="246" pin="1"/><net_sink comp="2275" pin=0"/></net>

<net id="2279"><net_src comp="2275" pin="1"/><net_sink comp="1097" pin=0"/></net>

<net id="2280"><net_src comp="2275" pin="1"/><net_sink comp="1469" pin=1"/></net>

<net id="2284"><net_src comp="250" pin="1"/><net_sink comp="2281" pin=0"/></net>

<net id="2285"><net_src comp="2281" pin="1"/><net_sink comp="1100" pin=0"/></net>

<net id="2286"><net_src comp="2281" pin="1"/><net_sink comp="1464" pin=1"/></net>

<net id="2290"><net_src comp="254" pin="1"/><net_sink comp="2287" pin=0"/></net>

<net id="2291"><net_src comp="2287" pin="1"/><net_sink comp="1103" pin=0"/></net>

<net id="2292"><net_src comp="2287" pin="1"/><net_sink comp="1460" pin=1"/></net>

<net id="2296"><net_src comp="258" pin="1"/><net_sink comp="2293" pin=0"/></net>

<net id="2297"><net_src comp="2293" pin="1"/><net_sink comp="1106" pin=0"/></net>

<net id="2298"><net_src comp="2293" pin="1"/><net_sink comp="1455" pin=1"/></net>

<net id="2302"><net_src comp="262" pin="1"/><net_sink comp="2299" pin=0"/></net>

<net id="2303"><net_src comp="2299" pin="1"/><net_sink comp="1109" pin=0"/></net>

<net id="2304"><net_src comp="2299" pin="1"/><net_sink comp="1451" pin=1"/></net>

<net id="2308"><net_src comp="266" pin="1"/><net_sink comp="2305" pin=0"/></net>

<net id="2309"><net_src comp="2305" pin="1"/><net_sink comp="1112" pin=0"/></net>

<net id="2310"><net_src comp="2305" pin="1"/><net_sink comp="1446" pin=1"/></net>

<net id="2314"><net_src comp="270" pin="1"/><net_sink comp="2311" pin=0"/></net>

<net id="2315"><net_src comp="2311" pin="1"/><net_sink comp="1115" pin=0"/></net>

<net id="2316"><net_src comp="2311" pin="1"/><net_sink comp="1441" pin=1"/></net>

<net id="2320"><net_src comp="274" pin="1"/><net_sink comp="2317" pin=0"/></net>

<net id="2321"><net_src comp="2317" pin="1"/><net_sink comp="1499" pin=0"/></net>

<net id="2322"><net_src comp="2317" pin="1"/><net_sink comp="1705" pin=1"/></net>

<net id="2326"><net_src comp="278" pin="1"/><net_sink comp="2323" pin=0"/></net>

<net id="2327"><net_src comp="2323" pin="1"/><net_sink comp="1502" pin=0"/></net>

<net id="2328"><net_src comp="2323" pin="1"/><net_sink comp="1700" pin=1"/></net>

<net id="2332"><net_src comp="282" pin="1"/><net_sink comp="2329" pin=0"/></net>

<net id="2333"><net_src comp="2329" pin="1"/><net_sink comp="1505" pin=0"/></net>

<net id="2334"><net_src comp="2329" pin="1"/><net_sink comp="1695" pin=1"/></net>

<net id="2338"><net_src comp="302" pin="2"/><net_sink comp="2335" pin=0"/></net>

<net id="2339"><net_src comp="2335" pin="1"/><net_sink comp="625" pin=2"/></net>

<net id="2343"><net_src comp="308" pin="2"/><net_sink comp="2340" pin=0"/></net>

<net id="2347"><net_src comp="314" pin="2"/><net_sink comp="2344" pin=0"/></net>

<net id="2348"><net_src comp="2344" pin="1"/><net_sink comp="1985" pin=1"/></net>

<net id="2352"><net_src comp="482" pin="2"/><net_sink comp="2349" pin=0"/></net>

<net id="2353"><net_src comp="2349" pin="1"/><net_sink comp="947" pin=1"/></net>

<net id="2357"><net_src comp="500" pin="2"/><net_sink comp="2354" pin=0"/></net>

<net id="2358"><net_src comp="2354" pin="1"/><net_sink comp="1023" pin=0"/></net>

<net id="2362"><net_src comp="506" pin="2"/><net_sink comp="2359" pin=0"/></net>

<net id="2363"><net_src comp="2359" pin="1"/><net_sink comp="1002" pin=0"/></net>

<net id="2367"><net_src comp="512" pin="2"/><net_sink comp="2364" pin=0"/></net>

<net id="2368"><net_src comp="2364" pin="1"/><net_sink comp="1068" pin=0"/></net>

<net id="2372"><net_src comp="518" pin="2"/><net_sink comp="2369" pin=0"/></net>

<net id="2373"><net_src comp="2369" pin="1"/><net_sink comp="827" pin=1"/></net>

<net id="2374"><net_src comp="2369" pin="1"/><net_sink comp="905" pin=1"/></net>

<net id="2378"><net_src comp="524" pin="2"/><net_sink comp="2375" pin=0"/></net>

<net id="2379"><net_src comp="2375" pin="1"/><net_sink comp="836" pin=0"/></net>

<net id="2380"><net_src comp="2375" pin="1"/><net_sink comp="1052" pin=0"/></net>

<net id="2381"><net_src comp="2375" pin="1"/><net_sink comp="625" pin=0"/></net>

<net id="2385"><net_src comp="635" pin="1"/><net_sink comp="2382" pin=0"/></net>

<net id="2386"><net_src comp="2382" pin="1"/><net_sink comp="1976" pin=1"/></net>

<net id="2390"><net_src comp="639" pin="1"/><net_sink comp="2387" pin=0"/></net>

<net id="2391"><net_src comp="2387" pin="1"/><net_sink comp="631" pin=1"/></net>

<net id="2395"><net_src comp="643" pin="1"/><net_sink comp="2392" pin=0"/></net>

<net id="2396"><net_src comp="2392" pin="1"/><net_sink comp="1814" pin=1"/></net>

<net id="2400"><net_src comp="647" pin="1"/><net_sink comp="2397" pin=0"/></net>

<net id="2401"><net_src comp="2397" pin="1"/><net_sink comp="2101" pin=1"/></net>

<net id="2405"><net_src comp="651" pin="1"/><net_sink comp="2402" pin=0"/></net>

<net id="2406"><net_src comp="2402" pin="1"/><net_sink comp="2093" pin=1"/></net>

<net id="2410"><net_src comp="655" pin="1"/><net_sink comp="2407" pin=0"/></net>

<net id="2411"><net_src comp="2407" pin="1"/><net_sink comp="2157" pin=1"/></net>

<net id="2415"><net_src comp="659" pin="1"/><net_sink comp="2412" pin=0"/></net>

<net id="2416"><net_src comp="2412" pin="1"/><net_sink comp="1805" pin=1"/></net>

<net id="2420"><net_src comp="663" pin="1"/><net_sink comp="2417" pin=0"/></net>

<net id="2421"><net_src comp="2417" pin="1"/><net_sink comp="2149" pin=1"/></net>

<net id="2425"><net_src comp="667" pin="1"/><net_sink comp="2422" pin=0"/></net>

<net id="2426"><net_src comp="2422" pin="1"/><net_sink comp="2085" pin=1"/></net>

<net id="2430"><net_src comp="671" pin="1"/><net_sink comp="2427" pin=0"/></net>

<net id="2431"><net_src comp="2427" pin="1"/><net_sink comp="2141" pin=1"/></net>

<net id="2435"><net_src comp="675" pin="1"/><net_sink comp="2432" pin=0"/></net>

<net id="2436"><net_src comp="2432" pin="1"/><net_sink comp="1796" pin=1"/></net>

<net id="2440"><net_src comp="679" pin="1"/><net_sink comp="2437" pin=0"/></net>

<net id="2441"><net_src comp="2437" pin="1"/><net_sink comp="2133" pin=1"/></net>

<net id="2445"><net_src comp="683" pin="1"/><net_sink comp="2442" pin=0"/></net>

<net id="2446"><net_src comp="2442" pin="1"/><net_sink comp="1838" pin=1"/></net>

<net id="2450"><net_src comp="687" pin="1"/><net_sink comp="2447" pin=0"/></net>

<net id="2451"><net_src comp="2447" pin="1"/><net_sink comp="1787" pin=1"/></net>

<net id="2455"><net_src comp="691" pin="1"/><net_sink comp="2452" pin=0"/></net>

<net id="2456"><net_src comp="2452" pin="1"/><net_sink comp="2173" pin=1"/></net>

<net id="2460"><net_src comp="695" pin="1"/><net_sink comp="2457" pin=0"/></net>

<net id="2461"><net_src comp="2457" pin="1"/><net_sink comp="2125" pin=1"/></net>

<net id="2465"><net_src comp="699" pin="1"/><net_sink comp="2462" pin=0"/></net>

<net id="2466"><net_src comp="2462" pin="1"/><net_sink comp="1829" pin=1"/></net>

<net id="2470"><net_src comp="703" pin="1"/><net_sink comp="2467" pin=0"/></net>

<net id="2471"><net_src comp="2467" pin="1"/><net_sink comp="2165" pin=1"/></net>

<net id="2475"><net_src comp="707" pin="1"/><net_sink comp="2472" pin=0"/></net>

<net id="2476"><net_src comp="2472" pin="1"/><net_sink comp="2077" pin=1"/></net>

<net id="2480"><net_src comp="711" pin="1"/><net_sink comp="2477" pin=0"/></net>

<net id="2481"><net_src comp="2477" pin="1"/><net_sink comp="2069" pin=1"/></net>

<net id="2485"><net_src comp="715" pin="1"/><net_sink comp="2482" pin=0"/></net>

<net id="2486"><net_src comp="2482" pin="1"/><net_sink comp="1778" pin=1"/></net>

<net id="2490"><net_src comp="719" pin="1"/><net_sink comp="2487" pin=0"/></net>

<net id="2491"><net_src comp="2487" pin="1"/><net_sink comp="2117" pin=1"/></net>

<net id="2495"><net_src comp="723" pin="1"/><net_sink comp="2492" pin=0"/></net>

<net id="2496"><net_src comp="2492" pin="1"/><net_sink comp="2061" pin=1"/></net>

<net id="2500"><net_src comp="727" pin="1"/><net_sink comp="2497" pin=0"/></net>

<net id="2501"><net_src comp="2497" pin="1"/><net_sink comp="1769" pin=1"/></net>

<net id="2505"><net_src comp="731" pin="1"/><net_sink comp="2502" pin=0"/></net>

<net id="2506"><net_src comp="2502" pin="1"/><net_sink comp="1760" pin=1"/></net>

<net id="2510"><net_src comp="735" pin="1"/><net_sink comp="2507" pin=0"/></net>

<net id="2511"><net_src comp="2507" pin="1"/><net_sink comp="2109" pin=1"/></net>

<net id="2515"><net_src comp="739" pin="1"/><net_sink comp="2512" pin=0"/></net>

<net id="2516"><net_src comp="2512" pin="1"/><net_sink comp="2053" pin=1"/></net>

<net id="2520"><net_src comp="743" pin="1"/><net_sink comp="2517" pin=0"/></net>

<net id="2521"><net_src comp="2517" pin="1"/><net_sink comp="1146" pin=1"/></net>

<net id="2522"><net_src comp="2517" pin="1"/><net_sink comp="1176" pin=1"/></net>

<net id="2523"><net_src comp="2517" pin="1"/><net_sink comp="1198" pin=1"/></net>

<net id="2524"><net_src comp="2517" pin="1"/><net_sink comp="1214" pin=1"/></net>

<net id="2528"><net_src comp="747" pin="1"/><net_sink comp="2525" pin=0"/></net>

<net id="2529"><net_src comp="2525" pin="1"/><net_sink comp="888" pin=1"/></net>

<net id="2530"><net_src comp="2525" pin="1"/><net_sink comp="930" pin=1"/></net>

<net id="2531"><net_src comp="2525" pin="1"/><net_sink comp="958" pin=1"/></net>

<net id="2532"><net_src comp="2525" pin="1"/><net_sink comp="975" pin=1"/></net>

<net id="2536"><net_src comp="782" pin="2"/><net_sink comp="2533" pin=0"/></net>

<net id="2540"><net_src comp="794" pin="2"/><net_sink comp="2537" pin=0"/></net>

<net id="2544"><net_src comp="800" pin="2"/><net_sink comp="2541" pin=0"/></net>

<net id="2548"><net_src comp="561" pin="3"/><net_sink comp="2545" pin=0"/></net>

<net id="2549"><net_src comp="2545" pin="1"/><net_sink comp="603" pin=0"/></net>

<net id="2553"><net_src comp="567" pin="3"/><net_sink comp="2550" pin=0"/></net>

<net id="2554"><net_src comp="2550" pin="1"/><net_sink comp="597" pin=0"/></net>

<net id="2558"><net_src comp="573" pin="3"/><net_sink comp="2555" pin=0"/></net>

<net id="2559"><net_src comp="2555" pin="1"/><net_sink comp="591" pin=0"/></net>

<net id="2563"><net_src comp="579" pin="3"/><net_sink comp="2560" pin=0"/></net>

<net id="2564"><net_src comp="2560" pin="1"/><net_sink comp="585" pin=0"/></net>

<net id="2568"><net_src comp="827" pin="2"/><net_sink comp="2565" pin=0"/></net>

<net id="2572"><net_src comp="585" pin="3"/><net_sink comp="2569" pin=0"/></net>

<net id="2573"><net_src comp="2569" pin="1"/><net_sink comp="1344" pin=2"/></net>

<net id="2574"><net_src comp="2569" pin="1"/><net_sink comp="1460" pin=0"/></net>

<net id="2578"><net_src comp="591" pin="3"/><net_sink comp="2575" pin=0"/></net>

<net id="2579"><net_src comp="2575" pin="1"/><net_sink comp="1316" pin=2"/></net>

<net id="2580"><net_src comp="2575" pin="1"/><net_sink comp="1451" pin=0"/></net>

<net id="2584"><net_src comp="866" pin="1"/><net_sink comp="2581" pin=0"/></net>

<net id="2585"><net_src comp="2581" pin="1"/><net_sink comp="1133" pin=0"/></net>

<net id="2586"><net_src comp="2581" pin="1"/><net_sink comp="1163" pin=0"/></net>

<net id="2587"><net_src comp="2581" pin="1"/><net_sink comp="1193" pin=0"/></net>

<net id="2588"><net_src comp="2581" pin="1"/><net_sink comp="1209" pin=0"/></net>

<net id="2589"><net_src comp="2581" pin="1"/><net_sink comp="1427" pin=1"/></net>

<net id="2593"><net_src comp="899" pin="2"/><net_sink comp="2590" pin=0"/></net>

<net id="2594"><net_src comp="2590" pin="1"/><net_sink comp="1523" pin=0"/></net>

<net id="2595"><net_src comp="2590" pin="1"/><net_sink comp="1535" pin=0"/></net>

<net id="2596"><net_src comp="2590" pin="1"/><net_sink comp="1551" pin=0"/></net>

<net id="2597"><net_src comp="2590" pin="1"/><net_sink comp="1567" pin=0"/></net>

<net id="2598"><net_src comp="2590" pin="1"/><net_sink comp="1579" pin=0"/></net>

<net id="2602"><net_src comp="910" pin="2"/><net_sink comp="2599" pin=0"/></net>

<net id="2603"><net_src comp="2599" pin="1"/><net_sink comp="1279" pin=0"/></net>

<net id="2604"><net_src comp="2599" pin="1"/><net_sink comp="1323" pin=0"/></net>

<net id="2605"><net_src comp="2599" pin="1"/><net_sink comp="1385" pin=0"/></net>

<net id="2606"><net_src comp="2599" pin="1"/><net_sink comp="1551" pin=1"/></net>

<net id="2607"><net_src comp="2599" pin="1"/><net_sink comp="1619" pin=1"/></net>

<net id="2611"><net_src comp="941" pin="2"/><net_sink comp="2608" pin=0"/></net>

<net id="2612"><net_src comp="2608" pin="1"/><net_sink comp="1225" pin=0"/></net>

<net id="2613"><net_src comp="2608" pin="1"/><net_sink comp="1591" pin=0"/></net>

<net id="2614"><net_src comp="2608" pin="1"/><net_sink comp="1603" pin=0"/></net>

<net id="2615"><net_src comp="2608" pin="1"/><net_sink comp="1619" pin=0"/></net>

<net id="2616"><net_src comp="2608" pin="1"/><net_sink comp="1631" pin=0"/></net>

<net id="2620"><net_src comp="947" pin="2"/><net_sink comp="2617" pin=0"/></net>

<net id="2621"><net_src comp="2617" pin="1"/><net_sink comp="1242" pin=0"/></net>

<net id="2625"><net_src comp="963" pin="2"/><net_sink comp="2622" pin=0"/></net>

<net id="2626"><net_src comp="2622" pin="1"/><net_sink comp="1323" pin=1"/></net>

<net id="2627"><net_src comp="2622" pin="1"/><net_sink comp="1339" pin=1"/></net>

<net id="2628"><net_src comp="2622" pin="1"/><net_sink comp="1645" pin=1"/></net>

<net id="2629"><net_src comp="2622" pin="1"/><net_sink comp="1657" pin=1"/></net>

<net id="2630"><net_src comp="2622" pin="1"/><net_sink comp="1672" pin=1"/></net>

<net id="2634"><net_src comp="980" pin="2"/><net_sink comp="2631" pin=0"/></net>

<net id="2635"><net_src comp="2631" pin="1"/><net_sink comp="1355" pin=1"/></net>

<net id="2636"><net_src comp="2631" pin="1"/><net_sink comp="1372" pin=1"/></net>

<net id="2637"><net_src comp="2631" pin="1"/><net_sink comp="1385" pin=1"/></net>

<net id="2638"><net_src comp="2631" pin="1"/><net_sink comp="1397" pin=1"/></net>

<net id="2639"><net_src comp="2631" pin="1"/><net_sink comp="1410" pin=1"/></net>

<net id="2643"><net_src comp="996" pin="2"/><net_sink comp="2640" pin=0"/></net>

<net id="2647"><net_src comp="1034" pin="2"/><net_sink comp="2644" pin=0"/></net>

<net id="2651"><net_src comp="1046" pin="2"/><net_sink comp="2648" pin=0"/></net>

<net id="2652"><net_src comp="2648" pin="1"/><net_sink comp="2038" pin=3"/></net>

<net id="2659"><net_src comp="1103" pin="1"/><net_sink comp="2656" pin=0"/></net>

<net id="2660"><net_src comp="2656" pin="1"/><net_sink comp="1676" pin=2"/></net>

<net id="2664"><net_src comp="1106" pin="1"/><net_sink comp="2661" pin=0"/></net>

<net id="2665"><net_src comp="2661" pin="1"/><net_sink comp="1661" pin=2"/></net>

<net id="2666"><net_src comp="2661" pin="1"/><net_sink comp="1729" pin=0"/></net>

<net id="2670"><net_src comp="1115" pin="1"/><net_sink comp="2667" pin=0"/></net>

<net id="2671"><net_src comp="2667" pin="1"/><net_sink comp="1635" pin=2"/></net>

<net id="2672"><net_src comp="2667" pin="1"/><net_sink comp="1725" pin=0"/></net>

<net id="2676"><net_src comp="1157" pin="2"/><net_sink comp="2673" pin=0"/></net>

<net id="2677"><net_src comp="2673" pin="1"/><net_sink comp="1523" pin=1"/></net>

<net id="2678"><net_src comp="2673" pin="1"/><net_sink comp="1591" pin=1"/></net>

<net id="2679"><net_src comp="2673" pin="1"/><net_sink comp="1645" pin=0"/></net>

<net id="2683"><net_src comp="1187" pin="2"/><net_sink comp="2680" pin=0"/></net>

<net id="2684"><net_src comp="2680" pin="1"/><net_sink comp="1535" pin=1"/></net>

<net id="2685"><net_src comp="2680" pin="1"/><net_sink comp="1603" pin=1"/></net>

<net id="2686"><net_src comp="2680" pin="1"/><net_sink comp="1657" pin=0"/></net>

<net id="2690"><net_src comp="1203" pin="2"/><net_sink comp="2687" pin=0"/></net>

<net id="2691"><net_src comp="2687" pin="1"/><net_sink comp="1567" pin=1"/></net>

<net id="2692"><net_src comp="2687" pin="1"/><net_sink comp="1631" pin=1"/></net>

<net id="2693"><net_src comp="2687" pin="1"/><net_sink comp="1672" pin=0"/></net>

<net id="2697"><net_src comp="1219" pin="2"/><net_sink comp="2694" pin=0"/></net>

<net id="2698"><net_src comp="2694" pin="1"/><net_sink comp="1579" pin=1"/></net>

<net id="2702"><net_src comp="1238" pin="1"/><net_sink comp="2699" pin=0"/></net>

<net id="2703"><net_src comp="2699" pin="1"/><net_sink comp="2077" pin=0"/></net>

<net id="2707"><net_src comp="1261" pin="1"/><net_sink comp="2704" pin=0"/></net>

<net id="2708"><net_src comp="2704" pin="1"/><net_sink comp="2069" pin=0"/></net>

<net id="2712"><net_src comp="1271" pin="3"/><net_sink comp="2709" pin=0"/></net>

<net id="2713"><net_src comp="2709" pin="1"/><net_sink comp="1745" pin=0"/></net>

<net id="2717"><net_src comp="1284" pin="3"/><net_sink comp="2714" pin=0"/></net>

<net id="2718"><net_src comp="2714" pin="1"/><net_sink comp="1642" pin=0"/></net>

<net id="2722"><net_src comp="1306" pin="1"/><net_sink comp="2719" pin=0"/></net>

<net id="2723"><net_src comp="2719" pin="1"/><net_sink comp="2061" pin=0"/></net>

<net id="2727"><net_src comp="1316" pin="3"/><net_sink comp="2724" pin=0"/></net>

<net id="2728"><net_src comp="2724" pin="1"/><net_sink comp="1748" pin=0"/></net>

<net id="2732"><net_src comp="1335" pin="1"/><net_sink comp="2729" pin=0"/></net>

<net id="2733"><net_src comp="2729" pin="1"/><net_sink comp="2053" pin=0"/></net>

<net id="2737"><net_src comp="1351" pin="1"/><net_sink comp="2734" pin=0"/></net>

<net id="2738"><net_src comp="2734" pin="1"/><net_sink comp="2101" pin=0"/></net>

<net id="2742"><net_src comp="1368" pin="1"/><net_sink comp="2739" pin=0"/></net>

<net id="2743"><net_src comp="2739" pin="1"/><net_sink comp="2093" pin=0"/></net>

<net id="2747"><net_src comp="1377" pin="3"/><net_sink comp="2744" pin=0"/></net>

<net id="2748"><net_src comp="2744" pin="1"/><net_sink comp="1683" pin=0"/></net>

<net id="2752"><net_src comp="1389" pin="3"/><net_sink comp="2749" pin=0"/></net>

<net id="2753"><net_src comp="2749" pin="1"/><net_sink comp="1757" pin=0"/></net>

<net id="2757"><net_src comp="1402" pin="3"/><net_sink comp="2754" pin=0"/></net>

<net id="2758"><net_src comp="2754" pin="1"/><net_sink comp="1686" pin=0"/></net>

<net id="2762"><net_src comp="1423" pin="1"/><net_sink comp="2759" pin=0"/></net>

<net id="2763"><net_src comp="2759" pin="1"/><net_sink comp="2085" pin=0"/></net>

<net id="2767"><net_src comp="1427" pin="2"/><net_sink comp="2764" pin=0"/></net>

<net id="2768"><net_src comp="2764" pin="1"/><net_sink comp="2038" pin=1"/></net>

<net id="2772"><net_src comp="1527" pin="3"/><net_sink comp="2769" pin=0"/></net>

<net id="2773"><net_src comp="2769" pin="1"/><net_sink comp="1733" pin=0"/></net>

<net id="2777"><net_src comp="1547" pin="1"/><net_sink comp="2774" pin=0"/></net>

<net id="2778"><net_src comp="2774" pin="1"/><net_sink comp="2141" pin=0"/></net>

<net id="2782"><net_src comp="1563" pin="1"/><net_sink comp="2779" pin=0"/></net>

<net id="2783"><net_src comp="2779" pin="1"/><net_sink comp="2133" pin=0"/></net>

<net id="2787"><net_src comp="1571" pin="3"/><net_sink comp="2784" pin=0"/></net>

<net id="2788"><net_src comp="2784" pin="1"/><net_sink comp="1823" pin=0"/></net>

<net id="2792"><net_src comp="1583" pin="3"/><net_sink comp="2789" pin=0"/></net>

<net id="2793"><net_src comp="2789" pin="1"/><net_sink comp="1736" pin=0"/></net>

<net id="2797"><net_src comp="1595" pin="3"/><net_sink comp="2794" pin=0"/></net>

<net id="2798"><net_src comp="2794" pin="1"/><net_sink comp="1739" pin=0"/></net>

<net id="2802"><net_src comp="1615" pin="1"/><net_sink comp="2799" pin=0"/></net>

<net id="2803"><net_src comp="2799" pin="1"/><net_sink comp="2125" pin=0"/></net>

<net id="2807"><net_src comp="1623" pin="3"/><net_sink comp="2804" pin=0"/></net>

<net id="2808"><net_src comp="2804" pin="1"/><net_sink comp="1826" pin=0"/></net>

<net id="2812"><net_src comp="1635" pin="3"/><net_sink comp="2809" pin=0"/></net>

<net id="2813"><net_src comp="2809" pin="1"/><net_sink comp="1742" pin=0"/></net>

<net id="2817"><net_src comp="1642" pin="1"/><net_sink comp="2814" pin=0"/></net>

<net id="2818"><net_src comp="2814" pin="1"/><net_sink comp="2117" pin=0"/></net>

<net id="2822"><net_src comp="1649" pin="3"/><net_sink comp="2819" pin=0"/></net>

<net id="2823"><net_src comp="2819" pin="1"/><net_sink comp="1751" pin=0"/></net>

<net id="2827"><net_src comp="1668" pin="1"/><net_sink comp="2824" pin=0"/></net>

<net id="2828"><net_src comp="2824" pin="1"/><net_sink comp="2109" pin=0"/></net>

<net id="2832"><net_src comp="1676" pin="3"/><net_sink comp="2829" pin=0"/></net>

<net id="2833"><net_src comp="2829" pin="1"/><net_sink comp="1754" pin=0"/></net>

<net id="2837"><net_src comp="1683" pin="1"/><net_sink comp="2834" pin=0"/></net>

<net id="2838"><net_src comp="2834" pin="1"/><net_sink comp="2157" pin=0"/></net>

<net id="2842"><net_src comp="1686" pin="1"/><net_sink comp="2839" pin=0"/></net>

<net id="2843"><net_src comp="2839" pin="1"/><net_sink comp="2149" pin=0"/></net>

<net id="2847"><net_src comp="1739" pin="1"/><net_sink comp="2844" pin=0"/></net>

<net id="2848"><net_src comp="2844" pin="1"/><net_sink comp="2173" pin=0"/></net>

<net id="2852"><net_src comp="1742" pin="1"/><net_sink comp="2849" pin=0"/></net>

<net id="2853"><net_src comp="2849" pin="1"/><net_sink comp="2165" pin=0"/></net>

<net id="2857"><net_src comp="1765" pin="1"/><net_sink comp="2854" pin=0"/></net>

<net id="2858"><net_src comp="2854" pin="1"/><net_sink comp="2061" pin=0"/></net>

<net id="2862"><net_src comp="1774" pin="1"/><net_sink comp="2859" pin=0"/></net>

<net id="2863"><net_src comp="2859" pin="1"/><net_sink comp="2101" pin=0"/></net>

<net id="2867"><net_src comp="1783" pin="1"/><net_sink comp="2864" pin=0"/></net>

<net id="2868"><net_src comp="2864" pin="1"/><net_sink comp="2069" pin=0"/></net>

<net id="2872"><net_src comp="1792" pin="1"/><net_sink comp="2869" pin=0"/></net>

<net id="2873"><net_src comp="2869" pin="1"/><net_sink comp="2077" pin=0"/></net>

<net id="2877"><net_src comp="1801" pin="1"/><net_sink comp="2874" pin=0"/></net>

<net id="2878"><net_src comp="2874" pin="1"/><net_sink comp="2085" pin=0"/></net>

<net id="2882"><net_src comp="1810" pin="1"/><net_sink comp="2879" pin=0"/></net>

<net id="2883"><net_src comp="2879" pin="1"/><net_sink comp="2093" pin=0"/></net>

<net id="2887"><net_src comp="1819" pin="1"/><net_sink comp="2884" pin=0"/></net>

<net id="2888"><net_src comp="2884" pin="1"/><net_sink comp="2053" pin=0"/></net>

<net id="2892"><net_src comp="1834" pin="1"/><net_sink comp="2889" pin=0"/></net>

<net id="2893"><net_src comp="2889" pin="1"/><net_sink comp="2125" pin=0"/></net>

<net id="2897"><net_src comp="1843" pin="1"/><net_sink comp="2894" pin=0"/></net>

<net id="2898"><net_src comp="2894" pin="1"/><net_sink comp="2133" pin=0"/></net>

<net id="2902"><net_src comp="1847" pin="1"/><net_sink comp="2899" pin=0"/></net>

<net id="2903"><net_src comp="2899" pin="1"/><net_sink comp="2149" pin=0"/></net>

<net id="2907"><net_src comp="1850" pin="1"/><net_sink comp="2904" pin=0"/></net>

<net id="2908"><net_src comp="2904" pin="1"/><net_sink comp="2157" pin=0"/></net>

<net id="2912"><net_src comp="1853" pin="1"/><net_sink comp="2909" pin=0"/></net>

<net id="2913"><net_src comp="2909" pin="1"/><net_sink comp="2109" pin=0"/></net>

<net id="2917"><net_src comp="1856" pin="1"/><net_sink comp="2914" pin=0"/></net>

<net id="2918"><net_src comp="2914" pin="1"/><net_sink comp="2117" pin=0"/></net>

<net id="2922"><net_src comp="1859" pin="1"/><net_sink comp="2919" pin=0"/></net>

<net id="2923"><net_src comp="2919" pin="1"/><net_sink comp="2141" pin=0"/></net>

<net id="2927"><net_src comp="1868" pin="2"/><net_sink comp="2924" pin=0"/></net>

<net id="2928"><net_src comp="2924" pin="1"/><net_sink comp="1921" pin=0"/></net>

<net id="2932"><net_src comp="1906" pin="2"/><net_sink comp="2929" pin=0"/></net>

<net id="2933"><net_src comp="2929" pin="1"/><net_sink comp="1930" pin=0"/></net>

<net id="2937"><net_src comp="1912" pin="1"/><net_sink comp="2934" pin=0"/></net>

<net id="2938"><net_src comp="2934" pin="1"/><net_sink comp="2165" pin=0"/></net>

<net id="2942"><net_src comp="1915" pin="1"/><net_sink comp="2939" pin=0"/></net>

<net id="2943"><net_src comp="2939" pin="1"/><net_sink comp="2173" pin=0"/></net>

<net id="2947"><net_src comp="1924" pin="2"/><net_sink comp="2944" pin=0"/></net>

<net id="2948"><net_src comp="2944" pin="1"/><net_sink comp="1949" pin=0"/></net>

<net id="2952"><net_src comp="631" pin="2"/><net_sink comp="2949" pin=0"/></net>

<net id="2953"><net_src comp="2949" pin="1"/><net_sink comp="1973" pin=0"/></net>

</net_list>

</model> 
---------------- Datapath Model END ------------------

* FSMD analyzer results:
  - Output states:
	Port: s_axis_video | {}
	Port: m_axis_video | {11 }
 - Input state : 
	Port: hls_filter_2d_Pipeline_VITIS_LOOP_158_1 : total_pixels | {1 }
	Port: hls_filter_2d_Pipeline_VITIS_LOOP_158_1 : flush_cycles | {1 }
	Port: hls_filter_2d_Pipeline_VITIS_LOOP_158_1 : total_cycles | {1 }
	Port: hls_filter_2d_Pipeline_VITIS_LOOP_158_1 : add_ln42 | {1 }
	Port: hls_filter_2d_Pipeline_VITIS_LOOP_158_1 : width | {1 }
	Port: hls_filter_2d_Pipeline_VITIS_LOOP_158_1 : s_axis_video | {2 }
	Port: hls_filter_2d_Pipeline_VITIS_LOOP_158_1 : add_ln104 | {1 }
	Port: hls_filter_2d_Pipeline_VITIS_LOOP_158_1 : add_ln88 | {1 }
	Port: hls_filter_2d_Pipeline_VITIS_LOOP_158_1 : add_ln89 | {1 }
	Port: hls_filter_2d_Pipeline_VITIS_LOOP_158_1 : zext_ln72 | {1 }
	Port: hls_filter_2d_Pipeline_VITIS_LOOP_158_1 : zext_ln149 | {1 }
	Port: hls_filter_2d_Pipeline_VITIS_LOOP_158_1 : height | {1 }
	Port: hls_filter_2d_Pipeline_VITIS_LOOP_158_1 : sext_ln72_17 | {1 }
	Port: hls_filter_2d_Pipeline_VITIS_LOOP_158_1 : sext_ln72_16 | {1 }
	Port: hls_filter_2d_Pipeline_VITIS_LOOP_158_1 : sext_ln72_15 | {1 }
	Port: hls_filter_2d_Pipeline_VITIS_LOOP_158_1 : sext_ln72_14 | {1 }
	Port: hls_filter_2d_Pipeline_VITIS_LOOP_158_1 : sext_ln72_13 | {1 }
	Port: hls_filter_2d_Pipeline_VITIS_LOOP_158_1 : sext_ln72_12 | {1 }
	Port: hls_filter_2d_Pipeline_VITIS_LOOP_158_1 : sext_ln72_11 | {1 }
	Port: hls_filter_2d_Pipeline_VITIS_LOOP_158_1 : sext_ln72_10 | {1 }
	Port: hls_filter_2d_Pipeline_VITIS_LOOP_158_1 : sext_ln72_9 | {1 }
	Port: hls_filter_2d_Pipeline_VITIS_LOOP_158_1 : sext_ln72_8 | {1 }
	Port: hls_filter_2d_Pipeline_VITIS_LOOP_158_1 : sext_ln72_7 | {1 }
	Port: hls_filter_2d_Pipeline_VITIS_LOOP_158_1 : sext_ln72_6 | {1 }
	Port: hls_filter_2d_Pipeline_VITIS_LOOP_158_1 : sext_ln72_5 | {1 }
	Port: hls_filter_2d_Pipeline_VITIS_LOOP_158_1 : sext_ln72_4 | {1 }
	Port: hls_filter_2d_Pipeline_VITIS_LOOP_158_1 : sext_ln72_3 | {1 }
	Port: hls_filter_2d_Pipeline_VITIS_LOOP_158_1 : sext_ln72_2 | {1 }
	Port: hls_filter_2d_Pipeline_VITIS_LOOP_158_1 : sext_ln72 | {1 }
	Port: hls_filter_2d_Pipeline_VITIS_LOOP_158_1 : sext_ln72_1 | {1 }
	Port: hls_filter_2d_Pipeline_VITIS_LOOP_158_1 : sext_ln76 | {1 }
	Port: hls_filter_2d_Pipeline_VITIS_LOOP_158_1 : sext_ln72_23 | {1 }
	Port: hls_filter_2d_Pipeline_VITIS_LOOP_158_1 : sext_ln72_22 | {1 }
	Port: hls_filter_2d_Pipeline_VITIS_LOOP_158_1 : sext_ln72_21 | {1 }
	Port: hls_filter_2d_Pipeline_VITIS_LOOP_158_1 : sext_ln72_20 | {1 }
	Port: hls_filter_2d_Pipeline_VITIS_LOOP_158_1 : sext_ln72_19 | {1 }
	Port: hls_filter_2d_Pipeline_VITIS_LOOP_158_1 : sext_ln72_18 | {1 }
	Port: hls_filter_2d_Pipeline_VITIS_LOOP_158_1 : sext_ln76_1 | {1 }
	Port: hls_filter_2d_Pipeline_VITIS_LOOP_158_1 : zext_ln104 | {1 }
	Port: hls_filter_2d_Pipeline_VITIS_LOOP_158_1 : delta | {1 }
	Port: hls_filter_2d_Pipeline_VITIS_LOOP_158_1 : borderType | {1 }
	Port: hls_filter_2d_Pipeline_VITIS_LOOP_158_1 : add_ln98 | {1 }
	Port: hls_filter_2d_Pipeline_VITIS_LOOP_158_1 : m_axis_video | {}
  - Chain level:
	State 1
		store_ln63 : 1
		store_ln64 : 1
		store_ln11 : 1
		store_ln153 : 1
		i_1 : 1
		icmp_ln15 : 1
		i_3 : 2
		br_ln15 : 2
		icmp_ln165 : 1
		br_ln165 : 2
		icmp_ln158 : 3
		store_ln11 : 3
		br_ln158 : 4
	State 2
		window_38 : 1
		zext_ln31 : 1
		line_buffer_addr : 2
		line_buffer_1_addr : 2
		line_buffer_2_addr : 2
		line_buffer_3_addr : 2
		window_37 : 3
		icmp_ln35 : 1
		br_ln35 : 2
		store_ln39 : 2
		zext_ln42 : 1
		icmp_ln42 : 2
		add_ln45 : 1
		x_3 : 3
		store_ln153 : 4
	State 3
		store_ln37 : 1
	State 4
		store_ln37 : 1
		zext_ln63 : 1
		zext_ln64 : 1
		img_y : 2
		tmp_1 : 3
		icmp_ln67 : 3
		xor_ln67 : 4
		or_ln67_1 : 4
		icmp_ln67_3 : 1
		xor_ln67_3 : 2
		img_y_6 : 2
		tmp_4 : 3
		icmp_ln67_6 : 3
		xor_ln67_6 : 4
		or_ln67_8 : 4
		icmp_ln67_7 : 1
		img_y_7 : 2
		icmp_ln67_8 : 3
		xor_ln67_8 : 4
		img_y_8 : 2
		icmp_ln67_9 : 3
		xor_ln67_9 : 4
		tmp_7 : 1
		icmp_ln88 : 2
		br_ln88 : 3
		icmp_ln88_1 : 2
		tmp_8 : 1
		icmp_ln88_2 : 2
		icmp_ln89 : 2
		and_ln88 : 3
		and_ln88_1 : 3
		br_ln88 : 3
		or_ln96 : 1
		out_paket_user : 1
		icmp_ln102 : 2
		br_ln102 : 3
		out_x : 1
		store_ln63 : 2
		icmp_ln104 : 2
		add_ln107 : 1
		out_y : 3
		store_ln64 : 4
	State 5
		store_ln37 : 1
		tmp_2 : 1
		icmp_ln67_1 : 1
		xor_ln67_1 : 2
		or_ln67 : 2
		tmp_3 : 1
		icmp_ln67_2 : 1
		xor_ln67_2 : 2
		or_ln67_3 : 2
		icmp_ln67_4 : 1
		xor_ln67_4 : 2
		icmp_ln67_5 : 1
		xor_ln67_5 : 2
		or_ln67_13 : 2
		val_55 : 2
		zext_ln67_4 : 3
		or_ln67_14 : 2
		val_57 : 2
		zext_ln67_5 : 3
		or_ln67_15 : 2
		val_58 : 2
		or_ln67_17 : 2
		val_62 : 2
		zext_ln67_8 : 3
		or_ln67_18 : 2
		val_63 : 2
		zext_ln67_11 : 1
		or_ln67_23 : 2
		val_71 : 2
		zext_ln64_3 : 3
		or_ln67_24 : 2
		val_73 : 2
		zext_ln67_13 : 3
		or_ln67_25 : 2
		val_74 : 2
		or_ln67_27 : 2
		val_78 : 2
		or_ln67_28 : 2
		val_79 : 2
		zext_ln71 : 3
		mul_ln71 : 2
		mul_ln71_4 : 4
		mul_ln71_7 : 4
		mul_ln71_8 : 4
		mul_ln71_18 : 4
		mul_ln71_22 : 4
		mul_ln71_23 : 4
		icmp_ln98 : 1
		store_ln144 : 1
		store_ln144 : 1
		store_ln144 : 1
		store_ln144 : 1
		store_ln66 : 1
		store_ln144 : 1
		store_ln144 : 1
		store_ln66 : 1
		store_ln144 : 1
	State 6
		zext_ln63_2 : 1
		zext_ln63_3 : 1
		zext_ln67_1 : 1
		zext_ln67_10 : 1
		mul_ln71_1 : 2
		mul_ln71_5 : 1
		mul_ln71_11 : 2
		mul_ln71_15 : 2
		mul_ln71_17 : 2
		mul_ln71_19 : 1
		mul_ln71_21 : 1
		store_ln144 : 1
		store_ln144 : 1
		store_ln144 : 1
		store_ln66 : 1
		store_ln144 : 1
		store_ln66 : 1
	State 7
		sext_ln71 : 1
		mul_ln71_2 : 1
		sext_ln71_2 : 2
		mul_ln71_3 : 1
		sext_ln71_3 : 2
		sext_ln71_4 : 1
		mul_ln71_6 : 1
		sext_ln71_6 : 2
		sext_ln71_7 : 1
		sext_ln71_8 : 1
		mul_ln71_9 : 1
		mul_ln71_12 : 1
		mul_ln71_13 : 1
		sext_ln71_13 : 2
		mul_ln71_16 : 1
		sext_ln71_16 : 2
		sext_ln71_18 : 1
		mul_ln71_20 : 1
		sext_ln71_20 : 2
		sext_ln71_22 : 1
		sext_ln71_23 : 1
		mul_ln71_24 : 1
		sext_ln71_24 : 2
		add_ln71 : 3
		add_ln71_2 : 3
		add_ln71_5 : 3
		add_ln71_7 : 3
		add_ln71_16 : 3
		add_ln71_18 : 3
		add_ln71_19 : 3
	State 8
		sext_ln71_1 : 1
		sext_ln71_5 : 1
		mul_ln71_10 : 1
		sext_ln71_10 : 2
		sext_ln71_11 : 1
		mul_ln71_14 : 1
		sext_ln71_14 : 2
		sext_ln71_15 : 1
		sext_ln71_17 : 1
		sext_ln71_19 : 1
		sext_ln71_21 : 1
		sext_ln71_25 : 1
		add_ln71_1 : 2
		sext_ln71_27 : 1
		add_ln71_3 : 2
		sext_ln71_30 : 1
		add_ln71_6 : 2
		sext_ln71_32 : 1
		add_ln71_8 : 2
		add_ln71_11 : 3
		add_ln71_13 : 3
		sext_ln71_41 : 1
		add_ln71_17 : 2
		sext_ln71_43 : 1
		sext_ln71_44 : 1
		add_ln71_20 : 2
	State 9
		sext_ln71_9 : 1
		sext_ln71_12 : 1
		sext_ln71_26 : 1
		sext_ln71_28 : 1
		add_ln71_4 : 2
		sext_ln71_29 : 3
		sext_ln71_31 : 1
		sext_ln71_33 : 1
		add_ln71_9 : 2
		sext_ln71_34 : 3
		add_ln71_10 : 4
		sext_ln71_36 : 1
		add_ln71_12 : 2
		sext_ln71_38 : 1
		add_ln71_14 : 2
		sext_ln71_42 : 1
		add_ln71_21 : 2
	State 10
		sext_ln71_37 : 1
		sext_ln71_39 : 1
		add_ln71_15 : 2
		sext_ln71_40 : 3
		add_ln71_22 : 4
		sext_ln71_47 : 5
		sum : 6
		sext_ln76_2 : 7
		mul_ln76 : 8
	State 11
		ashr_ln76 : 1
		sum_1 : 2
		sum_2 : 3
		trunc_ln57 : 4
		tmp_5 : 4
		sum_3 : 5
		tmp_6 : 6
		icmp_ln82 : 7
		trunc_ln95 : 6
		out_paket_data : 8
		tmp : 9
		zext_ln99 : 10
		write_ln99 : 11


============================================================
+ Verbose Summary: Datapath Resource usage 
============================================================

* Functional unit list:
|----------|-------------------------------|---------|---------|---------|
| Operation|        Functional Unit        |   DSP   |    FF   |   LUT   |
|----------|-------------------------------|---------|---------|---------|
|          |        icmp_ln15_fu_782       |    0    |    0    |    34   |
|          |       icmp_ln165_fu_794       |    0    |    0    |    34   |
|          |       icmp_ln158_fu_800       |    0    |    0    |    34   |
|          |        icmp_ln35_fu_827       |    0    |    0    |    20   |
|          |        icmp_ln42_fu_836       |    0    |    0    |    21   |
|          |        icmp_ln67_fu_888       |    0    |    0    |    21   |
|          |       icmp_ln67_3_fu_905      |    0    |    0    |    20   |
|          |       icmp_ln67_6_fu_930      |    0    |    0    |    21   |
|          |       icmp_ln67_7_fu_947      |    0    |    0    |    20   |
|          |       icmp_ln67_8_fu_958      |    0    |    0    |    21   |
|          |       icmp_ln67_9_fu_975      |    0    |    0    |    21   |
|   icmp   |        icmp_ln88_fu_996       |    0    |    0    |    19   |
|          |      icmp_ln88_1_fu_1002      |    0    |    0    |    21   |
|          |      icmp_ln88_2_fu_1017      |    0    |    0    |    19   |
|          |       icmp_ln89_fu_1023       |    0    |    0    |    21   |
|          |     out_paket_user_fu_1046    |    0    |    0    |    20   |
|          |       icmp_ln102_fu_1052      |    0    |    0    |    21   |
|          |       icmp_ln104_fu_1068      |    0    |    0    |    21   |
|          |      icmp_ln67_1_fu_1146      |    0    |    0    |    21   |
|          |      icmp_ln67_2_fu_1176      |    0    |    0    |    21   |
|          |      icmp_ln67_4_fu_1198      |    0    |    0    |    21   |
|          |      icmp_ln67_5_fu_1214      |    0    |    0    |    21   |
|          |       icmp_ln98_fu_1427       |    0    |    0    |    21   |
|          |       icmp_ln82_fu_2020       |    0    |    0    |    30   |
|----------|-------------------------------|---------|---------|---------|
|          |           i_3_fu_788          |    0    |    0    |    34   |
|          |        add_ln45_fu_841        |    0    |    0    |    20   |
|          |          img_y_fu_874         |    0    |    0    |    20   |
|          |         img_y_6_fu_916        |    0    |    0    |    20   |
|          |         img_y_7_fu_952        |    0    |    0    |    20   |
|          |         img_y_8_fu_969        |    0    |    0    |    20   |
|          |         out_x_fu_1057         |    0    |    0    |    20   |
|          |       add_ln107_fu_1073       |    0    |    0    |    20   |
|          |         img_x_fu_1133         |    0    |    0    |    20   |
|          |        img_x_6_fu_1163        |    0    |    0    |    20   |
|    add   |        img_x_7_fu_1193        |    0    |    0    |    20   |
|          |        img_x_8_fu_1209        |    0    |    0    |    20   |
|          |      add_ln71_20_fu_1868      |    0    |    0    |    24   |
|          |       add_ln71_4_fu_1880      |    0    |    0    |    25   |
|          |       add_ln71_9_fu_1896      |    0    |    0    |    25   |
|          |      add_ln71_10_fu_1906      |    0    |    0    |    26   |
|          |      add_ln71_21_fu_1924      |    0    |    0    |    25   |
|          |      add_ln71_15_fu_1939      |    0    |    0    |    25   |
|          |      add_ln71_22_fu_1952      |    0    |    0    |    26   |
|          |          sum_fu_1962          |    0    |    0    |    27   |
|          |         sum_2_fu_1985         |    0    |    0    |    39   |
|----------|-------------------------------|---------|---------|---------|
|          |        mul_ln76_fu_631        |    2    |    0    |    20   |
|          |       mul_ln71_2_fu_1760      |    0    |    0    |    40   |
|          |       mul_ln71_3_fu_1769      |    0    |    0    |    40   |
|          |       mul_ln71_6_fu_1778      |    0    |    0    |    40   |
|    mul   |      mul_ln71_13_fu_1787      |    0    |    0    |    40   |
|          |      mul_ln71_16_fu_1796      |    0    |    0    |    40   |
|          |      mul_ln71_20_fu_1805      |    0    |    0    |    40   |
|          |      mul_ln71_24_fu_1814      |    0    |    0    |    40   |
|          |      mul_ln71_10_fu_1829      |    0    |    0    |    40   |
|          |      mul_ln71_14_fu_1838      |    0    |    0    |    40   |
|----------|-------------------------------|---------|---------|---------|
|          |           x_3_fu_847          |    0    |    0    |    12   |
|          |         out_y_fu_1079         |    0    |    0    |    12   |
|          |         val_55_fu_1230        |    0    |    0    |    8    |
|          |         val_57_fu_1253        |    0    |    0    |    8    |
|          |         val_58_fu_1271        |    0    |    0    |    8    |
|          |         val_60_fu_1284        |    0    |    0    |    8    |
|          |         val_62_fu_1298        |    0    |    0    |    8    |
|          |         val_63_fu_1316        |    0    |    0    |    8    |
|          |         val_68_fu_1327        |    0    |    0    |    8    |
|          |         val_71_fu_1344        |    0    |    0    |    8    |
|          |         val_73_fu_1360        |    0    |    0    |    8    |
|          |         val_74_fu_1377        |    0    |    0    |    8    |
|          |         val_76_fu_1389        |    0    |    0    |    8    |
|          |         val_78_fu_1402        |    0    |    0    |    8    |
|  select  |         val_79_fu_1415        |    0    |    0    |    8    |
|          |         val_32_fu_1527        |    0    |    0    |    8    |
|          |         val_34_fu_1539        |    0    |    0    |    8    |
|          |         val_38_fu_1555        |    0    |    0    |    8    |
|          |         val_42_fu_1571        |    0    |    0    |    8    |
|          |         val_44_fu_1583        |    0    |    0    |    8    |
|          |         val_48_fu_1595        |    0    |    0    |    8    |
|          |         val_50_fu_1607        |    0    |    0    |    8    |
|          |         val_52_fu_1623        |    0    |    0    |    8    |
|          |         val_54_fu_1635        |    0    |    0    |    8    |
|          |         val_65_fu_1649        |    0    |    0    |    8    |
|          |         val_66_fu_1661        |    0    |    0    |    8    |
|          |         val_70_fu_1676        |    0    |    0    |    8    |
|          |         sum_3_fu_2002         |    0    |    0    |    31   |
|          |     out_paket_data_fu_2030    |    0    |    0    |    8    |
|----------|-------------------------------|---------|---------|---------|
|   ashr   |       ashr_ln76_fu_1976       |    0    |    0    |   155   |
|----------|-------------------------------|---------|---------|---------|
|          |        or_ln67_1_fu_899       |    0    |    0    |    2    |
|          |        or_ln67_8_fu_941       |    0    |    0    |    2    |
|          |        or_ln96_fu_1040        |    0    |    0    |    13   |
|          |        or_ln67_fu_1157        |    0    |    0    |    2    |
|          |       or_ln67_3_fu_1187       |    0    |    0    |    2    |
|          |       or_ln67_13_fu_1225      |    0    |    0    |    2    |
|          |       or_ln67_14_fu_1247      |    0    |    0    |    2    |
|          |       or_ln67_15_fu_1265      |    0    |    0    |    2    |
|          |       or_ln67_16_fu_1279      |    0    |    0    |    2    |
|          |       or_ln67_17_fu_1292      |    0    |    0    |    2    |
|          |       or_ln67_18_fu_1310      |    0    |    0    |    2    |
|          |       or_ln67_21_fu_1323      |    0    |    0    |    2    |
|          |       or_ln67_23_fu_1339      |    0    |    0    |    2    |
|          |       or_ln67_24_fu_1355      |    0    |    0    |    2    |
|    or    |       or_ln67_25_fu_1372      |    0    |    0    |    2    |
|          |       or_ln67_26_fu_1385      |    0    |    0    |    2    |
|          |       or_ln67_27_fu_1397      |    0    |    0    |    2    |
|          |       or_ln67_28_fu_1410      |    0    |    0    |    2    |
|          |       or_ln67_2_fu_1523       |    0    |    0    |    2    |
|          |       or_ln67_4_fu_1535       |    0    |    0    |    2    |
|          |       or_ln67_5_fu_1551       |    0    |    0    |    2    |
|          |       or_ln67_6_fu_1567       |    0    |    0    |    2    |
|          |       or_ln67_7_fu_1579       |    0    |    0    |    2    |
|          |       or_ln67_9_fu_1591       |    0    |    0    |    2    |
|          |       or_ln67_10_fu_1603      |    0    |    0    |    2    |
|          |       or_ln67_11_fu_1619      |    0    |    0    |    2    |
|          |       or_ln67_12_fu_1631      |    0    |    0    |    2    |
|          |       or_ln67_19_fu_1645      |    0    |    0    |    2    |
|          |       or_ln67_20_fu_1657      |    0    |    0    |    2    |
|          |       or_ln67_22_fu_1672      |    0    |    0    |    2    |
|----------|-------------------------------|---------|---------|---------|
|          |        xor_ln67_fu_893        |    0    |    0    |    2    |
|          |       xor_ln67_3_fu_910       |    0    |    0    |    2    |
|          |       xor_ln67_6_fu_935       |    0    |    0    |    2    |
|          |       xor_ln67_8_fu_963       |    0    |    0    |    2    |
|    xor   |       xor_ln67_9_fu_980       |    0    |    0    |    2    |
|          |       xor_ln67_1_fu_1151      |    0    |    0    |    2    |
|          |       xor_ln67_2_fu_1181      |    0    |    0    |    2    |
|          |       xor_ln67_4_fu_1203      |    0    |    0    |    2    |
|          |       xor_ln67_5_fu_1219      |    0    |    0    |    2    |
|          |       xor_ln67_7_fu_1242      |    0    |    0    |    2    |
|----------|-------------------------------|---------|---------|---------|
|          |          grp_fu_2053          |    1    |    0    |    0    |
|          |          grp_fu_2061          |    1    |    0    |    0    |
|          |          grp_fu_2069          |    1    |    0    |    0    |
|          |          grp_fu_2077          |    1    |    0    |    0    |
|          |          grp_fu_2085          |    1    |    0    |    0    |
|          |          grp_fu_2093          |    1    |    0    |    0    |
|          |          grp_fu_2101          |    1    |    0    |    0    |
|  muladd  |          grp_fu_2109          |    1    |    0    |    0    |
|          |          grp_fu_2117          |    1    |    0    |    0    |
|          |          grp_fu_2125          |    1    |    0    |    0    |
|          |          grp_fu_2133          |    1    |    0    |    0    |
|          |          grp_fu_2141          |    1    |    0    |    0    |
|          |          grp_fu_2149          |    1    |    0    |    0    |
|          |          grp_fu_2157          |    1    |    0    |    0    |
|          |          grp_fu_2165          |    1    |    0    |    0    |
|          |          grp_fu_2173          |    1    |    0    |    0    |
|----------|-------------------------------|---------|---------|---------|
|    and   |        and_ln88_fu_1028       |    0    |    0    |    2    |
|          |       and_ln88_1_fu_1034      |    0    |    0    |    2    |
|----------|-------------------------------|---------|---------|---------|
|          |   add_ln98_read_read_fu_302   |    0    |    0    |    0    |
|          |  borderType_read_read_fu_308  |    0    |    0    |    0    |
|          |     delta_read_read_fu_314    |    0    |    0    |    0    |
|          |  zext_ln104_read_read_fu_320  |    0    |    0    |    0    |
|          |  sext_ln76_1_read_read_fu_326 |    0    |    0    |    0    |
|          | sext_ln72_18_read_read_fu_332 |    0    |    0    |    0    |
|          | sext_ln72_19_read_read_fu_338 |    0    |    0    |    0    |
|          | sext_ln72_20_read_read_fu_344 |    0    |    0    |    0    |
|          | sext_ln72_21_read_read_fu_350 |    0    |    0    |    0    |
|          | sext_ln72_22_read_read_fu_356 |    0    |    0    |    0    |
|          | sext_ln72_23_read_read_fu_362 |    0    |    0    |    0    |
|          |   sext_ln76_read_read_fu_368  |    0    |    0    |    0    |
|          |  sext_ln72_1_read_read_fu_374 |    0    |    0    |    0    |
|          |   sext_ln72_read_read_fu_380  |    0    |    0    |    0    |
|          |  sext_ln72_2_read_read_fu_386 |    0    |    0    |    0    |
|          |  sext_ln72_3_read_read_fu_392 |    0    |    0    |    0    |
|          |  sext_ln72_4_read_read_fu_398 |    0    |    0    |    0    |
|          |  sext_ln72_5_read_read_fu_404 |    0    |    0    |    0    |
|          |  sext_ln72_6_read_read_fu_410 |    0    |    0    |    0    |
|          |  sext_ln72_7_read_read_fu_416 |    0    |    0    |    0    |
|   read   |  sext_ln72_8_read_read_fu_422 |    0    |    0    |    0    |
|          |  sext_ln72_9_read_read_fu_428 |    0    |    0    |    0    |
|          | sext_ln72_10_read_read_fu_434 |    0    |    0    |    0    |
|          | sext_ln72_11_read_read_fu_440 |    0    |    0    |    0    |
|          | sext_ln72_12_read_read_fu_446 |    0    |    0    |    0    |
|          | sext_ln72_13_read_read_fu_452 |    0    |    0    |    0    |
|          | sext_ln72_14_read_read_fu_458 |    0    |    0    |    0    |
|          | sext_ln72_15_read_read_fu_464 |    0    |    0    |    0    |
|          | sext_ln72_16_read_read_fu_470 |    0    |    0    |    0    |
|          | sext_ln72_17_read_read_fu_476 |    0    |    0    |    0    |
|          |    height_read_read_fu_482    |    0    |    0    |    0    |
|          |  zext_ln149_read_read_fu_488  |    0    |    0    |    0    |
|          |   zext_ln72_read_read_fu_494  |    0    |    0    |    0    |
|          |   add_ln89_read_read_fu_500   |    0    |    0    |    0    |
|          |   add_ln88_read_read_fu_506   |    0    |    0    |    0    |
|          |   add_ln104_read_read_fu_512  |    0    |    0    |    0    |
|          |     width_read_read_fu_518    |    0    |    0    |    0    |
|          |   add_ln42_read_read_fu_524   |    0    |    0    |    0    |
|          | total_cycles_read_read_fu_530 |    0    |    0    |    0    |
|          | flush_cycles_read_read_fu_536 |    0    |    0    |    0    |
|          | total_pixels_read_read_fu_542 |    0    |    0    |    0    |
|          | s_axis_video_read_read_fu_548 |    0    |    0    |    0    |
|----------|-------------------------------|---------|---------|---------|
|   write  |    write_ln99_write_fu_554    |    0    |    0    |    0    |
|----------|-------------------------------|---------|---------|---------|
|          |     zext_ln104_cast_fu_635    |    0    |    0    |    0    |
|          |     zext_ln149_cast_fu_743    |    0    |    0    |    0    |
|          |     zext_ln72_cast_fu_747     |    0    |    0    |    0    |
|          |       zext_ln150_fu_751       |    0    |    0    |    0    |
|          |      zext_ln150_1_fu_755      |    0    |    0    |    0    |
|          |        zext_ln31_fu_819       |    0    |    0    |    0    |
|          |        zext_ln42_fu_832       |    0    |    0    |    0    |
|          |        zext_ln63_fu_866       |    0    |    0    |    0    |
|          |        zext_ln64_fu_870       |    0    |    0    |    0    |
|          |      zext_ln67_4_fu_1238      |    0    |    0    |    0    |
|          |      zext_ln67_5_fu_1261      |    0    |    0    |    0    |
|          |      zext_ln67_8_fu_1306      |    0    |    0    |    0    |
|          |      zext_ln67_11_fu_1335     |    0    |    0    |    0    |
|          |      zext_ln64_3_fu_1351      |    0    |    0    |    0    |
|          |      zext_ln67_13_fu_1368     |    0    |    0    |    0    |
|          |       zext_ln71_fu_1423       |    0    |    0    |    0    |
|          |      zext_ln63_2_fu_1547      |    0    |    0    |    0    |
|   zext   |      zext_ln63_3_fu_1563      |    0    |    0    |    0    |
|          |      zext_ln67_1_fu_1615      |    0    |    0    |    0    |
|          |      zext_ln67_7_fu_1642      |    0    |    0    |    0    |
|          |      zext_ln67_10_fu_1668     |    0    |    0    |    0    |
|          |      zext_ln67_14_fu_1683     |    0    |    0    |    0    |
|          |      zext_ln67_16_fu_1686     |    0    |    0    |    0    |
|          |      zext_ln63_1_fu_1733      |    0    |    0    |    0    |
|          |      zext_ln64_1_fu_1736      |    0    |    0    |    0    |
|          |       zext_ln67_fu_1739       |    0    |    0    |    0    |
|          |      zext_ln67_3_fu_1742      |    0    |    0    |    0    |
|          |      zext_ln67_6_fu_1745      |    0    |    0    |    0    |
|          |      zext_ln64_2_fu_1748      |    0    |    0    |    0    |
|          |      zext_ln67_9_fu_1751      |    0    |    0    |    0    |
|          |      zext_ln67_12_fu_1754     |    0    |    0    |    0    |
|          |      zext_ln67_15_fu_1757     |    0    |    0    |    0    |
|          |      zext_ln63_4_fu_1823      |    0    |    0    |    0    |
|          |      zext_ln67_2_fu_1826      |    0    |    0    |    0    |
|          |       zext_ln99_fu_2048       |    0    |    0    |    0    |
|----------|-------------------------------|---------|---------|---------|
|          |    sext_ln76_1_cast_fu_639    |    0    |    0    |    0    |
|          |    sext_ln72_18_cast_fu_643   |    0    |    0    |    0    |
|          |    sext_ln72_19_cast_fu_647   |    0    |    0    |    0    |
|          |    sext_ln72_20_cast_fu_651   |    0    |    0    |    0    |
|          |    sext_ln72_21_cast_fu_655   |    0    |    0    |    0    |
|          |    sext_ln72_22_cast_fu_659   |    0    |    0    |    0    |
|          |    sext_ln72_23_cast_fu_663   |    0    |    0    |    0    |
|          |     sext_ln76_cast_fu_667     |    0    |    0    |    0    |
|          |    sext_ln72_1_cast_fu_671    |    0    |    0    |    0    |
|          |     sext_ln72_cast_fu_675     |    0    |    0    |    0    |
|          |    sext_ln72_2_cast_fu_679    |    0    |    0    |    0    |
|          |    sext_ln72_3_cast_fu_683    |    0    |    0    |    0    |
|          |    sext_ln72_4_cast_fu_687    |    0    |    0    |    0    |
|          |    sext_ln72_5_cast_fu_691    |    0    |    0    |    0    |
|          |    sext_ln72_6_cast_fu_695    |    0    |    0    |    0    |
|          |    sext_ln72_7_cast_fu_699    |    0    |    0    |    0    |
|          |    sext_ln72_8_cast_fu_703    |    0    |    0    |    0    |
|          |    sext_ln72_9_cast_fu_707    |    0    |    0    |    0    |
|          |    sext_ln72_10_cast_fu_711   |    0    |    0    |    0    |
|          |    sext_ln72_11_cast_fu_715   |    0    |    0    |    0    |
|          |    sext_ln72_12_cast_fu_719   |    0    |    0    |    0    |
|          |    sext_ln72_13_cast_fu_723   |    0    |    0    |    0    |
|          |    sext_ln72_14_cast_fu_727   |    0    |    0    |    0    |
|          |    sext_ln72_15_cast_fu_731   |    0    |    0    |    0    |
|          |    sext_ln72_16_cast_fu_735   |    0    |    0    |    0    |
|          |    sext_ln72_17_cast_fu_739   |    0    |    0    |    0    |
|          |      sext_ln71_2_fu_1765      |    0    |    0    |    0    |
|          |      sext_ln71_3_fu_1774      |    0    |    0    |    0    |
|          |      sext_ln71_6_fu_1783      |    0    |    0    |    0    |
|   sext   |      sext_ln71_13_fu_1792     |    0    |    0    |    0    |
|          |      sext_ln71_16_fu_1801     |    0    |    0    |    0    |
|          |      sext_ln71_20_fu_1810     |    0    |    0    |    0    |
|          |      sext_ln71_24_fu_1819     |    0    |    0    |    0    |
|          |      sext_ln71_10_fu_1834     |    0    |    0    |    0    |
|          |      sext_ln71_14_fu_1843     |    0    |    0    |    0    |
|          |      sext_ln71_25_fu_1847     |    0    |    0    |    0    |
|          |      sext_ln71_27_fu_1850     |    0    |    0    |    0    |
|          |      sext_ln71_30_fu_1853     |    0    |    0    |    0    |
|          |      sext_ln71_32_fu_1856     |    0    |    0    |    0    |
|          |      sext_ln71_41_fu_1859     |    0    |    0    |    0    |
|          |      sext_ln71_43_fu_1862     |    0    |    0    |    0    |
|          |      sext_ln71_44_fu_1865     |    0    |    0    |    0    |
|          |      sext_ln71_26_fu_1874     |    0    |    0    |    0    |
|          |      sext_ln71_28_fu_1877     |    0    |    0    |    0    |
|          |      sext_ln71_29_fu_1886     |    0    |    0    |    0    |
|          |      sext_ln71_31_fu_1890     |    0    |    0    |    0    |
|          |      sext_ln71_33_fu_1893     |    0    |    0    |    0    |
|          |      sext_ln71_34_fu_1902     |    0    |    0    |    0    |
|          |      sext_ln71_36_fu_1912     |    0    |    0    |    0    |
|          |      sext_ln71_38_fu_1915     |    0    |    0    |    0    |
|          |      sext_ln71_42_fu_1918     |    0    |    0    |    0    |
|          |      sext_ln71_45_fu_1921     |    0    |    0    |    0    |
|          |      sext_ln71_35_fu_1930     |    0    |    0    |    0    |
|          |      sext_ln71_37_fu_1933     |    0    |    0    |    0    |
|          |      sext_ln71_39_fu_1936     |    0    |    0    |    0    |
|          |      sext_ln71_40_fu_1945     |    0    |    0    |    0    |
|          |      sext_ln71_46_fu_1949     |    0    |    0    |    0    |
|          |      sext_ln71_47_fu_1958     |    0    |    0    |    0    |
|          |      sext_ln76_2_fu_1968      |    0    |    0    |    0    |
|          |      sext_ln76_3_fu_1973      |    0    |    0    |    0    |
|----------|-------------------------------|---------|---------|---------|
|          |        new_pixel_fu_814       |    0    |    0    |    0    |
|   trunc  |         sum_1_fu_1981         |    0    |    0    |    0    |
|          |       trunc_ln57_fu_1990      |    0    |    0    |    0    |
|          |       trunc_ln95_fu_2026      |    0    |    0    |    0    |
|----------|-------------------------------|---------|---------|---------|
|          |          tmp_1_fu_880         |    0    |    0    |    0    |
|          |          tmp_4_fu_922         |    0    |    0    |    0    |
| bitselect|         tmp_2_fu_1138         |    0    |    0    |    0    |
|          |         tmp_3_fu_1168         |    0    |    0    |    0    |
|          |         tmp_5_fu_1994         |    0    |    0    |    0    |
|----------|-------------------------------|---------|---------|---------|
|          |          tmp_7_fu_986         |    0    |    0    |    0    |
|partselect|         tmp_8_fu_1007         |    0    |    0    |    0    |
|          |         tmp_6_fu_2010         |    0    |    0    |    0    |
|----------|-------------------------------|---------|---------|---------|
|bitconcatenate|          tmp_fu_2038          |    0    |    0    |    0    |
|----------|-------------------------------|---------|---------|---------|
|   Total  |                               |    18   |    0    |   1933  |
|----------|-------------------------------|---------|---------|---------|

Memories:
+-------------+--------+--------+--------+--------+
|             |  BRAM  |   FF   |   LUT  |  URAM  |
+-------------+--------+--------+--------+--------+
| line_buffer |    4   |    0   |    0   |    0   |
|line_buffer_1|    4   |    0   |    0   |    0   |
|line_buffer_2|    4   |    0   |    0   |    0   |
|line_buffer_3|    4   |    0   |    0   |    0   |
+-------------+--------+--------+--------+--------+
|    Total    |   16   |    0   |    0   |    0   |
+-------------+--------+--------+--------+--------+

* Register list:
+---------------------------+--------+
|                           |   FF   |
+---------------------------+--------+
|  add_ln104_read_reg_2364  |   14   |
|    add_ln42_pn_reg_622    |   14   |
|   add_ln42_read_reg_2375  |   14   |
|    add_ln71_10_reg_2929   |   20   |
|    add_ln71_20_reg_2924   |   18   |
|    add_ln71_21_reg_2944   |   19   |
|   add_ln88_read_reg_2359  |   14   |
|   add_ln89_read_reg_2354  |   14   |
|   add_ln98_read_reg_2335  |   14   |
|    and_ln88_1_reg_2644    |    1   |
|  borderType_read_reg_2340 |    1   |
|    delta_read_reg_2344    |   32   |
|    height_read_reg_2349   |   13   |
|         i_reg_2253        |   27   |
|    icmp_ln158_reg_2541    |    1   |
|     icmp_ln15_reg_2533    |    1   |
|    icmp_ln165_reg_2537    |    1   |
|     icmp_ln35_reg_2565    |    1   |
|    icmp_ln67_7_reg_2617   |    1   |
|     icmp_ln88_reg_2640    |    1   |
|     icmp_ln98_reg_2764    |    1   |
|      img_x_2_reg_2267     |   13   |
|      img_y_2_reg_2260     |   13   |
|line_buffer_1_addr_reg_2550|   13   |
|line_buffer_2_addr_reg_2555|   13   |
|line_buffer_3_addr_reg_2560|   13   |
| line_buffer_addr_reg_2545 |   13   |
|     mul_ln76_reg_2949     |   52   |
|     or_ln67_1_reg_2590    |    1   |
|     or_ln67_3_reg_2680    |    1   |
|     or_ln67_8_reg_2608    |    1   |
|      or_ln67_reg_2673     |    1   |
|  out_paket_user_reg_2648  |    1   |
|   sext_ln71_10_reg_2889   |   17   |
|   sext_ln71_13_reg_2869   |   17   |
|   sext_ln71_14_reg_2894   |   17   |
|   sext_ln71_16_reg_2874   |   17   |
|   sext_ln71_20_reg_2879   |   17   |
|   sext_ln71_24_reg_2884   |   17   |
|   sext_ln71_25_reg_2899   |   18   |
|   sext_ln71_27_reg_2904   |   18   |
|    sext_ln71_2_reg_2854   |   17   |
|   sext_ln71_30_reg_2909   |   18   |
|   sext_ln71_32_reg_2914   |   18   |
|   sext_ln71_36_reg_2934   |   18   |
|   sext_ln71_38_reg_2939   |   18   |
|    sext_ln71_3_reg_2859   |   17   |
|   sext_ln71_41_reg_2919   |   18   |
|    sext_ln71_6_reg_2864   |   17   |
| sext_ln72_10_cast_reg_2477|   16   |
| sext_ln72_11_cast_reg_2482|   16   |
| sext_ln72_12_cast_reg_2487|   16   |
| sext_ln72_13_cast_reg_2492|   16   |
| sext_ln72_14_cast_reg_2497|   16   |
| sext_ln72_15_cast_reg_2502|   16   |
| sext_ln72_16_cast_reg_2507|   16   |
| sext_ln72_17_cast_reg_2512|   16   |
| sext_ln72_18_cast_reg_2392|   16   |
| sext_ln72_19_cast_reg_2397|   16   |
| sext_ln72_1_cast_reg_2427 |   16   |
| sext_ln72_20_cast_reg_2402|   16   |
| sext_ln72_21_cast_reg_2407|   16   |
| sext_ln72_22_cast_reg_2412|   16   |
| sext_ln72_23_cast_reg_2417|   16   |
| sext_ln72_2_cast_reg_2437 |   16   |
| sext_ln72_3_cast_reg_2442 |   16   |
| sext_ln72_4_cast_reg_2447 |   16   |
| sext_ln72_5_cast_reg_2452 |   16   |
| sext_ln72_6_cast_reg_2457 |   16   |
| sext_ln72_7_cast_reg_2462 |   16   |
| sext_ln72_8_cast_reg_2467 |   16   |
| sext_ln72_9_cast_reg_2472 |   16   |
|  sext_ln72_cast_reg_2432  |   16   |
| sext_ln76_1_cast_reg_2387 |   52   |
|  sext_ln76_cast_reg_2422  |   16   |
|       val_2_reg_2208      |    8   |
|      val_32_reg_2769      |    8   |
|      val_42_reg_2784      |    8   |
|      val_44_reg_2789      |    8   |
|      val_48_reg_2794      |    8   |
|       val_4_reg_2221      |    8   |
|      val_51_reg_2667      |    8   |
|      val_52_reg_2804      |    8   |
|      val_54_reg_2809      |    8   |
|      val_58_reg_2709      |    8   |
|      val_60_reg_2714      |    8   |
|      val_63_reg_2724      |    8   |
|      val_64_reg_2661      |    8   |
|      val_65_reg_2819      |    8   |
|      val_67_reg_2656      |    8   |
|       val_6_reg_2234      |    8   |
|      val_70_reg_2829      |    8   |
|      val_74_reg_2744      |    8   |
|      val_76_reg_2749      |    8   |
|      val_78_reg_2754      |    8   |
|       val_8_reg_2247      |    8   |
|        val_reg_2195       |    8   |
|    width_read_reg_2369    |   13   |
|     window_10_reg_2305    |    8   |
|     window_11_reg_2311    |    8   |
|     window_12_reg_2317    |    8   |
|     window_13_reg_2323    |    8   |
|     window_14_reg_2329    |    8   |
|     window_1_reg_2201     |    8   |
|     window_2_reg_2214     |    8   |
|     window_36_reg_2575    |    8   |
|     window_37_reg_2569    |    8   |
|     window_38_reg_609     |    8   |
|     window_3_reg_2227     |    8   |
|     window_4_reg_2240     |    8   |
|     window_5_reg_2275     |    8   |
|     window_6_reg_2281     |    8   |
|     window_7_reg_2287     |    8   |
|     window_8_reg_2293     |    8   |
|     window_9_reg_2299     |    8   |
|      window_reg_2188      |    8   |
|         x_reg_2181        |   13   |
|    xor_ln67_3_reg_2599    |    1   |
|    xor_ln67_4_reg_2687    |    1   |
|    xor_ln67_5_reg_2694    |    1   |
|    xor_ln67_8_reg_2622    |    1   |
|    xor_ln67_9_reg_2631    |    1   |
|  zext_ln104_cast_reg_2382 |   63   |
|  zext_ln149_cast_reg_2517 |   14   |
|    zext_ln63_2_reg_2774   |   16   |
|    zext_ln63_3_reg_2779   |   16   |
|     zext_ln63_reg_2581    |   14   |
|    zext_ln64_3_reg_2734   |   16   |
|   zext_ln67_10_reg_2824   |   16   |
|   zext_ln67_11_reg_2729   |   16   |
|   zext_ln67_13_reg_2739   |   16   |
|   zext_ln67_14_reg_2834   |   16   |
|   zext_ln67_16_reg_2839   |   16   |
|    zext_ln67_1_reg_2799   |   16   |
|    zext_ln67_3_reg_2849   |   16   |
|    zext_ln67_4_reg_2699   |   16   |
|    zext_ln67_5_reg_2704   |   16   |
|    zext_ln67_7_reg_2814   |   16   |
|    zext_ln67_8_reg_2719   |   16   |
|     zext_ln67_reg_2844    |   16   |
|     zext_ln71_reg_2759    |   16   |
|  zext_ln72_cast_reg_2525  |   14   |
+---------------------------+--------+
|           Total           |  1800  |
+---------------------------+--------+

* Multiplexer (MUX) list: 
|-------------------|------|------|------|--------||---------||---------||---------|
|        Comp       |  Pin | Size |  BW  | S x BW ||  Delay  ||    FF   ||   LUT   |
|-------------------|------|------|------|--------||---------||---------||---------|
| grp_access_fu_585 |  p0  |   2  |  13  |   26   ||    0    ||    9    |
| window_38_reg_609 |  p0  |   2  |   8  |   16   ||    0    ||    9    |
|    grp_fu_2053    |  p0  |   3  |   8  |   24   ||    0    ||    14   |
|    grp_fu_2061    |  p0  |   3  |   8  |   24   ||    0    ||    14   |
|    grp_fu_2069    |  p0  |   3  |   8  |   24   ||    0    ||    14   |
|    grp_fu_2077    |  p0  |   3  |   8  |   24   ||    0    ||    14   |
|    grp_fu_2085    |  p0  |   3  |   8  |   24   ||    0    ||    14   |
|    grp_fu_2093    |  p0  |   3  |   8  |   24   ||    0    ||    14   |
|    grp_fu_2101    |  p0  |   3  |   8  |   24   ||    0    ||    14   |
|    grp_fu_2109    |  p0  |   3  |   8  |   24   ||    0    ||    14   |
|    grp_fu_2117    |  p0  |   3  |   8  |   24   ||    0    ||    14   |
|    grp_fu_2125    |  p0  |   3  |   8  |   24   ||    0    ||    14   |
|    grp_fu_2133    |  p0  |   3  |   8  |   24   ||    0    ||    14   |
|    grp_fu_2141    |  p0  |   3  |   8  |   24   ||    0    ||    14   |
|    grp_fu_2149    |  p0  |   3  |   8  |   24   ||    0    ||    14   |
|    grp_fu_2157    |  p0  |   3  |   8  |   24   ||    0    ||    14   |
|    grp_fu_2165    |  p0  |   3  |   8  |   24   ||    0    ||    14   |
|    grp_fu_2173    |  p0  |   3  |   8  |   24   ||    0    ||    14   |
|-------------------|------|------|------|--------||---------||---------||---------|
|       Total       |      |      |      |   426  ||   8.47  ||    0    ||   242   |
|-------------------|------|------|------|--------||---------||---------||---------|



* Summary:
+-----------+--------+--------+--------+--------+--------+--------+
|           |  BRAM  |   DSP  |  Delay |   FF   |   LUT  |  URAM  |
+-----------+--------+--------+--------+--------+--------+--------+
|  Function |    -   |   18   |    -   |    0   |  1933  |    -   |
|   Memory  |   16   |    -   |    -   |    0   |    0   |    0   |
|Multiplexer|    -   |    -   |    8   |    0   |   242  |    -   |
|  Register |    -   |    -   |    -   |  1800  |    -   |    -   |
+-----------+--------+--------+--------+--------+--------+--------+
|   Total   |   16   |   18   |    8   |  1800  |  2175  |    0   |
+-----------+--------+--------+--------+--------+--------+--------+
