

================================================================
== Vitis HLS Report for 'hls_filter_2d_Pipeline_VITIS_LOOP_158_1'
================================================================
* Date:           Thu Jun 25 11:18:34 2026

* Version:        2025.2 (Build 6295257 on Nov 14 2025)
* Project:        filter_2d
* Solution:       hls (Vivado IP Flow Target)
* Product family: zynquplus
* Target device:  xck26-sfvc784-2LV-c


================================================================
== Performance Estimates
================================================================
+ Timing: 
    * Summary: 
    +--------+----------+----------+------------+
    |  Clock |  Target  | Estimated| Uncertainty|
    +--------+----------+----------+------------+
    |ap_clk  |  10.00 ns|  6.716 ns|     2.70 ns|
    +--------+----------+----------+------------+

+ Latency: 
    * Summary: 
    +---------+----------+----------+-----------+-----+-----+-------------------+
    |  Latency (cycles)  |  Latency (absolute)  |  Interval |      Pipeline     |
    |   min   |    max   |    min   |    max    | min | max |        Type       |
    +---------+----------+----------+-----------+-----+-----+-------------------+
    |       13|  67108876|  0.130 us|  0.671 sec|    0|    0|  loop pipeline stp|
    +---------+----------+----------+-----------+-----+-----+-------------------+

    + Detail: 
        * Instance: 
        N/A

        * Loop: 
        +--------------------+---------+----------+----------+-----------+-----------+--------------+----------+
        |                    |  Latency (cycles)  | Iteration|  Initiation Interval  |     Trip     |          |
        |      Loop Name     |   min   |    max   |  Latency |  achieved |   target  |     Count    | Pipelined|
        +--------------------+---------+----------+----------+-----------+-----------+--------------+----------+
        |- VITIS_LOOP_158_1  |       11|  67108874|        11|          1|          1|  2 ~ 67108865|       yes|
        +--------------------+---------+----------+----------+-----------+-----------+--------------+----------+

============================================================
+ Verbose Summary: Synthesis Manager
============================================================
InlineROM: 1
ExposeGlobal: 0
============================================================
+ Verbose Summary: CDFG Model
============================================================
IsTopModel: 0
ResetActiveHigh: 1
IsCombinational: 0
IsDatapathOnly: 0
HasWiredReturn: 1
HasMFsm: 2
HasVarLatency: 1
IsPipeline: 0
IsRtlPipelined: 0
IsInstanceOverlapped: 0
IsDontTouch: 0
HasImplIP: 0
IsGatedGlobalClock: 0

+ Individual pipeline summary: 
  * Pipeline-0: initiation interval (II) = 1, depth = 11


============================================================
+ Verbose Summary: Schedule
============================================================
* Number of FSM states : 11
* Pipeline : 1
  Pipeline-0 : II = 1, D = 11, States = { 1 2 3 4 5 6 7 8 9 10 11 }
* Dataflow Pipeline: 0

* FSM state transitions: 
1 --> 2 
2 --> 3 
3 --> 4 
4 --> 5 
5 --> 6 
6 --> 7 
7 --> 8 
8 --> 9 
9 --> 10 
10 --> 11 
11 --> 

* FSM state operations: 

State 1 <SV = 0> <Delay = 2.35>
ST_1 : Operation 14 [1/1] (0.00ns)   --->   "%x = alloca i32 1" [hls_filter_2d.cpp:153]   --->   Operation 14 'alloca' 'x' <Predicate = true> <Delay = 0.00>
ST_1 : Operation 15 [1/1] (0.00ns)   --->   "%window = alloca i32 1" [hls_filter_2d.cpp:144]   --->   Operation 15 'alloca' 'window' <Predicate = true> <Delay = 0.00>
ST_1 : Operation 16 [1/1] (0.00ns)   --->   "%val = alloca i32 1" [hls_filter_2d.cpp:66->hls_filter_2d.cpp:167]   --->   Operation 16 'alloca' 'val' <Predicate = true> <Delay = 0.00>
ST_1 : Operation 17 [1/1] (0.00ns)   --->   "%window_1 = alloca i32 1" [hls_filter_2d.cpp:144]   --->   Operation 17 'alloca' 'window_1' <Predicate = true> <Delay = 0.00>
ST_1 : Operation 18 [1/1] (0.00ns)   --->   "%val_2 = alloca i32 1" [hls_filter_2d.cpp:66->hls_filter_2d.cpp:167]   --->   Operation 18 'alloca' 'val_2' <Predicate = true> <Delay = 0.00>
ST_1 : Operation 19 [1/1] (0.00ns)   --->   "%window_2 = alloca i32 1" [hls_filter_2d.cpp:144]   --->   Operation 19 'alloca' 'window_2' <Predicate = true> <Delay = 0.00>
ST_1 : Operation 20 [1/1] (0.00ns)   --->   "%val_4 = alloca i32 1" [hls_filter_2d.cpp:66->hls_filter_2d.cpp:167]   --->   Operation 20 'alloca' 'val_4' <Predicate = true> <Delay = 0.00>
ST_1 : Operation 21 [1/1] (0.00ns)   --->   "%window_3 = alloca i32 1" [hls_filter_2d.cpp:144]   --->   Operation 21 'alloca' 'window_3' <Predicate = true> <Delay = 0.00>
ST_1 : Operation 22 [1/1] (0.00ns)   --->   "%val_6 = alloca i32 1" [hls_filter_2d.cpp:66->hls_filter_2d.cpp:167]   --->   Operation 22 'alloca' 'val_6' <Predicate = true> <Delay = 0.00>
ST_1 : Operation 23 [1/1] (0.00ns)   --->   "%window_4 = alloca i32 1" [hls_filter_2d.cpp:144]   --->   Operation 23 'alloca' 'window_4' <Predicate = true> <Delay = 0.00>
ST_1 : Operation 24 [1/1] (0.00ns)   --->   "%val_8 = alloca i32 1" [hls_filter_2d.cpp:66->hls_filter_2d.cpp:167]   --->   Operation 24 'alloca' 'val_8' <Predicate = true> <Delay = 0.00>
ST_1 : Operation 25 [1/1] (0.00ns)   --->   "%i = alloca i32 1" [hls_filter_2d.cpp:11->hls_filter_2d.cpp:162]   --->   Operation 25 'alloca' 'i' <Predicate = true> <Delay = 0.00>
ST_1 : Operation 26 [1/1] (0.00ns)   --->   "%img_y_2 = alloca i32 1" [hls_filter_2d.cpp:64->hls_filter_2d.cpp:167]   --->   Operation 26 'alloca' 'img_y_2' <Predicate = true> <Delay = 0.00>
ST_1 : Operation 27 [1/1] (0.00ns)   --->   "%img_x_2 = alloca i32 1" [hls_filter_2d.cpp:63->hls_filter_2d.cpp:167]   --->   Operation 27 'alloca' 'img_x_2' <Predicate = true> <Delay = 0.00>
ST_1 : Operation 28 [1/1] (0.00ns)   --->   "%window_5 = alloca i32 1" [hls_filter_2d.cpp:144]   --->   Operation 28 'alloca' 'window_5' <Predicate = true> <Delay = 0.00>
ST_1 : Operation 29 [1/1] (0.00ns)   --->   "%window_6 = alloca i32 1" [hls_filter_2d.cpp:144]   --->   Operation 29 'alloca' 'window_6' <Predicate = true> <Delay = 0.00>
ST_1 : Operation 30 [1/1] (0.00ns)   --->   "%window_7 = alloca i32 1" [hls_filter_2d.cpp:144]   --->   Operation 30 'alloca' 'window_7' <Predicate = true> <Delay = 0.00>
ST_1 : Operation 31 [1/1] (0.00ns)   --->   "%window_8 = alloca i32 1" [hls_filter_2d.cpp:144]   --->   Operation 31 'alloca' 'window_8' <Predicate = true> <Delay = 0.00>
ST_1 : Operation 32 [1/1] (0.00ns)   --->   "%window_9 = alloca i32 1" [hls_filter_2d.cpp:144]   --->   Operation 32 'alloca' 'window_9' <Predicate = true> <Delay = 0.00>
ST_1 : Operation 33 [1/1] (0.00ns)   --->   "%window_10 = alloca i32 1" [hls_filter_2d.cpp:144]   --->   Operation 33 'alloca' 'window_10' <Predicate = true> <Delay = 0.00>
ST_1 : Operation 34 [1/1] (0.00ns)   --->   "%window_11 = alloca i32 1" [hls_filter_2d.cpp:144]   --->   Operation 34 'alloca' 'window_11' <Predicate = true> <Delay = 0.00>
ST_1 : Operation 35 [1/1] (0.00ns)   --->   "%window_12 = alloca i32 1" [hls_filter_2d.cpp:144]   --->   Operation 35 'alloca' 'window_12' <Predicate = true> <Delay = 0.00>
ST_1 : Operation 36 [1/1] (0.00ns)   --->   "%window_13 = alloca i32 1" [hls_filter_2d.cpp:144]   --->   Operation 36 'alloca' 'window_13' <Predicate = true> <Delay = 0.00>
ST_1 : Operation 37 [1/1] (0.00ns)   --->   "%window_14 = alloca i32 1" [hls_filter_2d.cpp:144]   --->   Operation 37 'alloca' 'window_14' <Predicate = true> <Delay = 0.00>
ST_1 : Operation 38 [1/1] (0.00ns)   --->   "%add_ln98_read = read i14 @_ssdm_op_Read.ap_auto.i14, i14 %add_ln98"   --->   Operation 38 'read' 'add_ln98_read' <Predicate = true> <Delay = 0.00>
ST_1 : Operation 39 [1/1] (0.00ns)   --->   "%borderType_read = read i1 @_ssdm_op_Read.ap_auto.i1, i1 %borderType"   --->   Operation 39 'read' 'borderType_read' <Predicate = true> <Delay = 0.00>
ST_1 : Operation 40 [1/1] (0.00ns)   --->   "%delta_read = read i32 @_ssdm_op_Read.ap_auto.i32, i32 %delta"   --->   Operation 40 'read' 'delta_read' <Predicate = true> <Delay = 0.00>
ST_1 : Operation 41 [1/1] (0.00ns)   --->   "%zext_ln104_read = read i5 @_ssdm_op_Read.ap_auto.i5, i5 %zext_ln104"   --->   Operation 41 'read' 'zext_ln104_read' <Predicate = true> <Delay = 0.00>
ST_1 : Operation 42 [1/1] (0.00ns)   --->   "%sext_ln76_1_read = read i32 @_ssdm_op_Read.ap_auto.i32, i32 %sext_ln76_1"   --->   Operation 42 'read' 'sext_ln76_1_read' <Predicate = true> <Delay = 0.00>
ST_1 : Operation 43 [1/1] (0.00ns)   --->   "%sext_ln72_18_read = read i8 @_ssdm_op_Read.ap_auto.i8, i8 %sext_ln72_18"   --->   Operation 43 'read' 'sext_ln72_18_read' <Predicate = true> <Delay = 0.00>
ST_1 : Operation 44 [1/1] (0.00ns)   --->   "%sext_ln72_19_read = read i8 @_ssdm_op_Read.ap_auto.i8, i8 %sext_ln72_19"   --->   Operation 44 'read' 'sext_ln72_19_read' <Predicate = true> <Delay = 0.00>
ST_1 : Operation 45 [1/1] (0.00ns)   --->   "%sext_ln72_20_read = read i8 @_ssdm_op_Read.ap_auto.i8, i8 %sext_ln72_20"   --->   Operation 45 'read' 'sext_ln72_20_read' <Predicate = true> <Delay = 0.00>
ST_1 : Operation 46 [1/1] (0.00ns)   --->   "%sext_ln72_21_read = read i8 @_ssdm_op_Read.ap_auto.i8, i8 %sext_ln72_21"   --->   Operation 46 'read' 'sext_ln72_21_read' <Predicate = true> <Delay = 0.00>
ST_1 : Operation 47 [1/1] (0.00ns)   --->   "%sext_ln72_22_read = read i8 @_ssdm_op_Read.ap_auto.i8, i8 %sext_ln72_22"   --->   Operation 47 'read' 'sext_ln72_22_read' <Predicate = true> <Delay = 0.00>
ST_1 : Operation 48 [1/1] (0.00ns)   --->   "%sext_ln72_23_read = read i8 @_ssdm_op_Read.ap_auto.i8, i8 %sext_ln72_23"   --->   Operation 48 'read' 'sext_ln72_23_read' <Predicate = true> <Delay = 0.00>
ST_1 : Operation 49 [1/1] (0.00ns)   --->   "%sext_ln76_read = read i8 @_ssdm_op_Read.ap_auto.i8, i8 %sext_ln76"   --->   Operation 49 'read' 'sext_ln76_read' <Predicate = true> <Delay = 0.00>
ST_1 : Operation 50 [1/1] (0.00ns)   --->   "%sext_ln72_1_read = read i8 @_ssdm_op_Read.ap_auto.i8, i8 %sext_ln72_1"   --->   Operation 50 'read' 'sext_ln72_1_read' <Predicate = true> <Delay = 0.00>
ST_1 : Operation 51 [1/1] (0.00ns)   --->   "%sext_ln72_read = read i8 @_ssdm_op_Read.ap_auto.i8, i8 %sext_ln72"   --->   Operation 51 'read' 'sext_ln72_read' <Predicate = true> <Delay = 0.00>
ST_1 : Operation 52 [1/1] (0.00ns)   --->   "%sext_ln72_2_read = read i8 @_ssdm_op_Read.ap_auto.i8, i8 %sext_ln72_2"   --->   Operation 52 'read' 'sext_ln72_2_read' <Predicate = true> <Delay = 0.00>
ST_1 : Operation 53 [1/1] (0.00ns)   --->   "%sext_ln72_3_read = read i8 @_ssdm_op_Read.ap_auto.i8, i8 %sext_ln72_3"   --->   Operation 53 'read' 'sext_ln72_3_read' <Predicate = true> <Delay = 0.00>
ST_1 : Operation 54 [1/1] (0.00ns)   --->   "%sext_ln72_4_read = read i8 @_ssdm_op_Read.ap_auto.i8, i8 %sext_ln72_4"   --->   Operation 54 'read' 'sext_ln72_4_read' <Predicate = true> <Delay = 0.00>
ST_1 : Operation 55 [1/1] (0.00ns)   --->   "%sext_ln72_5_read = read i8 @_ssdm_op_Read.ap_auto.i8, i8 %sext_ln72_5"   --->   Operation 55 'read' 'sext_ln72_5_read' <Predicate = true> <Delay = 0.00>
ST_1 : Operation 56 [1/1] (0.00ns)   --->   "%sext_ln72_6_read = read i8 @_ssdm_op_Read.ap_auto.i8, i8 %sext_ln72_6"   --->   Operation 56 'read' 'sext_ln72_6_read' <Predicate = true> <Delay = 0.00>
ST_1 : Operation 57 [1/1] (0.00ns)   --->   "%sext_ln72_7_read = read i8 @_ssdm_op_Read.ap_auto.i8, i8 %sext_ln72_7"   --->   Operation 57 'read' 'sext_ln72_7_read' <Predicate = true> <Delay = 0.00>
ST_1 : Operation 58 [1/1] (0.00ns)   --->   "%sext_ln72_8_read = read i8 @_ssdm_op_Read.ap_auto.i8, i8 %sext_ln72_8"   --->   Operation 58 'read' 'sext_ln72_8_read' <Predicate = true> <Delay = 0.00>
ST_1 : Operation 59 [1/1] (0.00ns)   --->   "%sext_ln72_9_read = read i8 @_ssdm_op_Read.ap_auto.i8, i8 %sext_ln72_9"   --->   Operation 59 'read' 'sext_ln72_9_read' <Predicate = true> <Delay = 0.00>
ST_1 : Operation 60 [1/1] (0.00ns)   --->   "%sext_ln72_10_read = read i8 @_ssdm_op_Read.ap_auto.i8, i8 %sext_ln72_10"   --->   Operation 60 'read' 'sext_ln72_10_read' <Predicate = true> <Delay = 0.00>
ST_1 : Operation 61 [1/1] (0.00ns)   --->   "%sext_ln72_11_read = read i8 @_ssdm_op_Read.ap_auto.i8, i8 %sext_ln72_11"   --->   Operation 61 'read' 'sext_ln72_11_read' <Predicate = true> <Delay = 0.00>
ST_1 : Operation 62 [1/1] (0.00ns)   --->   "%sext_ln72_12_read = read i8 @_ssdm_op_Read.ap_auto.i8, i8 %sext_ln72_12"   --->   Operation 62 'read' 'sext_ln72_12_read' <Predicate = true> <Delay = 0.00>
ST_1 : Operation 63 [1/1] (0.00ns)   --->   "%sext_ln72_13_read = read i8 @_ssdm_op_Read.ap_auto.i8, i8 %sext_ln72_13"   --->   Operation 63 'read' 'sext_ln72_13_read' <Predicate = true> <Delay = 0.00>
ST_1 : Operation 64 [1/1] (0.00ns)   --->   "%sext_ln72_14_read = read i8 @_ssdm_op_Read.ap_auto.i8, i8 %sext_ln72_14"   --->   Operation 64 'read' 'sext_ln72_14_read' <Predicate = true> <Delay = 0.00>
ST_1 : Operation 65 [1/1] (0.00ns)   --->   "%sext_ln72_15_read = read i8 @_ssdm_op_Read.ap_auto.i8, i8 %sext_ln72_15"   --->   Operation 65 'read' 'sext_ln72_15_read' <Predicate = true> <Delay = 0.00>
ST_1 : Operation 66 [1/1] (0.00ns)   --->   "%sext_ln72_16_read = read i8 @_ssdm_op_Read.ap_auto.i8, i8 %sext_ln72_16"   --->   Operation 66 'read' 'sext_ln72_16_read' <Predicate = true> <Delay = 0.00>
ST_1 : Operation 67 [1/1] (0.00ns)   --->   "%sext_ln72_17_read = read i8 @_ssdm_op_Read.ap_auto.i8, i8 %sext_ln72_17"   --->   Operation 67 'read' 'sext_ln72_17_read' <Predicate = true> <Delay = 0.00>
ST_1 : Operation 68 [1/1] (0.00ns)   --->   "%height_read = read i13 @_ssdm_op_Read.ap_auto.i13, i13 %height"   --->   Operation 68 'read' 'height_read' <Predicate = true> <Delay = 0.00>
ST_1 : Operation 69 [1/1] (0.00ns)   --->   "%zext_ln149_read = read i13 @_ssdm_op_Read.ap_auto.i13, i13 %zext_ln149"   --->   Operation 69 'read' 'zext_ln149_read' <Predicate = true> <Delay = 0.00>
ST_1 : Operation 70 [1/1] (0.00ns)   --->   "%zext_ln72_read = read i13 @_ssdm_op_Read.ap_auto.i13, i13 %zext_ln72"   --->   Operation 70 'read' 'zext_ln72_read' <Predicate = true> <Delay = 0.00>
ST_1 : Operation 71 [1/1] (0.00ns)   --->   "%add_ln89_read = read i14 @_ssdm_op_Read.ap_auto.i14, i14 %add_ln89"   --->   Operation 71 'read' 'add_ln89_read' <Predicate = true> <Delay = 0.00>
ST_1 : Operation 72 [1/1] (0.00ns)   --->   "%add_ln88_read = read i14 @_ssdm_op_Read.ap_auto.i14, i14 %add_ln88"   --->   Operation 72 'read' 'add_ln88_read' <Predicate = true> <Delay = 0.00>
ST_1 : Operation 73 [1/1] (0.00ns)   --->   "%add_ln104_read = read i14 @_ssdm_op_Read.ap_auto.i14, i14 %add_ln104"   --->   Operation 73 'read' 'add_ln104_read' <Predicate = true> <Delay = 0.00>
ST_1 : Operation 74 [1/1] (0.00ns)   --->   "%width_read = read i13 @_ssdm_op_Read.ap_auto.i13, i13 %width"   --->   Operation 74 'read' 'width_read' <Predicate = true> <Delay = 0.00>
ST_1 : Operation 75 [1/1] (0.00ns)   --->   "%add_ln42_read = read i14 @_ssdm_op_Read.ap_auto.i14, i14 %add_ln42"   --->   Operation 75 'read' 'add_ln42_read' <Predicate = true> <Delay = 0.00>
ST_1 : Operation 76 [1/1] (0.00ns)   --->   "%total_cycles_read = read i27 @_ssdm_op_Read.ap_auto.i27, i27 %total_cycles"   --->   Operation 76 'read' 'total_cycles_read' <Predicate = true> <Delay = 0.00>
ST_1 : Operation 77 [1/1] (0.00ns)   --->   "%flush_cycles_read = read i15 @_ssdm_op_Read.ap_auto.i15, i15 %flush_cycles"   --->   Operation 77 'read' 'flush_cycles_read' <Predicate = true> <Delay = 0.00>
ST_1 : Operation 78 [1/1] (0.00ns)   --->   "%total_pixels_read = read i26 @_ssdm_op_Read.ap_auto.i26, i26 %total_pixels"   --->   Operation 78 'read' 'total_pixels_read' <Predicate = true> <Delay = 0.00>
ST_1 : Operation 79 [1/1] (0.00ns)   --->   "%zext_ln104_cast = zext i5 %zext_ln104_read"   --->   Operation 79 'zext' 'zext_ln104_cast' <Predicate = true> <Delay = 0.00>
ST_1 : Operation 80 [1/1] (0.00ns)   --->   "%sext_ln76_1_cast = sext i32 %sext_ln76_1_read"   --->   Operation 80 'sext' 'sext_ln76_1_cast' <Predicate = true> <Delay = 0.00>
ST_1 : Operation 81 [1/1] (0.00ns)   --->   "%sext_ln72_18_cast = sext i8 %sext_ln72_18_read"   --->   Operation 81 'sext' 'sext_ln72_18_cast' <Predicate = true> <Delay = 0.00>
ST_1 : Operation 82 [1/1] (0.00ns)   --->   "%sext_ln72_19_cast = sext i8 %sext_ln72_19_read"   --->   Operation 82 'sext' 'sext_ln72_19_cast' <Predicate = true> <Delay = 0.00>
ST_1 : Operation 83 [1/1] (0.00ns)   --->   "%sext_ln72_20_cast = sext i8 %sext_ln72_20_read"   --->   Operation 83 'sext' 'sext_ln72_20_cast' <Predicate = true> <Delay = 0.00>
ST_1 : Operation 84 [1/1] (0.00ns)   --->   "%sext_ln72_21_cast = sext i8 %sext_ln72_21_read"   --->   Operation 84 'sext' 'sext_ln72_21_cast' <Predicate = true> <Delay = 0.00>
ST_1 : Operation 85 [1/1] (0.00ns)   --->   "%sext_ln72_22_cast = sext i8 %sext_ln72_22_read"   --->   Operation 85 'sext' 'sext_ln72_22_cast' <Predicate = true> <Delay = 0.00>
ST_1 : Operation 86 [1/1] (0.00ns)   --->   "%sext_ln72_23_cast = sext i8 %sext_ln72_23_read"   --->   Operation 86 'sext' 'sext_ln72_23_cast' <Predicate = true> <Delay = 0.00>
ST_1 : Operation 87 [1/1] (0.00ns)   --->   "%sext_ln76_cast = sext i8 %sext_ln76_read"   --->   Operation 87 'sext' 'sext_ln76_cast' <Predicate = true> <Delay = 0.00>
ST_1 : Operation 88 [1/1] (0.00ns)   --->   "%sext_ln72_1_cast = sext i8 %sext_ln72_1_read"   --->   Operation 88 'sext' 'sext_ln72_1_cast' <Predicate = true> <Delay = 0.00>
ST_1 : Operation 89 [1/1] (0.00ns)   --->   "%sext_ln72_cast = sext i8 %sext_ln72_read"   --->   Operation 89 'sext' 'sext_ln72_cast' <Predicate = true> <Delay = 0.00>
ST_1 : Operation 90 [1/1] (0.00ns)   --->   "%sext_ln72_2_cast = sext i8 %sext_ln72_2_read"   --->   Operation 90 'sext' 'sext_ln72_2_cast' <Predicate = true> <Delay = 0.00>
ST_1 : Operation 91 [1/1] (0.00ns)   --->   "%sext_ln72_3_cast = sext i8 %sext_ln72_3_read"   --->   Operation 91 'sext' 'sext_ln72_3_cast' <Predicate = true> <Delay = 0.00>
ST_1 : Operation 92 [1/1] (0.00ns)   --->   "%sext_ln72_4_cast = sext i8 %sext_ln72_4_read"   --->   Operation 92 'sext' 'sext_ln72_4_cast' <Predicate = true> <Delay = 0.00>
ST_1 : Operation 93 [1/1] (0.00ns)   --->   "%sext_ln72_5_cast = sext i8 %sext_ln72_5_read"   --->   Operation 93 'sext' 'sext_ln72_5_cast' <Predicate = true> <Delay = 0.00>
ST_1 : Operation 94 [1/1] (0.00ns)   --->   "%sext_ln72_6_cast = sext i8 %sext_ln72_6_read"   --->   Operation 94 'sext' 'sext_ln72_6_cast' <Predicate = true> <Delay = 0.00>
ST_1 : Operation 95 [1/1] (0.00ns)   --->   "%sext_ln72_7_cast = sext i8 %sext_ln72_7_read"   --->   Operation 95 'sext' 'sext_ln72_7_cast' <Predicate = true> <Delay = 0.00>
ST_1 : Operation 96 [1/1] (0.00ns)   --->   "%sext_ln72_8_cast = sext i8 %sext_ln72_8_read"   --->   Operation 96 'sext' 'sext_ln72_8_cast' <Predicate = true> <Delay = 0.00>
ST_1 : Operation 97 [1/1] (0.00ns)   --->   "%sext_ln72_9_cast = sext i8 %sext_ln72_9_read"   --->   Operation 97 'sext' 'sext_ln72_9_cast' <Predicate = true> <Delay = 0.00>
ST_1 : Operation 98 [1/1] (0.00ns)   --->   "%sext_ln72_10_cast = sext i8 %sext_ln72_10_read"   --->   Operation 98 'sext' 'sext_ln72_10_cast' <Predicate = true> <Delay = 0.00>
ST_1 : Operation 99 [1/1] (0.00ns)   --->   "%sext_ln72_11_cast = sext i8 %sext_ln72_11_read"   --->   Operation 99 'sext' 'sext_ln72_11_cast' <Predicate = true> <Delay = 0.00>
ST_1 : Operation 100 [1/1] (0.00ns)   --->   "%sext_ln72_12_cast = sext i8 %sext_ln72_12_read"   --->   Operation 100 'sext' 'sext_ln72_12_cast' <Predicate = true> <Delay = 0.00>
ST_1 : Operation 101 [1/1] (0.00ns)   --->   "%sext_ln72_13_cast = sext i8 %sext_ln72_13_read"   --->   Operation 101 'sext' 'sext_ln72_13_cast' <Predicate = true> <Delay = 0.00>
ST_1 : Operation 102 [1/1] (0.00ns)   --->   "%sext_ln72_14_cast = sext i8 %sext_ln72_14_read"   --->   Operation 102 'sext' 'sext_ln72_14_cast' <Predicate = true> <Delay = 0.00>
ST_1 : Operation 103 [1/1] (0.00ns)   --->   "%sext_ln72_15_cast = sext i8 %sext_ln72_15_read"   --->   Operation 103 'sext' 'sext_ln72_15_cast' <Predicate = true> <Delay = 0.00>
ST_1 : Operation 104 [1/1] (0.00ns)   --->   "%sext_ln72_16_cast = sext i8 %sext_ln72_16_read"   --->   Operation 104 'sext' 'sext_ln72_16_cast' <Predicate = true> <Delay = 0.00>
ST_1 : Operation 105 [1/1] (0.00ns)   --->   "%sext_ln72_17_cast = sext i8 %sext_ln72_17_read"   --->   Operation 105 'sext' 'sext_ln72_17_cast' <Predicate = true> <Delay = 0.00>
ST_1 : Operation 106 [1/1] (0.00ns)   --->   "%zext_ln149_cast = zext i13 %zext_ln149_read"   --->   Operation 106 'zext' 'zext_ln149_cast' <Predicate = true> <Delay = 0.00>
ST_1 : Operation 107 [1/1] (0.00ns)   --->   "%zext_ln72_cast = zext i13 %zext_ln72_read"   --->   Operation 107 'zext' 'zext_ln72_cast' <Predicate = true> <Delay = 0.00>
ST_1 : Operation 108 [1/1] (0.00ns)   --->   "%specinterface_ln0 = specinterface void @_ssdm_op_SpecInterface, i24 %m_axis_video, void @empty_17, i32 0, i32 0, void @empty_36, i32 0, i32 0, void @empty, void @empty, void @empty, i32 0, i32 0, i32 0, i32 0, void @empty, void @empty, i32 4294967295, i32 0, i32 0, i32 0"   --->   Operation 108 'specinterface' 'specinterface_ln0' <Predicate = true> <Delay = 0.00>
ST_1 : Operation 109 [1/1] (0.00ns)   --->   "%specinterface_ln0 = specinterface void @_ssdm_op_SpecInterface, i24 %s_axis_video, void @empty_17, i32 0, i32 0, void @empty_36, i32 0, i32 0, void @empty, void @empty, void @empty, i32 0, i32 0, i32 0, i32 0, void @empty, void @empty, i32 4294967295, i32 0, i32 0, i32 0"   --->   Operation 109 'specinterface' 'specinterface_ln0' <Predicate = true> <Delay = 0.00>
ST_1 : Operation 110 [1/1] (0.00ns)   --->   "%line_buffer_3 = alloca i64 1" [hls_filter_2d.cpp:140]   --->   Operation 110 'alloca' 'line_buffer_3' <Predicate = true> <Delay = 0.00> <CoreInst = "RAM">   --->   Core 82 'RAM' <Latency = 1> <II = 1> <Delay = 1.23> <Storage> <Opcode : 'load' 'store'> <Ports = 2> <Width = 8> <Depth = 7680> <RAM>
ST_1 : Operation 111 [1/1] (0.00ns)   --->   "%line_buffer_2 = alloca i64 1" [hls_filter_2d.cpp:140]   --->   Operation 111 'alloca' 'line_buffer_2' <Predicate = true> <Delay = 0.00> <CoreInst = "RAM">   --->   Core 82 'RAM' <Latency = 1> <II = 1> <Delay = 1.23> <Storage> <Opcode : 'load' 'store'> <Ports = 2> <Width = 8> <Depth = 7680> <RAM>
ST_1 : Operation 112 [1/1] (0.00ns)   --->   "%line_buffer_1 = alloca i64 1" [hls_filter_2d.cpp:140]   --->   Operation 112 'alloca' 'line_buffer_1' <Predicate = true> <Delay = 0.00> <CoreInst = "RAM">   --->   Core 82 'RAM' <Latency = 1> <II = 1> <Delay = 1.23> <Storage> <Opcode : 'load' 'store'> <Ports = 2> <Width = 8> <Depth = 7680> <RAM>
ST_1 : Operation 113 [1/1] (0.00ns)   --->   "%line_buffer = alloca i64 1" [hls_filter_2d.cpp:140]   --->   Operation 113 'alloca' 'line_buffer' <Predicate = true> <Delay = 0.00> <CoreInst = "RAM">   --->   Core 82 'RAM' <Latency = 1> <II = 1> <Delay = 1.23> <Storage> <Opcode : 'load' 'store'> <Ports = 2> <Width = 8> <Depth = 7680> <RAM>
ST_1 : Operation 114 [1/1] (0.00ns)   --->   "%zext_ln150 = zext i26 %total_pixels_read" [hls_filter_2d.cpp:150]   --->   Operation 114 'zext' 'zext_ln150' <Predicate = true> <Delay = 0.00>
ST_1 : Operation 115 [1/1] (0.00ns)   --->   "%zext_ln150_1 = zext i15 %flush_cycles_read" [hls_filter_2d.cpp:150]   --->   Operation 115 'zext' 'zext_ln150_1' <Predicate = true> <Delay = 0.00>
ST_1 : Operation 116 [1/1] (0.42ns)   --->   "%store_ln63 = store i13 0, i13 %img_x_2" [hls_filter_2d.cpp:63->hls_filter_2d.cpp:167]   --->   Operation 116 'store' 'store_ln63' <Predicate = true> <Delay = 0.42>
ST_1 : Operation 117 [1/1] (0.42ns)   --->   "%store_ln64 = store i13 0, i13 %img_y_2" [hls_filter_2d.cpp:64->hls_filter_2d.cpp:167]   --->   Operation 117 'store' 'store_ln64' <Predicate = true> <Delay = 0.42>
ST_1 : Operation 118 [1/1] (0.42ns)   --->   "%store_ln11 = store i27 0, i27 %i" [hls_filter_2d.cpp:11->hls_filter_2d.cpp:162]   --->   Operation 118 'store' 'store_ln11' <Predicate = true> <Delay = 0.42>
ST_1 : Operation 119 [1/1] (0.42ns)   --->   "%store_ln153 = store i13 0, i13 %x" [hls_filter_2d.cpp:153]   --->   Operation 119 'store' 'store_ln153' <Predicate = true> <Delay = 0.42>
ST_1 : Operation 120 [1/1] (0.00ns)   --->   "%br_ln158 = br void %for.body.split" [hls_filter_2d.cpp:158]   --->   Operation 120 'br' 'br_ln158' <Predicate = true> <Delay = 0.00>
ST_1 : Operation 121 [1/1] (0.00ns)   --->   "%i_1 = load i27 %i" [hls_filter_2d.cpp:158]   --->   Operation 121 'load' 'i_1' <Predicate = true> <Delay = 0.00>
ST_1 : Operation 122 [1/1] (0.96ns)   --->   "%icmp_ln15 = icmp_ult  i27 %i_1, i27 %zext_ln150" [hls_filter_2d.cpp:15->hls_filter_2d.cpp:162]   --->   Operation 122 'icmp' 'icmp_ln15' <Predicate = true> <Delay = 0.96> <CoreInst = "Cmp">   --->   Core 9 'Cmp' <Latency = 0> <II = 1> <Delay = 0.96> <FuncUnit> <Opcode : 'seteq' 'setne' 'setle' 'setge' 'setlt' 'setgt'> <InPorts = 2> <OutPorts = 1>
ST_1 : Operation 123 [1/1] (0.96ns)   --->   "%i_3 = add i27 %i_1, i27 1" [hls_filter_2d.cpp:158]   --->   Operation 123 'add' 'i_3' <Predicate = true> <Delay = 0.96> <CoreInst = "Adder">   --->   Core 1 'Adder' <Latency = 0> <II = 1> <Delay = 0.96> <FuncUnit> <Opcode : 'add' 'sub'> <InPorts = 2> <OutPorts = 1>
ST_1 : Operation 124 [1/1] (0.42ns)   --->   "%br_ln15 = br i1 %icmp_ln15, void %for.inc.i, void %if.then.i" [hls_filter_2d.cpp:15->hls_filter_2d.cpp:162]   --->   Operation 124 'br' 'br_ln15' <Predicate = true> <Delay = 0.42>
ST_1 : Operation 125 [1/1] (0.42ns)   --->   "%br_ln17 = br void %for.inc.i" [hls_filter_2d.cpp:17->hls_filter_2d.cpp:162]   --->   Operation 125 'br' 'br_ln17' <Predicate = (icmp_ln15)> <Delay = 0.42>
ST_1 : Operation 126 [1/1] (0.96ns)   --->   "%icmp_ln165 = icmp_ult  i27 %i_1, i27 %zext_ln150_1" [hls_filter_2d.cpp:165]   --->   Operation 126 'icmp' 'icmp_ln165' <Predicate = true> <Delay = 0.96> <CoreInst = "Cmp">   --->   Core 9 'Cmp' <Latency = 0> <II = 1> <Delay = 0.96> <FuncUnit> <Opcode : 'seteq' 'setne' 'setle' 'setge' 'setlt' 'setgt'> <InPorts = 2> <OutPorts = 1>
ST_1 : Operation 127 [1/1] (0.00ns)   --->   "%br_ln165 = br i1 %icmp_ln165, void %if.then, void %for.inc" [hls_filter_2d.cpp:165]   --->   Operation 127 'br' 'br_ln165' <Predicate = true> <Delay = 0.00>
ST_1 : Operation 128 [1/1] (0.42ns)   --->   "%br_ln86 = br i1 %borderType_read, void %if.else.i4, void %cond.end.i" [hls_filter_2d.cpp:86->hls_filter_2d.cpp:167]   --->   Operation 128 'br' 'br_ln86' <Predicate = (!icmp_ln165)> <Delay = 0.42>
ST_1 : Operation 129 [1/1] (0.96ns)   --->   "%icmp_ln158 = icmp_eq  i27 %i_3, i27 %total_cycles_read" [hls_filter_2d.cpp:158]   --->   Operation 129 'icmp' 'icmp_ln158' <Predicate = true> <Delay = 0.96> <CoreInst = "Cmp">   --->   Core 9 'Cmp' <Latency = 0> <II = 1> <Delay = 0.96> <FuncUnit> <Opcode : 'seteq' 'setne' 'setle' 'setge' 'setlt' 'setgt'> <InPorts = 2> <OutPorts = 1>
ST_1 : Operation 130 [1/1] (0.42ns)   --->   "%store_ln11 = store i27 %i_3, i27 %i" [hls_filter_2d.cpp:11->hls_filter_2d.cpp:162]   --->   Operation 130 'store' 'store_ln11' <Predicate = true> <Delay = 0.42>
ST_1 : Operation 131 [1/1] (0.00ns)   --->   "%br_ln158 = br i1 %icmp_ln158, void %for.body.split, void %for.end.exitStub" [hls_filter_2d.cpp:158]   --->   Operation 131 'br' 'br_ln158' <Predicate = true> <Delay = 0.00>

State 2 <SV = 1> <Delay = 2.05>
ST_2 : Operation 132 [1/1] (0.00ns)   --->   "%x_2 = load i13 %x" [hls_filter_2d.cpp:45->hls_filter_2d.cpp:162]   --->   Operation 132 'load' 'x_2' <Predicate = true> <Delay = 0.00>
ST_2 : Operation 133 [1/1] ( I:0.07ns O:0.07ns )   --->   "%s_axis_video_read = read i24 @_ssdm_op_Read.axis.volatile.i24P128A, i24 %s_axis_video" [hls_filter_2d.cpp:16->hls_filter_2d.cpp:162]   --->   Operation 133 'read' 's_axis_video_read' <Predicate = (icmp_ln15)> <Delay = 0.07> <CoreInst = "regslice">   --->   Core 147 'regslice' <Latency = 0> <II = 1> <Delay = 0.62> <Adapter> <Opcode : 'read' 'write'>
ST_2 : Operation 134 [1/1] (0.00ns)   --->   "%new_pixel = trunc i24 %s_axis_video_read" [hls_filter_2d.cpp:16->hls_filter_2d.cpp:162]   --->   Operation 134 'trunc' 'new_pixel' <Predicate = (icmp_ln15)> <Delay = 0.00>
ST_2 : Operation 135 [1/1] (0.00ns)   --->   "%window_38 = phi i8 %new_pixel, void %if.then.i, i8 0, void %for.body.split"   --->   Operation 135 'phi' 'window_38' <Predicate = true> <Delay = 0.00>
ST_2 : Operation 136 [1/1] (0.00ns)   --->   "%zext_ln31 = zext i13 %x_2" [hls_filter_2d.cpp:31->hls_filter_2d.cpp:162]   --->   Operation 136 'zext' 'zext_ln31' <Predicate = true> <Delay = 0.00>
ST_2 : Operation 137 [1/1] (0.00ns)   --->   "%line_buffer_addr = getelementptr i8 %line_buffer, i64 0, i64 %zext_ln31" [hls_filter_2d.cpp:31->hls_filter_2d.cpp:162]   --->   Operation 137 'getelementptr' 'line_buffer_addr' <Predicate = true> <Delay = 0.00>
ST_2 : Operation 138 [1/1] (0.00ns)   --->   "%line_buffer_1_addr = getelementptr i8 %line_buffer_1, i64 0, i64 %zext_ln31" [hls_filter_2d.cpp:31->hls_filter_2d.cpp:162]   --->   Operation 138 'getelementptr' 'line_buffer_1_addr' <Predicate = true> <Delay = 0.00>
ST_2 : Operation 139 [1/1] (0.00ns)   --->   "%line_buffer_2_addr = getelementptr i8 %line_buffer_2, i64 0, i64 %zext_ln31" [hls_filter_2d.cpp:31->hls_filter_2d.cpp:162]   --->   Operation 139 'getelementptr' 'line_buffer_2_addr' <Predicate = true> <Delay = 0.00>
ST_2 : Operation 140 [1/1] (0.00ns)   --->   "%line_buffer_3_addr = getelementptr i8 %line_buffer_3, i64 0, i64 %zext_ln31" [hls_filter_2d.cpp:31->hls_filter_2d.cpp:162]   --->   Operation 140 'getelementptr' 'line_buffer_3_addr' <Predicate = true> <Delay = 0.00>
ST_2 : Operation 141 [2/2] (1.23ns)   --->   "%window_37 = load i13 %line_buffer_3_addr" [hls_filter_2d.cpp:31->hls_filter_2d.cpp:162]   --->   Operation 141 'load' 'window_37' <Predicate = true> <Delay = 1.23> <CoreInst = "RAM">   --->   Core 82 'RAM' <Latency = 1> <II = 1> <Delay = 1.23> <Storage> <Opcode : 'load' 'store'> <Ports = 2> <Width = 8> <Depth = 7680> <RAM>
ST_2 : Operation 142 [1/1] (0.82ns)   --->   "%icmp_ln35 = icmp_ult  i13 %x_2, i13 %width_read" [hls_filter_2d.cpp:35->hls_filter_2d.cpp:162]   --->   Operation 142 'icmp' 'icmp_ln35' <Predicate = true> <Delay = 0.82> <CoreInst = "Cmp">   --->   Core 9 'Cmp' <Latency = 0> <II = 1> <Delay = 0.82> <FuncUnit> <Opcode : 'seteq' 'setne' 'setle' 'setge' 'setlt' 'setgt'> <InPorts = 2> <OutPorts = 1>
ST_2 : Operation 143 [1/1] (0.00ns)   --->   "%br_ln35 = br i1 %icmp_ln35, void %_ZL13update_windowRN3hls6streamI16axi_stream_videoI11color_pixelILi1ELi8EEELi0EEE7ap_uintILi13EES8_S7_ILi26EES7_ILi27EEPA7680_S7_ILi8EEPA5_SB_RS8_RSB_.exit, void %VITIS_LOOP_36_4.i" [hls_filter_2d.cpp:35->hls_filter_2d.cpp:162]   --->   Operation 143 'br' 'br_ln35' <Predicate = true> <Delay = 0.00>
ST_2 : Operation 144 [1/1] ( I:1.23ns O:1.23ns )   --->   "%store_ln39 = store i8 %window_38, i13 %line_buffer_3_addr" [hls_filter_2d.cpp:39->hls_filter_2d.cpp:162]   --->   Operation 144 'store' 'store_ln39' <Predicate = (icmp_ln35)> <Delay = 1.23> <CoreInst = "RAM">   --->   Core 82 'RAM' <Latency = 1> <II = 1> <Delay = 1.23> <Storage> <Opcode : 'load' 'store'> <Ports = 2> <Width = 8> <Depth = 7680> <RAM>
ST_2 : Operation 145 [1/1] (0.00ns)   --->   "%zext_ln42 = zext i13 %x_2" [hls_filter_2d.cpp:42->hls_filter_2d.cpp:162]   --->   Operation 145 'zext' 'zext_ln42' <Predicate = true> <Delay = 0.00>
ST_2 : Operation 146 [1/1] (0.83ns)   --->   "%icmp_ln42 = icmp_eq  i14 %add_ln42_read, i14 %zext_ln42" [hls_filter_2d.cpp:42->hls_filter_2d.cpp:162]   --->   Operation 146 'icmp' 'icmp_ln42' <Predicate = true> <Delay = 0.83> <CoreInst = "Cmp">   --->   Core 9 'Cmp' <Latency = 0> <II = 1> <Delay = 0.83> <FuncUnit> <Opcode : 'seteq' 'setne' 'setle' 'setge' 'setlt' 'setgt'> <InPorts = 2> <OutPorts = 1>
ST_2 : Operation 147 [1/1] (0.82ns)   --->   "%add_ln45 = add i13 %x_2, i13 1" [hls_filter_2d.cpp:45->hls_filter_2d.cpp:162]   --->   Operation 147 'add' 'add_ln45' <Predicate = true> <Delay = 0.82> <CoreInst = "Adder">   --->   Core 1 'Adder' <Latency = 0> <II = 1> <Delay = 0.82> <FuncUnit> <Opcode : 'add' 'sub'> <InPorts = 2> <OutPorts = 1>
ST_2 : Operation 148 [1/1] (0.30ns)   --->   "%x_3 = select i1 %icmp_ln42, i13 0, i13 %add_ln45" [hls_filter_2d.cpp:42->hls_filter_2d.cpp:162]   --->   Operation 148 'select' 'x_3' <Predicate = true> <Delay = 0.30> <CoreInst = "Sel">   --->   Core 73 'Sel' <Latency = 0> <II = 1> <Delay = 0.30> <FuncUnit> <Opcode : 'select'> <InPorts = 3> <OutPorts = 1>
ST_2 : Operation 149 [1/1] (0.42ns)   --->   "%store_ln153 = store i13 %x_3, i13 %x" [hls_filter_2d.cpp:153]   --->   Operation 149 'store' 'store_ln153' <Predicate = true> <Delay = 0.42>

State 3 <SV = 2> <Delay = 2.47>
ST_3 : Operation 150 [2/2] (1.23ns)   --->   "%window_36 = load i13 %line_buffer_2_addr" [hls_filter_2d.cpp:31->hls_filter_2d.cpp:162]   --->   Operation 150 'load' 'window_36' <Predicate = true> <Delay = 1.23> <CoreInst = "RAM">   --->   Core 82 'RAM' <Latency = 1> <II = 1> <Delay = 1.23> <Storage> <Opcode : 'load' 'store'> <Ports = 2> <Width = 8> <Depth = 7680> <RAM>
ST_3 : Operation 151 [1/2] ( I:1.23ns O:1.23ns )   --->   "%window_37 = load i13 %line_buffer_3_addr" [hls_filter_2d.cpp:31->hls_filter_2d.cpp:162]   --->   Operation 151 'load' 'window_37' <Predicate = true> <Delay = 1.23> <CoreInst = "RAM">   --->   Core 82 'RAM' <Latency = 1> <II = 1> <Delay = 1.23> <Storage> <Opcode : 'load' 'store'> <Ports = 2> <Width = 8> <Depth = 7680> <RAM>
ST_3 : Operation 152 [1/1] ( I:1.23ns O:1.23ns )   --->   "%store_ln37 = store i8 %window_37, i13 %line_buffer_2_addr" [hls_filter_2d.cpp:37->hls_filter_2d.cpp:162]   --->   Operation 152 'store' 'store_ln37' <Predicate = (icmp_ln35)> <Delay = 1.23> <CoreInst = "RAM">   --->   Core 82 'RAM' <Latency = 1> <II = 1> <Delay = 1.23> <Storage> <Opcode : 'load' 'store'> <Ports = 2> <Width = 8> <Depth = 7680> <RAM>

State 4 <SV = 3> <Delay = 2.47>
ST_4 : Operation 153 [1/1] (0.00ns)   --->   "%img_y_5 = load i13 %img_y_2" [hls_filter_2d.cpp:107->hls_filter_2d.cpp:167]   --->   Operation 153 'load' 'img_y_5' <Predicate = true> <Delay = 0.00>
ST_4 : Operation 154 [1/1] (0.00ns)   --->   "%img_x_5 = load i13 %img_x_2" [hls_filter_2d.cpp:110->hls_filter_2d.cpp:167]   --->   Operation 154 'load' 'img_x_5' <Predicate = true> <Delay = 0.00>
ST_4 : Operation 155 [2/2] (1.23ns)   --->   "%window_35 = load i13 %line_buffer_1_addr" [hls_filter_2d.cpp:31->hls_filter_2d.cpp:162]   --->   Operation 155 'load' 'window_35' <Predicate = true> <Delay = 1.23> <CoreInst = "RAM">   --->   Core 82 'RAM' <Latency = 1> <II = 1> <Delay = 1.23> <Storage> <Opcode : 'load' 'store'> <Ports = 2> <Width = 8> <Depth = 7680> <RAM>
ST_4 : Operation 156 [1/2] ( I:1.23ns O:1.23ns )   --->   "%window_36 = load i13 %line_buffer_2_addr" [hls_filter_2d.cpp:31->hls_filter_2d.cpp:162]   --->   Operation 156 'load' 'window_36' <Predicate = true> <Delay = 1.23> <CoreInst = "RAM">   --->   Core 82 'RAM' <Latency = 1> <II = 1> <Delay = 1.23> <Storage> <Opcode : 'load' 'store'> <Ports = 2> <Width = 8> <Depth = 7680> <RAM>
ST_4 : Operation 157 [1/1] ( I:1.23ns O:1.23ns )   --->   "%store_ln37 = store i8 %window_36, i13 %line_buffer_1_addr" [hls_filter_2d.cpp:37->hls_filter_2d.cpp:162]   --->   Operation 157 'store' 'store_ln37' <Predicate = (icmp_ln35)> <Delay = 1.23> <CoreInst = "RAM">   --->   Core 82 'RAM' <Latency = 1> <II = 1> <Delay = 1.23> <Storage> <Opcode : 'load' 'store'> <Ports = 2> <Width = 8> <Depth = 7680> <RAM>
ST_4 : Operation 158 [1/1] (0.00ns)   --->   "%zext_ln63 = zext i13 %img_x_5" [hls_filter_2d.cpp:63->hls_filter_2d.cpp:167]   --->   Operation 158 'zext' 'zext_ln63' <Predicate = (!icmp_ln165)> <Delay = 0.00>
ST_4 : Operation 159 [1/1] (0.00ns)   --->   "%zext_ln64 = zext i13 %img_y_5" [hls_filter_2d.cpp:64->hls_filter_2d.cpp:167]   --->   Operation 159 'zext' 'zext_ln64' <Predicate = (!icmp_ln165)> <Delay = 0.00>
ST_4 : Operation 160 [1/1] (0.82ns)   --->   "%img_y = add i14 %zext_ln64, i14 16382" [hls_filter_2d.cpp:64->hls_filter_2d.cpp:167]   --->   Operation 160 'add' 'img_y' <Predicate = (!icmp_ln165)> <Delay = 0.82> <CoreInst = "Adder">   --->   Core 1 'Adder' <Latency = 0> <II = 1> <Delay = 0.82> <FuncUnit> <Opcode : 'add' 'sub'> <InPorts = 2> <OutPorts = 1>
ST_4 : Operation 161 [1/1] (0.00ns) (grouped into LUT with out node or_ln67_1)   --->   "%tmp_1 = bitselect i1 @_ssdm_op_BitSelect.i1.i14.i32, i14 %img_y, i32 13" [hls_filter_2d.cpp:67->hls_filter_2d.cpp:167]   --->   Operation 161 'bitselect' 'tmp_1' <Predicate = (!icmp_ln165)> <Delay = 0.00>
ST_4 : Operation 162 [1/1] (0.83ns)   --->   "%icmp_ln67 = icmp_slt  i14 %img_y, i14 %zext_ln72_cast" [hls_filter_2d.cpp:67->hls_filter_2d.cpp:167]   --->   Operation 162 'icmp' 'icmp_ln67' <Predicate = (!icmp_ln165)> <Delay = 0.83> <CoreInst = "Cmp">   --->   Core 9 'Cmp' <Latency = 0> <II = 1> <Delay = 0.83> <FuncUnit> <Opcode : 'seteq' 'setne' 'setle' 'setge' 'setlt' 'setgt'> <InPorts = 2> <OutPorts = 1>
ST_4 : Operation 163 [1/1] (0.00ns) (grouped into LUT with out node or_ln67_1)   --->   "%xor_ln67 = xor i1 %icmp_ln67, i1 1" [hls_filter_2d.cpp:67->hls_filter_2d.cpp:167]   --->   Operation 163 'xor' 'xor_ln67' <Predicate = (!icmp_ln165)> <Delay = 0.00> <CoreInst = "LogicGate">   --->   Core 74 'LogicGate' <Latency = 0> <II = 1> <Delay = 0.28> <FuncUnit> <Opcode : 'and' 'or' 'xor'> <InPorts = 2> <OutPorts = 1>
ST_4 : Operation 164 [1/1] (0.28ns) (out node of the LUT)   --->   "%or_ln67_1 = or i1 %tmp_1, i1 %xor_ln67" [hls_filter_2d.cpp:67->hls_filter_2d.cpp:167]   --->   Operation 164 'or' 'or_ln67_1' <Predicate = (!icmp_ln165)> <Delay = 0.28> <CoreInst = "LogicGate">   --->   Core 74 'LogicGate' <Latency = 0> <II = 1> <Delay = 0.28> <FuncUnit> <Opcode : 'and' 'or' 'xor'> <InPorts = 2> <OutPorts = 1>
ST_4 : Operation 165 [1/1] (0.82ns)   --->   "%icmp_ln67_3 = icmp_ult  i13 %img_x_5, i13 %width_read" [hls_filter_2d.cpp:67->hls_filter_2d.cpp:167]   --->   Operation 165 'icmp' 'icmp_ln67_3' <Predicate = (!icmp_ln165)> <Delay = 0.82> <CoreInst = "Cmp">   --->   Core 9 'Cmp' <Latency = 0> <II = 1> <Delay = 0.82> <FuncUnit> <Opcode : 'seteq' 'setne' 'setle' 'setge' 'setlt' 'setgt'> <InPorts = 2> <OutPorts = 1>
ST_4 : Operation 166 [1/1] (0.28ns)   --->   "%xor_ln67_3 = xor i1 %icmp_ln67_3, i1 1" [hls_filter_2d.cpp:67->hls_filter_2d.cpp:167]   --->   Operation 166 'xor' 'xor_ln67_3' <Predicate = (!icmp_ln165)> <Delay = 0.28> <CoreInst = "LogicGate">   --->   Core 74 'LogicGate' <Latency = 0> <II = 1> <Delay = 0.28> <FuncUnit> <Opcode : 'and' 'or' 'xor'> <InPorts = 2> <OutPorts = 1>
ST_4 : Operation 167 [1/1] (0.82ns)   --->   "%img_y_6 = add i14 %zext_ln64, i14 16383" [hls_filter_2d.cpp:64->hls_filter_2d.cpp:167]   --->   Operation 167 'add' 'img_y_6' <Predicate = (!icmp_ln165)> <Delay = 0.82> <CoreInst = "Adder">   --->   Core 1 'Adder' <Latency = 0> <II = 1> <Delay = 0.82> <FuncUnit> <Opcode : 'add' 'sub'> <InPorts = 2> <OutPorts = 1>
ST_4 : Operation 168 [1/1] (0.00ns) (grouped into LUT with out node or_ln67_8)   --->   "%tmp_4 = bitselect i1 @_ssdm_op_BitSelect.i1.i14.i32, i14 %img_y_6, i32 13" [hls_filter_2d.cpp:67->hls_filter_2d.cpp:167]   --->   Operation 168 'bitselect' 'tmp_4' <Predicate = (!icmp_ln165)> <Delay = 0.00>
ST_4 : Operation 169 [1/1] (0.83ns)   --->   "%icmp_ln67_6 = icmp_slt  i14 %img_y_6, i14 %zext_ln72_cast" [hls_filter_2d.cpp:67->hls_filter_2d.cpp:167]   --->   Operation 169 'icmp' 'icmp_ln67_6' <Predicate = (!icmp_ln165)> <Delay = 0.83> <CoreInst = "Cmp">   --->   Core 9 'Cmp' <Latency = 0> <II = 1> <Delay = 0.83> <FuncUnit> <Opcode : 'seteq' 'setne' 'setle' 'setge' 'setlt' 'setgt'> <InPorts = 2> <OutPorts = 1>
ST_4 : Operation 170 [1/1] (0.00ns) (grouped into LUT with out node or_ln67_8)   --->   "%xor_ln67_6 = xor i1 %icmp_ln67_6, i1 1" [hls_filter_2d.cpp:67->hls_filter_2d.cpp:167]   --->   Operation 170 'xor' 'xor_ln67_6' <Predicate = (!icmp_ln165)> <Delay = 0.00> <CoreInst = "LogicGate">   --->   Core 74 'LogicGate' <Latency = 0> <II = 1> <Delay = 0.28> <FuncUnit> <Opcode : 'and' 'or' 'xor'> <InPorts = 2> <OutPorts = 1>
ST_4 : Operation 171 [1/1] (0.28ns) (out node of the LUT)   --->   "%or_ln67_8 = or i1 %tmp_4, i1 %xor_ln67_6" [hls_filter_2d.cpp:67->hls_filter_2d.cpp:167]   --->   Operation 171 'or' 'or_ln67_8' <Predicate = (!icmp_ln165)> <Delay = 0.28> <CoreInst = "LogicGate">   --->   Core 74 'LogicGate' <Latency = 0> <II = 1> <Delay = 0.28> <FuncUnit> <Opcode : 'and' 'or' 'xor'> <InPorts = 2> <OutPorts = 1>
ST_4 : Operation 172 [1/1] (0.82ns)   --->   "%icmp_ln67_7 = icmp_ult  i13 %img_y_5, i13 %height_read" [hls_filter_2d.cpp:67->hls_filter_2d.cpp:167]   --->   Operation 172 'icmp' 'icmp_ln67_7' <Predicate = (!icmp_ln165)> <Delay = 0.82> <CoreInst = "Cmp">   --->   Core 9 'Cmp' <Latency = 0> <II = 1> <Delay = 0.82> <FuncUnit> <Opcode : 'seteq' 'setne' 'setle' 'setge' 'setlt' 'setgt'> <InPorts = 2> <OutPorts = 1>
ST_4 : Operation 173 [1/1] (0.82ns)   --->   "%img_y_7 = add i14 %zext_ln64, i14 1" [hls_filter_2d.cpp:64->hls_filter_2d.cpp:167]   --->   Operation 173 'add' 'img_y_7' <Predicate = (!icmp_ln165)> <Delay = 0.82> <CoreInst = "Adder">   --->   Core 1 'Adder' <Latency = 0> <II = 1> <Delay = 0.82> <FuncUnit> <Opcode : 'add' 'sub'> <InPorts = 2> <OutPorts = 1>
ST_4 : Operation 174 [1/1] (0.83ns)   --->   "%icmp_ln67_8 = icmp_ult  i14 %img_y_7, i14 %zext_ln72_cast" [hls_filter_2d.cpp:67->hls_filter_2d.cpp:167]   --->   Operation 174 'icmp' 'icmp_ln67_8' <Predicate = (!icmp_ln165)> <Delay = 0.83> <CoreInst = "Cmp">   --->   Core 9 'Cmp' <Latency = 0> <II = 1> <Delay = 0.83> <FuncUnit> <Opcode : 'seteq' 'setne' 'setle' 'setge' 'setlt' 'setgt'> <InPorts = 2> <OutPorts = 1>
ST_4 : Operation 175 [1/1] (0.28ns)   --->   "%xor_ln67_8 = xor i1 %icmp_ln67_8, i1 1" [hls_filter_2d.cpp:67->hls_filter_2d.cpp:167]   --->   Operation 175 'xor' 'xor_ln67_8' <Predicate = (!icmp_ln165)> <Delay = 0.28> <CoreInst = "LogicGate">   --->   Core 74 'LogicGate' <Latency = 0> <II = 1> <Delay = 0.28> <FuncUnit> <Opcode : 'and' 'or' 'xor'> <InPorts = 2> <OutPorts = 1>
ST_4 : Operation 176 [1/1] (0.82ns)   --->   "%img_y_8 = add i14 %zext_ln64, i14 2" [hls_filter_2d.cpp:64->hls_filter_2d.cpp:167]   --->   Operation 176 'add' 'img_y_8' <Predicate = (!icmp_ln165)> <Delay = 0.82> <CoreInst = "Adder">   --->   Core 1 'Adder' <Latency = 0> <II = 1> <Delay = 0.82> <FuncUnit> <Opcode : 'add' 'sub'> <InPorts = 2> <OutPorts = 1>
ST_4 : Operation 177 [1/1] (0.83ns)   --->   "%icmp_ln67_9 = icmp_ult  i14 %img_y_8, i14 %zext_ln72_cast" [hls_filter_2d.cpp:67->hls_filter_2d.cpp:167]   --->   Operation 177 'icmp' 'icmp_ln67_9' <Predicate = (!icmp_ln165)> <Delay = 0.83> <CoreInst = "Cmp">   --->   Core 9 'Cmp' <Latency = 0> <II = 1> <Delay = 0.83> <FuncUnit> <Opcode : 'seteq' 'setne' 'setle' 'setge' 'setlt' 'setgt'> <InPorts = 2> <OutPorts = 1>
ST_4 : Operation 178 [1/1] (0.28ns)   --->   "%xor_ln67_9 = xor i1 %icmp_ln67_9, i1 1" [hls_filter_2d.cpp:67->hls_filter_2d.cpp:167]   --->   Operation 178 'xor' 'xor_ln67_9' <Predicate = (!icmp_ln165)> <Delay = 0.28> <CoreInst = "LogicGate">   --->   Core 74 'LogicGate' <Latency = 0> <II = 1> <Delay = 0.28> <FuncUnit> <Opcode : 'and' 'or' 'xor'> <InPorts = 2> <OutPorts = 1>
ST_4 : Operation 179 [1/1] (0.00ns)   --->   "%tmp_7 = partselect i12 @_ssdm_op_PartSelect.i12.i13.i32.i32, i13 %img_x_5, i32 1, i32 12" [hls_filter_2d.cpp:88->hls_filter_2d.cpp:167]   --->   Operation 179 'partselect' 'tmp_7' <Predicate = (!icmp_ln165 & !borderType_read)> <Delay = 0.00>
ST_4 : Operation 180 [1/1] (0.80ns)   --->   "%icmp_ln88 = icmp_eq  i12 %tmp_7, i12 0" [hls_filter_2d.cpp:88->hls_filter_2d.cpp:167]   --->   Operation 180 'icmp' 'icmp_ln88' <Predicate = (!icmp_ln165 & !borderType_read)> <Delay = 0.80> <CoreInst = "Cmp">   --->   Core 9 'Cmp' <Latency = 0> <II = 1> <Delay = 0.80> <FuncUnit> <Opcode : 'seteq' 'setne' 'setle' 'setge' 'setlt' 'setgt'> <InPorts = 2> <OutPorts = 1>
ST_4 : Operation 181 [1/1] (0.00ns)   --->   "%br_ln88 = br i1 %icmp_ln88, void %land.lhs.true43.i, void %if.end68.i" [hls_filter_2d.cpp:88->hls_filter_2d.cpp:167]   --->   Operation 181 'br' 'br_ln88' <Predicate = (!icmp_ln165 & !borderType_read)> <Delay = 0.00>
ST_4 : Operation 182 [1/1] (0.83ns)   --->   "%icmp_ln88_1 = icmp_sgt  i14 %add_ln88_read, i14 %zext_ln63" [hls_filter_2d.cpp:88->hls_filter_2d.cpp:167]   --->   Operation 182 'icmp' 'icmp_ln88_1' <Predicate = (!icmp_ln165 & !borderType_read & !icmp_ln88)> <Delay = 0.83> <CoreInst = "Cmp">   --->   Core 9 'Cmp' <Latency = 0> <II = 1> <Delay = 0.83> <FuncUnit> <Opcode : 'seteq' 'setne' 'setle' 'setge' 'setlt' 'setgt'> <InPorts = 2> <OutPorts = 1>
ST_4 : Operation 183 [1/1] (0.00ns)   --->   "%tmp_8 = partselect i12 @_ssdm_op_PartSelect.i12.i13.i32.i32, i13 %img_y_5, i32 1, i32 12" [hls_filter_2d.cpp:88->hls_filter_2d.cpp:167]   --->   Operation 183 'partselect' 'tmp_8' <Predicate = (!icmp_ln165 & !borderType_read & !icmp_ln88)> <Delay = 0.00>
ST_4 : Operation 184 [1/1] (0.80ns)   --->   "%icmp_ln88_2 = icmp_ne  i12 %tmp_8, i12 0" [hls_filter_2d.cpp:88->hls_filter_2d.cpp:167]   --->   Operation 184 'icmp' 'icmp_ln88_2' <Predicate = (!icmp_ln165 & !borderType_read & !icmp_ln88)> <Delay = 0.80> <CoreInst = "Cmp">   --->   Core 9 'Cmp' <Latency = 0> <II = 1> <Delay = 0.80> <FuncUnit> <Opcode : 'seteq' 'setne' 'setle' 'setge' 'setlt' 'setgt'> <InPorts = 2> <OutPorts = 1>
ST_4 : Operation 185 [1/1] (0.83ns)   --->   "%icmp_ln89 = icmp_sgt  i14 %add_ln89_read, i14 %zext_ln64" [hls_filter_2d.cpp:89->hls_filter_2d.cpp:167]   --->   Operation 185 'icmp' 'icmp_ln89' <Predicate = (!icmp_ln165 & !borderType_read & !icmp_ln88)> <Delay = 0.83> <CoreInst = "Cmp">   --->   Core 9 'Cmp' <Latency = 0> <II = 1> <Delay = 0.83> <FuncUnit> <Opcode : 'seteq' 'setne' 'setle' 'setge' 'setlt' 'setgt'> <InPorts = 2> <OutPorts = 1>
ST_4 : Operation 186 [1/1] (0.00ns) (grouped into LUT with out node and_ln88_1)   --->   "%and_ln88 = and i1 %icmp_ln88_2, i1 %icmp_ln89" [hls_filter_2d.cpp:88->hls_filter_2d.cpp:167]   --->   Operation 186 'and' 'and_ln88' <Predicate = (!icmp_ln165 & !borderType_read & !icmp_ln88)> <Delay = 0.00> <CoreInst = "LogicGate">   --->   Core 74 'LogicGate' <Latency = 0> <II = 1> <Delay = 0.28> <FuncUnit> <Opcode : 'and' 'or' 'xor'> <InPorts = 2> <OutPorts = 1>
ST_4 : Operation 187 [1/1] (0.28ns) (out node of the LUT)   --->   "%and_ln88_1 = and i1 %and_ln88, i1 %icmp_ln88_1" [hls_filter_2d.cpp:88->hls_filter_2d.cpp:167]   --->   Operation 187 'and' 'and_ln88_1' <Predicate = (!icmp_ln165 & !borderType_read & !icmp_ln88)> <Delay = 0.28> <CoreInst = "LogicGate">   --->   Core 74 'LogicGate' <Latency = 0> <II = 1> <Delay = 0.28> <FuncUnit> <Opcode : 'and' 'or' 'xor'> <InPorts = 2> <OutPorts = 1>
ST_4 : Operation 188 [1/1] (0.42ns)   --->   "%br_ln88 = br i1 %and_ln88_1, void %if.end68.i, void %cond.end.i" [hls_filter_2d.cpp:88->hls_filter_2d.cpp:167]   --->   Operation 188 'br' 'br_ln88' <Predicate = (!icmp_ln165 & !borderType_read & !icmp_ln88)> <Delay = 0.42>
ST_4 : Operation 189 [1/1] (0.00ns) (grouped into LUT with out node out_paket_user)   --->   "%or_ln96 = or i13 %img_x_5, i13 %img_y_5" [hls_filter_2d.cpp:96->hls_filter_2d.cpp:167]   --->   Operation 189 'or' 'or_ln96' <Predicate = (!icmp_ln165 & !icmp_ln88 & and_ln88_1) | (!icmp_ln165 & borderType_read)> <Delay = 0.00> <CoreInst = "LogicGate">   --->   Core 74 'LogicGate' <Latency = 0> <II = 1> <Delay = 0.33> <FuncUnit> <Opcode : 'and' 'or' 'xor'> <InPorts = 2> <OutPorts = 1>
ST_4 : Operation 190 [1/1] (0.82ns) (out node of the LUT)   --->   "%out_paket_user = icmp_eq  i13 %or_ln96, i13 0" [hls_filter_2d.cpp:96->hls_filter_2d.cpp:167]   --->   Operation 190 'icmp' 'out_paket_user' <Predicate = (!icmp_ln165 & !icmp_ln88 & and_ln88_1) | (!icmp_ln165 & borderType_read)> <Delay = 0.82> <CoreInst = "Cmp">   --->   Core 9 'Cmp' <Latency = 0> <II = 1> <Delay = 0.82> <FuncUnit> <Opcode : 'seteq' 'setne' 'setle' 'setge' 'setlt' 'setgt'> <InPorts = 2> <OutPorts = 1>
ST_4 : Operation 191 [1/1] (0.83ns)   --->   "%icmp_ln102 = icmp_eq  i14 %add_ln42_read, i14 %zext_ln63" [hls_filter_2d.cpp:102->hls_filter_2d.cpp:167]   --->   Operation 191 'icmp' 'icmp_ln102' <Predicate = (!icmp_ln165)> <Delay = 0.83> <CoreInst = "Cmp">   --->   Core 9 'Cmp' <Latency = 0> <II = 1> <Delay = 0.83> <FuncUnit> <Opcode : 'seteq' 'setne' 'setle' 'setge' 'setlt' 'setgt'> <InPorts = 2> <OutPorts = 1>
ST_4 : Operation 192 [1/1] (0.00ns)   --->   "%br_ln102 = br i1 %icmp_ln102, void %if.else79.i, void %if.then71.i" [hls_filter_2d.cpp:102->hls_filter_2d.cpp:167]   --->   Operation 192 'br' 'br_ln102' <Predicate = (!icmp_ln165)> <Delay = 0.00>
ST_4 : Operation 193 [1/1] (0.82ns)   --->   "%out_x = add i13 %img_x_5, i13 1" [hls_filter_2d.cpp:110->hls_filter_2d.cpp:167]   --->   Operation 193 'add' 'out_x' <Predicate = (!icmp_ln165 & !icmp_ln102)> <Delay = 0.82> <CoreInst = "Adder">   --->   Core 1 'Adder' <Latency = 0> <II = 1> <Delay = 0.82> <FuncUnit> <Opcode : 'add' 'sub'> <InPorts = 2> <OutPorts = 1>
ST_4 : Operation 194 [1/1] (0.42ns)   --->   "%store_ln63 = store i13 %out_x, i13 %img_x_2" [hls_filter_2d.cpp:63->hls_filter_2d.cpp:167]   --->   Operation 194 'store' 'store_ln63' <Predicate = (!icmp_ln165 & !icmp_ln102)> <Delay = 0.42>
ST_4 : Operation 195 [1/1] (0.00ns)   --->   "%br_ln0 = br void %for.inc"   --->   Operation 195 'br' 'br_ln0' <Predicate = (!icmp_ln165 & !icmp_ln102)> <Delay = 0.00>
ST_4 : Operation 196 [1/1] (0.83ns)   --->   "%icmp_ln104 = icmp_eq  i14 %add_ln104_read, i14 %zext_ln64" [hls_filter_2d.cpp:104->hls_filter_2d.cpp:167]   --->   Operation 196 'icmp' 'icmp_ln104' <Predicate = (!icmp_ln165 & icmp_ln102)> <Delay = 0.83> <CoreInst = "Cmp">   --->   Core 9 'Cmp' <Latency = 0> <II = 1> <Delay = 0.83> <FuncUnit> <Opcode : 'seteq' 'setne' 'setle' 'setge' 'setlt' 'setgt'> <InPorts = 2> <OutPorts = 1>
ST_4 : Operation 197 [1/1] (0.82ns)   --->   "%add_ln107 = add i13 %img_y_5, i13 1" [hls_filter_2d.cpp:107->hls_filter_2d.cpp:167]   --->   Operation 197 'add' 'add_ln107' <Predicate = (!icmp_ln165 & icmp_ln102)> <Delay = 0.82> <CoreInst = "Adder">   --->   Core 1 'Adder' <Latency = 0> <II = 1> <Delay = 0.82> <FuncUnit> <Opcode : 'add' 'sub'> <InPorts = 2> <OutPorts = 1>
ST_4 : Operation 198 [1/1] (0.30ns)   --->   "%out_y = select i1 %icmp_ln104, i13 0, i13 %add_ln107" [hls_filter_2d.cpp:104->hls_filter_2d.cpp:167]   --->   Operation 198 'select' 'out_y' <Predicate = (!icmp_ln165 & icmp_ln102)> <Delay = 0.30> <CoreInst = "Sel">   --->   Core 73 'Sel' <Latency = 0> <II = 1> <Delay = 0.30> <FuncUnit> <Opcode : 'select'> <InPorts = 3> <OutPorts = 1>
ST_4 : Operation 199 [1/1] (0.42ns)   --->   "%store_ln63 = store i13 0, i13 %img_x_2" [hls_filter_2d.cpp:63->hls_filter_2d.cpp:167]   --->   Operation 199 'store' 'store_ln63' <Predicate = (!icmp_ln165 & icmp_ln102)> <Delay = 0.42>
ST_4 : Operation 200 [1/1] (0.42ns)   --->   "%store_ln64 = store i13 %out_y, i13 %img_y_2" [hls_filter_2d.cpp:64->hls_filter_2d.cpp:167]   --->   Operation 200 'store' 'store_ln64' <Predicate = (!icmp_ln165 & icmp_ln102)> <Delay = 0.42>
ST_4 : Operation 201 [1/1] (0.00ns)   --->   "%br_ln109 = br void %for.inc" [hls_filter_2d.cpp:109->hls_filter_2d.cpp:167]   --->   Operation 201 'br' 'br_ln109' <Predicate = (!icmp_ln165 & icmp_ln102)> <Delay = 0.00>

State 5 <SV = 4> <Delay = 3.61>
ST_5 : Operation 202 [1/1] (0.00ns)   --->   "%val_75 = load i8 %window_5"   --->   Operation 202 'load' 'val_75' <Predicate = true> <Delay = 0.00>
ST_5 : Operation 203 [1/1] (0.00ns)   --->   "%val_72 = load i8 %window_6"   --->   Operation 203 'load' 'val_72' <Predicate = true> <Delay = 0.00>
ST_5 : Operation 204 [1/1] (0.00ns)   --->   "%val_67 = load i8 %window_7"   --->   Operation 204 'load' 'val_67' <Predicate = true> <Delay = 0.00>
ST_5 : Operation 205 [1/1] (0.00ns)   --->   "%val_64 = load i8 %window_8"   --->   Operation 205 'load' 'val_64' <Predicate = true> <Delay = 0.00>
ST_5 : Operation 206 [1/1] (0.00ns)   --->   "%val_59 = load i8 %window_9"   --->   Operation 206 'load' 'val_59' <Predicate = true> <Delay = 0.00>
ST_5 : Operation 207 [1/1] (0.00ns)   --->   "%val_56 = load i8 %window_10"   --->   Operation 207 'load' 'val_56' <Predicate = true> <Delay = 0.00>
ST_5 : Operation 208 [1/1] (0.00ns)   --->   "%val_51 = load i8 %window_11"   --->   Operation 208 'load' 'val_51' <Predicate = true> <Delay = 0.00>
ST_5 : Operation 209 [2/2] (1.23ns)   --->   "%window_34 = load i13 %line_buffer_addr" [hls_filter_2d.cpp:31->hls_filter_2d.cpp:162]   --->   Operation 209 'load' 'window_34' <Predicate = true> <Delay = 1.23> <CoreInst = "RAM">   --->   Core 82 'RAM' <Latency = 1> <II = 1> <Delay = 1.23> <Storage> <Opcode : 'load' 'store'> <Ports = 2> <Width = 8> <Depth = 7680> <RAM>
ST_5 : Operation 210 [1/2] ( I:1.23ns O:1.23ns )   --->   "%window_35 = load i13 %line_buffer_1_addr" [hls_filter_2d.cpp:31->hls_filter_2d.cpp:162]   --->   Operation 210 'load' 'window_35' <Predicate = true> <Delay = 1.23> <CoreInst = "RAM">   --->   Core 82 'RAM' <Latency = 1> <II = 1> <Delay = 1.23> <Storage> <Opcode : 'load' 'store'> <Ports = 2> <Width = 8> <Depth = 7680> <RAM>
ST_5 : Operation 211 [1/1] ( I:1.23ns O:1.23ns )   --->   "%store_ln37 = store i8 %window_35, i13 %line_buffer_addr" [hls_filter_2d.cpp:37->hls_filter_2d.cpp:162]   --->   Operation 211 'store' 'store_ln37' <Predicate = (icmp_ln35)> <Delay = 1.23> <CoreInst = "RAM">   --->   Core 82 'RAM' <Latency = 1> <II = 1> <Delay = 1.23> <Storage> <Opcode : 'load' 'store'> <Ports = 2> <Width = 8> <Depth = 7680> <RAM>
ST_5 : Operation 212 [1/1] (0.00ns)   --->   "%br_ln40 = br void %_ZL13update_windowRN3hls6streamI16axi_stream_videoI11color_pixelILi1ELi8EEELi0EEE7ap_uintILi13EES8_S7_ILi26EES7_ILi27EEPA7680_S7_ILi8EEPA5_SB_RS8_RSB_.exit" [hls_filter_2d.cpp:40->hls_filter_2d.cpp:162]   --->   Operation 212 'br' 'br_ln40' <Predicate = (icmp_ln35)> <Delay = 0.00>
ST_5 : Operation 213 [1/1] (0.00ns)   --->   "%window_load = load i8 %window" [hls_filter_2d.cpp:67->hls_filter_2d.cpp:167]   --->   Operation 213 'load' 'window_load' <Predicate = (!icmp_ln165)> <Delay = 0.00>
ST_5 : Operation 214 [1/1] (0.00ns)   --->   "%val_load = load i8 %val" [hls_filter_2d.cpp:67->hls_filter_2d.cpp:167]   --->   Operation 214 'load' 'val_load' <Predicate = (!icmp_ln165)> <Delay = 0.00>
ST_5 : Operation 215 [1/1] (0.00ns)   --->   "%window_1_load = load i8 %window_1" [hls_filter_2d.cpp:67->hls_filter_2d.cpp:167]   --->   Operation 215 'load' 'window_1_load' <Predicate = (!icmp_ln165)> <Delay = 0.00>
ST_5 : Operation 216 [1/1] (0.00ns)   --->   "%window_2_load = load i8 %window_2" [hls_filter_2d.cpp:67->hls_filter_2d.cpp:167]   --->   Operation 216 'load' 'window_2_load' <Predicate = (!icmp_ln165)> <Delay = 0.00>
ST_5 : Operation 217 [1/1] (0.00ns)   --->   "%val_4_load = load i8 %val_4" [hls_filter_2d.cpp:67->hls_filter_2d.cpp:167]   --->   Operation 217 'load' 'val_4_load' <Predicate = (!icmp_ln165)> <Delay = 0.00>
ST_5 : Operation 218 [1/1] (0.82ns)   --->   "%img_x = add i14 %zext_ln63, i14 16382" [hls_filter_2d.cpp:63->hls_filter_2d.cpp:167]   --->   Operation 218 'add' 'img_x' <Predicate = (!icmp_ln165)> <Delay = 0.82> <CoreInst = "Adder">   --->   Core 1 'Adder' <Latency = 0> <II = 1> <Delay = 0.82> <FuncUnit> <Opcode : 'add' 'sub'> <InPorts = 2> <OutPorts = 1>
ST_5 : Operation 219 [1/1] (0.00ns) (grouped into LUT with out node or_ln67)   --->   "%tmp_2 = bitselect i1 @_ssdm_op_BitSelect.i1.i14.i32, i14 %img_x, i32 13" [hls_filter_2d.cpp:67->hls_filter_2d.cpp:167]   --->   Operation 219 'bitselect' 'tmp_2' <Predicate = (!icmp_ln165)> <Delay = 0.00>
ST_5 : Operation 220 [1/1] (0.83ns)   --->   "%icmp_ln67_1 = icmp_slt  i14 %img_x, i14 %zext_ln149_cast" [hls_filter_2d.cpp:67->hls_filter_2d.cpp:167]   --->   Operation 220 'icmp' 'icmp_ln67_1' <Predicate = (!icmp_ln165)> <Delay = 0.83> <CoreInst = "Cmp">   --->   Core 9 'Cmp' <Latency = 0> <II = 1> <Delay = 0.83> <FuncUnit> <Opcode : 'seteq' 'setne' 'setle' 'setge' 'setlt' 'setgt'> <InPorts = 2> <OutPorts = 1>
ST_5 : Operation 221 [1/1] (0.00ns) (grouped into LUT with out node or_ln67)   --->   "%xor_ln67_1 = xor i1 %icmp_ln67_1, i1 1" [hls_filter_2d.cpp:67->hls_filter_2d.cpp:167]   --->   Operation 221 'xor' 'xor_ln67_1' <Predicate = (!icmp_ln165)> <Delay = 0.00> <CoreInst = "LogicGate">   --->   Core 74 'LogicGate' <Latency = 0> <II = 1> <Delay = 0.28> <FuncUnit> <Opcode : 'and' 'or' 'xor'> <InPorts = 2> <OutPorts = 1>
ST_5 : Operation 222 [1/1] (0.28ns) (out node of the LUT)   --->   "%or_ln67 = or i1 %xor_ln67_1, i1 %tmp_2" [hls_filter_2d.cpp:67->hls_filter_2d.cpp:167]   --->   Operation 222 'or' 'or_ln67' <Predicate = (!icmp_ln165)> <Delay = 0.28> <CoreInst = "LogicGate">   --->   Core 74 'LogicGate' <Latency = 0> <II = 1> <Delay = 0.28> <FuncUnit> <Opcode : 'and' 'or' 'xor'> <InPorts = 2> <OutPorts = 1>
ST_5 : Operation 223 [1/1] (0.82ns)   --->   "%img_x_6 = add i14 %zext_ln63, i14 16383" [hls_filter_2d.cpp:63->hls_filter_2d.cpp:167]   --->   Operation 223 'add' 'img_x_6' <Predicate = (!icmp_ln165)> <Delay = 0.82> <CoreInst = "Adder">   --->   Core 1 'Adder' <Latency = 0> <II = 1> <Delay = 0.82> <FuncUnit> <Opcode : 'add' 'sub'> <InPorts = 2> <OutPorts = 1>
ST_5 : Operation 224 [1/1] (0.00ns) (grouped into LUT with out node or_ln67_3)   --->   "%tmp_3 = bitselect i1 @_ssdm_op_BitSelect.i1.i14.i32, i14 %img_x_6, i32 13" [hls_filter_2d.cpp:67->hls_filter_2d.cpp:167]   --->   Operation 224 'bitselect' 'tmp_3' <Predicate = (!icmp_ln165)> <Delay = 0.00>
ST_5 : Operation 225 [1/1] (0.83ns)   --->   "%icmp_ln67_2 = icmp_slt  i14 %img_x_6, i14 %zext_ln149_cast" [hls_filter_2d.cpp:67->hls_filter_2d.cpp:167]   --->   Operation 225 'icmp' 'icmp_ln67_2' <Predicate = (!icmp_ln165)> <Delay = 0.83> <CoreInst = "Cmp">   --->   Core 9 'Cmp' <Latency = 0> <II = 1> <Delay = 0.83> <FuncUnit> <Opcode : 'seteq' 'setne' 'setle' 'setge' 'setlt' 'setgt'> <InPorts = 2> <OutPorts = 1>
ST_5 : Operation 226 [1/1] (0.00ns) (grouped into LUT with out node or_ln67_3)   --->   "%xor_ln67_2 = xor i1 %icmp_ln67_2, i1 1" [hls_filter_2d.cpp:67->hls_filter_2d.cpp:167]   --->   Operation 226 'xor' 'xor_ln67_2' <Predicate = (!icmp_ln165)> <Delay = 0.00> <CoreInst = "LogicGate">   --->   Core 74 'LogicGate' <Latency = 0> <II = 1> <Delay = 0.28> <FuncUnit> <Opcode : 'and' 'or' 'xor'> <InPorts = 2> <OutPorts = 1>
ST_5 : Operation 227 [1/1] (0.28ns) (out node of the LUT)   --->   "%or_ln67_3 = or i1 %xor_ln67_2, i1 %tmp_3" [hls_filter_2d.cpp:67->hls_filter_2d.cpp:167]   --->   Operation 227 'or' 'or_ln67_3' <Predicate = (!icmp_ln165)> <Delay = 0.28> <CoreInst = "LogicGate">   --->   Core 74 'LogicGate' <Latency = 0> <II = 1> <Delay = 0.28> <FuncUnit> <Opcode : 'and' 'or' 'xor'> <InPorts = 2> <OutPorts = 1>
ST_5 : Operation 228 [1/1] (0.82ns)   --->   "%img_x_7 = add i14 %zext_ln63, i14 1" [hls_filter_2d.cpp:63->hls_filter_2d.cpp:167]   --->   Operation 228 'add' 'img_x_7' <Predicate = (!icmp_ln165)> <Delay = 0.82> <CoreInst = "Adder">   --->   Core 1 'Adder' <Latency = 0> <II = 1> <Delay = 0.82> <FuncUnit> <Opcode : 'add' 'sub'> <InPorts = 2> <OutPorts = 1>
ST_5 : Operation 229 [1/1] (0.83ns)   --->   "%icmp_ln67_4 = icmp_ult  i14 %img_x_7, i14 %zext_ln149_cast" [hls_filter_2d.cpp:67->hls_filter_2d.cpp:167]   --->   Operation 229 'icmp' 'icmp_ln67_4' <Predicate = (!icmp_ln165)> <Delay = 0.83> <CoreInst = "Cmp">   --->   Core 9 'Cmp' <Latency = 0> <II = 1> <Delay = 0.83> <FuncUnit> <Opcode : 'seteq' 'setne' 'setle' 'setge' 'setlt' 'setgt'> <InPorts = 2> <OutPorts = 1>
ST_5 : Operation 230 [1/1] (0.28ns)   --->   "%xor_ln67_4 = xor i1 %icmp_ln67_4, i1 1" [hls_filter_2d.cpp:67->hls_filter_2d.cpp:167]   --->   Operation 230 'xor' 'xor_ln67_4' <Predicate = (!icmp_ln165)> <Delay = 0.28> <CoreInst = "LogicGate">   --->   Core 74 'LogicGate' <Latency = 0> <II = 1> <Delay = 0.28> <FuncUnit> <Opcode : 'and' 'or' 'xor'> <InPorts = 2> <OutPorts = 1>
ST_5 : Operation 231 [1/1] (0.82ns)   --->   "%img_x_8 = add i14 %zext_ln63, i14 2" [hls_filter_2d.cpp:63->hls_filter_2d.cpp:167]   --->   Operation 231 'add' 'img_x_8' <Predicate = (!icmp_ln165)> <Delay = 0.82> <CoreInst = "Adder">   --->   Core 1 'Adder' <Latency = 0> <II = 1> <Delay = 0.82> <FuncUnit> <Opcode : 'add' 'sub'> <InPorts = 2> <OutPorts = 1>
ST_5 : Operation 232 [1/1] (0.83ns)   --->   "%icmp_ln67_5 = icmp_ult  i14 %img_x_8, i14 %zext_ln149_cast" [hls_filter_2d.cpp:67->hls_filter_2d.cpp:167]   --->   Operation 232 'icmp' 'icmp_ln67_5' <Predicate = (!icmp_ln165)> <Delay = 0.83> <CoreInst = "Cmp">   --->   Core 9 'Cmp' <Latency = 0> <II = 1> <Delay = 0.83> <FuncUnit> <Opcode : 'seteq' 'setne' 'setle' 'setge' 'setlt' 'setgt'> <InPorts = 2> <OutPorts = 1>
ST_5 : Operation 233 [1/1] (0.28ns)   --->   "%xor_ln67_5 = xor i1 %icmp_ln67_5, i1 1" [hls_filter_2d.cpp:67->hls_filter_2d.cpp:167]   --->   Operation 233 'xor' 'xor_ln67_5' <Predicate = (!icmp_ln165)> <Delay = 0.28> <CoreInst = "LogicGate">   --->   Core 74 'LogicGate' <Latency = 0> <II = 1> <Delay = 0.28> <FuncUnit> <Opcode : 'and' 'or' 'xor'> <InPorts = 2> <OutPorts = 1>
ST_5 : Operation 234 [1/1] (0.28ns)   --->   "%or_ln67_13 = or i1 %or_ln67_8, i1 %xor_ln67_5" [hls_filter_2d.cpp:67->hls_filter_2d.cpp:167]   --->   Operation 234 'or' 'or_ln67_13' <Predicate = (!icmp_ln165)> <Delay = 0.28> <CoreInst = "LogicGate">   --->   Core 74 'LogicGate' <Latency = 0> <II = 1> <Delay = 0.28> <FuncUnit> <Opcode : 'and' 'or' 'xor'> <InPorts = 2> <OutPorts = 1>
ST_5 : Operation 235 [1/1] (0.39ns)   --->   "%val_55 = select i1 %or_ln67_13, i8 0, i8 %window_35" [hls_filter_2d.cpp:67->hls_filter_2d.cpp:167]   --->   Operation 235 'select' 'val_55' <Predicate = (!icmp_ln165)> <Delay = 0.39> <CoreInst = "Sel">   --->   Core 73 'Sel' <Latency = 0> <II = 1> <Delay = 0.39> <FuncUnit> <Opcode : 'select'> <InPorts = 3> <OutPorts = 1>
ST_5 : Operation 236 [1/1] (0.00ns)   --->   "%zext_ln67_4 = zext i8 %val_55" [hls_filter_2d.cpp:67->hls_filter_2d.cpp:167]   --->   Operation 236 'zext' 'zext_ln67_4' <Predicate = (!icmp_ln165)> <Delay = 0.00>
ST_5 : Operation 237 [1/1] (0.28ns)   --->   "%xor_ln67_7 = xor i1 %icmp_ln67_7, i1 1" [hls_filter_2d.cpp:67->hls_filter_2d.cpp:167]   --->   Operation 237 'xor' 'xor_ln67_7' <Predicate = (!icmp_ln165)> <Delay = 0.28> <CoreInst = "LogicGate">   --->   Core 74 'LogicGate' <Latency = 0> <II = 1> <Delay = 0.28> <FuncUnit> <Opcode : 'and' 'or' 'xor'> <InPorts = 2> <OutPorts = 1>
ST_5 : Operation 238 [1/1] (0.00ns) (grouped into LUT with out node val_57)   --->   "%or_ln67_14 = or i1 %or_ln67, i1 %xor_ln67_7" [hls_filter_2d.cpp:67->hls_filter_2d.cpp:167]   --->   Operation 238 'or' 'or_ln67_14' <Predicate = (!icmp_ln165)> <Delay = 0.00> <CoreInst = "LogicGate">   --->   Core 74 'LogicGate' <Latency = 0> <II = 1> <Delay = 0.28> <FuncUnit> <Opcode : 'and' 'or' 'xor'> <InPorts = 2> <OutPorts = 1>
ST_5 : Operation 239 [1/1] (0.39ns) (out node of the LUT)   --->   "%val_57 = select i1 %or_ln67_14, i8 0, i8 %val_4_load" [hls_filter_2d.cpp:67->hls_filter_2d.cpp:167]   --->   Operation 239 'select' 'val_57' <Predicate = (!icmp_ln165)> <Delay = 0.39> <CoreInst = "Sel">   --->   Core 73 'Sel' <Latency = 0> <II = 1> <Delay = 0.39> <FuncUnit> <Opcode : 'select'> <InPorts = 3> <OutPorts = 1>
ST_5 : Operation 240 [1/1] (0.00ns)   --->   "%zext_ln67_5 = zext i8 %val_57" [hls_filter_2d.cpp:67->hls_filter_2d.cpp:167]   --->   Operation 240 'zext' 'zext_ln67_5' <Predicate = (!icmp_ln165)> <Delay = 0.00>
ST_5 : Operation 241 [1/1] (0.00ns) (grouped into LUT with out node val_58)   --->   "%or_ln67_15 = or i1 %or_ln67_3, i1 %xor_ln67_7" [hls_filter_2d.cpp:67->hls_filter_2d.cpp:167]   --->   Operation 241 'or' 'or_ln67_15' <Predicate = (!icmp_ln165)> <Delay = 0.00> <CoreInst = "LogicGate">   --->   Core 74 'LogicGate' <Latency = 0> <II = 1> <Delay = 0.28> <FuncUnit> <Opcode : 'and' 'or' 'xor'> <InPorts = 2> <OutPorts = 1>
ST_5 : Operation 242 [1/1] (0.39ns) (out node of the LUT)   --->   "%val_58 = select i1 %or_ln67_15, i8 0, i8 %val_56" [hls_filter_2d.cpp:67->hls_filter_2d.cpp:167]   --->   Operation 242 'select' 'val_58' <Predicate = (!icmp_ln165)> <Delay = 0.39> <CoreInst = "Sel">   --->   Core 73 'Sel' <Latency = 0> <II = 1> <Delay = 0.39> <FuncUnit> <Opcode : 'select'> <InPorts = 3> <OutPorts = 1>
ST_5 : Operation 243 [1/1] (0.00ns) (grouped into LUT with out node val_60)   --->   "%or_ln67_16 = or i1 %xor_ln67_3, i1 %xor_ln67_7" [hls_filter_2d.cpp:67->hls_filter_2d.cpp:167]   --->   Operation 243 'or' 'or_ln67_16' <Predicate = (!icmp_ln165)> <Delay = 0.00> <CoreInst = "LogicGate">   --->   Core 74 'LogicGate' <Latency = 0> <II = 1> <Delay = 0.28> <FuncUnit> <Opcode : 'and' 'or' 'xor'> <InPorts = 2> <OutPorts = 1>
ST_5 : Operation 244 [1/1] (0.39ns) (out node of the LUT)   --->   "%val_60 = select i1 %or_ln67_16, i8 0, i8 %window_2_load" [hls_filter_2d.cpp:67->hls_filter_2d.cpp:167]   --->   Operation 244 'select' 'val_60' <Predicate = (!icmp_ln165)> <Delay = 0.39> <CoreInst = "Sel">   --->   Core 73 'Sel' <Latency = 0> <II = 1> <Delay = 0.39> <FuncUnit> <Opcode : 'select'> <InPorts = 3> <OutPorts = 1>
ST_5 : Operation 245 [1/1] (0.00ns) (grouped into LUT with out node val_62)   --->   "%or_ln67_17 = or i1 %xor_ln67_4, i1 %xor_ln67_7" [hls_filter_2d.cpp:67->hls_filter_2d.cpp:167]   --->   Operation 245 'or' 'or_ln67_17' <Predicate = (!icmp_ln165)> <Delay = 0.00> <CoreInst = "LogicGate">   --->   Core 74 'LogicGate' <Latency = 0> <II = 1> <Delay = 0.28> <FuncUnit> <Opcode : 'and' 'or' 'xor'> <InPorts = 2> <OutPorts = 1>
ST_5 : Operation 246 [1/1] (0.39ns) (out node of the LUT)   --->   "%val_62 = select i1 %or_ln67_17, i8 0, i8 %val_59" [hls_filter_2d.cpp:67->hls_filter_2d.cpp:167]   --->   Operation 246 'select' 'val_62' <Predicate = (!icmp_ln165)> <Delay = 0.39> <CoreInst = "Sel">   --->   Core 73 'Sel' <Latency = 0> <II = 1> <Delay = 0.39> <FuncUnit> <Opcode : 'select'> <InPorts = 3> <OutPorts = 1>
ST_5 : Operation 247 [1/1] (0.00ns)   --->   "%zext_ln67_8 = zext i8 %val_62" [hls_filter_2d.cpp:67->hls_filter_2d.cpp:167]   --->   Operation 247 'zext' 'zext_ln67_8' <Predicate = (!icmp_ln165)> <Delay = 0.00>
ST_5 : Operation 248 [1/1] (0.28ns)   --->   "%or_ln67_18 = or i1 %xor_ln67_5, i1 %xor_ln67_7" [hls_filter_2d.cpp:67->hls_filter_2d.cpp:167]   --->   Operation 248 'or' 'or_ln67_18' <Predicate = (!icmp_ln165)> <Delay = 0.28> <CoreInst = "LogicGate">   --->   Core 74 'LogicGate' <Latency = 0> <II = 1> <Delay = 0.28> <FuncUnit> <Opcode : 'and' 'or' 'xor'> <InPorts = 2> <OutPorts = 1>
ST_5 : Operation 249 [1/1] (0.39ns)   --->   "%val_63 = select i1 %or_ln67_18, i8 0, i8 %window_36" [hls_filter_2d.cpp:67->hls_filter_2d.cpp:167]   --->   Operation 249 'select' 'val_63' <Predicate = (!icmp_ln165)> <Delay = 0.39> <CoreInst = "Sel">   --->   Core 73 'Sel' <Latency = 0> <II = 1> <Delay = 0.39> <FuncUnit> <Opcode : 'select'> <InPorts = 3> <OutPorts = 1>
ST_5 : Operation 250 [1/1] (0.00ns) (grouped into LUT with out node val_68)   --->   "%or_ln67_21 = or i1 %xor_ln67_3, i1 %xor_ln67_8" [hls_filter_2d.cpp:67->hls_filter_2d.cpp:167]   --->   Operation 250 'or' 'or_ln67_21' <Predicate = (!icmp_ln165)> <Delay = 0.00> <CoreInst = "LogicGate">   --->   Core 74 'LogicGate' <Latency = 0> <II = 1> <Delay = 0.28> <FuncUnit> <Opcode : 'and' 'or' 'xor'> <InPorts = 2> <OutPorts = 1>
ST_5 : Operation 251 [1/1] (0.39ns) (out node of the LUT)   --->   "%val_68 = select i1 %or_ln67_21, i8 0, i8 %window_1_load" [hls_filter_2d.cpp:67->hls_filter_2d.cpp:167]   --->   Operation 251 'select' 'val_68' <Predicate = (!icmp_ln165)> <Delay = 0.39> <CoreInst = "Sel">   --->   Core 73 'Sel' <Latency = 0> <II = 1> <Delay = 0.39> <FuncUnit> <Opcode : 'select'> <InPorts = 3> <OutPorts = 1>
ST_5 : Operation 252 [1/1] (0.00ns)   --->   "%zext_ln67_11 = zext i8 %val_68" [hls_filter_2d.cpp:67->hls_filter_2d.cpp:167]   --->   Operation 252 'zext' 'zext_ln67_11' <Predicate = (!icmp_ln165)> <Delay = 0.00>
ST_5 : Operation 253 [1/1] (0.28ns)   --->   "%or_ln67_23 = or i1 %xor_ln67_5, i1 %xor_ln67_8" [hls_filter_2d.cpp:67->hls_filter_2d.cpp:167]   --->   Operation 253 'or' 'or_ln67_23' <Predicate = (!icmp_ln165)> <Delay = 0.28> <CoreInst = "LogicGate">   --->   Core 74 'LogicGate' <Latency = 0> <II = 1> <Delay = 0.28> <FuncUnit> <Opcode : 'and' 'or' 'xor'> <InPorts = 2> <OutPorts = 1>
ST_5 : Operation 254 [1/1] (0.39ns)   --->   "%val_71 = select i1 %or_ln67_23, i8 0, i8 %window_37" [hls_filter_2d.cpp:67->hls_filter_2d.cpp:167]   --->   Operation 254 'select' 'val_71' <Predicate = (!icmp_ln165)> <Delay = 0.39> <CoreInst = "Sel">   --->   Core 73 'Sel' <Latency = 0> <II = 1> <Delay = 0.39> <FuncUnit> <Opcode : 'select'> <InPorts = 3> <OutPorts = 1>
ST_5 : Operation 255 [1/1] (0.00ns)   --->   "%zext_ln64_3 = zext i8 %val_71" [hls_filter_2d.cpp:64->hls_filter_2d.cpp:167]   --->   Operation 255 'zext' 'zext_ln64_3' <Predicate = (!icmp_ln165)> <Delay = 0.00>
ST_5 : Operation 256 [1/1] (0.00ns) (grouped into LUT with out node val_73)   --->   "%or_ln67_24 = or i1 %or_ln67, i1 %xor_ln67_9" [hls_filter_2d.cpp:67->hls_filter_2d.cpp:167]   --->   Operation 256 'or' 'or_ln67_24' <Predicate = (!icmp_ln165)> <Delay = 0.00> <CoreInst = "LogicGate">   --->   Core 74 'LogicGate' <Latency = 0> <II = 1> <Delay = 0.28> <FuncUnit> <Opcode : 'and' 'or' 'xor'> <InPorts = 2> <OutPorts = 1>
ST_5 : Operation 257 [1/1] (0.39ns) (out node of the LUT)   --->   "%val_73 = select i1 %or_ln67_24, i8 0, i8 %val_load" [hls_filter_2d.cpp:67->hls_filter_2d.cpp:167]   --->   Operation 257 'select' 'val_73' <Predicate = (!icmp_ln165)> <Delay = 0.39> <CoreInst = "Sel">   --->   Core 73 'Sel' <Latency = 0> <II = 1> <Delay = 0.39> <FuncUnit> <Opcode : 'select'> <InPorts = 3> <OutPorts = 1>
ST_5 : Operation 258 [1/1] (0.00ns)   --->   "%zext_ln67_13 = zext i8 %val_73" [hls_filter_2d.cpp:67->hls_filter_2d.cpp:167]   --->   Operation 258 'zext' 'zext_ln67_13' <Predicate = (!icmp_ln165)> <Delay = 0.00>
ST_5 : Operation 259 [1/1] (0.00ns) (grouped into LUT with out node val_74)   --->   "%or_ln67_25 = or i1 %or_ln67_3, i1 %xor_ln67_9" [hls_filter_2d.cpp:67->hls_filter_2d.cpp:167]   --->   Operation 259 'or' 'or_ln67_25' <Predicate = (!icmp_ln165)> <Delay = 0.00> <CoreInst = "LogicGate">   --->   Core 74 'LogicGate' <Latency = 0> <II = 1> <Delay = 0.28> <FuncUnit> <Opcode : 'and' 'or' 'xor'> <InPorts = 2> <OutPorts = 1>
ST_5 : Operation 260 [1/1] (0.39ns) (out node of the LUT)   --->   "%val_74 = select i1 %or_ln67_25, i8 0, i8 %val_72" [hls_filter_2d.cpp:67->hls_filter_2d.cpp:167]   --->   Operation 260 'select' 'val_74' <Predicate = (!icmp_ln165)> <Delay = 0.39> <CoreInst = "Sel">   --->   Core 73 'Sel' <Latency = 0> <II = 1> <Delay = 0.39> <FuncUnit> <Opcode : 'select'> <InPorts = 3> <OutPorts = 1>
ST_5 : Operation 261 [1/1] (0.00ns) (grouped into LUT with out node val_76)   --->   "%or_ln67_26 = or i1 %xor_ln67_3, i1 %xor_ln67_9" [hls_filter_2d.cpp:67->hls_filter_2d.cpp:167]   --->   Operation 261 'or' 'or_ln67_26' <Predicate = (!icmp_ln165)> <Delay = 0.00> <CoreInst = "LogicGate">   --->   Core 74 'LogicGate' <Latency = 0> <II = 1> <Delay = 0.28> <FuncUnit> <Opcode : 'and' 'or' 'xor'> <InPorts = 2> <OutPorts = 1>
ST_5 : Operation 262 [1/1] (0.39ns) (out node of the LUT)   --->   "%val_76 = select i1 %or_ln67_26, i8 0, i8 %window_load" [hls_filter_2d.cpp:67->hls_filter_2d.cpp:167]   --->   Operation 262 'select' 'val_76' <Predicate = (!icmp_ln165)> <Delay = 0.39> <CoreInst = "Sel">   --->   Core 73 'Sel' <Latency = 0> <II = 1> <Delay = 0.39> <FuncUnit> <Opcode : 'select'> <InPorts = 3> <OutPorts = 1>
ST_5 : Operation 263 [1/1] (0.00ns) (grouped into LUT with out node val_78)   --->   "%or_ln67_27 = or i1 %xor_ln67_4, i1 %xor_ln67_9" [hls_filter_2d.cpp:67->hls_filter_2d.cpp:167]   --->   Operation 263 'or' 'or_ln67_27' <Predicate = (!icmp_ln165)> <Delay = 0.00> <CoreInst = "LogicGate">   --->   Core 74 'LogicGate' <Latency = 0> <II = 1> <Delay = 0.28> <FuncUnit> <Opcode : 'and' 'or' 'xor'> <InPorts = 2> <OutPorts = 1>
ST_5 : Operation 264 [1/1] (0.39ns) (out node of the LUT)   --->   "%val_78 = select i1 %or_ln67_27, i8 0, i8 %val_75" [hls_filter_2d.cpp:67->hls_filter_2d.cpp:167]   --->   Operation 264 'select' 'val_78' <Predicate = (!icmp_ln165)> <Delay = 0.39> <CoreInst = "Sel">   --->   Core 73 'Sel' <Latency = 0> <II = 1> <Delay = 0.39> <FuncUnit> <Opcode : 'select'> <InPorts = 3> <OutPorts = 1>
ST_5 : Operation 265 [1/1] (0.00ns) (grouped into LUT with out node val_79)   --->   "%or_ln67_28 = or i1 %xor_ln67_5, i1 %xor_ln67_9" [hls_filter_2d.cpp:67->hls_filter_2d.cpp:167]   --->   Operation 265 'or' 'or_ln67_28' <Predicate = (!icmp_ln165)> <Delay = 0.00> <CoreInst = "LogicGate">   --->   Core 74 'LogicGate' <Latency = 0> <II = 1> <Delay = 0.28> <FuncUnit> <Opcode : 'and' 'or' 'xor'> <InPorts = 2> <OutPorts = 1>
ST_5 : Operation 266 [1/1] (0.39ns) (out node of the LUT)   --->   "%val_79 = select i1 %or_ln67_28, i8 0, i8 %window_38" [hls_filter_2d.cpp:67->hls_filter_2d.cpp:167]   --->   Operation 266 'select' 'val_79' <Predicate = (!icmp_ln165)> <Delay = 0.39> <CoreInst = "Sel">   --->   Core 73 'Sel' <Latency = 0> <II = 1> <Delay = 0.39> <FuncUnit> <Opcode : 'select'> <InPorts = 3> <OutPorts = 1>
ST_5 : Operation 267 [1/1] (0.00ns)   --->   "%zext_ln71 = zext i8 %val_79" [hls_filter_2d.cpp:71->hls_filter_2d.cpp:167]   --->   Operation 267 'zext' 'zext_ln71' <Predicate = (!icmp_ln165)> <Delay = 0.00>
ST_5 : Operation 268 [3/3] (0.99ns) (grouped into DSP with root node add_ln71_2)   --->   "%mul_ln71 = mul i16 %zext_ln67_11, i16 %sext_ln72_17_cast" [hls_filter_2d.cpp:71->hls_filter_2d.cpp:167]   --->   Operation 268 'mul' 'mul_ln71' <Predicate = (!icmp_ln165)> <Delay = 0.99> <CoreInst = "DSP48">   --->   Core 124 'DSP48' <Latency = 3> <II = 1> <Delay = 0.53> <IPBlock> <Opcode : 'add' 'sub' 'mul' 'select'> <InPorts = 0> <OutPorts = 1> <Sync> <CReg>
ST_5 : Operation 269 [3/3] (0.99ns) (grouped into DSP with root node add_ln71_5)   --->   "%mul_ln71_4 = mul i16 %zext_ln67_8, i16 %sext_ln72_13_cast" [hls_filter_2d.cpp:71->hls_filter_2d.cpp:167]   --->   Operation 269 'mul' 'mul_ln71_4' <Predicate = (!icmp_ln165)> <Delay = 0.99> <CoreInst = "DSP48">   --->   Core 124 'DSP48' <Latency = 3> <II = 1> <Delay = 0.53> <IPBlock> <Opcode : 'add' 'sub' 'mul' 'select'> <InPorts = 0> <OutPorts = 1> <Sync> <CReg>
ST_5 : Operation 270 [3/3] (0.99ns) (grouped into DSP with root node add_ln71_7)   --->   "%mul_ln71_7 = mul i16 %zext_ln67_5, i16 %sext_ln72_10_cast" [hls_filter_2d.cpp:71->hls_filter_2d.cpp:167]   --->   Operation 270 'mul' 'mul_ln71_7' <Predicate = (!icmp_ln165)> <Delay = 0.99> <CoreInst = "DSP48">   --->   Core 124 'DSP48' <Latency = 3> <II = 1> <Delay = 0.53> <IPBlock> <Opcode : 'add' 'sub' 'mul' 'select'> <InPorts = 0> <OutPorts = 1> <Sync> <CReg>
ST_5 : Operation 271 [3/3] (0.99ns) (grouped into DSP with root node add_ln71_18)   --->   "%mul_ln71_8 = mul i16 %zext_ln67_4, i16 %sext_ln72_9_cast" [hls_filter_2d.cpp:71->hls_filter_2d.cpp:167]   --->   Operation 271 'mul' 'mul_ln71_8' <Predicate = (!icmp_ln165)> <Delay = 0.99> <CoreInst = "DSP48">   --->   Core 124 'DSP48' <Latency = 3> <II = 1> <Delay = 0.53> <IPBlock> <Opcode : 'add' 'sub' 'mul' 'select'> <InPorts = 0> <OutPorts = 1> <Sync> <CReg>
ST_5 : Operation 272 [3/3] (0.99ns) (grouped into DSP with root node add_ln71_16)   --->   "%mul_ln71_18 = mul i16 %zext_ln71, i16 %sext_ln76_cast" [hls_filter_2d.cpp:71->hls_filter_2d.cpp:167]   --->   Operation 272 'mul' 'mul_ln71_18' <Predicate = (!icmp_ln165)> <Delay = 0.99> <CoreInst = "DSP48">   --->   Core 124 'DSP48' <Latency = 3> <II = 1> <Delay = 0.53> <IPBlock> <Opcode : 'add' 'sub' 'mul' 'select'> <InPorts = 0> <OutPorts = 1> <Sync> <CReg>
ST_5 : Operation 273 [3/3] (0.99ns) (grouped into DSP with root node add_ln71)   --->   "%mul_ln71_22 = mul i16 %zext_ln67_13, i16 %sext_ln72_20_cast" [hls_filter_2d.cpp:71->hls_filter_2d.cpp:167]   --->   Operation 273 'mul' 'mul_ln71_22' <Predicate = (!icmp_ln165)> <Delay = 0.99> <CoreInst = "DSP48">   --->   Core 124 'DSP48' <Latency = 3> <II = 1> <Delay = 0.53> <IPBlock> <Opcode : 'add' 'sub' 'mul' 'select'> <InPorts = 0> <OutPorts = 1> <Sync> <CReg>
ST_5 : Operation 274 [3/3] (0.99ns) (grouped into DSP with root node add_ln71_19)   --->   "%mul_ln71_23 = mul i16 %zext_ln64_3, i16 %sext_ln72_19_cast" [hls_filter_2d.cpp:71->hls_filter_2d.cpp:167]   --->   Operation 274 'mul' 'mul_ln71_23' <Predicate = (!icmp_ln165)> <Delay = 0.99> <CoreInst = "DSP48">   --->   Core 124 'DSP48' <Latency = 3> <II = 1> <Delay = 0.53> <IPBlock> <Opcode : 'add' 'sub' 'mul' 'select'> <InPorts = 0> <OutPorts = 1> <Sync> <CReg>
ST_5 : Operation 275 [1/1] (0.00ns) (grouped into LUT with out node icmp_ln98)   --->   "%add_ln42_pn = phi i14 %add_ln42_read, void %if.then, i14 %add_ln98_read, void %land.lhs.true43.i"   --->   Operation 275 'phi' 'add_ln42_pn' <Predicate = (!icmp_ln165 & !icmp_ln88 & and_ln88_1) | (!icmp_ln165 & borderType_read)> <Delay = 0.00>
ST_5 : Operation 276 [1/1] (0.83ns) (out node of the LUT)   --->   "%icmp_ln98 = icmp_eq  i14 %add_ln42_pn, i14 %zext_ln63" [hls_filter_2d.cpp:98->hls_filter_2d.cpp:167]   --->   Operation 276 'icmp' 'icmp_ln98' <Predicate = (!icmp_ln165 & !icmp_ln88 & and_ln88_1) | (!icmp_ln165 & borderType_read)> <Delay = 0.83> <CoreInst = "Cmp">   --->   Core 9 'Cmp' <Latency = 0> <II = 1> <Delay = 0.83> <FuncUnit> <Opcode : 'seteq' 'setne' 'setle' 'setge' 'setlt' 'setgt'> <InPorts = 2> <OutPorts = 1>
ST_5 : Operation 277 [1/1] (0.00ns)   --->   "%window_load_1 = load i8 %window" [hls_filter_2d.cpp:144]   --->   Operation 277 'load' 'window_load_1' <Predicate = true> <Delay = 0.00>
ST_5 : Operation 278 [1/1] (0.00ns)   --->   "%window_1_load_1 = load i8 %window_1" [hls_filter_2d.cpp:144]   --->   Operation 278 'load' 'window_1_load_1' <Predicate = true> <Delay = 0.00>
ST_5 : Operation 279 [1/1] (0.00ns)   --->   "%window_2_load_1 = load i8 %window_2" [hls_filter_2d.cpp:144]   --->   Operation 279 'load' 'window_2_load_1' <Predicate = true> <Delay = 0.00>
ST_5 : Operation 280 [1/1] (0.00ns)   --->   "%store_ln144 = store i8 %window_35, i8 %window_11" [hls_filter_2d.cpp:144]   --->   Operation 280 'store' 'store_ln144' <Predicate = true> <Delay = 0.00>
ST_5 : Operation 281 [1/1] (0.00ns)   --->   "%store_ln144 = store i8 %window_2_load_1, i8 %window_10" [hls_filter_2d.cpp:144]   --->   Operation 281 'store' 'store_ln144' <Predicate = true> <Delay = 0.00>
ST_5 : Operation 282 [1/1] (0.00ns)   --->   "%store_ln144 = store i8 %window_36, i8 %window_9" [hls_filter_2d.cpp:144]   --->   Operation 282 'store' 'store_ln144' <Predicate = true> <Delay = 0.00>
ST_5 : Operation 283 [1/1] (0.00ns)   --->   "%store_ln144 = store i8 %window_1_load_1, i8 %window_8" [hls_filter_2d.cpp:144]   --->   Operation 283 'store' 'store_ln144' <Predicate = true> <Delay = 0.00>
ST_5 : Operation 284 [1/1] (0.00ns)   --->   "%store_ln144 = store i8 %window_37, i8 %window_7" [hls_filter_2d.cpp:144]   --->   Operation 284 'store' 'store_ln144' <Predicate = true> <Delay = 0.00>
ST_5 : Operation 285 [1/1] (0.00ns)   --->   "%store_ln144 = store i8 %window_load_1, i8 %window_6" [hls_filter_2d.cpp:144]   --->   Operation 285 'store' 'store_ln144' <Predicate = true> <Delay = 0.00>
ST_5 : Operation 286 [1/1] (0.00ns)   --->   "%store_ln144 = store i8 %window_38, i8 %window_5" [hls_filter_2d.cpp:144]   --->   Operation 286 'store' 'store_ln144' <Predicate = true> <Delay = 0.00>
ST_5 : Operation 287 [1/1] (0.00ns)   --->   "%store_ln66 = store i8 %val_56, i8 %val_4" [hls_filter_2d.cpp:66->hls_filter_2d.cpp:167]   --->   Operation 287 'store' 'store_ln66' <Predicate = true> <Delay = 0.00>
ST_5 : Operation 288 [1/1] (0.00ns)   --->   "%store_ln144 = store i8 %val_59, i8 %window_2" [hls_filter_2d.cpp:144]   --->   Operation 288 'store' 'store_ln144' <Predicate = true> <Delay = 0.00>
ST_5 : Operation 289 [1/1] (0.00ns)   --->   "%store_ln144 = store i8 %val_67, i8 %window_1" [hls_filter_2d.cpp:144]   --->   Operation 289 'store' 'store_ln144' <Predicate = true> <Delay = 0.00>
ST_5 : Operation 290 [1/1] (0.00ns)   --->   "%store_ln66 = store i8 %val_72, i8 %val" [hls_filter_2d.cpp:66->hls_filter_2d.cpp:167]   --->   Operation 290 'store' 'store_ln66' <Predicate = true> <Delay = 0.00>
ST_5 : Operation 291 [1/1] (0.00ns)   --->   "%store_ln144 = store i8 %val_75, i8 %window" [hls_filter_2d.cpp:144]   --->   Operation 291 'store' 'store_ln144' <Predicate = true> <Delay = 0.00>

State 6 <SV = 5> <Delay = 1.63>
ST_6 : Operation 292 [1/1] (0.00ns)   --->   "%val_46 = load i8 %window_12"   --->   Operation 292 'load' 'val_46' <Predicate = true> <Delay = 0.00>
ST_6 : Operation 293 [1/1] (0.00ns)   --->   "%val_36 = load i8 %window_13"   --->   Operation 293 'load' 'val_36' <Predicate = true> <Delay = 0.00>
ST_6 : Operation 294 [1/1] (0.00ns)   --->   "%val_30 = load i8 %window_14"   --->   Operation 294 'load' 'val_30' <Predicate = true> <Delay = 0.00>
ST_6 : Operation 295 [1/1] (0.00ns)   --->   "%specpipeline_ln159 = specpipeline void @_ssdm_op_SpecPipeline, i32 1, i32 0, i32 0, i32 0, i32 4294967295, void @empty" [hls_filter_2d.cpp:159]   --->   Operation 295 'specpipeline' 'specpipeline_ln159' <Predicate = true> <Delay = 0.00>
ST_6 : Operation 296 [1/1] (0.00ns)   --->   "%speclooptripcount_ln144 = speclooptripcount void @_ssdm_op_SpecLoopTripCount, i64 2, i64 67108865, i64 33554433" [hls_filter_2d.cpp:144]   --->   Operation 296 'speclooptripcount' 'speclooptripcount_ln144' <Predicate = true> <Delay = 0.00>
ST_6 : Operation 297 [1/1] (0.00ns)   --->   "%specloopname_ln158 = specloopname void @_ssdm_op_SpecLoopName, void @empty_35" [hls_filter_2d.cpp:158]   --->   Operation 297 'specloopname' 'specloopname_ln158' <Predicate = true> <Delay = 0.00>
ST_6 : Operation 298 [1/2] ( I:1.23ns O:1.23ns )   --->   "%window_34 = load i13 %line_buffer_addr" [hls_filter_2d.cpp:31->hls_filter_2d.cpp:162]   --->   Operation 298 'load' 'window_34' <Predicate = true> <Delay = 1.23> <CoreInst = "RAM">   --->   Core 82 'RAM' <Latency = 1> <II = 1> <Delay = 1.23> <Storage> <Opcode : 'load' 'store'> <Ports = 2> <Width = 8> <Depth = 7680> <RAM>
ST_6 : Operation 299 [1/1] (0.00ns)   --->   "%val_2_load = load i8 %val_2" [hls_filter_2d.cpp:67->hls_filter_2d.cpp:167]   --->   Operation 299 'load' 'val_2_load' <Predicate = (!icmp_ln165)> <Delay = 0.00>
ST_6 : Operation 300 [1/1] (0.00ns)   --->   "%window_3_load = load i8 %window_3" [hls_filter_2d.cpp:67->hls_filter_2d.cpp:167]   --->   Operation 300 'load' 'window_3_load' <Predicate = (!icmp_ln165)> <Delay = 0.00>
ST_6 : Operation 301 [1/1] (0.00ns)   --->   "%val_6_load = load i8 %val_6" [hls_filter_2d.cpp:67->hls_filter_2d.cpp:167]   --->   Operation 301 'load' 'val_6_load' <Predicate = (!icmp_ln165)> <Delay = 0.00>
ST_6 : Operation 302 [1/1] (0.00ns)   --->   "%window_4_load = load i8 %window_4" [hls_filter_2d.cpp:67->hls_filter_2d.cpp:167]   --->   Operation 302 'load' 'window_4_load' <Predicate = (!icmp_ln165)> <Delay = 0.00>
ST_6 : Operation 303 [1/1] (0.00ns)   --->   "%val_8_load = load i8 %val_8" [hls_filter_2d.cpp:67->hls_filter_2d.cpp:167]   --->   Operation 303 'load' 'val_8_load' <Predicate = (!icmp_ln165)> <Delay = 0.00>
ST_6 : Operation 304 [1/1] (0.00ns) (grouped into LUT with out node val_32)   --->   "%or_ln67_2 = or i1 %or_ln67_1, i1 %or_ln67" [hls_filter_2d.cpp:67->hls_filter_2d.cpp:167]   --->   Operation 304 'or' 'or_ln67_2' <Predicate = (!icmp_ln165)> <Delay = 0.00> <CoreInst = "LogicGate">   --->   Core 74 'LogicGate' <Latency = 0> <II = 1> <Delay = 0.28> <FuncUnit> <Opcode : 'and' 'or' 'xor'> <InPorts = 2> <OutPorts = 1>
ST_6 : Operation 305 [1/1] (0.39ns) (out node of the LUT)   --->   "%val_32 = select i1 %or_ln67_2, i8 0, i8 %val_8_load" [hls_filter_2d.cpp:67->hls_filter_2d.cpp:167]   --->   Operation 305 'select' 'val_32' <Predicate = (!icmp_ln165)> <Delay = 0.39> <CoreInst = "Sel">   --->   Core 73 'Sel' <Latency = 0> <II = 1> <Delay = 0.39> <FuncUnit> <Opcode : 'select'> <InPorts = 3> <OutPorts = 1>
ST_6 : Operation 306 [1/1] (0.00ns) (grouped into LUT with out node val_34)   --->   "%or_ln67_4 = or i1 %or_ln67_1, i1 %or_ln67_3" [hls_filter_2d.cpp:67->hls_filter_2d.cpp:167]   --->   Operation 306 'or' 'or_ln67_4' <Predicate = (!icmp_ln165)> <Delay = 0.00> <CoreInst = "LogicGate">   --->   Core 74 'LogicGate' <Latency = 0> <II = 1> <Delay = 0.28> <FuncUnit> <Opcode : 'and' 'or' 'xor'> <InPorts = 2> <OutPorts = 1>
ST_6 : Operation 307 [1/1] (0.39ns) (out node of the LUT)   --->   "%val_34 = select i1 %or_ln67_4, i8 0, i8 %val_30" [hls_filter_2d.cpp:67->hls_filter_2d.cpp:167]   --->   Operation 307 'select' 'val_34' <Predicate = (!icmp_ln165)> <Delay = 0.39> <CoreInst = "Sel">   --->   Core 73 'Sel' <Latency = 0> <II = 1> <Delay = 0.39> <FuncUnit> <Opcode : 'select'> <InPorts = 3> <OutPorts = 1>
ST_6 : Operation 308 [1/1] (0.00ns)   --->   "%zext_ln63_2 = zext i8 %val_34" [hls_filter_2d.cpp:63->hls_filter_2d.cpp:167]   --->   Operation 308 'zext' 'zext_ln63_2' <Predicate = (!icmp_ln165)> <Delay = 0.00>
ST_6 : Operation 309 [1/1] (0.00ns) (grouped into LUT with out node val_38)   --->   "%or_ln67_5 = or i1 %or_ln67_1, i1 %xor_ln67_3" [hls_filter_2d.cpp:67->hls_filter_2d.cpp:167]   --->   Operation 309 'or' 'or_ln67_5' <Predicate = (!icmp_ln165)> <Delay = 0.00> <CoreInst = "LogicGate">   --->   Core 74 'LogicGate' <Latency = 0> <II = 1> <Delay = 0.28> <FuncUnit> <Opcode : 'and' 'or' 'xor'> <InPorts = 2> <OutPorts = 1>
ST_6 : Operation 310 [1/1] (0.39ns) (out node of the LUT)   --->   "%val_38 = select i1 %or_ln67_5, i8 0, i8 %window_4_load" [hls_filter_2d.cpp:67->hls_filter_2d.cpp:167]   --->   Operation 310 'select' 'val_38' <Predicate = (!icmp_ln165)> <Delay = 0.39> <CoreInst = "Sel">   --->   Core 73 'Sel' <Latency = 0> <II = 1> <Delay = 0.39> <FuncUnit> <Opcode : 'select'> <InPorts = 3> <OutPorts = 1>
ST_6 : Operation 311 [1/1] (0.00ns)   --->   "%zext_ln63_3 = zext i8 %val_38" [hls_filter_2d.cpp:63->hls_filter_2d.cpp:167]   --->   Operation 311 'zext' 'zext_ln63_3' <Predicate = (!icmp_ln165)> <Delay = 0.00>
ST_6 : Operation 312 [1/1] (0.00ns) (grouped into LUT with out node val_42)   --->   "%or_ln67_6 = or i1 %or_ln67_1, i1 %xor_ln67_4" [hls_filter_2d.cpp:67->hls_filter_2d.cpp:167]   --->   Operation 312 'or' 'or_ln67_6' <Predicate = (!icmp_ln165)> <Delay = 0.00> <CoreInst = "LogicGate">   --->   Core 74 'LogicGate' <Latency = 0> <II = 1> <Delay = 0.28> <FuncUnit> <Opcode : 'and' 'or' 'xor'> <InPorts = 2> <OutPorts = 1>
ST_6 : Operation 313 [1/1] (0.39ns) (out node of the LUT)   --->   "%val_42 = select i1 %or_ln67_6, i8 0, i8 %val_36" [hls_filter_2d.cpp:67->hls_filter_2d.cpp:167]   --->   Operation 313 'select' 'val_42' <Predicate = (!icmp_ln165)> <Delay = 0.39> <CoreInst = "Sel">   --->   Core 73 'Sel' <Latency = 0> <II = 1> <Delay = 0.39> <FuncUnit> <Opcode : 'select'> <InPorts = 3> <OutPorts = 1>
ST_6 : Operation 314 [1/1] (0.28ns)   --->   "%or_ln67_7 = or i1 %or_ln67_1, i1 %xor_ln67_5" [hls_filter_2d.cpp:67->hls_filter_2d.cpp:167]   --->   Operation 314 'or' 'or_ln67_7' <Predicate = (!icmp_ln165)> <Delay = 0.28> <CoreInst = "LogicGate">   --->   Core 74 'LogicGate' <Latency = 0> <II = 1> <Delay = 0.28> <FuncUnit> <Opcode : 'and' 'or' 'xor'> <InPorts = 2> <OutPorts = 1>
ST_6 : Operation 315 [1/1] (0.39ns)   --->   "%val_44 = select i1 %or_ln67_7, i8 0, i8 %window_34" [hls_filter_2d.cpp:67->hls_filter_2d.cpp:167]   --->   Operation 315 'select' 'val_44' <Predicate = (!icmp_ln165)> <Delay = 0.39> <CoreInst = "Sel">   --->   Core 73 'Sel' <Latency = 0> <II = 1> <Delay = 0.39> <FuncUnit> <Opcode : 'select'> <InPorts = 3> <OutPorts = 1>
ST_6 : Operation 316 [1/1] (0.00ns) (grouped into LUT with out node val_48)   --->   "%or_ln67_9 = or i1 %or_ln67_8, i1 %or_ln67" [hls_filter_2d.cpp:67->hls_filter_2d.cpp:167]   --->   Operation 316 'or' 'or_ln67_9' <Predicate = (!icmp_ln165)> <Delay = 0.00> <CoreInst = "LogicGate">   --->   Core 74 'LogicGate' <Latency = 0> <II = 1> <Delay = 0.28> <FuncUnit> <Opcode : 'and' 'or' 'xor'> <InPorts = 2> <OutPorts = 1>
ST_6 : Operation 317 [1/1] (0.39ns) (out node of the LUT)   --->   "%val_48 = select i1 %or_ln67_9, i8 0, i8 %val_6_load" [hls_filter_2d.cpp:67->hls_filter_2d.cpp:167]   --->   Operation 317 'select' 'val_48' <Predicate = (!icmp_ln165)> <Delay = 0.39> <CoreInst = "Sel">   --->   Core 73 'Sel' <Latency = 0> <II = 1> <Delay = 0.39> <FuncUnit> <Opcode : 'select'> <InPorts = 3> <OutPorts = 1>
ST_6 : Operation 318 [1/1] (0.00ns) (grouped into LUT with out node val_50)   --->   "%or_ln67_10 = or i1 %or_ln67_8, i1 %or_ln67_3" [hls_filter_2d.cpp:67->hls_filter_2d.cpp:167]   --->   Operation 318 'or' 'or_ln67_10' <Predicate = (!icmp_ln165)> <Delay = 0.00> <CoreInst = "LogicGate">   --->   Core 74 'LogicGate' <Latency = 0> <II = 1> <Delay = 0.28> <FuncUnit> <Opcode : 'and' 'or' 'xor'> <InPorts = 2> <OutPorts = 1>
ST_6 : Operation 319 [1/1] (0.39ns) (out node of the LUT)   --->   "%val_50 = select i1 %or_ln67_10, i8 0, i8 %val_46" [hls_filter_2d.cpp:67->hls_filter_2d.cpp:167]   --->   Operation 319 'select' 'val_50' <Predicate = (!icmp_ln165)> <Delay = 0.39> <CoreInst = "Sel">   --->   Core 73 'Sel' <Latency = 0> <II = 1> <Delay = 0.39> <FuncUnit> <Opcode : 'select'> <InPorts = 3> <OutPorts = 1>
ST_6 : Operation 320 [1/1] (0.00ns)   --->   "%zext_ln67_1 = zext i8 %val_50" [hls_filter_2d.cpp:67->hls_filter_2d.cpp:167]   --->   Operation 320 'zext' 'zext_ln67_1' <Predicate = (!icmp_ln165)> <Delay = 0.00>
ST_6 : Operation 321 [1/1] (0.00ns) (grouped into LUT with out node val_52)   --->   "%or_ln67_11 = or i1 %or_ln67_8, i1 %xor_ln67_3" [hls_filter_2d.cpp:67->hls_filter_2d.cpp:167]   --->   Operation 321 'or' 'or_ln67_11' <Predicate = (!icmp_ln165)> <Delay = 0.00> <CoreInst = "LogicGate">   --->   Core 74 'LogicGate' <Latency = 0> <II = 1> <Delay = 0.28> <FuncUnit> <Opcode : 'and' 'or' 'xor'> <InPorts = 2> <OutPorts = 1>
ST_6 : Operation 322 [1/1] (0.39ns) (out node of the LUT)   --->   "%val_52 = select i1 %or_ln67_11, i8 0, i8 %window_3_load" [hls_filter_2d.cpp:67->hls_filter_2d.cpp:167]   --->   Operation 322 'select' 'val_52' <Predicate = (!icmp_ln165)> <Delay = 0.39> <CoreInst = "Sel">   --->   Core 73 'Sel' <Latency = 0> <II = 1> <Delay = 0.39> <FuncUnit> <Opcode : 'select'> <InPorts = 3> <OutPorts = 1>
ST_6 : Operation 323 [1/1] (0.00ns) (grouped into LUT with out node val_54)   --->   "%or_ln67_12 = or i1 %or_ln67_8, i1 %xor_ln67_4" [hls_filter_2d.cpp:67->hls_filter_2d.cpp:167]   --->   Operation 323 'or' 'or_ln67_12' <Predicate = (!icmp_ln165)> <Delay = 0.00> <CoreInst = "LogicGate">   --->   Core 74 'LogicGate' <Latency = 0> <II = 1> <Delay = 0.28> <FuncUnit> <Opcode : 'and' 'or' 'xor'> <InPorts = 2> <OutPorts = 1>
ST_6 : Operation 324 [1/1] (0.39ns) (out node of the LUT)   --->   "%val_54 = select i1 %or_ln67_12, i8 0, i8 %val_51" [hls_filter_2d.cpp:67->hls_filter_2d.cpp:167]   --->   Operation 324 'select' 'val_54' <Predicate = (!icmp_ln165)> <Delay = 0.39> <CoreInst = "Sel">   --->   Core 73 'Sel' <Latency = 0> <II = 1> <Delay = 0.39> <FuncUnit> <Opcode : 'select'> <InPorts = 3> <OutPorts = 1>
ST_6 : Operation 325 [1/1] (0.00ns)   --->   "%zext_ln67_7 = zext i8 %val_60" [hls_filter_2d.cpp:67->hls_filter_2d.cpp:167]   --->   Operation 325 'zext' 'zext_ln67_7' <Predicate = (!icmp_ln165)> <Delay = 0.00>
ST_6 : Operation 326 [1/1] (0.00ns) (grouped into LUT with out node val_65)   --->   "%or_ln67_19 = or i1 %or_ln67, i1 %xor_ln67_8" [hls_filter_2d.cpp:67->hls_filter_2d.cpp:167]   --->   Operation 326 'or' 'or_ln67_19' <Predicate = (!icmp_ln165)> <Delay = 0.00> <CoreInst = "LogicGate">   --->   Core 74 'LogicGate' <Latency = 0> <II = 1> <Delay = 0.28> <FuncUnit> <Opcode : 'and' 'or' 'xor'> <InPorts = 2> <OutPorts = 1>
ST_6 : Operation 327 [1/1] (0.39ns) (out node of the LUT)   --->   "%val_65 = select i1 %or_ln67_19, i8 0, i8 %val_2_load" [hls_filter_2d.cpp:67->hls_filter_2d.cpp:167]   --->   Operation 327 'select' 'val_65' <Predicate = (!icmp_ln165)> <Delay = 0.39> <CoreInst = "Sel">   --->   Core 73 'Sel' <Latency = 0> <II = 1> <Delay = 0.39> <FuncUnit> <Opcode : 'select'> <InPorts = 3> <OutPorts = 1>
ST_6 : Operation 328 [1/1] (0.00ns) (grouped into LUT with out node val_66)   --->   "%or_ln67_20 = or i1 %or_ln67_3, i1 %xor_ln67_8" [hls_filter_2d.cpp:67->hls_filter_2d.cpp:167]   --->   Operation 328 'or' 'or_ln67_20' <Predicate = (!icmp_ln165)> <Delay = 0.00> <CoreInst = "LogicGate">   --->   Core 74 'LogicGate' <Latency = 0> <II = 1> <Delay = 0.28> <FuncUnit> <Opcode : 'and' 'or' 'xor'> <InPorts = 2> <OutPorts = 1>
ST_6 : Operation 329 [1/1] (0.39ns) (out node of the LUT)   --->   "%val_66 = select i1 %or_ln67_20, i8 0, i8 %val_64" [hls_filter_2d.cpp:67->hls_filter_2d.cpp:167]   --->   Operation 329 'select' 'val_66' <Predicate = (!icmp_ln165)> <Delay = 0.39> <CoreInst = "Sel">   --->   Core 73 'Sel' <Latency = 0> <II = 1> <Delay = 0.39> <FuncUnit> <Opcode : 'select'> <InPorts = 3> <OutPorts = 1>
ST_6 : Operation 330 [1/1] (0.00ns)   --->   "%zext_ln67_10 = zext i8 %val_66" [hls_filter_2d.cpp:67->hls_filter_2d.cpp:167]   --->   Operation 330 'zext' 'zext_ln67_10' <Predicate = (!icmp_ln165)> <Delay = 0.00>
ST_6 : Operation 331 [1/1] (0.00ns) (grouped into LUT with out node val_70)   --->   "%or_ln67_22 = or i1 %xor_ln67_4, i1 %xor_ln67_8" [hls_filter_2d.cpp:67->hls_filter_2d.cpp:167]   --->   Operation 331 'or' 'or_ln67_22' <Predicate = (!icmp_ln165)> <Delay = 0.00> <CoreInst = "LogicGate">   --->   Core 74 'LogicGate' <Latency = 0> <II = 1> <Delay = 0.28> <FuncUnit> <Opcode : 'and' 'or' 'xor'> <InPorts = 2> <OutPorts = 1>
ST_6 : Operation 332 [1/1] (0.39ns) (out node of the LUT)   --->   "%val_70 = select i1 %or_ln67_22, i8 0, i8 %val_67" [hls_filter_2d.cpp:67->hls_filter_2d.cpp:167]   --->   Operation 332 'select' 'val_70' <Predicate = (!icmp_ln165)> <Delay = 0.39> <CoreInst = "Sel">   --->   Core 73 'Sel' <Latency = 0> <II = 1> <Delay = 0.39> <FuncUnit> <Opcode : 'select'> <InPorts = 3> <OutPorts = 1>
ST_6 : Operation 333 [1/1] (0.00ns)   --->   "%zext_ln67_14 = zext i8 %val_74" [hls_filter_2d.cpp:67->hls_filter_2d.cpp:167]   --->   Operation 333 'zext' 'zext_ln67_14' <Predicate = (!icmp_ln165)> <Delay = 0.00>
ST_6 : Operation 334 [1/1] (0.00ns)   --->   "%zext_ln67_16 = zext i8 %val_78" [hls_filter_2d.cpp:67->hls_filter_2d.cpp:167]   --->   Operation 334 'zext' 'zext_ln67_16' <Predicate = (!icmp_ln165)> <Delay = 0.00>
ST_6 : Operation 335 [2/3] (0.99ns) (grouped into DSP with root node add_ln71_2)   --->   "%mul_ln71 = mul i16 %zext_ln67_11, i16 %sext_ln72_17_cast" [hls_filter_2d.cpp:71->hls_filter_2d.cpp:167]   --->   Operation 335 'mul' 'mul_ln71' <Predicate = (!icmp_ln165)> <Delay = 0.99> <CoreInst = "DSP48">   --->   Core 124 'DSP48' <Latency = 3> <II = 1> <Delay = 0.53> <IPBlock> <Opcode : 'add' 'sub' 'mul' 'select'> <InPorts = 0> <OutPorts = 1> <Sync> <CReg>
ST_6 : Operation 336 [3/3] (0.99ns) (grouped into DSP with root node add_ln71_6)   --->   "%mul_ln71_1 = mul i16 %zext_ln67_10, i16 %sext_ln72_16_cast" [hls_filter_2d.cpp:71->hls_filter_2d.cpp:167]   --->   Operation 336 'mul' 'mul_ln71_1' <Predicate = (!icmp_ln165)> <Delay = 0.99> <CoreInst = "DSP48">   --->   Core 124 'DSP48' <Latency = 3> <II = 1> <Delay = 0.53> <IPBlock> <Opcode : 'add' 'sub' 'mul' 'select'> <InPorts = 0> <OutPorts = 1> <Sync> <CReg>
ST_6 : Operation 337 [2/3] (0.99ns) (grouped into DSP with root node add_ln71_5)   --->   "%mul_ln71_4 = mul i16 %zext_ln67_8, i16 %sext_ln72_13_cast" [hls_filter_2d.cpp:71->hls_filter_2d.cpp:167]   --->   Operation 337 'mul' 'mul_ln71_4' <Predicate = (!icmp_ln165)> <Delay = 0.99> <CoreInst = "DSP48">   --->   Core 124 'DSP48' <Latency = 3> <II = 1> <Delay = 0.53> <IPBlock> <Opcode : 'add' 'sub' 'mul' 'select'> <InPorts = 0> <OutPorts = 1> <Sync> <CReg>
ST_6 : Operation 338 [3/3] (0.99ns) (grouped into DSP with root node add_ln71_8)   --->   "%mul_ln71_5 = mul i16 %zext_ln67_7, i16 %sext_ln72_12_cast" [hls_filter_2d.cpp:71->hls_filter_2d.cpp:167]   --->   Operation 338 'mul' 'mul_ln71_5' <Predicate = (!icmp_ln165)> <Delay = 0.99> <CoreInst = "DSP48">   --->   Core 124 'DSP48' <Latency = 3> <II = 1> <Delay = 0.53> <IPBlock> <Opcode : 'add' 'sub' 'mul' 'select'> <InPorts = 0> <OutPorts = 1> <Sync> <CReg>
ST_6 : Operation 339 [2/3] (0.99ns) (grouped into DSP with root node add_ln71_7)   --->   "%mul_ln71_7 = mul i16 %zext_ln67_5, i16 %sext_ln72_10_cast" [hls_filter_2d.cpp:71->hls_filter_2d.cpp:167]   --->   Operation 339 'mul' 'mul_ln71_7' <Predicate = (!icmp_ln165)> <Delay = 0.99> <CoreInst = "DSP48">   --->   Core 124 'DSP48' <Latency = 3> <II = 1> <Delay = 0.53> <IPBlock> <Opcode : 'add' 'sub' 'mul' 'select'> <InPorts = 0> <OutPorts = 1> <Sync> <CReg>
ST_6 : Operation 340 [2/3] (0.99ns) (grouped into DSP with root node add_ln71_18)   --->   "%mul_ln71_8 = mul i16 %zext_ln67_4, i16 %sext_ln72_9_cast" [hls_filter_2d.cpp:71->hls_filter_2d.cpp:167]   --->   Operation 340 'mul' 'mul_ln71_8' <Predicate = (!icmp_ln165)> <Delay = 0.99> <CoreInst = "DSP48">   --->   Core 124 'DSP48' <Latency = 3> <II = 1> <Delay = 0.53> <IPBlock> <Opcode : 'add' 'sub' 'mul' 'select'> <InPorts = 0> <OutPorts = 1> <Sync> <CReg>
ST_6 : Operation 341 [3/3] (0.99ns) (grouped into DSP with root node add_ln71_11)   --->   "%mul_ln71_11 = mul i16 %zext_ln67_1, i16 %sext_ln72_6_cast" [hls_filter_2d.cpp:71->hls_filter_2d.cpp:167]   --->   Operation 341 'mul' 'mul_ln71_11' <Predicate = (!icmp_ln165)> <Delay = 0.99> <CoreInst = "DSP48">   --->   Core 124 'DSP48' <Latency = 3> <II = 1> <Delay = 0.53> <IPBlock> <Opcode : 'add' 'sub' 'mul' 'select'> <InPorts = 0> <OutPorts = 1> <Sync> <CReg>
ST_6 : Operation 342 [3/3] (0.99ns) (grouped into DSP with root node add_ln71_13)   --->   "%mul_ln71_15 = mul i16 %zext_ln63_3, i16 %sext_ln72_2_cast" [hls_filter_2d.cpp:71->hls_filter_2d.cpp:167]   --->   Operation 342 'mul' 'mul_ln71_15' <Predicate = (!icmp_ln165)> <Delay = 0.99> <CoreInst = "DSP48">   --->   Core 124 'DSP48' <Latency = 3> <II = 1> <Delay = 0.53> <IPBlock> <Opcode : 'add' 'sub' 'mul' 'select'> <InPorts = 0> <OutPorts = 1> <Sync> <CReg>
ST_6 : Operation 343 [3/3] (0.99ns) (grouped into DSP with root node add_ln71_17)   --->   "%mul_ln71_17 = mul i16 %zext_ln63_2, i16 %sext_ln72_1_cast" [hls_filter_2d.cpp:71->hls_filter_2d.cpp:167]   --->   Operation 343 'mul' 'mul_ln71_17' <Predicate = (!icmp_ln165)> <Delay = 0.99> <CoreInst = "DSP48">   --->   Core 124 'DSP48' <Latency = 3> <II = 1> <Delay = 0.53> <IPBlock> <Opcode : 'add' 'sub' 'mul' 'select'> <InPorts = 0> <OutPorts = 1> <Sync> <CReg>
ST_6 : Operation 344 [2/3] (0.99ns) (grouped into DSP with root node add_ln71_16)   --->   "%mul_ln71_18 = mul i16 %zext_ln71, i16 %sext_ln76_cast" [hls_filter_2d.cpp:71->hls_filter_2d.cpp:167]   --->   Operation 344 'mul' 'mul_ln71_18' <Predicate = (!icmp_ln165)> <Delay = 0.99> <CoreInst = "DSP48">   --->   Core 124 'DSP48' <Latency = 3> <II = 1> <Delay = 0.53> <IPBlock> <Opcode : 'add' 'sub' 'mul' 'select'> <InPorts = 0> <OutPorts = 1> <Sync> <CReg>
ST_6 : Operation 345 [3/3] (0.99ns) (grouped into DSP with root node add_ln71_1)   --->   "%mul_ln71_19 = mul i16 %zext_ln67_16, i16 %sext_ln72_23_cast" [hls_filter_2d.cpp:71->hls_filter_2d.cpp:167]   --->   Operation 345 'mul' 'mul_ln71_19' <Predicate = (!icmp_ln165)> <Delay = 0.99> <CoreInst = "DSP48">   --->   Core 124 'DSP48' <Latency = 3> <II = 1> <Delay = 0.53> <IPBlock> <Opcode : 'add' 'sub' 'mul' 'select'> <InPorts = 0> <OutPorts = 1> <Sync> <CReg>
ST_6 : Operation 346 [3/3] (0.99ns) (grouped into DSP with root node add_ln71_3)   --->   "%mul_ln71_21 = mul i16 %zext_ln67_14, i16 %sext_ln72_21_cast" [hls_filter_2d.cpp:71->hls_filter_2d.cpp:167]   --->   Operation 346 'mul' 'mul_ln71_21' <Predicate = (!icmp_ln165)> <Delay = 0.99> <CoreInst = "DSP48">   --->   Core 124 'DSP48' <Latency = 3> <II = 1> <Delay = 0.53> <IPBlock> <Opcode : 'add' 'sub' 'mul' 'select'> <InPorts = 0> <OutPorts = 1> <Sync> <CReg>
ST_6 : Operation 347 [2/3] (0.99ns) (grouped into DSP with root node add_ln71)   --->   "%mul_ln71_22 = mul i16 %zext_ln67_13, i16 %sext_ln72_20_cast" [hls_filter_2d.cpp:71->hls_filter_2d.cpp:167]   --->   Operation 347 'mul' 'mul_ln71_22' <Predicate = (!icmp_ln165)> <Delay = 0.99> <CoreInst = "DSP48">   --->   Core 124 'DSP48' <Latency = 3> <II = 1> <Delay = 0.53> <IPBlock> <Opcode : 'add' 'sub' 'mul' 'select'> <InPorts = 0> <OutPorts = 1> <Sync> <CReg>
ST_6 : Operation 348 [2/3] (0.99ns) (grouped into DSP with root node add_ln71_19)   --->   "%mul_ln71_23 = mul i16 %zext_ln64_3, i16 %sext_ln72_19_cast" [hls_filter_2d.cpp:71->hls_filter_2d.cpp:167]   --->   Operation 348 'mul' 'mul_ln71_23' <Predicate = (!icmp_ln165)> <Delay = 0.99> <CoreInst = "DSP48">   --->   Core 124 'DSP48' <Latency = 3> <II = 1> <Delay = 0.53> <IPBlock> <Opcode : 'add' 'sub' 'mul' 'select'> <InPorts = 0> <OutPorts = 1> <Sync> <CReg>
ST_6 : Operation 349 [1/1] (0.00ns)   --->   "%window_3_load_1 = load i8 %window_3" [hls_filter_2d.cpp:144]   --->   Operation 349 'load' 'window_3_load_1' <Predicate = true> <Delay = 0.00>
ST_6 : Operation 350 [1/1] (0.00ns)   --->   "%window_4_load_1 = load i8 %window_4" [hls_filter_2d.cpp:144]   --->   Operation 350 'load' 'window_4_load_1' <Predicate = true> <Delay = 0.00>
ST_6 : Operation 351 [1/1] (0.00ns)   --->   "%store_ln144 = store i8 %window_4_load_1, i8 %window_14" [hls_filter_2d.cpp:144]   --->   Operation 351 'store' 'store_ln144' <Predicate = true> <Delay = 0.00>
ST_6 : Operation 352 [1/1] (0.00ns)   --->   "%store_ln144 = store i8 %window_34, i8 %window_13" [hls_filter_2d.cpp:144]   --->   Operation 352 'store' 'store_ln144' <Predicate = true> <Delay = 0.00>
ST_6 : Operation 353 [1/1] (0.00ns)   --->   "%store_ln144 = store i8 %window_3_load_1, i8 %window_12" [hls_filter_2d.cpp:144]   --->   Operation 353 'store' 'store_ln144' <Predicate = true> <Delay = 0.00>
ST_6 : Operation 354 [1/1] (0.00ns)   --->   "%store_ln66 = store i8 %val_30, i8 %val_8" [hls_filter_2d.cpp:66->hls_filter_2d.cpp:167]   --->   Operation 354 'store' 'store_ln66' <Predicate = true> <Delay = 0.00>
ST_6 : Operation 355 [1/1] (0.00ns)   --->   "%store_ln144 = store i8 %val_36, i8 %window_4" [hls_filter_2d.cpp:144]   --->   Operation 355 'store' 'store_ln144' <Predicate = true> <Delay = 0.00>
ST_6 : Operation 356 [1/1] (0.00ns)   --->   "%store_ln66 = store i8 %val_46, i8 %val_6" [hls_filter_2d.cpp:66->hls_filter_2d.cpp:167]   --->   Operation 356 'store' 'store_ln66' <Predicate = true> <Delay = 0.00>
ST_6 : Operation 357 [1/1] (0.00ns)   --->   "%store_ln144 = store i8 %val_51, i8 %window_3" [hls_filter_2d.cpp:144]   --->   Operation 357 'store' 'store_ln144' <Predicate = true> <Delay = 0.00>
ST_6 : Operation 358 [1/1] (0.00ns)   --->   "%store_ln66 = store i8 %val_64, i8 %val_2" [hls_filter_2d.cpp:66->hls_filter_2d.cpp:167]   --->   Operation 358 'store' 'store_ln66' <Predicate = true> <Delay = 0.00>

State 7 <SV = 6> <Delay = 2.29>
ST_7 : Operation 359 [1/1] (0.00ns)   --->   "%zext_ln63_1 = zext i8 %val_32" [hls_filter_2d.cpp:63->hls_filter_2d.cpp:167]   --->   Operation 359 'zext' 'zext_ln63_1' <Predicate = (!icmp_ln165)> <Delay = 0.00>
ST_7 : Operation 360 [1/1] (0.00ns)   --->   "%zext_ln64_1 = zext i8 %val_44" [hls_filter_2d.cpp:64->hls_filter_2d.cpp:167]   --->   Operation 360 'zext' 'zext_ln64_1' <Predicate = (!icmp_ln165)> <Delay = 0.00>
ST_7 : Operation 361 [1/1] (0.00ns)   --->   "%zext_ln67 = zext i8 %val_48" [hls_filter_2d.cpp:67->hls_filter_2d.cpp:167]   --->   Operation 361 'zext' 'zext_ln67' <Predicate = (!icmp_ln165)> <Delay = 0.00>
ST_7 : Operation 362 [1/1] (0.00ns)   --->   "%zext_ln67_3 = zext i8 %val_54" [hls_filter_2d.cpp:67->hls_filter_2d.cpp:167]   --->   Operation 362 'zext' 'zext_ln67_3' <Predicate = (!icmp_ln165)> <Delay = 0.00>
ST_7 : Operation 363 [1/1] (0.00ns)   --->   "%zext_ln67_6 = zext i8 %val_58" [hls_filter_2d.cpp:67->hls_filter_2d.cpp:167]   --->   Operation 363 'zext' 'zext_ln67_6' <Predicate = (!icmp_ln165)> <Delay = 0.00>
ST_7 : Operation 364 [1/1] (0.00ns)   --->   "%zext_ln64_2 = zext i8 %val_63" [hls_filter_2d.cpp:64->hls_filter_2d.cpp:167]   --->   Operation 364 'zext' 'zext_ln64_2' <Predicate = (!icmp_ln165)> <Delay = 0.00>
ST_7 : Operation 365 [1/1] (0.00ns)   --->   "%zext_ln67_9 = zext i8 %val_65" [hls_filter_2d.cpp:67->hls_filter_2d.cpp:167]   --->   Operation 365 'zext' 'zext_ln67_9' <Predicate = (!icmp_ln165)> <Delay = 0.00>
ST_7 : Operation 366 [1/1] (0.00ns)   --->   "%zext_ln67_12 = zext i8 %val_70" [hls_filter_2d.cpp:67->hls_filter_2d.cpp:167]   --->   Operation 366 'zext' 'zext_ln67_12' <Predicate = (!icmp_ln165)> <Delay = 0.00>
ST_7 : Operation 367 [1/1] (0.00ns)   --->   "%zext_ln67_15 = zext i8 %val_76" [hls_filter_2d.cpp:67->hls_filter_2d.cpp:167]   --->   Operation 367 'zext' 'zext_ln67_15' <Predicate = (!icmp_ln165)> <Delay = 0.00>
ST_7 : Operation 368 [1/3] (0.00ns) (grouped into DSP with root node add_ln71_2)   --->   "%mul_ln71 = mul i16 %zext_ln67_11, i16 %sext_ln72_17_cast" [hls_filter_2d.cpp:71->hls_filter_2d.cpp:167]   --->   Operation 368 'mul' 'mul_ln71' <Predicate = (!icmp_ln165)> <Delay = 0.00> <CoreInst = "DSP48">   --->   Core 124 'DSP48' <Latency = 3> <II = 1> <Delay = 0.53> <IPBlock> <Opcode : 'add' 'sub' 'mul' 'select'> <InPorts = 0> <OutPorts = 1> <Sync> <CReg>
ST_7 : Operation 369 [1/1] (0.00ns) (grouped into DSP with root node add_ln71_2)   --->   "%sext_ln71 = sext i16 %mul_ln71" [hls_filter_2d.cpp:71->hls_filter_2d.cpp:167]   --->   Operation 369 'sext' 'sext_ln71' <Predicate = (!icmp_ln165)> <Delay = 0.00>
ST_7 : Operation 370 [2/3] (0.99ns) (grouped into DSP with root node add_ln71_6)   --->   "%mul_ln71_1 = mul i16 %zext_ln67_10, i16 %sext_ln72_16_cast" [hls_filter_2d.cpp:71->hls_filter_2d.cpp:167]   --->   Operation 370 'mul' 'mul_ln71_1' <Predicate = (!icmp_ln165)> <Delay = 0.99> <CoreInst = "DSP48">   --->   Core 124 'DSP48' <Latency = 3> <II = 1> <Delay = 0.53> <IPBlock> <Opcode : 'add' 'sub' 'mul' 'select'> <InPorts = 0> <OutPorts = 1> <Sync> <CReg>
ST_7 : Operation 371 [1/1] (1.65ns)   --->   "%mul_ln71_2 = mul i16 %zext_ln67_9, i16 %sext_ln72_15_cast" [hls_filter_2d.cpp:71->hls_filter_2d.cpp:167]   --->   Operation 371 'mul' 'mul_ln71_2' <Predicate = (!icmp_ln165)> <Delay = 1.65> <CoreInst = "Multiplier">   --->   Core 3 'Multiplier' <Latency = 0> <II = 1> <Delay = 1.65> <FuncUnit> <Opcode : 'mul'> <InPorts = 2> <OutPorts = 1>
ST_7 : Operation 372 [1/1] (0.00ns)   --->   "%sext_ln71_2 = sext i16 %mul_ln71_2" [hls_filter_2d.cpp:71->hls_filter_2d.cpp:167]   --->   Operation 372 'sext' 'sext_ln71_2' <Predicate = (!icmp_ln165)> <Delay = 0.00>
ST_7 : Operation 373 [1/1] (1.65ns)   --->   "%mul_ln71_3 = mul i16 %zext_ln64_2, i16 %sext_ln72_14_cast" [hls_filter_2d.cpp:71->hls_filter_2d.cpp:167]   --->   Operation 373 'mul' 'mul_ln71_3' <Predicate = (!icmp_ln165)> <Delay = 1.65> <CoreInst = "Multiplier">   --->   Core 3 'Multiplier' <Latency = 0> <II = 1> <Delay = 1.65> <FuncUnit> <Opcode : 'mul'> <InPorts = 2> <OutPorts = 1>
ST_7 : Operation 374 [1/1] (0.00ns)   --->   "%sext_ln71_3 = sext i16 %mul_ln71_3" [hls_filter_2d.cpp:71->hls_filter_2d.cpp:167]   --->   Operation 374 'sext' 'sext_ln71_3' <Predicate = (!icmp_ln165)> <Delay = 0.00>
ST_7 : Operation 375 [1/3] (0.00ns) (grouped into DSP with root node add_ln71_5)   --->   "%mul_ln71_4 = mul i16 %zext_ln67_8, i16 %sext_ln72_13_cast" [hls_filter_2d.cpp:71->hls_filter_2d.cpp:167]   --->   Operation 375 'mul' 'mul_ln71_4' <Predicate = (!icmp_ln165)> <Delay = 0.00> <CoreInst = "DSP48">   --->   Core 124 'DSP48' <Latency = 3> <II = 1> <Delay = 0.53> <IPBlock> <Opcode : 'add' 'sub' 'mul' 'select'> <InPorts = 0> <OutPorts = 1> <Sync> <CReg>
ST_7 : Operation 376 [1/1] (0.00ns) (grouped into DSP with root node add_ln71_5)   --->   "%sext_ln71_4 = sext i16 %mul_ln71_4" [hls_filter_2d.cpp:71->hls_filter_2d.cpp:167]   --->   Operation 376 'sext' 'sext_ln71_4' <Predicate = (!icmp_ln165)> <Delay = 0.00>
ST_7 : Operation 377 [2/3] (0.99ns) (grouped into DSP with root node add_ln71_8)   --->   "%mul_ln71_5 = mul i16 %zext_ln67_7, i16 %sext_ln72_12_cast" [hls_filter_2d.cpp:71->hls_filter_2d.cpp:167]   --->   Operation 377 'mul' 'mul_ln71_5' <Predicate = (!icmp_ln165)> <Delay = 0.99> <CoreInst = "DSP48">   --->   Core 124 'DSP48' <Latency = 3> <II = 1> <Delay = 0.53> <IPBlock> <Opcode : 'add' 'sub' 'mul' 'select'> <InPorts = 0> <OutPorts = 1> <Sync> <CReg>
ST_7 : Operation 378 [1/1] (1.65ns)   --->   "%mul_ln71_6 = mul i16 %zext_ln67_6, i16 %sext_ln72_11_cast" [hls_filter_2d.cpp:71->hls_filter_2d.cpp:167]   --->   Operation 378 'mul' 'mul_ln71_6' <Predicate = (!icmp_ln165)> <Delay = 1.65> <CoreInst = "Multiplier">   --->   Core 3 'Multiplier' <Latency = 0> <II = 1> <Delay = 1.65> <FuncUnit> <Opcode : 'mul'> <InPorts = 2> <OutPorts = 1>
ST_7 : Operation 379 [1/1] (0.00ns)   --->   "%sext_ln71_6 = sext i16 %mul_ln71_6" [hls_filter_2d.cpp:71->hls_filter_2d.cpp:167]   --->   Operation 379 'sext' 'sext_ln71_6' <Predicate = (!icmp_ln165)> <Delay = 0.00>
ST_7 : Operation 380 [1/3] (0.00ns) (grouped into DSP with root node add_ln71_7)   --->   "%mul_ln71_7 = mul i16 %zext_ln67_5, i16 %sext_ln72_10_cast" [hls_filter_2d.cpp:71->hls_filter_2d.cpp:167]   --->   Operation 380 'mul' 'mul_ln71_7' <Predicate = (!icmp_ln165)> <Delay = 0.00> <CoreInst = "DSP48">   --->   Core 124 'DSP48' <Latency = 3> <II = 1> <Delay = 0.53> <IPBlock> <Opcode : 'add' 'sub' 'mul' 'select'> <InPorts = 0> <OutPorts = 1> <Sync> <CReg>
ST_7 : Operation 381 [1/1] (0.00ns) (grouped into DSP with root node add_ln71_7)   --->   "%sext_ln71_7 = sext i16 %mul_ln71_7" [hls_filter_2d.cpp:71->hls_filter_2d.cpp:167]   --->   Operation 381 'sext' 'sext_ln71_7' <Predicate = (!icmp_ln165)> <Delay = 0.00>
ST_7 : Operation 382 [1/3] (0.00ns) (grouped into DSP with root node add_ln71_18)   --->   "%mul_ln71_8 = mul i16 %zext_ln67_4, i16 %sext_ln72_9_cast" [hls_filter_2d.cpp:71->hls_filter_2d.cpp:167]   --->   Operation 382 'mul' 'mul_ln71_8' <Predicate = (!icmp_ln165)> <Delay = 0.00> <CoreInst = "DSP48">   --->   Core 124 'DSP48' <Latency = 3> <II = 1> <Delay = 0.53> <IPBlock> <Opcode : 'add' 'sub' 'mul' 'select'> <InPorts = 0> <OutPorts = 1> <Sync> <CReg>
ST_7 : Operation 383 [1/1] (0.00ns) (grouped into DSP with root node add_ln71_18)   --->   "%sext_ln71_8 = sext i16 %mul_ln71_8" [hls_filter_2d.cpp:71->hls_filter_2d.cpp:167]   --->   Operation 383 'sext' 'sext_ln71_8' <Predicate = (!icmp_ln165)> <Delay = 0.00>
ST_7 : Operation 384 [3/3] (0.99ns) (grouped into DSP with root node add_ln71_12)   --->   "%mul_ln71_9 = mul i16 %zext_ln67_3, i16 %sext_ln72_8_cast" [hls_filter_2d.cpp:71->hls_filter_2d.cpp:167]   --->   Operation 384 'mul' 'mul_ln71_9' <Predicate = (!icmp_ln165)> <Delay = 0.99> <CoreInst = "DSP48">   --->   Core 124 'DSP48' <Latency = 3> <II = 1> <Delay = 0.53> <IPBlock> <Opcode : 'add' 'sub' 'mul' 'select'> <InPorts = 0> <OutPorts = 1> <Sync> <CReg>
ST_7 : Operation 385 [2/3] (0.99ns) (grouped into DSP with root node add_ln71_11)   --->   "%mul_ln71_11 = mul i16 %zext_ln67_1, i16 %sext_ln72_6_cast" [hls_filter_2d.cpp:71->hls_filter_2d.cpp:167]   --->   Operation 385 'mul' 'mul_ln71_11' <Predicate = (!icmp_ln165)> <Delay = 0.99> <CoreInst = "DSP48">   --->   Core 124 'DSP48' <Latency = 3> <II = 1> <Delay = 0.53> <IPBlock> <Opcode : 'add' 'sub' 'mul' 'select'> <InPorts = 0> <OutPorts = 1> <Sync> <CReg>
ST_7 : Operation 386 [3/3] (0.99ns) (grouped into DSP with root node add_ln71_14)   --->   "%mul_ln71_12 = mul i16 %zext_ln67, i16 %sext_ln72_5_cast" [hls_filter_2d.cpp:71->hls_filter_2d.cpp:167]   --->   Operation 386 'mul' 'mul_ln71_12' <Predicate = (!icmp_ln165)> <Delay = 0.99> <CoreInst = "DSP48">   --->   Core 124 'DSP48' <Latency = 3> <II = 1> <Delay = 0.53> <IPBlock> <Opcode : 'add' 'sub' 'mul' 'select'> <InPorts = 0> <OutPorts = 1> <Sync> <CReg>
ST_7 : Operation 387 [1/1] (1.65ns)   --->   "%mul_ln71_13 = mul i16 %zext_ln64_1, i16 %sext_ln72_4_cast" [hls_filter_2d.cpp:71->hls_filter_2d.cpp:167]   --->   Operation 387 'mul' 'mul_ln71_13' <Predicate = (!icmp_ln165)> <Delay = 1.65> <CoreInst = "Multiplier">   --->   Core 3 'Multiplier' <Latency = 0> <II = 1> <Delay = 1.65> <FuncUnit> <Opcode : 'mul'> <InPorts = 2> <OutPorts = 1>
ST_7 : Operation 388 [1/1] (0.00ns)   --->   "%sext_ln71_13 = sext i16 %mul_ln71_13" [hls_filter_2d.cpp:71->hls_filter_2d.cpp:167]   --->   Operation 388 'sext' 'sext_ln71_13' <Predicate = (!icmp_ln165)> <Delay = 0.00>
ST_7 : Operation 389 [2/3] (0.99ns) (grouped into DSP with root node add_ln71_13)   --->   "%mul_ln71_15 = mul i16 %zext_ln63_3, i16 %sext_ln72_2_cast" [hls_filter_2d.cpp:71->hls_filter_2d.cpp:167]   --->   Operation 389 'mul' 'mul_ln71_15' <Predicate = (!icmp_ln165)> <Delay = 0.99> <CoreInst = "DSP48">   --->   Core 124 'DSP48' <Latency = 3> <II = 1> <Delay = 0.53> <IPBlock> <Opcode : 'add' 'sub' 'mul' 'select'> <InPorts = 0> <OutPorts = 1> <Sync> <CReg>
ST_7 : Operation 390 [1/1] (1.65ns)   --->   "%mul_ln71_16 = mul i16 %zext_ln63_1, i16 %sext_ln72_cast" [hls_filter_2d.cpp:71->hls_filter_2d.cpp:167]   --->   Operation 390 'mul' 'mul_ln71_16' <Predicate = (!icmp_ln165)> <Delay = 1.65> <CoreInst = "Multiplier">   --->   Core 3 'Multiplier' <Latency = 0> <II = 1> <Delay = 1.65> <FuncUnit> <Opcode : 'mul'> <InPorts = 2> <OutPorts = 1>
ST_7 : Operation 391 [1/1] (0.00ns)   --->   "%sext_ln71_16 = sext i16 %mul_ln71_16" [hls_filter_2d.cpp:71->hls_filter_2d.cpp:167]   --->   Operation 391 'sext' 'sext_ln71_16' <Predicate = (!icmp_ln165)> <Delay = 0.00>
ST_7 : Operation 392 [2/3] (0.99ns) (grouped into DSP with root node add_ln71_17)   --->   "%mul_ln71_17 = mul i16 %zext_ln63_2, i16 %sext_ln72_1_cast" [hls_filter_2d.cpp:71->hls_filter_2d.cpp:167]   --->   Operation 392 'mul' 'mul_ln71_17' <Predicate = (!icmp_ln165)> <Delay = 0.99> <CoreInst = "DSP48">   --->   Core 124 'DSP48' <Latency = 3> <II = 1> <Delay = 0.53> <IPBlock> <Opcode : 'add' 'sub' 'mul' 'select'> <InPorts = 0> <OutPorts = 1> <Sync> <CReg>
ST_7 : Operation 393 [1/3] (0.00ns) (grouped into DSP with root node add_ln71_16)   --->   "%mul_ln71_18 = mul i16 %zext_ln71, i16 %sext_ln76_cast" [hls_filter_2d.cpp:71->hls_filter_2d.cpp:167]   --->   Operation 393 'mul' 'mul_ln71_18' <Predicate = (!icmp_ln165)> <Delay = 0.00> <CoreInst = "DSP48">   --->   Core 124 'DSP48' <Latency = 3> <II = 1> <Delay = 0.53> <IPBlock> <Opcode : 'add' 'sub' 'mul' 'select'> <InPorts = 0> <OutPorts = 1> <Sync> <CReg>
ST_7 : Operation 394 [1/1] (0.00ns) (grouped into DSP with root node add_ln71_16)   --->   "%sext_ln71_18 = sext i16 %mul_ln71_18" [hls_filter_2d.cpp:71->hls_filter_2d.cpp:167]   --->   Operation 394 'sext' 'sext_ln71_18' <Predicate = (!icmp_ln165)> <Delay = 0.00>
ST_7 : Operation 395 [2/3] (0.99ns) (grouped into DSP with root node add_ln71_1)   --->   "%mul_ln71_19 = mul i16 %zext_ln67_16, i16 %sext_ln72_23_cast" [hls_filter_2d.cpp:71->hls_filter_2d.cpp:167]   --->   Operation 395 'mul' 'mul_ln71_19' <Predicate = (!icmp_ln165)> <Delay = 0.99> <CoreInst = "DSP48">   --->   Core 124 'DSP48' <Latency = 3> <II = 1> <Delay = 0.53> <IPBlock> <Opcode : 'add' 'sub' 'mul' 'select'> <InPorts = 0> <OutPorts = 1> <Sync> <CReg>
ST_7 : Operation 396 [1/1] (1.65ns)   --->   "%mul_ln71_20 = mul i16 %zext_ln67_15, i16 %sext_ln72_22_cast" [hls_filter_2d.cpp:71->hls_filter_2d.cpp:167]   --->   Operation 396 'mul' 'mul_ln71_20' <Predicate = (!icmp_ln165)> <Delay = 1.65> <CoreInst = "Multiplier">   --->   Core 3 'Multiplier' <Latency = 0> <II = 1> <Delay = 1.65> <FuncUnit> <Opcode : 'mul'> <InPorts = 2> <OutPorts = 1>
ST_7 : Operation 397 [1/1] (0.00ns)   --->   "%sext_ln71_20 = sext i16 %mul_ln71_20" [hls_filter_2d.cpp:71->hls_filter_2d.cpp:167]   --->   Operation 397 'sext' 'sext_ln71_20' <Predicate = (!icmp_ln165)> <Delay = 0.00>
ST_7 : Operation 398 [2/3] (0.99ns) (grouped into DSP with root node add_ln71_3)   --->   "%mul_ln71_21 = mul i16 %zext_ln67_14, i16 %sext_ln72_21_cast" [hls_filter_2d.cpp:71->hls_filter_2d.cpp:167]   --->   Operation 398 'mul' 'mul_ln71_21' <Predicate = (!icmp_ln165)> <Delay = 0.99> <CoreInst = "DSP48">   --->   Core 124 'DSP48' <Latency = 3> <II = 1> <Delay = 0.53> <IPBlock> <Opcode : 'add' 'sub' 'mul' 'select'> <InPorts = 0> <OutPorts = 1> <Sync> <CReg>
ST_7 : Operation 399 [1/3] (0.00ns) (grouped into DSP with root node add_ln71)   --->   "%mul_ln71_22 = mul i16 %zext_ln67_13, i16 %sext_ln72_20_cast" [hls_filter_2d.cpp:71->hls_filter_2d.cpp:167]   --->   Operation 399 'mul' 'mul_ln71_22' <Predicate = (!icmp_ln165)> <Delay = 0.00> <CoreInst = "DSP48">   --->   Core 124 'DSP48' <Latency = 3> <II = 1> <Delay = 0.53> <IPBlock> <Opcode : 'add' 'sub' 'mul' 'select'> <InPorts = 0> <OutPorts = 1> <Sync> <CReg>
ST_7 : Operation 400 [1/1] (0.00ns) (grouped into DSP with root node add_ln71)   --->   "%sext_ln71_22 = sext i16 %mul_ln71_22" [hls_filter_2d.cpp:71->hls_filter_2d.cpp:167]   --->   Operation 400 'sext' 'sext_ln71_22' <Predicate = (!icmp_ln165)> <Delay = 0.00>
ST_7 : Operation 401 [1/3] (0.00ns) (grouped into DSP with root node add_ln71_19)   --->   "%mul_ln71_23 = mul i16 %zext_ln64_3, i16 %sext_ln72_19_cast" [hls_filter_2d.cpp:71->hls_filter_2d.cpp:167]   --->   Operation 401 'mul' 'mul_ln71_23' <Predicate = (!icmp_ln165)> <Delay = 0.00> <CoreInst = "DSP48">   --->   Core 124 'DSP48' <Latency = 3> <II = 1> <Delay = 0.53> <IPBlock> <Opcode : 'add' 'sub' 'mul' 'select'> <InPorts = 0> <OutPorts = 1> <Sync> <CReg>
ST_7 : Operation 402 [1/1] (0.00ns) (grouped into DSP with root node add_ln71_19)   --->   "%sext_ln71_23 = sext i16 %mul_ln71_23" [hls_filter_2d.cpp:71->hls_filter_2d.cpp:167]   --->   Operation 402 'sext' 'sext_ln71_23' <Predicate = (!icmp_ln165)> <Delay = 0.00>
ST_7 : Operation 403 [1/1] (1.65ns)   --->   "%mul_ln71_24 = mul i16 %zext_ln67_12, i16 %sext_ln72_18_cast" [hls_filter_2d.cpp:71->hls_filter_2d.cpp:167]   --->   Operation 403 'mul' 'mul_ln71_24' <Predicate = (!icmp_ln165)> <Delay = 1.65> <CoreInst = "Multiplier">   --->   Core 3 'Multiplier' <Latency = 0> <II = 1> <Delay = 1.65> <FuncUnit> <Opcode : 'mul'> <InPorts = 2> <OutPorts = 1>
ST_7 : Operation 404 [1/1] (0.00ns)   --->   "%sext_ln71_24 = sext i16 %mul_ln71_24" [hls_filter_2d.cpp:71->hls_filter_2d.cpp:167]   --->   Operation 404 'sext' 'sext_ln71_24' <Predicate = (!icmp_ln165)> <Delay = 0.00>
ST_7 : Operation 405 [2/2] (0.64ns) (root node of the DSP)   --->   "%add_ln71 = add i17 %sext_ln71_20, i17 %sext_ln71_22" [hls_filter_2d.cpp:71->hls_filter_2d.cpp:167]   --->   Operation 405 'add' 'add_ln71' <Predicate = (!icmp_ln165)> <Delay = 0.64> <CoreInst = "DSP48">   --->   Core 124 'DSP48' <Latency = 3> <II = 1> <Delay = 0.53> <IPBlock> <Opcode : 'add' 'sub' 'mul' 'select'> <InPorts = 0> <OutPorts = 1> <Sync> <CReg>
ST_7 : Operation 406 [2/2] (0.64ns) (root node of the DSP)   --->   "%add_ln71_2 = add i17 %sext_ln71_24, i17 %sext_ln71" [hls_filter_2d.cpp:71->hls_filter_2d.cpp:167]   --->   Operation 406 'add' 'add_ln71_2' <Predicate = (!icmp_ln165)> <Delay = 0.64> <CoreInst = "DSP48">   --->   Core 124 'DSP48' <Latency = 3> <II = 1> <Delay = 0.53> <IPBlock> <Opcode : 'add' 'sub' 'mul' 'select'> <InPorts = 0> <OutPorts = 1> <Sync> <CReg>
ST_7 : Operation 407 [2/2] (0.64ns) (root node of the DSP)   --->   "%add_ln71_5 = add i17 %sext_ln71_2, i17 %sext_ln71_4" [hls_filter_2d.cpp:71->hls_filter_2d.cpp:167]   --->   Operation 407 'add' 'add_ln71_5' <Predicate = (!icmp_ln165)> <Delay = 0.64> <CoreInst = "DSP48">   --->   Core 124 'DSP48' <Latency = 3> <II = 1> <Delay = 0.53> <IPBlock> <Opcode : 'add' 'sub' 'mul' 'select'> <InPorts = 0> <OutPorts = 1> <Sync> <CReg>
ST_7 : Operation 408 [2/2] (0.64ns) (root node of the DSP)   --->   "%add_ln71_7 = add i17 %sext_ln71_6, i17 %sext_ln71_7" [hls_filter_2d.cpp:71->hls_filter_2d.cpp:167]   --->   Operation 408 'add' 'add_ln71_7' <Predicate = (!icmp_ln165)> <Delay = 0.64> <CoreInst = "DSP48">   --->   Core 124 'DSP48' <Latency = 3> <II = 1> <Delay = 0.53> <IPBlock> <Opcode : 'add' 'sub' 'mul' 'select'> <InPorts = 0> <OutPorts = 1> <Sync> <CReg>
ST_7 : Operation 409 [2/2] (0.64ns) (root node of the DSP)   --->   "%add_ln71_16 = add i17 %sext_ln71_16, i17 %sext_ln71_18" [hls_filter_2d.cpp:71->hls_filter_2d.cpp:167]   --->   Operation 409 'add' 'add_ln71_16' <Predicate = (!icmp_ln165)> <Delay = 0.64> <CoreInst = "DSP48">   --->   Core 124 'DSP48' <Latency = 3> <II = 1> <Delay = 0.53> <IPBlock> <Opcode : 'add' 'sub' 'mul' 'select'> <InPorts = 0> <OutPorts = 1> <Sync> <CReg>
ST_7 : Operation 410 [2/2] (0.64ns) (root node of the DSP)   --->   "%add_ln71_18 = add i17 %sext_ln71_13, i17 %sext_ln71_8" [hls_filter_2d.cpp:71->hls_filter_2d.cpp:167]   --->   Operation 410 'add' 'add_ln71_18' <Predicate = (!icmp_ln165)> <Delay = 0.64> <CoreInst = "DSP48">   --->   Core 124 'DSP48' <Latency = 3> <II = 1> <Delay = 0.53> <IPBlock> <Opcode : 'add' 'sub' 'mul' 'select'> <InPorts = 0> <OutPorts = 1> <Sync> <CReg>
ST_7 : Operation 411 [2/2] (0.64ns) (root node of the DSP)   --->   "%add_ln71_19 = add i17 %sext_ln71_3, i17 %sext_ln71_23" [hls_filter_2d.cpp:71->hls_filter_2d.cpp:167]   --->   Operation 411 'add' 'add_ln71_19' <Predicate = (!icmp_ln165)> <Delay = 0.64> <CoreInst = "DSP48">   --->   Core 124 'DSP48' <Latency = 3> <II = 1> <Delay = 0.53> <IPBlock> <Opcode : 'add' 'sub' 'mul' 'select'> <InPorts = 0> <OutPorts = 1> <Sync> <CReg>

State 8 <SV = 7> <Delay = 2.29>
ST_8 : Operation 412 [1/1] (0.00ns)   --->   "%zext_ln63_4 = zext i8 %val_42" [hls_filter_2d.cpp:63->hls_filter_2d.cpp:167]   --->   Operation 412 'zext' 'zext_ln63_4' <Predicate = (!icmp_ln165)> <Delay = 0.00>
ST_8 : Operation 413 [1/1] (0.00ns)   --->   "%zext_ln67_2 = zext i8 %val_52" [hls_filter_2d.cpp:67->hls_filter_2d.cpp:167]   --->   Operation 413 'zext' 'zext_ln67_2' <Predicate = (!icmp_ln165)> <Delay = 0.00>
ST_8 : Operation 414 [1/3] (0.00ns) (grouped into DSP with root node add_ln71_6)   --->   "%mul_ln71_1 = mul i16 %zext_ln67_10, i16 %sext_ln72_16_cast" [hls_filter_2d.cpp:71->hls_filter_2d.cpp:167]   --->   Operation 414 'mul' 'mul_ln71_1' <Predicate = (!icmp_ln165)> <Delay = 0.00> <CoreInst = "DSP48">   --->   Core 124 'DSP48' <Latency = 3> <II = 1> <Delay = 0.53> <IPBlock> <Opcode : 'add' 'sub' 'mul' 'select'> <InPorts = 0> <OutPorts = 1> <Sync> <CReg>
ST_8 : Operation 415 [1/1] (0.00ns) (grouped into DSP with root node add_ln71_6)   --->   "%sext_ln71_1 = sext i16 %mul_ln71_1" [hls_filter_2d.cpp:71->hls_filter_2d.cpp:167]   --->   Operation 415 'sext' 'sext_ln71_1' <Predicate = (!icmp_ln165)> <Delay = 0.00>
ST_8 : Operation 416 [1/3] (0.00ns) (grouped into DSP with root node add_ln71_8)   --->   "%mul_ln71_5 = mul i16 %zext_ln67_7, i16 %sext_ln72_12_cast" [hls_filter_2d.cpp:71->hls_filter_2d.cpp:167]   --->   Operation 416 'mul' 'mul_ln71_5' <Predicate = (!icmp_ln165)> <Delay = 0.00> <CoreInst = "DSP48">   --->   Core 124 'DSP48' <Latency = 3> <II = 1> <Delay = 0.53> <IPBlock> <Opcode : 'add' 'sub' 'mul' 'select'> <InPorts = 0> <OutPorts = 1> <Sync> <CReg>
ST_8 : Operation 417 [1/1] (0.00ns) (grouped into DSP with root node add_ln71_8)   --->   "%sext_ln71_5 = sext i16 %mul_ln71_5" [hls_filter_2d.cpp:71->hls_filter_2d.cpp:167]   --->   Operation 417 'sext' 'sext_ln71_5' <Predicate = (!icmp_ln165)> <Delay = 0.00>
ST_8 : Operation 418 [2/3] (0.99ns) (grouped into DSP with root node add_ln71_12)   --->   "%mul_ln71_9 = mul i16 %zext_ln67_3, i16 %sext_ln72_8_cast" [hls_filter_2d.cpp:71->hls_filter_2d.cpp:167]   --->   Operation 418 'mul' 'mul_ln71_9' <Predicate = (!icmp_ln165)> <Delay = 0.99> <CoreInst = "DSP48">   --->   Core 124 'DSP48' <Latency = 3> <II = 1> <Delay = 0.53> <IPBlock> <Opcode : 'add' 'sub' 'mul' 'select'> <InPorts = 0> <OutPorts = 1> <Sync> <CReg>
ST_8 : Operation 419 [1/1] (1.65ns)   --->   "%mul_ln71_10 = mul i16 %zext_ln67_2, i16 %sext_ln72_7_cast" [hls_filter_2d.cpp:71->hls_filter_2d.cpp:167]   --->   Operation 419 'mul' 'mul_ln71_10' <Predicate = (!icmp_ln165)> <Delay = 1.65> <CoreInst = "Multiplier">   --->   Core 3 'Multiplier' <Latency = 0> <II = 1> <Delay = 1.65> <FuncUnit> <Opcode : 'mul'> <InPorts = 2> <OutPorts = 1>
ST_8 : Operation 420 [1/1] (0.00ns)   --->   "%sext_ln71_10 = sext i16 %mul_ln71_10" [hls_filter_2d.cpp:71->hls_filter_2d.cpp:167]   --->   Operation 420 'sext' 'sext_ln71_10' <Predicate = (!icmp_ln165)> <Delay = 0.00>
ST_8 : Operation 421 [1/3] (0.00ns) (grouped into DSP with root node add_ln71_11)   --->   "%mul_ln71_11 = mul i16 %zext_ln67_1, i16 %sext_ln72_6_cast" [hls_filter_2d.cpp:71->hls_filter_2d.cpp:167]   --->   Operation 421 'mul' 'mul_ln71_11' <Predicate = (!icmp_ln165)> <Delay = 0.00> <CoreInst = "DSP48">   --->   Core 124 'DSP48' <Latency = 3> <II = 1> <Delay = 0.53> <IPBlock> <Opcode : 'add' 'sub' 'mul' 'select'> <InPorts = 0> <OutPorts = 1> <Sync> <CReg>
ST_8 : Operation 422 [1/1] (0.00ns) (grouped into DSP with root node add_ln71_11)   --->   "%sext_ln71_11 = sext i16 %mul_ln71_11" [hls_filter_2d.cpp:71->hls_filter_2d.cpp:167]   --->   Operation 422 'sext' 'sext_ln71_11' <Predicate = (!icmp_ln165)> <Delay = 0.00>
ST_8 : Operation 423 [2/3] (0.99ns) (grouped into DSP with root node add_ln71_14)   --->   "%mul_ln71_12 = mul i16 %zext_ln67, i16 %sext_ln72_5_cast" [hls_filter_2d.cpp:71->hls_filter_2d.cpp:167]   --->   Operation 423 'mul' 'mul_ln71_12' <Predicate = (!icmp_ln165)> <Delay = 0.99> <CoreInst = "DSP48">   --->   Core 124 'DSP48' <Latency = 3> <II = 1> <Delay = 0.53> <IPBlock> <Opcode : 'add' 'sub' 'mul' 'select'> <InPorts = 0> <OutPorts = 1> <Sync> <CReg>
ST_8 : Operation 424 [1/1] (1.65ns)   --->   "%mul_ln71_14 = mul i16 %zext_ln63_4, i16 %sext_ln72_3_cast" [hls_filter_2d.cpp:71->hls_filter_2d.cpp:167]   --->   Operation 424 'mul' 'mul_ln71_14' <Predicate = (!icmp_ln165)> <Delay = 1.65> <CoreInst = "Multiplier">   --->   Core 3 'Multiplier' <Latency = 0> <II = 1> <Delay = 1.65> <FuncUnit> <Opcode : 'mul'> <InPorts = 2> <OutPorts = 1>
ST_8 : Operation 425 [1/1] (0.00ns)   --->   "%sext_ln71_14 = sext i16 %mul_ln71_14" [hls_filter_2d.cpp:71->hls_filter_2d.cpp:167]   --->   Operation 425 'sext' 'sext_ln71_14' <Predicate = (!icmp_ln165)> <Delay = 0.00>
ST_8 : Operation 426 [1/3] (0.00ns) (grouped into DSP with root node add_ln71_13)   --->   "%mul_ln71_15 = mul i16 %zext_ln63_3, i16 %sext_ln72_2_cast" [hls_filter_2d.cpp:71->hls_filter_2d.cpp:167]   --->   Operation 426 'mul' 'mul_ln71_15' <Predicate = (!icmp_ln165)> <Delay = 0.00> <CoreInst = "DSP48">   --->   Core 124 'DSP48' <Latency = 3> <II = 1> <Delay = 0.53> <IPBlock> <Opcode : 'add' 'sub' 'mul' 'select'> <InPorts = 0> <OutPorts = 1> <Sync> <CReg>
ST_8 : Operation 427 [1/1] (0.00ns) (grouped into DSP with root node add_ln71_13)   --->   "%sext_ln71_15 = sext i16 %mul_ln71_15" [hls_filter_2d.cpp:71->hls_filter_2d.cpp:167]   --->   Operation 427 'sext' 'sext_ln71_15' <Predicate = (!icmp_ln165)> <Delay = 0.00>
ST_8 : Operation 428 [1/3] (0.00ns) (grouped into DSP with root node add_ln71_17)   --->   "%mul_ln71_17 = mul i16 %zext_ln63_2, i16 %sext_ln72_1_cast" [hls_filter_2d.cpp:71->hls_filter_2d.cpp:167]   --->   Operation 428 'mul' 'mul_ln71_17' <Predicate = (!icmp_ln165)> <Delay = 0.00> <CoreInst = "DSP48">   --->   Core 124 'DSP48' <Latency = 3> <II = 1> <Delay = 0.53> <IPBlock> <Opcode : 'add' 'sub' 'mul' 'select'> <InPorts = 0> <OutPorts = 1> <Sync> <CReg>
ST_8 : Operation 429 [1/1] (0.00ns) (grouped into DSP with root node add_ln71_17)   --->   "%sext_ln71_17 = sext i16 %mul_ln71_17" [hls_filter_2d.cpp:71->hls_filter_2d.cpp:167]   --->   Operation 429 'sext' 'sext_ln71_17' <Predicate = (!icmp_ln165)> <Delay = 0.00>
ST_8 : Operation 430 [1/3] (0.00ns) (grouped into DSP with root node add_ln71_1)   --->   "%mul_ln71_19 = mul i16 %zext_ln67_16, i16 %sext_ln72_23_cast" [hls_filter_2d.cpp:71->hls_filter_2d.cpp:167]   --->   Operation 430 'mul' 'mul_ln71_19' <Predicate = (!icmp_ln165)> <Delay = 0.00> <CoreInst = "DSP48">   --->   Core 124 'DSP48' <Latency = 3> <II = 1> <Delay = 0.53> <IPBlock> <Opcode : 'add' 'sub' 'mul' 'select'> <InPorts = 0> <OutPorts = 1> <Sync> <CReg>
ST_8 : Operation 431 [1/1] (0.00ns) (grouped into DSP with root node add_ln71_1)   --->   "%sext_ln71_19 = sext i16 %mul_ln71_19" [hls_filter_2d.cpp:71->hls_filter_2d.cpp:167]   --->   Operation 431 'sext' 'sext_ln71_19' <Predicate = (!icmp_ln165)> <Delay = 0.00>
ST_8 : Operation 432 [1/3] (0.00ns) (grouped into DSP with root node add_ln71_3)   --->   "%mul_ln71_21 = mul i16 %zext_ln67_14, i16 %sext_ln72_21_cast" [hls_filter_2d.cpp:71->hls_filter_2d.cpp:167]   --->   Operation 432 'mul' 'mul_ln71_21' <Predicate = (!icmp_ln165)> <Delay = 0.00> <CoreInst = "DSP48">   --->   Core 124 'DSP48' <Latency = 3> <II = 1> <Delay = 0.53> <IPBlock> <Opcode : 'add' 'sub' 'mul' 'select'> <InPorts = 0> <OutPorts = 1> <Sync> <CReg>
ST_8 : Operation 433 [1/1] (0.00ns) (grouped into DSP with root node add_ln71_3)   --->   "%sext_ln71_21 = sext i16 %mul_ln71_21" [hls_filter_2d.cpp:71->hls_filter_2d.cpp:167]   --->   Operation 433 'sext' 'sext_ln71_21' <Predicate = (!icmp_ln165)> <Delay = 0.00>
ST_8 : Operation 434 [1/2] (0.64ns) (root node of the DSP)   --->   "%add_ln71 = add i17 %sext_ln71_20, i17 %sext_ln71_22" [hls_filter_2d.cpp:71->hls_filter_2d.cpp:167]   --->   Operation 434 'add' 'add_ln71' <Predicate = (!icmp_ln165)> <Delay = 0.64> <CoreInst = "DSP48">   --->   Core 124 'DSP48' <Latency = 3> <II = 1> <Delay = 0.53> <IPBlock> <Opcode : 'add' 'sub' 'mul' 'select'> <InPorts = 0> <OutPorts = 1> <Sync> <CReg>
ST_8 : Operation 435 [1/1] (0.00ns)   --->   "%sext_ln71_25 = sext i17 %add_ln71" [hls_filter_2d.cpp:71->hls_filter_2d.cpp:167]   --->   Operation 435 'sext' 'sext_ln71_25' <Predicate = (!icmp_ln165)> <Delay = 0.00>
ST_8 : Operation 436 [2/2] (0.64ns) (root node of the DSP)   --->   "%add_ln71_1 = add i18 %sext_ln71_25, i18 %sext_ln71_19" [hls_filter_2d.cpp:71->hls_filter_2d.cpp:167]   --->   Operation 436 'add' 'add_ln71_1' <Predicate = (!icmp_ln165)> <Delay = 0.64> <CoreInst = "DSP48">   --->   Core 124 'DSP48' <Latency = 3> <II = 1> <Delay = 0.53> <IPBlock> <Opcode : 'add' 'sub' 'mul' 'select'> <InPorts = 0> <OutPorts = 1> <Sync> <CReg>
ST_8 : Operation 437 [1/2] (0.64ns) (root node of the DSP)   --->   "%add_ln71_2 = add i17 %sext_ln71_24, i17 %sext_ln71" [hls_filter_2d.cpp:71->hls_filter_2d.cpp:167]   --->   Operation 437 'add' 'add_ln71_2' <Predicate = (!icmp_ln165)> <Delay = 0.64> <CoreInst = "DSP48">   --->   Core 124 'DSP48' <Latency = 3> <II = 1> <Delay = 0.53> <IPBlock> <Opcode : 'add' 'sub' 'mul' 'select'> <InPorts = 0> <OutPorts = 1> <Sync> <CReg>
ST_8 : Operation 438 [1/1] (0.00ns)   --->   "%sext_ln71_27 = sext i17 %add_ln71_2" [hls_filter_2d.cpp:71->hls_filter_2d.cpp:167]   --->   Operation 438 'sext' 'sext_ln71_27' <Predicate = (!icmp_ln165)> <Delay = 0.00>
ST_8 : Operation 439 [2/2] (0.64ns) (root node of the DSP)   --->   "%add_ln71_3 = add i18 %sext_ln71_27, i18 %sext_ln71_21" [hls_filter_2d.cpp:71->hls_filter_2d.cpp:167]   --->   Operation 439 'add' 'add_ln71_3' <Predicate = (!icmp_ln165)> <Delay = 0.64> <CoreInst = "DSP48">   --->   Core 124 'DSP48' <Latency = 3> <II = 1> <Delay = 0.53> <IPBlock> <Opcode : 'add' 'sub' 'mul' 'select'> <InPorts = 0> <OutPorts = 1> <Sync> <CReg>
ST_8 : Operation 440 [1/2] (0.64ns) (root node of the DSP)   --->   "%add_ln71_5 = add i17 %sext_ln71_2, i17 %sext_ln71_4" [hls_filter_2d.cpp:71->hls_filter_2d.cpp:167]   --->   Operation 440 'add' 'add_ln71_5' <Predicate = (!icmp_ln165)> <Delay = 0.64> <CoreInst = "DSP48">   --->   Core 124 'DSP48' <Latency = 3> <II = 1> <Delay = 0.53> <IPBlock> <Opcode : 'add' 'sub' 'mul' 'select'> <InPorts = 0> <OutPorts = 1> <Sync> <CReg>
ST_8 : Operation 441 [1/1] (0.00ns)   --->   "%sext_ln71_30 = sext i17 %add_ln71_5" [hls_filter_2d.cpp:71->hls_filter_2d.cpp:167]   --->   Operation 441 'sext' 'sext_ln71_30' <Predicate = (!icmp_ln165)> <Delay = 0.00>
ST_8 : Operation 442 [2/2] (0.64ns) (root node of the DSP)   --->   "%add_ln71_6 = add i18 %sext_ln71_30, i18 %sext_ln71_1" [hls_filter_2d.cpp:71->hls_filter_2d.cpp:167]   --->   Operation 442 'add' 'add_ln71_6' <Predicate = (!icmp_ln165)> <Delay = 0.64> <CoreInst = "DSP48">   --->   Core 124 'DSP48' <Latency = 3> <II = 1> <Delay = 0.53> <IPBlock> <Opcode : 'add' 'sub' 'mul' 'select'> <InPorts = 0> <OutPorts = 1> <Sync> <CReg>
ST_8 : Operation 443 [1/2] (0.64ns) (root node of the DSP)   --->   "%add_ln71_7 = add i17 %sext_ln71_6, i17 %sext_ln71_7" [hls_filter_2d.cpp:71->hls_filter_2d.cpp:167]   --->   Operation 443 'add' 'add_ln71_7' <Predicate = (!icmp_ln165)> <Delay = 0.64> <CoreInst = "DSP48">   --->   Core 124 'DSP48' <Latency = 3> <II = 1> <Delay = 0.53> <IPBlock> <Opcode : 'add' 'sub' 'mul' 'select'> <InPorts = 0> <OutPorts = 1> <Sync> <CReg>
ST_8 : Operation 444 [1/1] (0.00ns)   --->   "%sext_ln71_32 = sext i17 %add_ln71_7" [hls_filter_2d.cpp:71->hls_filter_2d.cpp:167]   --->   Operation 444 'sext' 'sext_ln71_32' <Predicate = (!icmp_ln165)> <Delay = 0.00>
ST_8 : Operation 445 [2/2] (0.64ns) (root node of the DSP)   --->   "%add_ln71_8 = add i18 %sext_ln71_32, i18 %sext_ln71_5" [hls_filter_2d.cpp:71->hls_filter_2d.cpp:167]   --->   Operation 445 'add' 'add_ln71_8' <Predicate = (!icmp_ln165)> <Delay = 0.64> <CoreInst = "DSP48">   --->   Core 124 'DSP48' <Latency = 3> <II = 1> <Delay = 0.53> <IPBlock> <Opcode : 'add' 'sub' 'mul' 'select'> <InPorts = 0> <OutPorts = 1> <Sync> <CReg>
ST_8 : Operation 446 [2/2] (0.64ns) (root node of the DSP)   --->   "%add_ln71_11 = add i17 %sext_ln71_10, i17 %sext_ln71_11" [hls_filter_2d.cpp:71->hls_filter_2d.cpp:167]   --->   Operation 446 'add' 'add_ln71_11' <Predicate = (!icmp_ln165)> <Delay = 0.64> <CoreInst = "DSP48">   --->   Core 124 'DSP48' <Latency = 3> <II = 1> <Delay = 0.53> <IPBlock> <Opcode : 'add' 'sub' 'mul' 'select'> <InPorts = 0> <OutPorts = 1> <Sync> <CReg>
ST_8 : Operation 447 [2/2] (0.64ns) (root node of the DSP)   --->   "%add_ln71_13 = add i17 %sext_ln71_14, i17 %sext_ln71_15" [hls_filter_2d.cpp:71->hls_filter_2d.cpp:167]   --->   Operation 447 'add' 'add_ln71_13' <Predicate = (!icmp_ln165)> <Delay = 0.64> <CoreInst = "DSP48">   --->   Core 124 'DSP48' <Latency = 3> <II = 1> <Delay = 0.53> <IPBlock> <Opcode : 'add' 'sub' 'mul' 'select'> <InPorts = 0> <OutPorts = 1> <Sync> <CReg>
ST_8 : Operation 448 [1/2] (0.64ns) (root node of the DSP)   --->   "%add_ln71_16 = add i17 %sext_ln71_16, i17 %sext_ln71_18" [hls_filter_2d.cpp:71->hls_filter_2d.cpp:167]   --->   Operation 448 'add' 'add_ln71_16' <Predicate = (!icmp_ln165)> <Delay = 0.64> <CoreInst = "DSP48">   --->   Core 124 'DSP48' <Latency = 3> <II = 1> <Delay = 0.53> <IPBlock> <Opcode : 'add' 'sub' 'mul' 'select'> <InPorts = 0> <OutPorts = 1> <Sync> <CReg>
ST_8 : Operation 449 [1/1] (0.00ns)   --->   "%sext_ln71_41 = sext i17 %add_ln71_16" [hls_filter_2d.cpp:71->hls_filter_2d.cpp:167]   --->   Operation 449 'sext' 'sext_ln71_41' <Predicate = (!icmp_ln165)> <Delay = 0.00>
ST_8 : Operation 450 [2/2] (0.64ns) (root node of the DSP)   --->   "%add_ln71_17 = add i18 %sext_ln71_41, i18 %sext_ln71_17" [hls_filter_2d.cpp:71->hls_filter_2d.cpp:167]   --->   Operation 450 'add' 'add_ln71_17' <Predicate = (!icmp_ln165)> <Delay = 0.64> <CoreInst = "DSP48">   --->   Core 124 'DSP48' <Latency = 3> <II = 1> <Delay = 0.53> <IPBlock> <Opcode : 'add' 'sub' 'mul' 'select'> <InPorts = 0> <OutPorts = 1> <Sync> <CReg>
ST_8 : Operation 451 [1/2] (0.64ns) (root node of the DSP)   --->   "%add_ln71_18 = add i17 %sext_ln71_13, i17 %sext_ln71_8" [hls_filter_2d.cpp:71->hls_filter_2d.cpp:167]   --->   Operation 451 'add' 'add_ln71_18' <Predicate = (!icmp_ln165)> <Delay = 0.64> <CoreInst = "DSP48">   --->   Core 124 'DSP48' <Latency = 3> <II = 1> <Delay = 0.53> <IPBlock> <Opcode : 'add' 'sub' 'mul' 'select'> <InPorts = 0> <OutPorts = 1> <Sync> <CReg>
ST_8 : Operation 452 [1/1] (0.00ns)   --->   "%sext_ln71_43 = sext i17 %add_ln71_18" [hls_filter_2d.cpp:71->hls_filter_2d.cpp:167]   --->   Operation 452 'sext' 'sext_ln71_43' <Predicate = (!icmp_ln165)> <Delay = 0.00>
ST_8 : Operation 453 [1/2] (0.64ns) (root node of the DSP)   --->   "%add_ln71_19 = add i17 %sext_ln71_3, i17 %sext_ln71_23" [hls_filter_2d.cpp:71->hls_filter_2d.cpp:167]   --->   Operation 453 'add' 'add_ln71_19' <Predicate = (!icmp_ln165)> <Delay = 0.64> <CoreInst = "DSP48">   --->   Core 124 'DSP48' <Latency = 3> <II = 1> <Delay = 0.53> <IPBlock> <Opcode : 'add' 'sub' 'mul' 'select'> <InPorts = 0> <OutPorts = 1> <Sync> <CReg>
ST_8 : Operation 454 [1/1] (0.00ns)   --->   "%sext_ln71_44 = sext i17 %add_ln71_19" [hls_filter_2d.cpp:71->hls_filter_2d.cpp:167]   --->   Operation 454 'sext' 'sext_ln71_44' <Predicate = (!icmp_ln165)> <Delay = 0.00>
ST_8 : Operation 455 [1/1] (0.86ns)   --->   "%add_ln71_20 = add i18 %sext_ln71_44, i18 %sext_ln71_43" [hls_filter_2d.cpp:71->hls_filter_2d.cpp:167]   --->   Operation 455 'add' 'add_ln71_20' <Predicate = (!icmp_ln165)> <Delay = 0.86> <CoreInst = "Adder">   --->   Core 1 'Adder' <Latency = 0> <II = 1> <Delay = 0.86> <FuncUnit> <Opcode : 'add' 'sub'> <InPorts = 2> <OutPorts = 1>

State 9 <SV = 8> <Delay = 2.40>
ST_9 : Operation 456 [1/3] (0.00ns) (grouped into DSP with root node add_ln71_12)   --->   "%mul_ln71_9 = mul i16 %zext_ln67_3, i16 %sext_ln72_8_cast" [hls_filter_2d.cpp:71->hls_filter_2d.cpp:167]   --->   Operation 456 'mul' 'mul_ln71_9' <Predicate = (!icmp_ln165)> <Delay = 0.00> <CoreInst = "DSP48">   --->   Core 124 'DSP48' <Latency = 3> <II = 1> <Delay = 0.53> <IPBlock> <Opcode : 'add' 'sub' 'mul' 'select'> <InPorts = 0> <OutPorts = 1> <Sync> <CReg>
ST_9 : Operation 457 [1/1] (0.00ns) (grouped into DSP with root node add_ln71_12)   --->   "%sext_ln71_9 = sext i16 %mul_ln71_9" [hls_filter_2d.cpp:71->hls_filter_2d.cpp:167]   --->   Operation 457 'sext' 'sext_ln71_9' <Predicate = (!icmp_ln165)> <Delay = 0.00>
ST_9 : Operation 458 [1/3] (0.00ns) (grouped into DSP with root node add_ln71_14)   --->   "%mul_ln71_12 = mul i16 %zext_ln67, i16 %sext_ln72_5_cast" [hls_filter_2d.cpp:71->hls_filter_2d.cpp:167]   --->   Operation 458 'mul' 'mul_ln71_12' <Predicate = (!icmp_ln165)> <Delay = 0.00> <CoreInst = "DSP48">   --->   Core 124 'DSP48' <Latency = 3> <II = 1> <Delay = 0.53> <IPBlock> <Opcode : 'add' 'sub' 'mul' 'select'> <InPorts = 0> <OutPorts = 1> <Sync> <CReg>
ST_9 : Operation 459 [1/1] (0.00ns) (grouped into DSP with root node add_ln71_14)   --->   "%sext_ln71_12 = sext i16 %mul_ln71_12" [hls_filter_2d.cpp:71->hls_filter_2d.cpp:167]   --->   Operation 459 'sext' 'sext_ln71_12' <Predicate = (!icmp_ln165)> <Delay = 0.00>
ST_9 : Operation 460 [1/2] (0.64ns) (root node of the DSP)   --->   "%add_ln71_1 = add i18 %sext_ln71_25, i18 %sext_ln71_19" [hls_filter_2d.cpp:71->hls_filter_2d.cpp:167]   --->   Operation 460 'add' 'add_ln71_1' <Predicate = (!icmp_ln165)> <Delay = 0.64> <CoreInst = "DSP48">   --->   Core 124 'DSP48' <Latency = 3> <II = 1> <Delay = 0.53> <IPBlock> <Opcode : 'add' 'sub' 'mul' 'select'> <InPorts = 0> <OutPorts = 1> <Sync> <CReg>
ST_9 : Operation 461 [1/1] (0.00ns)   --->   "%sext_ln71_26 = sext i18 %add_ln71_1" [hls_filter_2d.cpp:71->hls_filter_2d.cpp:167]   --->   Operation 461 'sext' 'sext_ln71_26' <Predicate = (!icmp_ln165)> <Delay = 0.00>
ST_9 : Operation 462 [1/2] (0.64ns) (root node of the DSP)   --->   "%add_ln71_3 = add i18 %sext_ln71_27, i18 %sext_ln71_21" [hls_filter_2d.cpp:71->hls_filter_2d.cpp:167]   --->   Operation 462 'add' 'add_ln71_3' <Predicate = (!icmp_ln165)> <Delay = 0.64> <CoreInst = "DSP48">   --->   Core 124 'DSP48' <Latency = 3> <II = 1> <Delay = 0.53> <IPBlock> <Opcode : 'add' 'sub' 'mul' 'select'> <InPorts = 0> <OutPorts = 1> <Sync> <CReg>
ST_9 : Operation 463 [1/1] (0.00ns)   --->   "%sext_ln71_28 = sext i18 %add_ln71_3" [hls_filter_2d.cpp:71->hls_filter_2d.cpp:167]   --->   Operation 463 'sext' 'sext_ln71_28' <Predicate = (!icmp_ln165)> <Delay = 0.00>
ST_9 : Operation 464 [1/1] (0.87ns)   --->   "%add_ln71_4 = add i19 %sext_ln71_28, i19 %sext_ln71_26" [hls_filter_2d.cpp:71->hls_filter_2d.cpp:167]   --->   Operation 464 'add' 'add_ln71_4' <Predicate = (!icmp_ln165)> <Delay = 0.87> <CoreInst = "Adder">   --->   Core 1 'Adder' <Latency = 0> <II = 1> <Delay = 0.87> <FuncUnit> <Opcode : 'add' 'sub'> <InPorts = 2> <OutPorts = 1>
ST_9 : Operation 465 [1/1] (0.00ns)   --->   "%sext_ln71_29 = sext i19 %add_ln71_4" [hls_filter_2d.cpp:71->hls_filter_2d.cpp:167]   --->   Operation 465 'sext' 'sext_ln71_29' <Predicate = (!icmp_ln165)> <Delay = 0.00>
ST_9 : Operation 466 [1/2] (0.64ns) (root node of the DSP)   --->   "%add_ln71_6 = add i18 %sext_ln71_30, i18 %sext_ln71_1" [hls_filter_2d.cpp:71->hls_filter_2d.cpp:167]   --->   Operation 466 'add' 'add_ln71_6' <Predicate = (!icmp_ln165)> <Delay = 0.64> <CoreInst = "DSP48">   --->   Core 124 'DSP48' <Latency = 3> <II = 1> <Delay = 0.53> <IPBlock> <Opcode : 'add' 'sub' 'mul' 'select'> <InPorts = 0> <OutPorts = 1> <Sync> <CReg>
ST_9 : Operation 467 [1/1] (0.00ns)   --->   "%sext_ln71_31 = sext i18 %add_ln71_6" [hls_filter_2d.cpp:71->hls_filter_2d.cpp:167]   --->   Operation 467 'sext' 'sext_ln71_31' <Predicate = (!icmp_ln165)> <Delay = 0.00>
ST_9 : Operation 468 [1/2] (0.64ns) (root node of the DSP)   --->   "%add_ln71_8 = add i18 %sext_ln71_32, i18 %sext_ln71_5" [hls_filter_2d.cpp:71->hls_filter_2d.cpp:167]   --->   Operation 468 'add' 'add_ln71_8' <Predicate = (!icmp_ln165)> <Delay = 0.64> <CoreInst = "DSP48">   --->   Core 124 'DSP48' <Latency = 3> <II = 1> <Delay = 0.53> <IPBlock> <Opcode : 'add' 'sub' 'mul' 'select'> <InPorts = 0> <OutPorts = 1> <Sync> <CReg>
ST_9 : Operation 469 [1/1] (0.00ns)   --->   "%sext_ln71_33 = sext i18 %add_ln71_8" [hls_filter_2d.cpp:71->hls_filter_2d.cpp:167]   --->   Operation 469 'sext' 'sext_ln71_33' <Predicate = (!icmp_ln165)> <Delay = 0.00>
ST_9 : Operation 470 [1/1] (0.87ns)   --->   "%add_ln71_9 = add i19 %sext_ln71_33, i19 %sext_ln71_31" [hls_filter_2d.cpp:71->hls_filter_2d.cpp:167]   --->   Operation 470 'add' 'add_ln71_9' <Predicate = (!icmp_ln165)> <Delay = 0.87> <CoreInst = "Adder">   --->   Core 1 'Adder' <Latency = 0> <II = 1> <Delay = 0.87> <FuncUnit> <Opcode : 'add' 'sub'> <InPorts = 2> <OutPorts = 1>
ST_9 : Operation 471 [1/1] (0.00ns)   --->   "%sext_ln71_34 = sext i19 %add_ln71_9" [hls_filter_2d.cpp:71->hls_filter_2d.cpp:167]   --->   Operation 471 'sext' 'sext_ln71_34' <Predicate = (!icmp_ln165)> <Delay = 0.00>
ST_9 : Operation 472 [1/1] (0.88ns)   --->   "%add_ln71_10 = add i20 %sext_ln71_34, i20 %sext_ln71_29" [hls_filter_2d.cpp:71->hls_filter_2d.cpp:167]   --->   Operation 472 'add' 'add_ln71_10' <Predicate = (!icmp_ln165)> <Delay = 0.88> <CoreInst = "Adder">   --->   Core 1 'Adder' <Latency = 0> <II = 1> <Delay = 0.88> <FuncUnit> <Opcode : 'add' 'sub'> <InPorts = 2> <OutPorts = 1>
ST_9 : Operation 473 [1/2] (0.64ns) (root node of the DSP)   --->   "%add_ln71_11 = add i17 %sext_ln71_10, i17 %sext_ln71_11" [hls_filter_2d.cpp:71->hls_filter_2d.cpp:167]   --->   Operation 473 'add' 'add_ln71_11' <Predicate = (!icmp_ln165)> <Delay = 0.64> <CoreInst = "DSP48">   --->   Core 124 'DSP48' <Latency = 3> <II = 1> <Delay = 0.53> <IPBlock> <Opcode : 'add' 'sub' 'mul' 'select'> <InPorts = 0> <OutPorts = 1> <Sync> <CReg>
ST_9 : Operation 474 [1/1] (0.00ns)   --->   "%sext_ln71_36 = sext i17 %add_ln71_11" [hls_filter_2d.cpp:71->hls_filter_2d.cpp:167]   --->   Operation 474 'sext' 'sext_ln71_36' <Predicate = (!icmp_ln165)> <Delay = 0.00>
ST_9 : Operation 475 [2/2] (0.64ns) (root node of the DSP)   --->   "%add_ln71_12 = add i18 %sext_ln71_36, i18 %sext_ln71_9" [hls_filter_2d.cpp:71->hls_filter_2d.cpp:167]   --->   Operation 475 'add' 'add_ln71_12' <Predicate = (!icmp_ln165)> <Delay = 0.64> <CoreInst = "DSP48">   --->   Core 124 'DSP48' <Latency = 3> <II = 1> <Delay = 0.53> <IPBlock> <Opcode : 'add' 'sub' 'mul' 'select'> <InPorts = 0> <OutPorts = 1> <Sync> <CReg>
ST_9 : Operation 476 [1/2] (0.64ns) (root node of the DSP)   --->   "%add_ln71_13 = add i17 %sext_ln71_14, i17 %sext_ln71_15" [hls_filter_2d.cpp:71->hls_filter_2d.cpp:167]   --->   Operation 476 'add' 'add_ln71_13' <Predicate = (!icmp_ln165)> <Delay = 0.64> <CoreInst = "DSP48">   --->   Core 124 'DSP48' <Latency = 3> <II = 1> <Delay = 0.53> <IPBlock> <Opcode : 'add' 'sub' 'mul' 'select'> <InPorts = 0> <OutPorts = 1> <Sync> <CReg>
ST_9 : Operation 477 [1/1] (0.00ns)   --->   "%sext_ln71_38 = sext i17 %add_ln71_13" [hls_filter_2d.cpp:71->hls_filter_2d.cpp:167]   --->   Operation 477 'sext' 'sext_ln71_38' <Predicate = (!icmp_ln165)> <Delay = 0.00>
ST_9 : Operation 478 [2/2] (0.64ns) (root node of the DSP)   --->   "%add_ln71_14 = add i18 %sext_ln71_38, i18 %sext_ln71_12" [hls_filter_2d.cpp:71->hls_filter_2d.cpp:167]   --->   Operation 478 'add' 'add_ln71_14' <Predicate = (!icmp_ln165)> <Delay = 0.64> <CoreInst = "DSP48">   --->   Core 124 'DSP48' <Latency = 3> <II = 1> <Delay = 0.53> <IPBlock> <Opcode : 'add' 'sub' 'mul' 'select'> <InPorts = 0> <OutPorts = 1> <Sync> <CReg>
ST_9 : Operation 479 [1/2] (0.64ns) (root node of the DSP)   --->   "%add_ln71_17 = add i18 %sext_ln71_41, i18 %sext_ln71_17" [hls_filter_2d.cpp:71->hls_filter_2d.cpp:167]   --->   Operation 479 'add' 'add_ln71_17' <Predicate = (!icmp_ln165)> <Delay = 0.64> <CoreInst = "DSP48">   --->   Core 124 'DSP48' <Latency = 3> <II = 1> <Delay = 0.53> <IPBlock> <Opcode : 'add' 'sub' 'mul' 'select'> <InPorts = 0> <OutPorts = 1> <Sync> <CReg>
ST_9 : Operation 480 [1/1] (0.00ns)   --->   "%sext_ln71_42 = sext i18 %add_ln71_17" [hls_filter_2d.cpp:71->hls_filter_2d.cpp:167]   --->   Operation 480 'sext' 'sext_ln71_42' <Predicate = (!icmp_ln165)> <Delay = 0.00>
ST_9 : Operation 481 [1/1] (0.00ns)   --->   "%sext_ln71_45 = sext i18 %add_ln71_20" [hls_filter_2d.cpp:71->hls_filter_2d.cpp:167]   --->   Operation 481 'sext' 'sext_ln71_45' <Predicate = (!icmp_ln165)> <Delay = 0.00>
ST_9 : Operation 482 [1/1] (0.87ns)   --->   "%add_ln71_21 = add i19 %sext_ln71_45, i19 %sext_ln71_42" [hls_filter_2d.cpp:71->hls_filter_2d.cpp:167]   --->   Operation 482 'add' 'add_ln71_21' <Predicate = (!icmp_ln165)> <Delay = 0.87> <CoreInst = "Adder">   --->   Core 1 'Adder' <Latency = 0> <II = 1> <Delay = 0.87> <FuncUnit> <Opcode : 'add' 'sub'> <InPorts = 2> <OutPorts = 1>

State 10 <SV = 9> <Delay = 6.71>
ST_10 : Operation 483 [1/1] (0.00ns)   --->   "%sext_ln71_35 = sext i20 %add_ln71_10" [hls_filter_2d.cpp:71->hls_filter_2d.cpp:167]   --->   Operation 483 'sext' 'sext_ln71_35' <Predicate = (!icmp_ln165)> <Delay = 0.00>
ST_10 : Operation 484 [1/2] (0.64ns) (root node of the DSP)   --->   "%add_ln71_12 = add i18 %sext_ln71_36, i18 %sext_ln71_9" [hls_filter_2d.cpp:71->hls_filter_2d.cpp:167]   --->   Operation 484 'add' 'add_ln71_12' <Predicate = (!icmp_ln165)> <Delay = 0.64> <CoreInst = "DSP48">   --->   Core 124 'DSP48' <Latency = 3> <II = 1> <Delay = 0.53> <IPBlock> <Opcode : 'add' 'sub' 'mul' 'select'> <InPorts = 0> <OutPorts = 1> <Sync> <CReg>
ST_10 : Operation 485 [1/1] (0.00ns)   --->   "%sext_ln71_37 = sext i18 %add_ln71_12" [hls_filter_2d.cpp:71->hls_filter_2d.cpp:167]   --->   Operation 485 'sext' 'sext_ln71_37' <Predicate = (!icmp_ln165)> <Delay = 0.00>
ST_10 : Operation 486 [1/2] (0.64ns) (root node of the DSP)   --->   "%add_ln71_14 = add i18 %sext_ln71_38, i18 %sext_ln71_12" [hls_filter_2d.cpp:71->hls_filter_2d.cpp:167]   --->   Operation 486 'add' 'add_ln71_14' <Predicate = (!icmp_ln165)> <Delay = 0.64> <CoreInst = "DSP48">   --->   Core 124 'DSP48' <Latency = 3> <II = 1> <Delay = 0.53> <IPBlock> <Opcode : 'add' 'sub' 'mul' 'select'> <InPorts = 0> <OutPorts = 1> <Sync> <CReg>
ST_10 : Operation 487 [1/1] (0.00ns)   --->   "%sext_ln71_39 = sext i18 %add_ln71_14" [hls_filter_2d.cpp:71->hls_filter_2d.cpp:167]   --->   Operation 487 'sext' 'sext_ln71_39' <Predicate = (!icmp_ln165)> <Delay = 0.00>
ST_10 : Operation 488 [1/1] (0.87ns)   --->   "%add_ln71_15 = add i19 %sext_ln71_39, i19 %sext_ln71_37" [hls_filter_2d.cpp:71->hls_filter_2d.cpp:167]   --->   Operation 488 'add' 'add_ln71_15' <Predicate = (!icmp_ln165)> <Delay = 0.87> <CoreInst = "Adder">   --->   Core 1 'Adder' <Latency = 0> <II = 1> <Delay = 0.87> <FuncUnit> <Opcode : 'add' 'sub'> <InPorts = 2> <OutPorts = 1>
ST_10 : Operation 489 [1/1] (0.00ns)   --->   "%sext_ln71_40 = sext i19 %add_ln71_15" [hls_filter_2d.cpp:71->hls_filter_2d.cpp:167]   --->   Operation 489 'sext' 'sext_ln71_40' <Predicate = (!icmp_ln165)> <Delay = 0.00>
ST_10 : Operation 490 [1/1] (0.00ns)   --->   "%sext_ln71_46 = sext i19 %add_ln71_21" [hls_filter_2d.cpp:71->hls_filter_2d.cpp:167]   --->   Operation 490 'sext' 'sext_ln71_46' <Predicate = (!icmp_ln165)> <Delay = 0.00>
ST_10 : Operation 491 [1/1] (0.88ns)   --->   "%add_ln71_22 = add i20 %sext_ln71_46, i20 %sext_ln71_40" [hls_filter_2d.cpp:71->hls_filter_2d.cpp:167]   --->   Operation 491 'add' 'add_ln71_22' <Predicate = (!icmp_ln165)> <Delay = 0.88> <CoreInst = "Adder">   --->   Core 1 'Adder' <Latency = 0> <II = 1> <Delay = 0.88> <FuncUnit> <Opcode : 'add' 'sub'> <InPorts = 2> <OutPorts = 1>
ST_10 : Operation 492 [1/1] (0.00ns)   --->   "%sext_ln71_47 = sext i20 %add_ln71_22" [hls_filter_2d.cpp:71->hls_filter_2d.cpp:167]   --->   Operation 492 'sext' 'sext_ln71_47' <Predicate = (!icmp_ln165)> <Delay = 0.00>
ST_10 : Operation 493 [1/1] (0.89ns)   --->   "%sum = add i21 %sext_ln71_47, i21 %sext_ln71_35" [hls_filter_2d.cpp:71->hls_filter_2d.cpp:167]   --->   Operation 493 'add' 'sum' <Predicate = (!icmp_ln165)> <Delay = 0.89> <CoreInst = "Adder">   --->   Core 1 'Adder' <Latency = 0> <II = 1> <Delay = 0.89> <FuncUnit> <Opcode : 'add' 'sub'> <InPorts = 2> <OutPorts = 1>
ST_10 : Operation 494 [1/1] (0.00ns)   --->   "%sext_ln76_2 = sext i21 %sum" [hls_filter_2d.cpp:76->hls_filter_2d.cpp:167]   --->   Operation 494 'sext' 'sext_ln76_2' <Predicate = (!icmp_ln165)> <Delay = 0.00>
ST_10 : Operation 495 [1/1] (3.42ns)   --->   "%mul_ln76 = mul i52 %sext_ln76_2, i52 %sext_ln76_1_cast" [hls_filter_2d.cpp:76->hls_filter_2d.cpp:167]   --->   Operation 495 'mul' 'mul_ln76' <Predicate = (!icmp_ln165)> <Delay = 3.42> <CoreInst = "Multiplier">   --->   Core 3 'Multiplier' <Latency = 0> <II = 1> <Delay = 3.42> <FuncUnit> <Opcode : 'mul'> <InPorts = 2> <OutPorts = 1>

State 11 <SV = 10> <Delay = 4.72>
ST_11 : Operation 496 [1/1] (0.00ns)   --->   "%sext_ln76_3 = sext i52 %mul_ln76" [hls_filter_2d.cpp:76->hls_filter_2d.cpp:167]   --->   Operation 496 'sext' 'sext_ln76_3' <Predicate = (!icmp_ln165)> <Delay = 0.00>
ST_11 : Operation 497 [1/1] (1.49ns)   --->   "%ashr_ln76 = ashr i63 %sext_ln76_3, i63 %zext_ln104_cast" [hls_filter_2d.cpp:76->hls_filter_2d.cpp:167]   --->   Operation 497 'ashr' 'ashr_ln76' <Predicate = (!icmp_ln165)> <Delay = 1.49> <CoreInst = "Shifter">   --->   Core 75 'Shifter' <Latency = 0> <II = 1> <Delay = 1.49> <FuncUnit> <Opcode : 'shl' 'lshr' 'ashr'> <InPorts = 2> <OutPorts = 1>
ST_11 : Operation 498 [1/1] (0.00ns)   --->   "%sum_1 = trunc i63 %ashr_ln76" [hls_filter_2d.cpp:76->hls_filter_2d.cpp:167]   --->   Operation 498 'trunc' 'sum_1' <Predicate = (!icmp_ln165)> <Delay = 0.00>
ST_11 : Operation 499 [1/1] (1.01ns)   --->   "%sum_2 = add i32 %sum_1, i32 %delta_read" [hls_filter_2d.cpp:77->hls_filter_2d.cpp:167]   --->   Operation 499 'add' 'sum_2' <Predicate = (!icmp_ln165)> <Delay = 1.01> <CoreInst = "Adder">   --->   Core 1 'Adder' <Latency = 0> <II = 1> <Delay = 1.01> <FuncUnit> <Opcode : 'add' 'sub'> <InPorts = 2> <OutPorts = 1>
ST_11 : Operation 500 [1/1] (0.00ns)   --->   "%trunc_ln57 = trunc i32 %sum_2" [hls_filter_2d.cpp:57->hls_filter_2d.cpp:167]   --->   Operation 500 'trunc' 'trunc_ln57' <Predicate = (!icmp_ln165)> <Delay = 0.00>
ST_11 : Operation 501 [1/1] (0.00ns)   --->   "%tmp_5 = bitselect i1 @_ssdm_op_BitSelect.i1.i32.i32, i32 %sum_2, i32 31" [hls_filter_2d.cpp:80->hls_filter_2d.cpp:167]   --->   Operation 501 'bitselect' 'tmp_5' <Predicate = (!icmp_ln165)> <Delay = 0.00>
ST_11 : Operation 502 [1/1] (0.41ns)   --->   "%sum_3 = select i1 %tmp_5, i31 0, i31 %trunc_ln57" [hls_filter_2d.cpp:80->hls_filter_2d.cpp:167]   --->   Operation 502 'select' 'sum_3' <Predicate = (!icmp_ln165)> <Delay = 0.41> <CoreInst = "Sel">   --->   Core 73 'Sel' <Latency = 0> <II = 1> <Delay = 0.41> <FuncUnit> <Opcode : 'select'> <InPorts = 3> <OutPorts = 1>
ST_11 : Operation 503 [1/1] (0.00ns)   --->   "%tmp_6 = partselect i23 @_ssdm_op_PartSelect.i23.i31.i32.i32, i31 %sum_3, i32 8, i32 30" [hls_filter_2d.cpp:82->hls_filter_2d.cpp:167]   --->   Operation 503 'partselect' 'tmp_6' <Predicate = (!icmp_ln165)> <Delay = 0.00>
ST_11 : Operation 504 [1/1] (0.92ns)   --->   "%icmp_ln82 = icmp_ne  i23 %tmp_6, i23 0" [hls_filter_2d.cpp:82->hls_filter_2d.cpp:167]   --->   Operation 504 'icmp' 'icmp_ln82' <Predicate = (!icmp_ln165)> <Delay = 0.92> <CoreInst = "Cmp">   --->   Core 9 'Cmp' <Latency = 0> <II = 1> <Delay = 0.92> <FuncUnit> <Opcode : 'seteq' 'setne' 'setle' 'setge' 'setlt' 'setgt'> <InPorts = 2> <OutPorts = 1>
ST_11 : Operation 505 [1/1] (0.00ns)   --->   "%trunc_ln95 = trunc i31 %sum_3" [hls_filter_2d.cpp:95->hls_filter_2d.cpp:167]   --->   Operation 505 'trunc' 'trunc_ln95' <Predicate = (!icmp_ln165 & !icmp_ln88 & and_ln88_1) | (!icmp_ln165 & borderType_read)> <Delay = 0.00>
ST_11 : Operation 506 [1/1] (0.39ns)   --->   "%out_paket_data = select i1 %icmp_ln82, i8 255, i8 %trunc_ln95" [hls_filter_2d.cpp:95->hls_filter_2d.cpp:167]   --->   Operation 506 'select' 'out_paket_data' <Predicate = (!icmp_ln165 & !icmp_ln88 & and_ln88_1) | (!icmp_ln165 & borderType_read)> <Delay = 0.39> <CoreInst = "Sel">   --->   Core 73 'Sel' <Latency = 0> <II = 1> <Delay = 0.39> <FuncUnit> <Opcode : 'select'> <InPorts = 3> <OutPorts = 1>
ST_11 : Operation 507 [1/1] (0.00ns)   --->   "%tmp = bitconcatenate i17 @_ssdm_op_BitConcatenate.i17.i1.i7.i1.i8, i1 %icmp_ln98, i7 0, i1 %out_paket_user, i8 %out_paket_data" [hls_filter_2d.cpp:99->hls_filter_2d.cpp:167]   --->   Operation 507 'bitconcatenate' 'tmp' <Predicate = (!icmp_ln165 & !icmp_ln88 & and_ln88_1) | (!icmp_ln165 & borderType_read)> <Delay = 0.00>
ST_11 : Operation 508 [1/1] (0.00ns)   --->   "%zext_ln99 = zext i17 %tmp" [hls_filter_2d.cpp:99->hls_filter_2d.cpp:167]   --->   Operation 508 'zext' 'zext_ln99' <Predicate = (!icmp_ln165 & !icmp_ln88 & and_ln88_1) | (!icmp_ln165 & borderType_read)> <Delay = 0.00>
ST_11 : Operation 509 [1/1] ( I:0.47ns O:0.47ns )   --->   "%write_ln99 = write void @_ssdm_op_Write.axis.volatile.i24P128A, i24 %m_axis_video, i24 %zext_ln99" [hls_filter_2d.cpp:99->hls_filter_2d.cpp:167]   --->   Operation 509 'write' 'write_ln99' <Predicate = (!icmp_ln165 & !icmp_ln88 & and_ln88_1) | (!icmp_ln165 & borderType_read)> <Delay = 0.47> <CoreInst = "regslice">   --->   Core 147 'regslice' <Latency = 0> <II = 1> <Delay = 0.62> <Adapter> <Opcode : 'read' 'write'>
ST_11 : Operation 510 [1/1] (0.00ns)   --->   "%br_ln100 = br void %if.end68.i" [hls_filter_2d.cpp:100->hls_filter_2d.cpp:167]   --->   Operation 510 'br' 'br_ln100' <Predicate = (!icmp_ln165 & !icmp_ln88 & and_ln88_1) | (!icmp_ln165 & borderType_read)> <Delay = 0.00>
ST_11 : Operation 511 [1/1] (0.42ns)   --->   "%ret_ln0 = ret"   --->   Operation 511 'ret' 'ret_ln0' <Predicate = (icmp_ln158)> <Delay = 0.42>


============================================================
+ Verbose Summary: Timing violations
============================================================
Target clock period: 10.000ns, clock uncertainty: 2.700ns.

 <State 1>: 2.357ns
The critical path consists of the following:
	'store' operation ('store_ln11', hls_filter_2d.cpp:11->hls_filter_2d.cpp:162) of constant 0 27 bit on local variable 'i', hls_filter_2d.cpp:11->hls_filter_2d.cpp:162 [148]  (0.427 ns)
	'load' operation 27 bit ('i', hls_filter_2d.cpp:158) on local variable 'i', hls_filter_2d.cpp:11->hls_filter_2d.cpp:162 [153]  (0.000 ns)
	'add' operation 27 bit ('i_3', hls_filter_2d.cpp:158) [170]  (0.965 ns)
	'icmp' operation 1 bit ('icmp_ln158', hls_filter_2d.cpp:158) [478]  (0.965 ns)

 <State 2>: 2.057ns
The critical path consists of the following:
	'load' operation 13 bit ('x', hls_filter_2d.cpp:45->hls_filter_2d.cpp:162) on local variable 'x', hls_filter_2d.cpp:153 [152]  (0.000 ns)
	'icmp' operation 1 bit ('icmp_ln35', hls_filter_2d.cpp:35->hls_filter_2d.cpp:162) [187]  (0.820 ns)
	'store' operation ('store_ln39', hls_filter_2d.cpp:39->hls_filter_2d.cpp:162) of variable 'new_pixel' 8 bit on array 'line_buffer', hls_filter_2d.cpp:140 [193]  (1.237 ns)

 <State 3>: 2.474ns
The critical path consists of the following:
	'load' operation 8 bit ('window', hls_filter_2d.cpp:31->hls_filter_2d.cpp:162) on array 'line_buffer', hls_filter_2d.cpp:140 [186]  (1.237 ns)
	'store' operation ('store_ln37', hls_filter_2d.cpp:37->hls_filter_2d.cpp:162) of variable 'window', hls_filter_2d.cpp:31->hls_filter_2d.cpp:162 8 bit on array 'line_buffer', hls_filter_2d.cpp:140 [192]  (1.237 ns)

 <State 4>: 2.474ns
The critical path consists of the following:
	'load' operation 8 bit ('window', hls_filter_2d.cpp:31->hls_filter_2d.cpp:162) on array 'line_buffer', hls_filter_2d.cpp:140 [185]  (1.237 ns)
	'store' operation ('store_ln37', hls_filter_2d.cpp:37->hls_filter_2d.cpp:162) of variable 'window', hls_filter_2d.cpp:31->hls_filter_2d.cpp:162 8 bit on array 'line_buffer', hls_filter_2d.cpp:140 [191]  (1.237 ns)

 <State 5>: 3.614ns
The critical path consists of the following:
	'add' operation 14 bit ('img_x', hls_filter_2d.cpp:63->hls_filter_2d.cpp:167) [247]  (0.820 ns)
	'icmp' operation 1 bit ('icmp_ln67_5', hls_filter_2d.cpp:67->hls_filter_2d.cpp:167) [248]  (0.831 ns)
	'xor' operation 1 bit ('xor_ln67_5', hls_filter_2d.cpp:67->hls_filter_2d.cpp:167) [249]  (0.287 ns)
	'or' operation 1 bit ('or_ln67_13', hls_filter_2d.cpp:67->hls_filter_2d.cpp:167) [270]  (0.287 ns)
	'select' operation 8 bit ('val', hls_filter_2d.cpp:67->hls_filter_2d.cpp:167) [271]  (0.393 ns)
	'mul' operation 16 bit of DSP[412] ('mul_ln71_8', hls_filter_2d.cpp:71->hls_filter_2d.cpp:167) [342]  (0.996 ns)

 <State 6>: 1.630ns
The critical path consists of the following:
	'load' operation 8 bit ('window', hls_filter_2d.cpp:31->hls_filter_2d.cpp:162) on array 'line_buffer', hls_filter_2d.cpp:140 [183]  (1.237 ns)
	'select' operation 8 bit ('val', hls_filter_2d.cpp:67->hls_filter_2d.cpp:167) [251]  (0.393 ns)

 <State 7>: 2.295ns
The critical path consists of the following:
	'mul' operation 16 bit ('mul_ln71_20', hls_filter_2d.cpp:71->hls_filter_2d.cpp:167) [366]  (1.650 ns)
	'add' operation 17 bit of DSP[376] ('add_ln71', hls_filter_2d.cpp:71->hls_filter_2d.cpp:167) [376]  (0.645 ns)

 <State 8>: 2.295ns
The critical path consists of the following:
	'mul' operation 16 bit ('mul_ln71_10', hls_filter_2d.cpp:71->hls_filter_2d.cpp:167) [346]  (1.650 ns)
	'add' operation 17 bit of DSP[398] ('add_ln71_11', hls_filter_2d.cpp:71->hls_filter_2d.cpp:167) [398]  (0.645 ns)

 <State 9>: 2.402ns
The critical path consists of the following:
	'add' operation 18 bit of DSP[378] ('add_ln71_1', hls_filter_2d.cpp:71->hls_filter_2d.cpp:167) [378]  (0.645 ns)
	'add' operation 19 bit ('add_ln71_4', hls_filter_2d.cpp:71->hls_filter_2d.cpp:167) [384]  (0.873 ns)
	'add' operation 20 bit ('add_ln71_10', hls_filter_2d.cpp:71->hls_filter_2d.cpp:167) [396]  (0.884 ns)

 <State 10>: 6.716ns
The critical path consists of the following:
	'add' operation 18 bit of DSP[400] ('add_ln71_12', hls_filter_2d.cpp:71->hls_filter_2d.cpp:167) [400]  (0.645 ns)
	'add' operation 19 bit ('add_ln71_15', hls_filter_2d.cpp:71->hls_filter_2d.cpp:167) [406]  (0.873 ns)
	'add' operation 20 bit ('add_ln71_22', hls_filter_2d.cpp:71->hls_filter_2d.cpp:167) [420]  (0.884 ns)
	'add' operation 21 bit ('sum', hls_filter_2d.cpp:71->hls_filter_2d.cpp:167) [422]  (0.894 ns)
	'mul' operation 52 bit ('mul_ln76', hls_filter_2d.cpp:76->hls_filter_2d.cpp:167) [424]  (3.420 ns)

 <State 11>: 4.725ns
The critical path consists of the following:
	'ashr' operation 63 bit ('ashr_ln76', hls_filter_2d.cpp:76->hls_filter_2d.cpp:167) [426]  (1.499 ns)
	'add' operation 32 bit ('sum', hls_filter_2d.cpp:77->hls_filter_2d.cpp:167) [428]  (1.016 ns)
	'select' operation 31 bit ('sum', hls_filter_2d.cpp:80->hls_filter_2d.cpp:167) [431]  (0.418 ns)
	'icmp' operation 1 bit ('icmp_ln82', hls_filter_2d.cpp:82->hls_filter_2d.cpp:167) [433]  (0.924 ns)
	'select' operation 8 bit ('out_paket.data', hls_filter_2d.cpp:95->hls_filter_2d.cpp:167) [451]  (0.393 ns)
	axis write operation ('write_ln99', hls_filter_2d.cpp:99->hls_filter_2d.cpp:167) on port 'm_axis_video' (hls_filter_2d.cpp:99->hls_filter_2d.cpp:167) [456]  (0.475 ns)


============================================================
+ Verbose Summary: Binding
============================================================
N/A
* FSMD analyzer results:
  - Output states:
 - Input state : 
  - Chain level:
	State 1
	State 2
	State 3
	State 4
	State 5
	State 6
	State 7
	State 8
	State 9
	State 10
	State 11


============================================================
+ Verbose Summary: Datapath Resource usage 
============================================================
N/A
