

================================================================
== Vitis HLS Report for 'hls_filter_2d'
================================================================
* Date:           Fri Apr 10 08:08:02 2026

* Version:        2025.2 (Build 6295257 on Nov 14 2025)
* Project:        filter_2d
* Solution:       hls (Vivado IP Flow Target)
* Product family: zynquplus
* Target device:  xck26-sfvc784-2LV-c


================================================================
== Performance Estimates
================================================================
+ Timing: 
    * Summary: 
    +--------+----------+----------+------------+
    |  Clock |  Target  | Estimated| Uncertainty|
    +--------+----------+----------+------------+
    |ap_clk  |  10.00 ns|  6.716 ns|     2.70 ns|
    +--------+----------+----------+------------+

+ Latency: 
    * Summary: 
    +---------+----------+----------+-----------+-----+----------+---------+
    |  Latency (cycles)  |  Latency (absolute)  |    Interval    | Pipeline|
    |   min   |    max   |    min   |    max    | min |    max   |   Type  |
    +---------+----------+----------+-----------+-----+----------+---------+
    |       15|  67108878|  0.150 us|  0.671 sec|   16|  67108879|       no|
    +---------+----------+----------+-----------+-----+----------+---------+

    + Detail: 
        * Instance: 
        +---------------------------------------------------+----------------------------------------+---------+----------+----------+-----------+-----+-----+-------------------+
        |                                                   |                                        |  Latency (cycles)  |  Latency (absolute)  |  Interval |      Pipeline     |
        |                      Instance                     |                 Module                 |   min   |    max   |    min   |    max    | min | max |        Type       |
        +---------------------------------------------------+----------------------------------------+---------+----------+----------+-----------+-----+-----+-------------------+
        |grp_hls_filter_2d_Pipeline_VITIS_LOOP_51_1_fu_364  |hls_filter_2d_Pipeline_VITIS_LOOP_51_1  |       12|  67108875|  0.120 us|  0.671 sec|    0|    0|  loop pipeline stp|
        +---------------------------------------------------+----------------------------------------+---------+----------+----------+-----------+-----+-----+-------------------+

        * Loop: 
        N/A



================================================================
== Utilization Estimates
================================================================
* Summary: 
+-----------------+---------+------+--------+--------+-----+
|       Name      | BRAM_18K|  DSP |   FF   |   LUT  | URAM|
+-----------------+---------+------+--------+--------+-----+
|DSP              |        -|     -|       -|       -|    -|
|Expression       |        -|     -|       0|     142|    -|
|FIFO             |        -|     -|       -|       -|    -|
|Instance         |       16|    19|    2155|    2998|    0|
|Memory           |        -|     -|       -|       -|    -|
|Multiplexer      |        -|     -|       0|      44|    -|
|Register         |        -|     -|     448|       -|    -|
+-----------------+---------+------+--------+--------+-----+
|Total            |       16|    19|    2603|    3184|    0|
+-----------------+---------+------+--------+--------+-----+
|Available        |      288|  1248|  234240|  117120|   64|
+-----------------+---------+------+--------+--------+-----+
|Utilization (%)  |        5|     1|       1|       2|    0|
+-----------------+---------+------+--------+--------+-----+

+ Detail: 
    * Instance: 
    +---------------------------------------------------+----------------------------------------+---------+----+------+------+-----+
    |                      Instance                     |                 Module                 | BRAM_18K| DSP|  FF  |  LUT | URAM|
    +---------------------------------------------------+----------------------------------------+---------+----+------+------+-----+
    |control_s_axi_U                                    |control_s_axi                           |        0|   0|   518|   632|    0|
    |grp_hls_filter_2d_Pipeline_VITIS_LOOP_51_1_fu_364  |hls_filter_2d_Pipeline_VITIS_LOOP_51_1  |       16|  18|  1637|  2361|    0|
    |mul_13ns_13ns_26_1_1_U74                           |mul_13ns_13ns_26_1_1                    |        0|   1|     0|     5|    0|
    +---------------------------------------------------+----------------------------------------+---------+----+------+------+-----+
    |Total                                              |                                        |       16|  19|  2155|  2998|    0|
    +---------------------------------------------------+----------------------------------------+---------+----+------+------+-----+

    * DSP: 
    N/A

    * Memory: 
    N/A

    * FIFO: 
    N/A

    * Expression: 
    +-----------------------------------------------------------------------+----------+----+---+----+------------+------------+
    |                             Variable Name                             | Operation| DSP| FF| LUT| Bitwidth P0| Bitwidth P1|
    +-----------------------------------------------------------------------+----------+----+---+----+------------+------------+
    |add_ln140_fu_471_p2                                                    |         +|   0|  0|  21|          14|           3|
    |add_ln141_fu_478_p2                                                    |         +|   0|  0|  21|          14|           3|
    |add_ln155_fu_485_p2                                                    |         +|   0|  0|  21|          14|           3|
    |add_ln88_fu_461_p2                                                     |         +|   0|  0|  21|          14|           2|
    |flush_cycles_fu_440_p2                                                 |         +|   0|  0|  22|          15|           2|
    |total_cycles_fu_454_p2                                                 |         +|   0|  0|  34|          27|          27|
    |grp_hls_filter_2d_Pipeline_VITIS_LOOP_51_1_fu_364_m_axis_video_TREADY  |       and|   0|  0|   2|           1|           1|
    +-----------------------------------------------------------------------+----------+----+---+----+------------+------------+
    |Total                                                                  |          |   0|  0| 142|          99|          41|
    +-----------------------------------------------------------------------+----------+----+---+----+------------+------------+

    * Multiplexer: 
    +----------------------------------+----+-----------+-----+-----------+
    |               Name               | LUT| Input Size| Bits| Total Bits|
    +----------------------------------+----+-----------+-----+-----------+
    |ap_NS_fsm                         |  26|          5|    1|          5|
    |m_axis_video_TDATA_int_regslice   |   9|          2|   24|         48|
    |s_axis_video_TREADY_int_regslice  |   9|          2|    1|          2|
    +----------------------------------+----+-----------+-----+-----------+
    |Total                             |  44|          9|   26|         55|
    +----------------------------------+----+-----------+-----+-----------+

    * Register: 
    +----------------------------------------------------------------+----+----+-----+-----------+
    |                              Name                              | FF | LUT| Bits| Const Bits|
    +----------------------------------------------------------------+----+----+-----+-----------+
    |add_ln140_reg_673                                               |  14|   0|   14|          0|
    |add_ln141_reg_678                                               |  14|   0|   14|          0|
    |add_ln155_reg_683                                               |  14|   0|   14|          0|
    |add_ln88_reg_668                                                |  14|   0|   14|          0|
    |ap_CS_fsm                                                       |   4|   0|    4|          0|
    |borderType_read_reg_492                                         |   1|   0|    1|          0|
    |delta_read_reg_497                                              |  32|   0|   32|          0|
    |flush_cycles_reg_658                                            |  14|   0|   15|          1|
    |fraction_bits_read_reg_502                                      |   5|   0|    5|          0|
    |grp_hls_filter_2d_Pipeline_VITIS_LOOP_51_1_fu_364_ap_start_reg  |   1|   0|    1|          0|
    |height_read_reg_512                                             |  13|   0|   13|          0|
    |inv_divisor_read_reg_507                                        |  32|   0|   32|          0|
    |kernel_0_0_read_reg_533                                         |   8|   0|    8|          0|
    |kernel_0_1_read_reg_538                                         |   8|   0|    8|          0|
    |kernel_0_2_read_reg_543                                         |   8|   0|    8|          0|
    |kernel_0_3_read_reg_548                                         |   8|   0|    8|          0|
    |kernel_0_4_read_reg_553                                         |   8|   0|    8|          0|
    |kernel_1_0_read_reg_558                                         |   8|   0|    8|          0|
    |kernel_1_1_read_reg_563                                         |   8|   0|    8|          0|
    |kernel_1_2_read_reg_568                                         |   8|   0|    8|          0|
    |kernel_1_3_read_reg_573                                         |   8|   0|    8|          0|
    |kernel_1_4_read_reg_578                                         |   8|   0|    8|          0|
    |kernel_2_0_read_reg_583                                         |   8|   0|    8|          0|
    |kernel_2_1_read_reg_588                                         |   8|   0|    8|          0|
    |kernel_2_2_read_reg_593                                         |   8|   0|    8|          0|
    |kernel_2_3_read_reg_598                                         |   8|   0|    8|          0|
    |kernel_2_4_read_reg_603                                         |   8|   0|    8|          0|
    |kernel_3_0_read_reg_608                                         |   8|   0|    8|          0|
    |kernel_3_1_read_reg_613                                         |   8|   0|    8|          0|
    |kernel_3_2_read_reg_618                                         |   8|   0|    8|          0|
    |kernel_3_3_read_reg_623                                         |   8|   0|    8|          0|
    |kernel_3_4_read_reg_628                                         |   8|   0|    8|          0|
    |kernel_4_0_read_reg_633                                         |   8|   0|    8|          0|
    |kernel_4_1_read_reg_638                                         |   8|   0|    8|          0|
    |kernel_4_2_read_reg_643                                         |   8|   0|    8|          0|
    |kernel_4_3_read_reg_648                                         |   8|   0|    8|          0|
    |kernel_4_4_read_reg_653                                         |   8|   0|    8|          0|
    |m_axis_video_TDATA_reg                                          |  24|   0|   24|          0|
    |total_cycles_reg_663                                            |  27|   0|   27|          0|
    |total_pixels_reg_527                                            |  26|   0|   26|          0|
    |width_read_reg_519                                              |  13|   0|   13|          0|
    +----------------------------------------------------------------+----+----+-----+-----------+
    |Total                                                           | 448|   0|  449|          1|
    +----------------------------------------------------------------+----+----+-----+-----------+



================================================================
== Interface
================================================================
* Summary: 
+-----------------------+-----+-----+------------+---------------+--------------+
|       RTL Ports       | Dir | Bits|  Protocol  | Source Object |    C Type    |
+-----------------------+-----+-----+------------+---------------+--------------+
|s_axi_control_AWVALID  |   in|    1|       s_axi|        control|        scalar|
|s_axi_control_AWREADY  |  out|    1|       s_axi|        control|        scalar|
|s_axi_control_AWADDR   |   in|    9|       s_axi|        control|        scalar|
|s_axi_control_WVALID   |   in|    1|       s_axi|        control|        scalar|
|s_axi_control_WREADY   |  out|    1|       s_axi|        control|        scalar|
|s_axi_control_WDATA    |   in|   32|       s_axi|        control|        scalar|
|s_axi_control_WSTRB    |   in|    4|       s_axi|        control|        scalar|
|s_axi_control_ARVALID  |   in|    1|       s_axi|        control|        scalar|
|s_axi_control_ARREADY  |  out|    1|       s_axi|        control|        scalar|
|s_axi_control_ARADDR   |   in|    9|       s_axi|        control|        scalar|
|s_axi_control_RVALID   |  out|    1|       s_axi|        control|        scalar|
|s_axi_control_RREADY   |   in|    1|       s_axi|        control|        scalar|
|s_axi_control_RDATA    |  out|   32|       s_axi|        control|        scalar|
|s_axi_control_RRESP    |  out|    2|       s_axi|        control|        scalar|
|s_axi_control_BVALID   |  out|    1|       s_axi|        control|        scalar|
|s_axi_control_BREADY   |   in|    1|       s_axi|        control|        scalar|
|s_axi_control_BRESP    |  out|    2|       s_axi|        control|        scalar|
|ap_clk                 |   in|    1|  ap_ctrl_hs|  hls_filter_2d|  return value|
|ap_rst_n               |   in|    1|  ap_ctrl_hs|  hls_filter_2d|  return value|
|interrupt              |  out|    1|  ap_ctrl_hs|  hls_filter_2d|  return value|
|s_axis_video_TDATA     |   in|   24|        axis|   s_axis_video|       pointer|
|s_axis_video_TVALID    |   in|    1|        axis|   s_axis_video|       pointer|
|s_axis_video_TREADY    |  out|    1|        axis|   s_axis_video|       pointer|
|m_axis_video_TDATA     |  out|   24|        axis|   m_axis_video|       pointer|
|m_axis_video_TVALID    |  out|    1|        axis|   m_axis_video|       pointer|
|m_axis_video_TREADY    |   in|    1|        axis|   m_axis_video|       pointer|
+-----------------------+-----+-----+------------+---------------+--------------+

============================================================
+ Verbose Summary: Synthesis Manager
============================================================
InlineROM: 1
ExposeGlobal: 0
============================================================
+ Verbose Summary: CDFG Model
============================================================
IsTopModel: 1
ResetActiveHigh: 1
IsCombinational: 2
IsDatapathOnly: 2
HasWiredReturn: 1
HasMFsm: 0
HasVarLatency: 1
IsPipeline: 0
IsRtlPipelined: 0
IsInstanceOverlapped: 0
IsDontTouch: 0
HasImplIP: 0
IsGatedGlobalClock: 0


============================================================
+ Verbose Summary: Schedule
============================================================
* Number of FSM states : 4
* Pipeline : 0
* Dataflow Pipeline: 0

* FSM state transitions: 
1 --> 2 
2 --> 3 
3 --> 4 
4 --> 

* FSM state operations: 

State 1 <SV = 0> <Delay = 3.23>
ST_1 : Operation 5 [1/1] (1.00ns)   --->   "%borderType_read = read i1 @_ssdm_op_Read.s_axilite.i1, i1 %borderType" [hls_filter_2d.cpp:9]   --->   Operation 5 'read' 'borderType_read' <Predicate = true> <Delay = 1.00> <CoreInst = "s_axilite">   --->   Core 120 's_axilite' <Latency = 0> <II = 1> <Delay = 1.00> <Adapter> <Opcode : 'read' 'write'>
ST_1 : Operation 6 [1/1] (1.00ns)   --->   "%delta_read = read i32 @_ssdm_op_Read.s_axilite.i32, i32 %delta" [hls_filter_2d.cpp:9]   --->   Operation 6 'read' 'delta_read' <Predicate = true> <Delay = 1.00> <CoreInst = "s_axilite">   --->   Core 120 's_axilite' <Latency = 0> <II = 1> <Delay = 1.00> <Adapter> <Opcode : 'read' 'write'>
ST_1 : Operation 7 [1/1] (1.00ns)   --->   "%fraction_bits_read = read i5 @_ssdm_op_Read.s_axilite.i5, i5 %fraction_bits" [hls_filter_2d.cpp:9]   --->   Operation 7 'read' 'fraction_bits_read' <Predicate = true> <Delay = 1.00> <CoreInst = "s_axilite">   --->   Core 120 's_axilite' <Latency = 0> <II = 1> <Delay = 1.00> <Adapter> <Opcode : 'read' 'write'>
ST_1 : Operation 8 [1/1] (1.00ns)   --->   "%inv_divisor_read = read i32 @_ssdm_op_Read.s_axilite.i32, i32 %inv_divisor" [hls_filter_2d.cpp:9]   --->   Operation 8 'read' 'inv_divisor_read' <Predicate = true> <Delay = 1.00> <CoreInst = "s_axilite">   --->   Core 120 's_axilite' <Latency = 0> <II = 1> <Delay = 1.00> <Adapter> <Opcode : 'read' 'write'>
ST_1 : Operation 9 [1/1] (1.00ns)   --->   "%height_read = read i13 @_ssdm_op_Read.s_axilite.i13, i13 %height" [hls_filter_2d.cpp:9]   --->   Operation 9 'read' 'height_read' <Predicate = true> <Delay = 1.00> <CoreInst = "s_axilite">   --->   Core 120 's_axilite' <Latency = 0> <II = 1> <Delay = 1.00> <Adapter> <Opcode : 'read' 'write'>
ST_1 : Operation 10 [1/1] (1.00ns)   --->   "%width_read = read i13 @_ssdm_op_Read.s_axilite.i13, i13 %width" [hls_filter_2d.cpp:9]   --->   Operation 10 'read' 'width_read' <Predicate = true> <Delay = 1.00> <CoreInst = "s_axilite">   --->   Core 120 's_axilite' <Latency = 0> <II = 1> <Delay = 1.00> <Adapter> <Opcode : 'read' 'write'>
ST_1 : Operation 11 [1/1] (0.00ns)   --->   "%zext_ln42 = zext i13 %width_read" [hls_filter_2d.cpp:42]   --->   Operation 11 'zext' 'zext_ln42' <Predicate = true> <Delay = 0.00>
ST_1 : Operation 12 [1/1] (0.00ns)   --->   "%zext_ln42_1 = zext i13 %height_read" [hls_filter_2d.cpp:42]   --->   Operation 12 'zext' 'zext_ln42_1' <Predicate = true> <Delay = 0.00>
ST_1 : Operation 13 [1/1] (2.23ns)   --->   "%total_pixels = mul i26 %zext_ln42_1, i26 %zext_ln42" [hls_filter_2d.cpp:42]   --->   Operation 13 'mul' 'total_pixels' <Predicate = true> <Delay = 2.23> <CoreInst = "Multiplier">   --->   Core 3 'Multiplier' <Latency = 0> <II = 1> <Delay = 2.23> <FuncUnit> <Opcode : 'mul'> <InPorts = 2> <OutPorts = 1>
ST_1 : Operation 14 [1/1] (1.00ns)   --->   "%kernel_0_0_read = read i8 @_ssdm_op_Read.s_axilite.i8P0A, i8 %kernel_0_0" [hls_filter_2d.cpp:117]   --->   Operation 14 'read' 'kernel_0_0_read' <Predicate = true> <Delay = 1.00> <CoreInst = "s_axilite">   --->   Core 120 's_axilite' <Latency = 0> <II = 1> <Delay = 1.00> <Adapter> <Opcode : 'read' 'write'>
ST_1 : Operation 15 [1/1] (1.00ns)   --->   "%kernel_0_1_read = read i8 @_ssdm_op_Read.s_axilite.i8P0A, i8 %kernel_0_1" [hls_filter_2d.cpp:117]   --->   Operation 15 'read' 'kernel_0_1_read' <Predicate = true> <Delay = 1.00> <CoreInst = "s_axilite">   --->   Core 120 's_axilite' <Latency = 0> <II = 1> <Delay = 1.00> <Adapter> <Opcode : 'read' 'write'>
ST_1 : Operation 16 [1/1] (1.00ns)   --->   "%kernel_0_2_read = read i8 @_ssdm_op_Read.s_axilite.i8P0A, i8 %kernel_0_2" [hls_filter_2d.cpp:117]   --->   Operation 16 'read' 'kernel_0_2_read' <Predicate = true> <Delay = 1.00> <CoreInst = "s_axilite">   --->   Core 120 's_axilite' <Latency = 0> <II = 1> <Delay = 1.00> <Adapter> <Opcode : 'read' 'write'>
ST_1 : Operation 17 [1/1] (1.00ns)   --->   "%kernel_0_3_read = read i8 @_ssdm_op_Read.s_axilite.i8P0A, i8 %kernel_0_3" [hls_filter_2d.cpp:117]   --->   Operation 17 'read' 'kernel_0_3_read' <Predicate = true> <Delay = 1.00> <CoreInst = "s_axilite">   --->   Core 120 's_axilite' <Latency = 0> <II = 1> <Delay = 1.00> <Adapter> <Opcode : 'read' 'write'>
ST_1 : Operation 18 [1/1] (1.00ns)   --->   "%kernel_0_4_read = read i8 @_ssdm_op_Read.s_axilite.i8P0A, i8 %kernel_0_4" [hls_filter_2d.cpp:117]   --->   Operation 18 'read' 'kernel_0_4_read' <Predicate = true> <Delay = 1.00> <CoreInst = "s_axilite">   --->   Core 120 's_axilite' <Latency = 0> <II = 1> <Delay = 1.00> <Adapter> <Opcode : 'read' 'write'>
ST_1 : Operation 19 [1/1] (1.00ns)   --->   "%kernel_1_0_read = read i8 @_ssdm_op_Read.s_axilite.i8P0A, i8 %kernel_1_0" [hls_filter_2d.cpp:117]   --->   Operation 19 'read' 'kernel_1_0_read' <Predicate = true> <Delay = 1.00> <CoreInst = "s_axilite">   --->   Core 120 's_axilite' <Latency = 0> <II = 1> <Delay = 1.00> <Adapter> <Opcode : 'read' 'write'>
ST_1 : Operation 20 [1/1] (1.00ns)   --->   "%kernel_1_1_read = read i8 @_ssdm_op_Read.s_axilite.i8P0A, i8 %kernel_1_1" [hls_filter_2d.cpp:117]   --->   Operation 20 'read' 'kernel_1_1_read' <Predicate = true> <Delay = 1.00> <CoreInst = "s_axilite">   --->   Core 120 's_axilite' <Latency = 0> <II = 1> <Delay = 1.00> <Adapter> <Opcode : 'read' 'write'>
ST_1 : Operation 21 [1/1] (1.00ns)   --->   "%kernel_1_2_read = read i8 @_ssdm_op_Read.s_axilite.i8P0A, i8 %kernel_1_2" [hls_filter_2d.cpp:117]   --->   Operation 21 'read' 'kernel_1_2_read' <Predicate = true> <Delay = 1.00> <CoreInst = "s_axilite">   --->   Core 120 's_axilite' <Latency = 0> <II = 1> <Delay = 1.00> <Adapter> <Opcode : 'read' 'write'>
ST_1 : Operation 22 [1/1] (1.00ns)   --->   "%kernel_1_3_read = read i8 @_ssdm_op_Read.s_axilite.i8P0A, i8 %kernel_1_3" [hls_filter_2d.cpp:117]   --->   Operation 22 'read' 'kernel_1_3_read' <Predicate = true> <Delay = 1.00> <CoreInst = "s_axilite">   --->   Core 120 's_axilite' <Latency = 0> <II = 1> <Delay = 1.00> <Adapter> <Opcode : 'read' 'write'>
ST_1 : Operation 23 [1/1] (1.00ns)   --->   "%kernel_1_4_read = read i8 @_ssdm_op_Read.s_axilite.i8P0A, i8 %kernel_1_4" [hls_filter_2d.cpp:117]   --->   Operation 23 'read' 'kernel_1_4_read' <Predicate = true> <Delay = 1.00> <CoreInst = "s_axilite">   --->   Core 120 's_axilite' <Latency = 0> <II = 1> <Delay = 1.00> <Adapter> <Opcode : 'read' 'write'>
ST_1 : Operation 24 [1/1] (1.00ns)   --->   "%kernel_2_0_read = read i8 @_ssdm_op_Read.s_axilite.i8P0A, i8 %kernel_2_0" [hls_filter_2d.cpp:117]   --->   Operation 24 'read' 'kernel_2_0_read' <Predicate = true> <Delay = 1.00> <CoreInst = "s_axilite">   --->   Core 120 's_axilite' <Latency = 0> <II = 1> <Delay = 1.00> <Adapter> <Opcode : 'read' 'write'>
ST_1 : Operation 25 [1/1] (1.00ns)   --->   "%kernel_2_1_read = read i8 @_ssdm_op_Read.s_axilite.i8P0A, i8 %kernel_2_1" [hls_filter_2d.cpp:117]   --->   Operation 25 'read' 'kernel_2_1_read' <Predicate = true> <Delay = 1.00> <CoreInst = "s_axilite">   --->   Core 120 's_axilite' <Latency = 0> <II = 1> <Delay = 1.00> <Adapter> <Opcode : 'read' 'write'>
ST_1 : Operation 26 [1/1] (1.00ns)   --->   "%kernel_2_2_read = read i8 @_ssdm_op_Read.s_axilite.i8P0A, i8 %kernel_2_2" [hls_filter_2d.cpp:117]   --->   Operation 26 'read' 'kernel_2_2_read' <Predicate = true> <Delay = 1.00> <CoreInst = "s_axilite">   --->   Core 120 's_axilite' <Latency = 0> <II = 1> <Delay = 1.00> <Adapter> <Opcode : 'read' 'write'>
ST_1 : Operation 27 [1/1] (1.00ns)   --->   "%kernel_2_3_read = read i8 @_ssdm_op_Read.s_axilite.i8P0A, i8 %kernel_2_3" [hls_filter_2d.cpp:117]   --->   Operation 27 'read' 'kernel_2_3_read' <Predicate = true> <Delay = 1.00> <CoreInst = "s_axilite">   --->   Core 120 's_axilite' <Latency = 0> <II = 1> <Delay = 1.00> <Adapter> <Opcode : 'read' 'write'>
ST_1 : Operation 28 [1/1] (1.00ns)   --->   "%kernel_2_4_read = read i8 @_ssdm_op_Read.s_axilite.i8P0A, i8 %kernel_2_4" [hls_filter_2d.cpp:117]   --->   Operation 28 'read' 'kernel_2_4_read' <Predicate = true> <Delay = 1.00> <CoreInst = "s_axilite">   --->   Core 120 's_axilite' <Latency = 0> <II = 1> <Delay = 1.00> <Adapter> <Opcode : 'read' 'write'>
ST_1 : Operation 29 [1/1] (1.00ns)   --->   "%kernel_3_0_read = read i8 @_ssdm_op_Read.s_axilite.i8P0A, i8 %kernel_3_0" [hls_filter_2d.cpp:117]   --->   Operation 29 'read' 'kernel_3_0_read' <Predicate = true> <Delay = 1.00> <CoreInst = "s_axilite">   --->   Core 120 's_axilite' <Latency = 0> <II = 1> <Delay = 1.00> <Adapter> <Opcode : 'read' 'write'>
ST_1 : Operation 30 [1/1] (1.00ns)   --->   "%kernel_3_1_read = read i8 @_ssdm_op_Read.s_axilite.i8P0A, i8 %kernel_3_1" [hls_filter_2d.cpp:117]   --->   Operation 30 'read' 'kernel_3_1_read' <Predicate = true> <Delay = 1.00> <CoreInst = "s_axilite">   --->   Core 120 's_axilite' <Latency = 0> <II = 1> <Delay = 1.00> <Adapter> <Opcode : 'read' 'write'>
ST_1 : Operation 31 [1/1] (1.00ns)   --->   "%kernel_3_2_read = read i8 @_ssdm_op_Read.s_axilite.i8P0A, i8 %kernel_3_2" [hls_filter_2d.cpp:117]   --->   Operation 31 'read' 'kernel_3_2_read' <Predicate = true> <Delay = 1.00> <CoreInst = "s_axilite">   --->   Core 120 's_axilite' <Latency = 0> <II = 1> <Delay = 1.00> <Adapter> <Opcode : 'read' 'write'>
ST_1 : Operation 32 [1/1] (1.00ns)   --->   "%kernel_3_3_read = read i8 @_ssdm_op_Read.s_axilite.i8P0A, i8 %kernel_3_3" [hls_filter_2d.cpp:117]   --->   Operation 32 'read' 'kernel_3_3_read' <Predicate = true> <Delay = 1.00> <CoreInst = "s_axilite">   --->   Core 120 's_axilite' <Latency = 0> <II = 1> <Delay = 1.00> <Adapter> <Opcode : 'read' 'write'>
ST_1 : Operation 33 [1/1] (1.00ns)   --->   "%kernel_3_4_read = read i8 @_ssdm_op_Read.s_axilite.i8P0A, i8 %kernel_3_4" [hls_filter_2d.cpp:117]   --->   Operation 33 'read' 'kernel_3_4_read' <Predicate = true> <Delay = 1.00> <CoreInst = "s_axilite">   --->   Core 120 's_axilite' <Latency = 0> <II = 1> <Delay = 1.00> <Adapter> <Opcode : 'read' 'write'>
ST_1 : Operation 34 [1/1] (1.00ns)   --->   "%kernel_4_0_read = read i8 @_ssdm_op_Read.s_axilite.i8P0A, i8 %kernel_4_0" [hls_filter_2d.cpp:117]   --->   Operation 34 'read' 'kernel_4_0_read' <Predicate = true> <Delay = 1.00> <CoreInst = "s_axilite">   --->   Core 120 's_axilite' <Latency = 0> <II = 1> <Delay = 1.00> <Adapter> <Opcode : 'read' 'write'>
ST_1 : Operation 35 [1/1] (1.00ns)   --->   "%kernel_4_1_read = read i8 @_ssdm_op_Read.s_axilite.i8P0A, i8 %kernel_4_1" [hls_filter_2d.cpp:117]   --->   Operation 35 'read' 'kernel_4_1_read' <Predicate = true> <Delay = 1.00> <CoreInst = "s_axilite">   --->   Core 120 's_axilite' <Latency = 0> <II = 1> <Delay = 1.00> <Adapter> <Opcode : 'read' 'write'>
ST_1 : Operation 36 [1/1] (1.00ns)   --->   "%kernel_4_2_read = read i8 @_ssdm_op_Read.s_axilite.i8P0A, i8 %kernel_4_2" [hls_filter_2d.cpp:117]   --->   Operation 36 'read' 'kernel_4_2_read' <Predicate = true> <Delay = 1.00> <CoreInst = "s_axilite">   --->   Core 120 's_axilite' <Latency = 0> <II = 1> <Delay = 1.00> <Adapter> <Opcode : 'read' 'write'>
ST_1 : Operation 37 [1/1] (1.00ns)   --->   "%kernel_4_3_read = read i8 @_ssdm_op_Read.s_axilite.i8P0A, i8 %kernel_4_3" [hls_filter_2d.cpp:117]   --->   Operation 37 'read' 'kernel_4_3_read' <Predicate = true> <Delay = 1.00> <CoreInst = "s_axilite">   --->   Core 120 's_axilite' <Latency = 0> <II = 1> <Delay = 1.00> <Adapter> <Opcode : 'read' 'write'>
ST_1 : Operation 38 [1/1] (1.00ns)   --->   "%kernel_4_4_read = read i8 @_ssdm_op_Read.s_axilite.i8P0A, i8 %kernel_4_4" [hls_filter_2d.cpp:117]   --->   Operation 38 'read' 'kernel_4_4_read' <Predicate = true> <Delay = 1.00> <CoreInst = "s_axilite">   --->   Core 120 's_axilite' <Latency = 0> <II = 1> <Delay = 1.00> <Adapter> <Opcode : 'read' 'write'>

State 2 <SV = 1> <Delay = 3.17>
ST_2 : Operation 39 [1/1] (0.00ns)   --->   "%zext_ln43 = zext i13 %width_read" [hls_filter_2d.cpp:43]   --->   Operation 39 'zext' 'zext_ln43' <Predicate = true> <Delay = 0.00>
ST_2 : Operation 40 [1/1] (0.00ns)   --->   "%shl_ln = bitconcatenate i14 @_ssdm_op_BitConcatenate.i14.i13.i1, i13 %width_read, i1 0" [hls_filter_2d.cpp:43]   --->   Operation 40 'bitconcatenate' 'shl_ln' <Predicate = true> <Delay = 0.00>
ST_2 : Operation 41 [1/1] (0.00ns)   --->   "%zext_ln43_1 = zext i14 %shl_ln" [hls_filter_2d.cpp:43]   --->   Operation 41 'zext' 'zext_ln43_1' <Predicate = true> <Delay = 0.00>
ST_2 : Operation 42 [1/1] (0.83ns)   --->   "%flush_cycles = add i15 %zext_ln43_1, i15 2" [hls_filter_2d.cpp:43]   --->   Operation 42 'add' 'flush_cycles' <Predicate = true> <Delay = 0.83> <CoreInst = "Adder">   --->   Core 1 'Adder' <Latency = 0> <II = 1> <Delay = 0.84> <FuncUnit> <Opcode : 'add' 'sub'> <InPorts = 2> <OutPorts = 1>
ST_2 : Operation 43 [1/1] (0.00ns)   --->   "%zext_ln44 = zext i26 %total_pixels" [hls_filter_2d.cpp:44]   --->   Operation 43 'zext' 'zext_ln44' <Predicate = true> <Delay = 0.00>
ST_2 : Operation 44 [1/1] (0.00ns)   --->   "%zext_ln44_1 = zext i15 %flush_cycles" [hls_filter_2d.cpp:44]   --->   Operation 44 'zext' 'zext_ln44_1' <Predicate = true> <Delay = 0.00>
ST_2 : Operation 45 [1/1] (0.95ns)   --->   "%total_cycles = add i27 %zext_ln44, i27 %zext_ln44_1" [hls_filter_2d.cpp:44]   --->   Operation 45 'add' 'total_cycles' <Predicate = true> <Delay = 0.95> <CoreInst = "Adder">   --->   Core 1 'Adder' <Latency = 0> <II = 1> <Delay = 0.96> <FuncUnit> <Opcode : 'add' 'sub'> <InPorts = 2> <OutPorts = 1>
ST_2 : Operation 46 [1/1] (0.82ns)   --->   "%add_ln88 = add i14 %zext_ln43, i14 16383" [hls_filter_2d.cpp:88]   --->   Operation 46 'add' 'add_ln88' <Predicate = true> <Delay = 0.82> <CoreInst = "Adder">   --->   Core 1 'Adder' <Latency = 0> <II = 1> <Delay = 0.83> <FuncUnit> <Opcode : 'add' 'sub'> <InPorts = 2> <OutPorts = 1>
ST_2 : Operation 47 [1/1] (0.00ns)   --->   "%zext_ln122 = zext i13 %height_read" [hls_filter_2d.cpp:122]   --->   Operation 47 'zext' 'zext_ln122' <Predicate = true> <Delay = 0.00>
ST_2 : Operation 48 [1/1] (0.82ns)   --->   "%add_ln140 = add i14 %zext_ln43, i14 16382" [hls_filter_2d.cpp:140]   --->   Operation 48 'add' 'add_ln140' <Predicate = true> <Delay = 0.82> <CoreInst = "Adder">   --->   Core 1 'Adder' <Latency = 0> <II = 1> <Delay = 0.83> <FuncUnit> <Opcode : 'add' 'sub'> <InPorts = 2> <OutPorts = 1>
ST_2 : Operation 49 [1/1] (0.82ns)   --->   "%add_ln141 = add i14 %zext_ln122, i14 16382" [hls_filter_2d.cpp:141]   --->   Operation 49 'add' 'add_ln141' <Predicate = true> <Delay = 0.82> <CoreInst = "Adder">   --->   Core 1 'Adder' <Latency = 0> <II = 1> <Delay = 0.83> <FuncUnit> <Opcode : 'add' 'sub'> <InPorts = 2> <OutPorts = 1>
ST_2 : Operation 50 [1/1] (0.82ns)   --->   "%add_ln155 = add i14 %zext_ln43, i14 16381" [hls_filter_2d.cpp:155]   --->   Operation 50 'add' 'add_ln155' <Predicate = true> <Delay = 0.82> <CoreInst = "Adder">   --->   Core 1 'Adder' <Latency = 0> <II = 1> <Delay = 0.83> <FuncUnit> <Opcode : 'add' 'sub'> <InPorts = 2> <OutPorts = 1>
ST_2 : Operation 51 [2/2] (1.39ns)   --->   "%call_ln42 = call void @hls_filter_2d_Pipeline_VITIS_LOOP_51_1, i26 %total_pixels, i15 %flush_cycles, i27 %total_cycles, i14 %add_ln88, i13 %width_read, i24 %s_axis_video, i14 %add_ln140, i14 %add_ln141, i13 %height_read, i13 %width_read, i13 %height_read, i8 %kernel_3_2_read, i8 %kernel_3_1_read, i8 %kernel_3_0_read, i8 %kernel_2_4_read, i8 %kernel_2_3_read, i8 %kernel_2_2_read, i8 %kernel_2_1_read, i8 %kernel_2_0_read, i8 %kernel_1_4_read, i8 %kernel_1_3_read, i8 %kernel_1_2_read, i8 %kernel_1_1_read, i8 %kernel_1_0_read, i8 %kernel_0_4_read, i8 %kernel_0_3_read, i8 %kernel_0_2_read, i8 %kernel_0_0_read, i8 %kernel_0_1_read, i8 %kernel_4_4_read, i8 %kernel_4_3_read, i8 %kernel_4_2_read, i8 %kernel_4_1_read, i8 %kernel_4_0_read, i8 %kernel_3_4_read, i8 %kernel_3_3_read, i32 %inv_divisor_read, i5 %fraction_bits_read, i32 %delta_read, i1 %borderType_read, i14 %add_ln155, i24 %m_axis_video" [hls_filter_2d.cpp:42]   --->   Operation 51 'call' 'call_ln42' <Predicate = true> <Delay = 1.39> <CoreType = "Generic">   --->   Generic Core

State 3 <SV = 2> <Delay = 4.72>
ST_3 : Operation 52 [1/2] (4.72ns)   --->   "%call_ln42 = call void @hls_filter_2d_Pipeline_VITIS_LOOP_51_1, i26 %total_pixels, i15 %flush_cycles, i27 %total_cycles, i14 %add_ln88, i13 %width_read, i24 %s_axis_video, i14 %add_ln140, i14 %add_ln141, i13 %height_read, i13 %width_read, i13 %height_read, i8 %kernel_3_2_read, i8 %kernel_3_1_read, i8 %kernel_3_0_read, i8 %kernel_2_4_read, i8 %kernel_2_3_read, i8 %kernel_2_2_read, i8 %kernel_2_1_read, i8 %kernel_2_0_read, i8 %kernel_1_4_read, i8 %kernel_1_3_read, i8 %kernel_1_2_read, i8 %kernel_1_1_read, i8 %kernel_1_0_read, i8 %kernel_0_4_read, i8 %kernel_0_3_read, i8 %kernel_0_2_read, i8 %kernel_0_0_read, i8 %kernel_0_1_read, i8 %kernel_4_4_read, i8 %kernel_4_3_read, i8 %kernel_4_2_read, i8 %kernel_4_1_read, i8 %kernel_4_0_read, i8 %kernel_3_4_read, i8 %kernel_3_3_read, i32 %inv_divisor_read, i5 %fraction_bits_read, i32 %delta_read, i1 %borderType_read, i14 %add_ln155, i24 %m_axis_video" [hls_filter_2d.cpp:42]   --->   Operation 52 'call' 'call_ln42' <Predicate = true> <Delay = 4.72> <CoreType = "Generic">   --->   Generic Core

State 4 <SV = 3> <Delay = 0.00>
ST_4 : Operation 53 [1/1] (0.00ns)   --->   "%spectopmodule_ln7 = spectopmodule void @_ssdm_op_SpecTopModule, void @empty_34" [hls_filter_2d.cpp:7]   --->   Operation 53 'spectopmodule' 'spectopmodule_ln7' <Predicate = true> <Delay = 0.00>
ST_4 : Operation 54 [1/1] (0.00ns)   --->   "%specinterface_ln0 = specinterface void @_ssdm_op_SpecInterface, i24 %s_axis_video, void @empty_17, i32 1, i32 1, void @empty_36, i32 0, i32 0, void @empty, void @empty, void @empty, i32 0, i32 0, i32 0, i32 0, void @empty, void @empty, i32 4294967295, i32 0, i32 0, i32 0"   --->   Operation 54 'specinterface' 'specinterface_ln0' <Predicate = true> <Delay = 0.00>
ST_4 : Operation 55 [1/1] (0.00ns)   --->   "%specbitsmap_ln0 = specbitsmap void @_ssdm_op_SpecBitsMap, i24 %s_axis_video"   --->   Operation 55 'specbitsmap' 'specbitsmap_ln0' <Predicate = true> <Delay = 0.00>
ST_4 : Operation 56 [1/1] (0.00ns)   --->   "%specinterface_ln0 = specinterface void @_ssdm_op_SpecInterface, i24 %m_axis_video, void @empty_17, i32 1, i32 1, void @empty_36, i32 0, i32 0, void @empty, void @empty, void @empty, i32 0, i32 0, i32 0, i32 0, void @empty, void @empty, i32 4294967295, i32 0, i32 0, i32 0"   --->   Operation 56 'specinterface' 'specinterface_ln0' <Predicate = true> <Delay = 0.00>
ST_4 : Operation 57 [1/1] (0.00ns)   --->   "%specbitsmap_ln0 = specbitsmap void @_ssdm_op_SpecBitsMap, i24 %m_axis_video"   --->   Operation 57 'specbitsmap' 'specbitsmap_ln0' <Predicate = true> <Delay = 0.00>
ST_4 : Operation 58 [1/1] (0.00ns)   --->   "%specbitsmap_ln0 = specbitsmap void @_ssdm_op_SpecBitsMap, i13 %width"   --->   Operation 58 'specbitsmap' 'specbitsmap_ln0' <Predicate = true> <Delay = 0.00>
ST_4 : Operation 59 [1/1] (0.00ns)   --->   "%specinterface_ln0 = specinterface void @_ssdm_op_SpecInterface, i13 %width, void @empty_0, i32 4294967295, i32 4294967295, void @empty, i32 0, i32 0, void @empty_1, void @empty_2, void @empty, i32 0, i32 0, i32 0, i32 0, void @empty, void @empty, i32 4294967295, i32 0, i32 0, i32 0"   --->   Operation 59 'specinterface' 'specinterface_ln0' <Predicate = true> <Delay = 0.00>
ST_4 : Operation 60 [1/1] (0.00ns)   --->   "%specinterface_ln0 = specinterface void @_ssdm_op_SpecInterface, i13 %width, void @empty_3, i32 0, i32 0, void @empty, i32 0, i32 0, void @empty, void @empty, void @empty, i32 0, i32 0, i32 0, i32 0, void @empty, void @empty, i32 4294967295, i32 0, i32 0, i32 0"   --->   Operation 60 'specinterface' 'specinterface_ln0' <Predicate = true> <Delay = 0.00>
ST_4 : Operation 61 [1/1] (0.00ns)   --->   "%specbitsmap_ln0 = specbitsmap void @_ssdm_op_SpecBitsMap, i13 %height"   --->   Operation 61 'specbitsmap' 'specbitsmap_ln0' <Predicate = true> <Delay = 0.00>
ST_4 : Operation 62 [1/1] (0.00ns)   --->   "%specinterface_ln0 = specinterface void @_ssdm_op_SpecInterface, i13 %height, void @empty_0, i32 4294967295, i32 4294967295, void @empty, i32 0, i32 0, void @empty_1, void @empty_4, void @empty, i32 0, i32 0, i32 0, i32 0, void @empty, void @empty, i32 4294967295, i32 0, i32 0, i32 0"   --->   Operation 62 'specinterface' 'specinterface_ln0' <Predicate = true> <Delay = 0.00>
ST_4 : Operation 63 [1/1] (0.00ns)   --->   "%specinterface_ln0 = specinterface void @_ssdm_op_SpecInterface, i13 %height, void @empty_3, i32 0, i32 0, void @empty, i32 0, i32 0, void @empty, void @empty, void @empty, i32 0, i32 0, i32 0, i32 0, void @empty, void @empty, i32 4294967295, i32 0, i32 0, i32 0"   --->   Operation 63 'specinterface' 'specinterface_ln0' <Predicate = true> <Delay = 0.00>
ST_4 : Operation 64 [1/1] (0.00ns)   --->   "%specbitsmap_ln0 = specbitsmap void @_ssdm_op_SpecBitsMap, i8 %kernel_0_0"   --->   Operation 64 'specbitsmap' 'specbitsmap_ln0' <Predicate = true> <Delay = 0.00>
ST_4 : Operation 65 [1/1] (0.00ns)   --->   "%specinterface_ln0 = specinterface void @_ssdm_op_SpecInterface, i8 %kernel_0_0, void @empty_0, i32 4294967295, i32 4294967295, void @empty, i32 0, i32 0, void @empty_1, void @empty_5, void @empty, i32 0, i32 0, i32 0, i32 0, void @empty, void @empty, i32 4294967295, i32 0, i32 0, i32 0"   --->   Operation 65 'specinterface' 'specinterface_ln0' <Predicate = true> <Delay = 0.00>
ST_4 : Operation 66 [1/1] (0.00ns)   --->   "%specinterface_ln0 = specinterface void @_ssdm_op_SpecInterface, i8 %kernel_0_0, void @empty_3, i32 0, i32 0, void @empty, i32 0, i32 0, void @empty, void @empty, void @empty, i32 0, i32 0, i32 0, i32 0, void @empty, void @empty, i32 4294967295, i32 0, i32 0, i32 0"   --->   Operation 66 'specinterface' 'specinterface_ln0' <Predicate = true> <Delay = 0.00>
ST_4 : Operation 67 [1/1] (0.00ns)   --->   "%specbitsmap_ln0 = specbitsmap void @_ssdm_op_SpecBitsMap, i8 %kernel_0_1"   --->   Operation 67 'specbitsmap' 'specbitsmap_ln0' <Predicate = true> <Delay = 0.00>
ST_4 : Operation 68 [1/1] (0.00ns)   --->   "%specinterface_ln0 = specinterface void @_ssdm_op_SpecInterface, i8 %kernel_0_1, void @empty_0, i32 4294967295, i32 4294967295, void @empty, i32 0, i32 0, void @empty_1, void @empty_6, void @empty, i32 0, i32 0, i32 0, i32 0, void @empty, void @empty, i32 4294967295, i32 0, i32 0, i32 0"   --->   Operation 68 'specinterface' 'specinterface_ln0' <Predicate = true> <Delay = 0.00>
ST_4 : Operation 69 [1/1] (0.00ns)   --->   "%specinterface_ln0 = specinterface void @_ssdm_op_SpecInterface, i8 %kernel_0_1, void @empty_3, i32 0, i32 0, void @empty, i32 0, i32 0, void @empty, void @empty, void @empty, i32 0, i32 0, i32 0, i32 0, void @empty, void @empty, i32 4294967295, i32 0, i32 0, i32 0"   --->   Operation 69 'specinterface' 'specinterface_ln0' <Predicate = true> <Delay = 0.00>
ST_4 : Operation 70 [1/1] (0.00ns)   --->   "%specbitsmap_ln0 = specbitsmap void @_ssdm_op_SpecBitsMap, i8 %kernel_0_2"   --->   Operation 70 'specbitsmap' 'specbitsmap_ln0' <Predicate = true> <Delay = 0.00>
ST_4 : Operation 71 [1/1] (0.00ns)   --->   "%specinterface_ln0 = specinterface void @_ssdm_op_SpecInterface, i8 %kernel_0_2, void @empty_0, i32 4294967295, i32 4294967295, void @empty, i32 0, i32 0, void @empty_1, void @empty_7, void @empty, i32 0, i32 0, i32 0, i32 0, void @empty, void @empty, i32 4294967295, i32 0, i32 0, i32 0"   --->   Operation 71 'specinterface' 'specinterface_ln0' <Predicate = true> <Delay = 0.00>
ST_4 : Operation 72 [1/1] (0.00ns)   --->   "%specinterface_ln0 = specinterface void @_ssdm_op_SpecInterface, i8 %kernel_0_2, void @empty_3, i32 0, i32 0, void @empty, i32 0, i32 0, void @empty, void @empty, void @empty, i32 0, i32 0, i32 0, i32 0, void @empty, void @empty, i32 4294967295, i32 0, i32 0, i32 0"   --->   Operation 72 'specinterface' 'specinterface_ln0' <Predicate = true> <Delay = 0.00>
ST_4 : Operation 73 [1/1] (0.00ns)   --->   "%specbitsmap_ln0 = specbitsmap void @_ssdm_op_SpecBitsMap, i8 %kernel_0_3"   --->   Operation 73 'specbitsmap' 'specbitsmap_ln0' <Predicate = true> <Delay = 0.00>
ST_4 : Operation 74 [1/1] (0.00ns)   --->   "%specinterface_ln0 = specinterface void @_ssdm_op_SpecInterface, i8 %kernel_0_3, void @empty_0, i32 4294967295, i32 4294967295, void @empty, i32 0, i32 0, void @empty_1, void @empty_8, void @empty, i32 0, i32 0, i32 0, i32 0, void @empty, void @empty, i32 4294967295, i32 0, i32 0, i32 0"   --->   Operation 74 'specinterface' 'specinterface_ln0' <Predicate = true> <Delay = 0.00>
ST_4 : Operation 75 [1/1] (0.00ns)   --->   "%specinterface_ln0 = specinterface void @_ssdm_op_SpecInterface, i8 %kernel_0_3, void @empty_3, i32 0, i32 0, void @empty, i32 0, i32 0, void @empty, void @empty, void @empty, i32 0, i32 0, i32 0, i32 0, void @empty, void @empty, i32 4294967295, i32 0, i32 0, i32 0"   --->   Operation 75 'specinterface' 'specinterface_ln0' <Predicate = true> <Delay = 0.00>
ST_4 : Operation 76 [1/1] (0.00ns)   --->   "%specbitsmap_ln0 = specbitsmap void @_ssdm_op_SpecBitsMap, i8 %kernel_0_4"   --->   Operation 76 'specbitsmap' 'specbitsmap_ln0' <Predicate = true> <Delay = 0.00>
ST_4 : Operation 77 [1/1] (0.00ns)   --->   "%specinterface_ln0 = specinterface void @_ssdm_op_SpecInterface, i8 %kernel_0_4, void @empty_0, i32 4294967295, i32 4294967295, void @empty, i32 0, i32 0, void @empty_1, void @empty_9, void @empty, i32 0, i32 0, i32 0, i32 0, void @empty, void @empty, i32 4294967295, i32 0, i32 0, i32 0"   --->   Operation 77 'specinterface' 'specinterface_ln0' <Predicate = true> <Delay = 0.00>
ST_4 : Operation 78 [1/1] (0.00ns)   --->   "%specinterface_ln0 = specinterface void @_ssdm_op_SpecInterface, i8 %kernel_0_4, void @empty_3, i32 0, i32 0, void @empty, i32 0, i32 0, void @empty, void @empty, void @empty, i32 0, i32 0, i32 0, i32 0, void @empty, void @empty, i32 4294967295, i32 0, i32 0, i32 0"   --->   Operation 78 'specinterface' 'specinterface_ln0' <Predicate = true> <Delay = 0.00>
ST_4 : Operation 79 [1/1] (0.00ns)   --->   "%specbitsmap_ln0 = specbitsmap void @_ssdm_op_SpecBitsMap, i8 %kernel_1_0"   --->   Operation 79 'specbitsmap' 'specbitsmap_ln0' <Predicate = true> <Delay = 0.00>
ST_4 : Operation 80 [1/1] (0.00ns)   --->   "%specinterface_ln0 = specinterface void @_ssdm_op_SpecInterface, i8 %kernel_1_0, void @empty_0, i32 4294967295, i32 4294967295, void @empty, i32 0, i32 0, void @empty_1, void @empty_10, void @empty, i32 0, i32 0, i32 0, i32 0, void @empty, void @empty, i32 4294967295, i32 0, i32 0, i32 0"   --->   Operation 80 'specinterface' 'specinterface_ln0' <Predicate = true> <Delay = 0.00>
ST_4 : Operation 81 [1/1] (0.00ns)   --->   "%specinterface_ln0 = specinterface void @_ssdm_op_SpecInterface, i8 %kernel_1_0, void @empty_3, i32 0, i32 0, void @empty, i32 0, i32 0, void @empty, void @empty, void @empty, i32 0, i32 0, i32 0, i32 0, void @empty, void @empty, i32 4294967295, i32 0, i32 0, i32 0"   --->   Operation 81 'specinterface' 'specinterface_ln0' <Predicate = true> <Delay = 0.00>
ST_4 : Operation 82 [1/1] (0.00ns)   --->   "%specbitsmap_ln0 = specbitsmap void @_ssdm_op_SpecBitsMap, i8 %kernel_1_1"   --->   Operation 82 'specbitsmap' 'specbitsmap_ln0' <Predicate = true> <Delay = 0.00>
ST_4 : Operation 83 [1/1] (0.00ns)   --->   "%specinterface_ln0 = specinterface void @_ssdm_op_SpecInterface, i8 %kernel_1_1, void @empty_0, i32 4294967295, i32 4294967295, void @empty, i32 0, i32 0, void @empty_1, void @empty_11, void @empty, i32 0, i32 0, i32 0, i32 0, void @empty, void @empty, i32 4294967295, i32 0, i32 0, i32 0"   --->   Operation 83 'specinterface' 'specinterface_ln0' <Predicate = true> <Delay = 0.00>
ST_4 : Operation 84 [1/1] (0.00ns)   --->   "%specinterface_ln0 = specinterface void @_ssdm_op_SpecInterface, i8 %kernel_1_1, void @empty_3, i32 0, i32 0, void @empty, i32 0, i32 0, void @empty, void @empty, void @empty, i32 0, i32 0, i32 0, i32 0, void @empty, void @empty, i32 4294967295, i32 0, i32 0, i32 0"   --->   Operation 84 'specinterface' 'specinterface_ln0' <Predicate = true> <Delay = 0.00>
ST_4 : Operation 85 [1/1] (0.00ns)   --->   "%specbitsmap_ln0 = specbitsmap void @_ssdm_op_SpecBitsMap, i8 %kernel_1_2"   --->   Operation 85 'specbitsmap' 'specbitsmap_ln0' <Predicate = true> <Delay = 0.00>
ST_4 : Operation 86 [1/1] (0.00ns)   --->   "%specinterface_ln0 = specinterface void @_ssdm_op_SpecInterface, i8 %kernel_1_2, void @empty_0, i32 4294967295, i32 4294967295, void @empty, i32 0, i32 0, void @empty_1, void @empty_12, void @empty, i32 0, i32 0, i32 0, i32 0, void @empty, void @empty, i32 4294967295, i32 0, i32 0, i32 0"   --->   Operation 86 'specinterface' 'specinterface_ln0' <Predicate = true> <Delay = 0.00>
ST_4 : Operation 87 [1/1] (0.00ns)   --->   "%specinterface_ln0 = specinterface void @_ssdm_op_SpecInterface, i8 %kernel_1_2, void @empty_3, i32 0, i32 0, void @empty, i32 0, i32 0, void @empty, void @empty, void @empty, i32 0, i32 0, i32 0, i32 0, void @empty, void @empty, i32 4294967295, i32 0, i32 0, i32 0"   --->   Operation 87 'specinterface' 'specinterface_ln0' <Predicate = true> <Delay = 0.00>
ST_4 : Operation 88 [1/1] (0.00ns)   --->   "%specbitsmap_ln0 = specbitsmap void @_ssdm_op_SpecBitsMap, i8 %kernel_1_3"   --->   Operation 88 'specbitsmap' 'specbitsmap_ln0' <Predicate = true> <Delay = 0.00>
ST_4 : Operation 89 [1/1] (0.00ns)   --->   "%specinterface_ln0 = specinterface void @_ssdm_op_SpecInterface, i8 %kernel_1_3, void @empty_0, i32 4294967295, i32 4294967295, void @empty, i32 0, i32 0, void @empty_1, void @empty_13, void @empty, i32 0, i32 0, i32 0, i32 0, void @empty, void @empty, i32 4294967295, i32 0, i32 0, i32 0"   --->   Operation 89 'specinterface' 'specinterface_ln0' <Predicate = true> <Delay = 0.00>
ST_4 : Operation 90 [1/1] (0.00ns)   --->   "%specinterface_ln0 = specinterface void @_ssdm_op_SpecInterface, i8 %kernel_1_3, void @empty_3, i32 0, i32 0, void @empty, i32 0, i32 0, void @empty, void @empty, void @empty, i32 0, i32 0, i32 0, i32 0, void @empty, void @empty, i32 4294967295, i32 0, i32 0, i32 0"   --->   Operation 90 'specinterface' 'specinterface_ln0' <Predicate = true> <Delay = 0.00>
ST_4 : Operation 91 [1/1] (0.00ns)   --->   "%specbitsmap_ln0 = specbitsmap void @_ssdm_op_SpecBitsMap, i8 %kernel_1_4"   --->   Operation 91 'specbitsmap' 'specbitsmap_ln0' <Predicate = true> <Delay = 0.00>
ST_4 : Operation 92 [1/1] (0.00ns)   --->   "%specinterface_ln0 = specinterface void @_ssdm_op_SpecInterface, i8 %kernel_1_4, void @empty_0, i32 4294967295, i32 4294967295, void @empty, i32 0, i32 0, void @empty_1, void @empty_14, void @empty, i32 0, i32 0, i32 0, i32 0, void @empty, void @empty, i32 4294967295, i32 0, i32 0, i32 0"   --->   Operation 92 'specinterface' 'specinterface_ln0' <Predicate = true> <Delay = 0.00>
ST_4 : Operation 93 [1/1] (0.00ns)   --->   "%specinterface_ln0 = specinterface void @_ssdm_op_SpecInterface, i8 %kernel_1_4, void @empty_3, i32 0, i32 0, void @empty, i32 0, i32 0, void @empty, void @empty, void @empty, i32 0, i32 0, i32 0, i32 0, void @empty, void @empty, i32 4294967295, i32 0, i32 0, i32 0"   --->   Operation 93 'specinterface' 'specinterface_ln0' <Predicate = true> <Delay = 0.00>
ST_4 : Operation 94 [1/1] (0.00ns)   --->   "%specbitsmap_ln0 = specbitsmap void @_ssdm_op_SpecBitsMap, i8 %kernel_2_0"   --->   Operation 94 'specbitsmap' 'specbitsmap_ln0' <Predicate = true> <Delay = 0.00>
ST_4 : Operation 95 [1/1] (0.00ns)   --->   "%specinterface_ln0 = specinterface void @_ssdm_op_SpecInterface, i8 %kernel_2_0, void @empty_0, i32 4294967295, i32 4294967295, void @empty, i32 0, i32 0, void @empty_1, void @empty_15, void @empty, i32 0, i32 0, i32 0, i32 0, void @empty, void @empty, i32 4294967295, i32 0, i32 0, i32 0"   --->   Operation 95 'specinterface' 'specinterface_ln0' <Predicate = true> <Delay = 0.00>
ST_4 : Operation 96 [1/1] (0.00ns)   --->   "%specinterface_ln0 = specinterface void @_ssdm_op_SpecInterface, i8 %kernel_2_0, void @empty_3, i32 0, i32 0, void @empty, i32 0, i32 0, void @empty, void @empty, void @empty, i32 0, i32 0, i32 0, i32 0, void @empty, void @empty, i32 4294967295, i32 0, i32 0, i32 0"   --->   Operation 96 'specinterface' 'specinterface_ln0' <Predicate = true> <Delay = 0.00>
ST_4 : Operation 97 [1/1] (0.00ns)   --->   "%specbitsmap_ln0 = specbitsmap void @_ssdm_op_SpecBitsMap, i8 %kernel_2_1"   --->   Operation 97 'specbitsmap' 'specbitsmap_ln0' <Predicate = true> <Delay = 0.00>
ST_4 : Operation 98 [1/1] (0.00ns)   --->   "%specinterface_ln0 = specinterface void @_ssdm_op_SpecInterface, i8 %kernel_2_1, void @empty_0, i32 4294967295, i32 4294967295, void @empty, i32 0, i32 0, void @empty_1, void @empty_16, void @empty, i32 0, i32 0, i32 0, i32 0, void @empty, void @empty, i32 4294967295, i32 0, i32 0, i32 0"   --->   Operation 98 'specinterface' 'specinterface_ln0' <Predicate = true> <Delay = 0.00>
ST_4 : Operation 99 [1/1] (0.00ns)   --->   "%specinterface_ln0 = specinterface void @_ssdm_op_SpecInterface, i8 %kernel_2_1, void @empty_3, i32 0, i32 0, void @empty, i32 0, i32 0, void @empty, void @empty, void @empty, i32 0, i32 0, i32 0, i32 0, void @empty, void @empty, i32 4294967295, i32 0, i32 0, i32 0"   --->   Operation 99 'specinterface' 'specinterface_ln0' <Predicate = true> <Delay = 0.00>
ST_4 : Operation 100 [1/1] (0.00ns)   --->   "%specbitsmap_ln0 = specbitsmap void @_ssdm_op_SpecBitsMap, i8 %kernel_2_2"   --->   Operation 100 'specbitsmap' 'specbitsmap_ln0' <Predicate = true> <Delay = 0.00>
ST_4 : Operation 101 [1/1] (0.00ns)   --->   "%specinterface_ln0 = specinterface void @_ssdm_op_SpecInterface, i8 %kernel_2_2, void @empty_0, i32 4294967295, i32 4294967295, void @empty, i32 0, i32 0, void @empty_1, void @empty_37, void @empty, i32 0, i32 0, i32 0, i32 0, void @empty, void @empty, i32 4294967295, i32 0, i32 0, i32 0"   --->   Operation 101 'specinterface' 'specinterface_ln0' <Predicate = true> <Delay = 0.00>
ST_4 : Operation 102 [1/1] (0.00ns)   --->   "%specinterface_ln0 = specinterface void @_ssdm_op_SpecInterface, i8 %kernel_2_2, void @empty_3, i32 0, i32 0, void @empty, i32 0, i32 0, void @empty, void @empty, void @empty, i32 0, i32 0, i32 0, i32 0, void @empty, void @empty, i32 4294967295, i32 0, i32 0, i32 0"   --->   Operation 102 'specinterface' 'specinterface_ln0' <Predicate = true> <Delay = 0.00>
ST_4 : Operation 103 [1/1] (0.00ns)   --->   "%specbitsmap_ln0 = specbitsmap void @_ssdm_op_SpecBitsMap, i8 %kernel_2_3"   --->   Operation 103 'specbitsmap' 'specbitsmap_ln0' <Predicate = true> <Delay = 0.00>
ST_4 : Operation 104 [1/1] (0.00ns)   --->   "%specinterface_ln0 = specinterface void @_ssdm_op_SpecInterface, i8 %kernel_2_3, void @empty_0, i32 4294967295, i32 4294967295, void @empty, i32 0, i32 0, void @empty_1, void @empty_18, void @empty, i32 0, i32 0, i32 0, i32 0, void @empty, void @empty, i32 4294967295, i32 0, i32 0, i32 0"   --->   Operation 104 'specinterface' 'specinterface_ln0' <Predicate = true> <Delay = 0.00>
ST_4 : Operation 105 [1/1] (0.00ns)   --->   "%specinterface_ln0 = specinterface void @_ssdm_op_SpecInterface, i8 %kernel_2_3, void @empty_3, i32 0, i32 0, void @empty, i32 0, i32 0, void @empty, void @empty, void @empty, i32 0, i32 0, i32 0, i32 0, void @empty, void @empty, i32 4294967295, i32 0, i32 0, i32 0"   --->   Operation 105 'specinterface' 'specinterface_ln0' <Predicate = true> <Delay = 0.00>
ST_4 : Operation 106 [1/1] (0.00ns)   --->   "%specbitsmap_ln0 = specbitsmap void @_ssdm_op_SpecBitsMap, i8 %kernel_2_4"   --->   Operation 106 'specbitsmap' 'specbitsmap_ln0' <Predicate = true> <Delay = 0.00>
ST_4 : Operation 107 [1/1] (0.00ns)   --->   "%specinterface_ln0 = specinterface void @_ssdm_op_SpecInterface, i8 %kernel_2_4, void @empty_0, i32 4294967295, i32 4294967295, void @empty, i32 0, i32 0, void @empty_1, void @empty_19, void @empty, i32 0, i32 0, i32 0, i32 0, void @empty, void @empty, i32 4294967295, i32 0, i32 0, i32 0"   --->   Operation 107 'specinterface' 'specinterface_ln0' <Predicate = true> <Delay = 0.00>
ST_4 : Operation 108 [1/1] (0.00ns)   --->   "%specinterface_ln0 = specinterface void @_ssdm_op_SpecInterface, i8 %kernel_2_4, void @empty_3, i32 0, i32 0, void @empty, i32 0, i32 0, void @empty, void @empty, void @empty, i32 0, i32 0, i32 0, i32 0, void @empty, void @empty, i32 4294967295, i32 0, i32 0, i32 0"   --->   Operation 108 'specinterface' 'specinterface_ln0' <Predicate = true> <Delay = 0.00>
ST_4 : Operation 109 [1/1] (0.00ns)   --->   "%specbitsmap_ln0 = specbitsmap void @_ssdm_op_SpecBitsMap, i8 %kernel_3_0"   --->   Operation 109 'specbitsmap' 'specbitsmap_ln0' <Predicate = true> <Delay = 0.00>
ST_4 : Operation 110 [1/1] (0.00ns)   --->   "%specinterface_ln0 = specinterface void @_ssdm_op_SpecInterface, i8 %kernel_3_0, void @empty_0, i32 4294967295, i32 4294967295, void @empty, i32 0, i32 0, void @empty_1, void @empty_20, void @empty, i32 0, i32 0, i32 0, i32 0, void @empty, void @empty, i32 4294967295, i32 0, i32 0, i32 0"   --->   Operation 110 'specinterface' 'specinterface_ln0' <Predicate = true> <Delay = 0.00>
ST_4 : Operation 111 [1/1] (0.00ns)   --->   "%specinterface_ln0 = specinterface void @_ssdm_op_SpecInterface, i8 %kernel_3_0, void @empty_3, i32 0, i32 0, void @empty, i32 0, i32 0, void @empty, void @empty, void @empty, i32 0, i32 0, i32 0, i32 0, void @empty, void @empty, i32 4294967295, i32 0, i32 0, i32 0"   --->   Operation 111 'specinterface' 'specinterface_ln0' <Predicate = true> <Delay = 0.00>
ST_4 : Operation 112 [1/1] (0.00ns)   --->   "%specbitsmap_ln0 = specbitsmap void @_ssdm_op_SpecBitsMap, i8 %kernel_3_1"   --->   Operation 112 'specbitsmap' 'specbitsmap_ln0' <Predicate = true> <Delay = 0.00>
ST_4 : Operation 113 [1/1] (0.00ns)   --->   "%specinterface_ln0 = specinterface void @_ssdm_op_SpecInterface, i8 %kernel_3_1, void @empty_0, i32 4294967295, i32 4294967295, void @empty, i32 0, i32 0, void @empty_1, void @empty_21, void @empty, i32 0, i32 0, i32 0, i32 0, void @empty, void @empty, i32 4294967295, i32 0, i32 0, i32 0"   --->   Operation 113 'specinterface' 'specinterface_ln0' <Predicate = true> <Delay = 0.00>
ST_4 : Operation 114 [1/1] (0.00ns)   --->   "%specinterface_ln0 = specinterface void @_ssdm_op_SpecInterface, i8 %kernel_3_1, void @empty_3, i32 0, i32 0, void @empty, i32 0, i32 0, void @empty, void @empty, void @empty, i32 0, i32 0, i32 0, i32 0, void @empty, void @empty, i32 4294967295, i32 0, i32 0, i32 0"   --->   Operation 114 'specinterface' 'specinterface_ln0' <Predicate = true> <Delay = 0.00>
ST_4 : Operation 115 [1/1] (0.00ns)   --->   "%specbitsmap_ln0 = specbitsmap void @_ssdm_op_SpecBitsMap, i8 %kernel_3_2"   --->   Operation 115 'specbitsmap' 'specbitsmap_ln0' <Predicate = true> <Delay = 0.00>
ST_4 : Operation 116 [1/1] (0.00ns)   --->   "%specinterface_ln0 = specinterface void @_ssdm_op_SpecInterface, i8 %kernel_3_2, void @empty_0, i32 4294967295, i32 4294967295, void @empty, i32 0, i32 0, void @empty_1, void @empty_22, void @empty, i32 0, i32 0, i32 0, i32 0, void @empty, void @empty, i32 4294967295, i32 0, i32 0, i32 0"   --->   Operation 116 'specinterface' 'specinterface_ln0' <Predicate = true> <Delay = 0.00>
ST_4 : Operation 117 [1/1] (0.00ns)   --->   "%specinterface_ln0 = specinterface void @_ssdm_op_SpecInterface, i8 %kernel_3_2, void @empty_3, i32 0, i32 0, void @empty, i32 0, i32 0, void @empty, void @empty, void @empty, i32 0, i32 0, i32 0, i32 0, void @empty, void @empty, i32 4294967295, i32 0, i32 0, i32 0"   --->   Operation 117 'specinterface' 'specinterface_ln0' <Predicate = true> <Delay = 0.00>
ST_4 : Operation 118 [1/1] (0.00ns)   --->   "%specbitsmap_ln0 = specbitsmap void @_ssdm_op_SpecBitsMap, i8 %kernel_3_3"   --->   Operation 118 'specbitsmap' 'specbitsmap_ln0' <Predicate = true> <Delay = 0.00>
ST_4 : Operation 119 [1/1] (0.00ns)   --->   "%specinterface_ln0 = specinterface void @_ssdm_op_SpecInterface, i8 %kernel_3_3, void @empty_0, i32 4294967295, i32 4294967295, void @empty, i32 0, i32 0, void @empty_1, void @empty_23, void @empty, i32 0, i32 0, i32 0, i32 0, void @empty, void @empty, i32 4294967295, i32 0, i32 0, i32 0"   --->   Operation 119 'specinterface' 'specinterface_ln0' <Predicate = true> <Delay = 0.00>
ST_4 : Operation 120 [1/1] (0.00ns)   --->   "%specinterface_ln0 = specinterface void @_ssdm_op_SpecInterface, i8 %kernel_3_3, void @empty_3, i32 0, i32 0, void @empty, i32 0, i32 0, void @empty, void @empty, void @empty, i32 0, i32 0, i32 0, i32 0, void @empty, void @empty, i32 4294967295, i32 0, i32 0, i32 0"   --->   Operation 120 'specinterface' 'specinterface_ln0' <Predicate = true> <Delay = 0.00>
ST_4 : Operation 121 [1/1] (0.00ns)   --->   "%specbitsmap_ln0 = specbitsmap void @_ssdm_op_SpecBitsMap, i8 %kernel_3_4"   --->   Operation 121 'specbitsmap' 'specbitsmap_ln0' <Predicate = true> <Delay = 0.00>
ST_4 : Operation 122 [1/1] (0.00ns)   --->   "%specinterface_ln0 = specinterface void @_ssdm_op_SpecInterface, i8 %kernel_3_4, void @empty_0, i32 4294967295, i32 4294967295, void @empty, i32 0, i32 0, void @empty_1, void @empty_24, void @empty, i32 0, i32 0, i32 0, i32 0, void @empty, void @empty, i32 4294967295, i32 0, i32 0, i32 0"   --->   Operation 122 'specinterface' 'specinterface_ln0' <Predicate = true> <Delay = 0.00>
ST_4 : Operation 123 [1/1] (0.00ns)   --->   "%specinterface_ln0 = specinterface void @_ssdm_op_SpecInterface, i8 %kernel_3_4, void @empty_3, i32 0, i32 0, void @empty, i32 0, i32 0, void @empty, void @empty, void @empty, i32 0, i32 0, i32 0, i32 0, void @empty, void @empty, i32 4294967295, i32 0, i32 0, i32 0"   --->   Operation 123 'specinterface' 'specinterface_ln0' <Predicate = true> <Delay = 0.00>
ST_4 : Operation 124 [1/1] (0.00ns)   --->   "%specbitsmap_ln0 = specbitsmap void @_ssdm_op_SpecBitsMap, i8 %kernel_4_0"   --->   Operation 124 'specbitsmap' 'specbitsmap_ln0' <Predicate = true> <Delay = 0.00>
ST_4 : Operation 125 [1/1] (0.00ns)   --->   "%specinterface_ln0 = specinterface void @_ssdm_op_SpecInterface, i8 %kernel_4_0, void @empty_0, i32 4294967295, i32 4294967295, void @empty, i32 0, i32 0, void @empty_1, void @empty_25, void @empty, i32 0, i32 0, i32 0, i32 0, void @empty, void @empty, i32 4294967295, i32 0, i32 0, i32 0"   --->   Operation 125 'specinterface' 'specinterface_ln0' <Predicate = true> <Delay = 0.00>
ST_4 : Operation 126 [1/1] (0.00ns)   --->   "%specinterface_ln0 = specinterface void @_ssdm_op_SpecInterface, i8 %kernel_4_0, void @empty_3, i32 0, i32 0, void @empty, i32 0, i32 0, void @empty, void @empty, void @empty, i32 0, i32 0, i32 0, i32 0, void @empty, void @empty, i32 4294967295, i32 0, i32 0, i32 0"   --->   Operation 126 'specinterface' 'specinterface_ln0' <Predicate = true> <Delay = 0.00>
ST_4 : Operation 127 [1/1] (0.00ns)   --->   "%specbitsmap_ln0 = specbitsmap void @_ssdm_op_SpecBitsMap, i8 %kernel_4_1"   --->   Operation 127 'specbitsmap' 'specbitsmap_ln0' <Predicate = true> <Delay = 0.00>
ST_4 : Operation 128 [1/1] (0.00ns)   --->   "%specinterface_ln0 = specinterface void @_ssdm_op_SpecInterface, i8 %kernel_4_1, void @empty_0, i32 4294967295, i32 4294967295, void @empty, i32 0, i32 0, void @empty_1, void @empty_26, void @empty, i32 0, i32 0, i32 0, i32 0, void @empty, void @empty, i32 4294967295, i32 0, i32 0, i32 0"   --->   Operation 128 'specinterface' 'specinterface_ln0' <Predicate = true> <Delay = 0.00>
ST_4 : Operation 129 [1/1] (0.00ns)   --->   "%specinterface_ln0 = specinterface void @_ssdm_op_SpecInterface, i8 %kernel_4_1, void @empty_3, i32 0, i32 0, void @empty, i32 0, i32 0, void @empty, void @empty, void @empty, i32 0, i32 0, i32 0, i32 0, void @empty, void @empty, i32 4294967295, i32 0, i32 0, i32 0"   --->   Operation 129 'specinterface' 'specinterface_ln0' <Predicate = true> <Delay = 0.00>
ST_4 : Operation 130 [1/1] (0.00ns)   --->   "%specbitsmap_ln0 = specbitsmap void @_ssdm_op_SpecBitsMap, i8 %kernel_4_2"   --->   Operation 130 'specbitsmap' 'specbitsmap_ln0' <Predicate = true> <Delay = 0.00>
ST_4 : Operation 131 [1/1] (0.00ns)   --->   "%specinterface_ln0 = specinterface void @_ssdm_op_SpecInterface, i8 %kernel_4_2, void @empty_0, i32 4294967295, i32 4294967295, void @empty, i32 0, i32 0, void @empty_1, void @empty_27, void @empty, i32 0, i32 0, i32 0, i32 0, void @empty, void @empty, i32 4294967295, i32 0, i32 0, i32 0"   --->   Operation 131 'specinterface' 'specinterface_ln0' <Predicate = true> <Delay = 0.00>
ST_4 : Operation 132 [1/1] (0.00ns)   --->   "%specinterface_ln0 = specinterface void @_ssdm_op_SpecInterface, i8 %kernel_4_2, void @empty_3, i32 0, i32 0, void @empty, i32 0, i32 0, void @empty, void @empty, void @empty, i32 0, i32 0, i32 0, i32 0, void @empty, void @empty, i32 4294967295, i32 0, i32 0, i32 0"   --->   Operation 132 'specinterface' 'specinterface_ln0' <Predicate = true> <Delay = 0.00>
ST_4 : Operation 133 [1/1] (0.00ns)   --->   "%specbitsmap_ln0 = specbitsmap void @_ssdm_op_SpecBitsMap, i8 %kernel_4_3"   --->   Operation 133 'specbitsmap' 'specbitsmap_ln0' <Predicate = true> <Delay = 0.00>
ST_4 : Operation 134 [1/1] (0.00ns)   --->   "%specinterface_ln0 = specinterface void @_ssdm_op_SpecInterface, i8 %kernel_4_3, void @empty_0, i32 4294967295, i32 4294967295, void @empty, i32 0, i32 0, void @empty_1, void @empty_28, void @empty, i32 0, i32 0, i32 0, i32 0, void @empty, void @empty, i32 4294967295, i32 0, i32 0, i32 0"   --->   Operation 134 'specinterface' 'specinterface_ln0' <Predicate = true> <Delay = 0.00>
ST_4 : Operation 135 [1/1] (0.00ns)   --->   "%specinterface_ln0 = specinterface void @_ssdm_op_SpecInterface, i8 %kernel_4_3, void @empty_3, i32 0, i32 0, void @empty, i32 0, i32 0, void @empty, void @empty, void @empty, i32 0, i32 0, i32 0, i32 0, void @empty, void @empty, i32 4294967295, i32 0, i32 0, i32 0"   --->   Operation 135 'specinterface' 'specinterface_ln0' <Predicate = true> <Delay = 0.00>
ST_4 : Operation 136 [1/1] (0.00ns)   --->   "%specbitsmap_ln0 = specbitsmap void @_ssdm_op_SpecBitsMap, i8 %kernel_4_4"   --->   Operation 136 'specbitsmap' 'specbitsmap_ln0' <Predicate = true> <Delay = 0.00>
ST_4 : Operation 137 [1/1] (0.00ns)   --->   "%specinterface_ln0 = specinterface void @_ssdm_op_SpecInterface, i8 %kernel_4_4, void @empty_0, i32 4294967295, i32 4294967295, void @empty, i32 0, i32 0, void @empty_1, void @empty_29, void @empty, i32 0, i32 0, i32 0, i32 0, void @empty, void @empty, i32 4294967295, i32 0, i32 0, i32 0"   --->   Operation 137 'specinterface' 'specinterface_ln0' <Predicate = true> <Delay = 0.00>
ST_4 : Operation 138 [1/1] (0.00ns)   --->   "%specinterface_ln0 = specinterface void @_ssdm_op_SpecInterface, i8 %kernel_4_4, void @empty_3, i32 0, i32 0, void @empty, i32 0, i32 0, void @empty, void @empty, void @empty, i32 0, i32 0, i32 0, i32 0, void @empty, void @empty, i32 4294967295, i32 0, i32 0, i32 0"   --->   Operation 138 'specinterface' 'specinterface_ln0' <Predicate = true> <Delay = 0.00>
ST_4 : Operation 139 [1/1] (0.00ns)   --->   "%specbitsmap_ln0 = specbitsmap void @_ssdm_op_SpecBitsMap, i32 %inv_divisor"   --->   Operation 139 'specbitsmap' 'specbitsmap_ln0' <Predicate = true> <Delay = 0.00>
ST_4 : Operation 140 [1/1] (0.00ns)   --->   "%specinterface_ln0 = specinterface void @_ssdm_op_SpecInterface, i32 %inv_divisor, void @empty_0, i32 4294967295, i32 4294967295, void @empty, i32 0, i32 0, void @empty_1, void @empty_30, void @empty, i32 0, i32 0, i32 0, i32 0, void @empty, void @empty, i32 4294967295, i32 0, i32 0, i32 0"   --->   Operation 140 'specinterface' 'specinterface_ln0' <Predicate = true> <Delay = 0.00>
ST_4 : Operation 141 [1/1] (0.00ns)   --->   "%specinterface_ln0 = specinterface void @_ssdm_op_SpecInterface, i32 %inv_divisor, void @empty_3, i32 0, i32 0, void @empty, i32 0, i32 0, void @empty, void @empty, void @empty, i32 0, i32 0, i32 0, i32 0, void @empty, void @empty, i32 4294967295, i32 0, i32 0, i32 0"   --->   Operation 141 'specinterface' 'specinterface_ln0' <Predicate = true> <Delay = 0.00>
ST_4 : Operation 142 [1/1] (0.00ns)   --->   "%specbitsmap_ln0 = specbitsmap void @_ssdm_op_SpecBitsMap, i5 %fraction_bits"   --->   Operation 142 'specbitsmap' 'specbitsmap_ln0' <Predicate = true> <Delay = 0.00>
ST_4 : Operation 143 [1/1] (0.00ns)   --->   "%specinterface_ln0 = specinterface void @_ssdm_op_SpecInterface, i5 %fraction_bits, void @empty_0, i32 4294967295, i32 4294967295, void @empty, i32 0, i32 0, void @empty_1, void @empty_31, void @empty, i32 0, i32 0, i32 0, i32 0, void @empty, void @empty, i32 4294967295, i32 0, i32 0, i32 0"   --->   Operation 143 'specinterface' 'specinterface_ln0' <Predicate = true> <Delay = 0.00>
ST_4 : Operation 144 [1/1] (0.00ns)   --->   "%specinterface_ln0 = specinterface void @_ssdm_op_SpecInterface, i5 %fraction_bits, void @empty_3, i32 0, i32 0, void @empty, i32 0, i32 0, void @empty, void @empty, void @empty, i32 0, i32 0, i32 0, i32 0, void @empty, void @empty, i32 4294967295, i32 0, i32 0, i32 0"   --->   Operation 144 'specinterface' 'specinterface_ln0' <Predicate = true> <Delay = 0.00>
ST_4 : Operation 145 [1/1] (0.00ns)   --->   "%specbitsmap_ln0 = specbitsmap void @_ssdm_op_SpecBitsMap, i32 %delta"   --->   Operation 145 'specbitsmap' 'specbitsmap_ln0' <Predicate = true> <Delay = 0.00>
ST_4 : Operation 146 [1/1] (0.00ns)   --->   "%specinterface_ln0 = specinterface void @_ssdm_op_SpecInterface, i32 %delta, void @empty_0, i32 4294967295, i32 4294967295, void @empty, i32 0, i32 0, void @empty_1, void @empty_32, void @empty, i32 0, i32 0, i32 0, i32 0, void @empty, void @empty, i32 4294967295, i32 0, i32 0, i32 0"   --->   Operation 146 'specinterface' 'specinterface_ln0' <Predicate = true> <Delay = 0.00>
ST_4 : Operation 147 [1/1] (0.00ns)   --->   "%specinterface_ln0 = specinterface void @_ssdm_op_SpecInterface, i32 %delta, void @empty_3, i32 0, i32 0, void @empty, i32 0, i32 0, void @empty, void @empty, void @empty, i32 0, i32 0, i32 0, i32 0, void @empty, void @empty, i32 4294967295, i32 0, i32 0, i32 0"   --->   Operation 147 'specinterface' 'specinterface_ln0' <Predicate = true> <Delay = 0.00>
ST_4 : Operation 148 [1/1] (0.00ns)   --->   "%specbitsmap_ln0 = specbitsmap void @_ssdm_op_SpecBitsMap, i1 %borderType"   --->   Operation 148 'specbitsmap' 'specbitsmap_ln0' <Predicate = true> <Delay = 0.00>
ST_4 : Operation 149 [1/1] (0.00ns)   --->   "%specinterface_ln0 = specinterface void @_ssdm_op_SpecInterface, i1 %borderType, void @empty_0, i32 4294967295, i32 4294967295, void @empty, i32 0, i32 0, void @empty_1, void @empty_33, void @empty, i32 0, i32 0, i32 0, i32 0, void @empty, void @empty, i32 4294967295, i32 0, i32 0, i32 0"   --->   Operation 149 'specinterface' 'specinterface_ln0' <Predicate = true> <Delay = 0.00>
ST_4 : Operation 150 [1/1] (0.00ns)   --->   "%specinterface_ln0 = specinterface void @_ssdm_op_SpecInterface, i1 %borderType, void @empty_3, i32 0, i32 0, void @empty, i32 0, i32 0, void @empty, void @empty, void @empty, i32 0, i32 0, i32 0, i32 0, void @empty, void @empty, i32 4294967295, i32 0, i32 0, i32 0"   --->   Operation 150 'specinterface' 'specinterface_ln0' <Predicate = true> <Delay = 0.00>
ST_4 : Operation 151 [1/1] (0.00ns)   --->   "%specinterface_ln0 = specinterface void @_ssdm_op_SpecInterface, i32 0, void @empty_0, i32 0, i32 0, void @empty, i32 0, i32 0, void @empty_1, void @empty, void @empty, i32 0, i32 0, i32 0, i32 0, void @empty, void @empty, i32 0, i32 0, i32 0, i32 0"   --->   Operation 151 'specinterface' 'specinterface_ln0' <Predicate = true> <Delay = 0.00>
ST_4 : Operation 152 [1/1] (0.00ns)   --->   "%ret_ln170 = ret" [hls_filter_2d.cpp:170]   --->   Operation 152 'ret' 'ret_ln170' <Predicate = true> <Delay = 0.00>


============================================================
+ Verbose Summary: Binding
============================================================
STG Binding: 
---------------- STG Properties BEGIN ----------------
- Is combinational: 0
- Is one-state seq: 0
- Is datapath-only: 0
- Is pipelined: 0
- Is top level: 1
Port [ Return ] is wired: 1; IO mode=ap_ctrl_hs:ce=0
Port [ s_axis_video]:  wired=1; compound=1; hidden=0; nouse=0; global=0; static=0; extern=0; dir=0; type=0; pingpong=0; private_global=0; IO mode=axis:ce=0
Port [ m_axis_video]:  wired=1; compound=1; hidden=0; nouse=0; global=0; static=0; extern=0; dir=1; type=0; pingpong=0; private_global=0; IO mode=axis:ce=0
Port [ width]:  wired=1; compound=0; hidden=0; nouse=0; global=0; static=0; extern=0; dir=0; type=0; pingpong=0; private_global=0; IO mode=ap_none:ce=0
Port [ height]:  wired=1; compound=0; hidden=0; nouse=0; global=0; static=0; extern=0; dir=0; type=0; pingpong=0; private_global=0; IO mode=ap_none:ce=0
Port [ kernel_0_0]:  wired=1; compound=0; hidden=0; nouse=0; global=0; static=0; extern=0; dir=0; type=0; pingpong=0; private_global=0; IO mode=ap_none:ce=0
Port [ kernel_0_1]:  wired=1; compound=0; hidden=0; nouse=0; global=0; static=0; extern=0; dir=0; type=0; pingpong=0; private_global=0; IO mode=ap_none:ce=0
Port [ kernel_0_2]:  wired=1; compound=0; hidden=0; nouse=0; global=0; static=0; extern=0; dir=0; type=0; pingpong=0; private_global=0; IO mode=ap_none:ce=0
Port [ kernel_0_3]:  wired=1; compound=0; hidden=0; nouse=0; global=0; static=0; extern=0; dir=0; type=0; pingpong=0; private_global=0; IO mode=ap_none:ce=0
Port [ kernel_0_4]:  wired=1; compound=0; hidden=0; nouse=0; global=0; static=0; extern=0; dir=0; type=0; pingpong=0; private_global=0; IO mode=ap_none:ce=0
Port [ kernel_1_0]:  wired=1; compound=0; hidden=0; nouse=0; global=0; static=0; extern=0; dir=0; type=0; pingpong=0; private_global=0; IO mode=ap_none:ce=0
Port [ kernel_1_1]:  wired=1; compound=0; hidden=0; nouse=0; global=0; static=0; extern=0; dir=0; type=0; pingpong=0; private_global=0; IO mode=ap_none:ce=0
Port [ kernel_1_2]:  wired=1; compound=0; hidden=0; nouse=0; global=0; static=0; extern=0; dir=0; type=0; pingpong=0; private_global=0; IO mode=ap_none:ce=0
Port [ kernel_1_3]:  wired=1; compound=0; hidden=0; nouse=0; global=0; static=0; extern=0; dir=0; type=0; pingpong=0; private_global=0; IO mode=ap_none:ce=0
Port [ kernel_1_4]:  wired=1; compound=0; hidden=0; nouse=0; global=0; static=0; extern=0; dir=0; type=0; pingpong=0; private_global=0; IO mode=ap_none:ce=0
Port [ kernel_2_0]:  wired=1; compound=0; hidden=0; nouse=0; global=0; static=0; extern=0; dir=0; type=0; pingpong=0; private_global=0; IO mode=ap_none:ce=0
Port [ kernel_2_1]:  wired=1; compound=0; hidden=0; nouse=0; global=0; static=0; extern=0; dir=0; type=0; pingpong=0; private_global=0; IO mode=ap_none:ce=0
Port [ kernel_2_2]:  wired=1; compound=0; hidden=0; nouse=0; global=0; static=0; extern=0; dir=0; type=0; pingpong=0; private_global=0; IO mode=ap_none:ce=0
Port [ kernel_2_3]:  wired=1; compound=0; hidden=0; nouse=0; global=0; static=0; extern=0; dir=0; type=0; pingpong=0; private_global=0; IO mode=ap_none:ce=0
Port [ kernel_2_4]:  wired=1; compound=0; hidden=0; nouse=0; global=0; static=0; extern=0; dir=0; type=0; pingpong=0; private_global=0; IO mode=ap_none:ce=0
Port [ kernel_3_0]:  wired=1; compound=0; hidden=0; nouse=0; global=0; static=0; extern=0; dir=0; type=0; pingpong=0; private_global=0; IO mode=ap_none:ce=0
Port [ kernel_3_1]:  wired=1; compound=0; hidden=0; nouse=0; global=0; static=0; extern=0; dir=0; type=0; pingpong=0; private_global=0; IO mode=ap_none:ce=0
Port [ kernel_3_2]:  wired=1; compound=0; hidden=0; nouse=0; global=0; static=0; extern=0; dir=0; type=0; pingpong=0; private_global=0; IO mode=ap_none:ce=0
Port [ kernel_3_3]:  wired=1; compound=0; hidden=0; nouse=0; global=0; static=0; extern=0; dir=0; type=0; pingpong=0; private_global=0; IO mode=ap_none:ce=0
Port [ kernel_3_4]:  wired=1; compound=0; hidden=0; nouse=0; global=0; static=0; extern=0; dir=0; type=0; pingpong=0; private_global=0; IO mode=ap_none:ce=0
Port [ kernel_4_0]:  wired=1; compound=0; hidden=0; nouse=0; global=0; static=0; extern=0; dir=0; type=0; pingpong=0; private_global=0; IO mode=ap_none:ce=0
Port [ kernel_4_1]:  wired=1; compound=0; hidden=0; nouse=0; global=0; static=0; extern=0; dir=0; type=0; pingpong=0; private_global=0; IO mode=ap_none:ce=0
Port [ kernel_4_2]:  wired=1; compound=0; hidden=0; nouse=0; global=0; static=0; extern=0; dir=0; type=0; pingpong=0; private_global=0; IO mode=ap_none:ce=0
Port [ kernel_4_3]:  wired=1; compound=0; hidden=0; nouse=0; global=0; static=0; extern=0; dir=0; type=0; pingpong=0; private_global=0; IO mode=ap_none:ce=0
Port [ kernel_4_4]:  wired=1; compound=0; hidden=0; nouse=0; global=0; static=0; extern=0; dir=0; type=0; pingpong=0; private_global=0; IO mode=ap_none:ce=0
Port [ inv_divisor]:  wired=1; compound=0; hidden=0; nouse=0; global=0; static=0; extern=0; dir=0; type=0; pingpong=0; private_global=0; IO mode=ap_none:ce=0
Port [ fraction_bits]:  wired=1; compound=0; hidden=0; nouse=0; global=0; static=0; extern=0; dir=0; type=0; pingpong=0; private_global=0; IO mode=ap_none:ce=0
Port [ delta]:  wired=1; compound=0; hidden=0; nouse=0; global=0; static=0; extern=0; dir=0; type=0; pingpong=0; private_global=0; IO mode=ap_none:ce=0
Port [ borderType]:  wired=1; compound=0; hidden=0; nouse=0; global=0; static=0; extern=0; dir=0; type=0; pingpong=0; private_global=0; IO mode=ap_none:ce=0
---------------- STG Properties END ------------------

---------------- Datapath Model BEGIN ----------------

<LifeTime>
<method=bitvector/>
borderType_read    (read          ) [ 00110]
delta_read         (read          ) [ 00110]
fraction_bits_read (read          ) [ 00110]
inv_divisor_read   (read          ) [ 00110]
height_read        (read          ) [ 00110]
width_read         (read          ) [ 00110]
zext_ln42          (zext          ) [ 00000]
zext_ln42_1        (zext          ) [ 00000]
total_pixels       (mul           ) [ 00110]
kernel_0_0_read    (read          ) [ 00110]
kernel_0_1_read    (read          ) [ 00110]
kernel_0_2_read    (read          ) [ 00110]
kernel_0_3_read    (read          ) [ 00110]
kernel_0_4_read    (read          ) [ 00110]
kernel_1_0_read    (read          ) [ 00110]
kernel_1_1_read    (read          ) [ 00110]
kernel_1_2_read    (read          ) [ 00110]
kernel_1_3_read    (read          ) [ 00110]
kernel_1_4_read    (read          ) [ 00110]
kernel_2_0_read    (read          ) [ 00110]
kernel_2_1_read    (read          ) [ 00110]
kernel_2_2_read    (read          ) [ 00110]
kernel_2_3_read    (read          ) [ 00110]
kernel_2_4_read    (read          ) [ 00110]
kernel_3_0_read    (read          ) [ 00110]
kernel_3_1_read    (read          ) [ 00110]
kernel_3_2_read    (read          ) [ 00110]
kernel_3_3_read    (read          ) [ 00110]
kernel_3_4_read    (read          ) [ 00110]
kernel_4_0_read    (read          ) [ 00110]
kernel_4_1_read    (read          ) [ 00110]
kernel_4_2_read    (read          ) [ 00110]
kernel_4_3_read    (read          ) [ 00110]
kernel_4_4_read    (read          ) [ 00110]
zext_ln43          (zext          ) [ 00000]
shl_ln             (bitconcatenate) [ 00000]
zext_ln43_1        (zext          ) [ 00000]
flush_cycles       (add           ) [ 00010]
zext_ln44          (zext          ) [ 00000]
zext_ln44_1        (zext          ) [ 00000]
total_cycles       (add           ) [ 00010]
add_ln88           (add           ) [ 00010]
zext_ln122         (zext          ) [ 00000]
add_ln140          (add           ) [ 00010]
add_ln141          (add           ) [ 00010]
add_ln155          (add           ) [ 00010]
call_ln42          (call          ) [ 00000]
spectopmodule_ln7  (spectopmodule ) [ 00000]
specinterface_ln0  (specinterface ) [ 00000]
specbitsmap_ln0    (specbitsmap   ) [ 00000]
specinterface_ln0  (specinterface ) [ 00000]
specbitsmap_ln0    (specbitsmap   ) [ 00000]
specbitsmap_ln0    (specbitsmap   ) [ 00000]
specinterface_ln0  (specinterface ) [ 00000]
specinterface_ln0  (specinterface ) [ 00000]
specbitsmap_ln0    (specbitsmap   ) [ 00000]
specinterface_ln0  (specinterface ) [ 00000]
specinterface_ln0  (specinterface ) [ 00000]
specbitsmap_ln0    (specbitsmap   ) [ 00000]
specinterface_ln0  (specinterface ) [ 00000]
specinterface_ln0  (specinterface ) [ 00000]
specbitsmap_ln0    (specbitsmap   ) [ 00000]
specinterface_ln0  (specinterface ) [ 00000]
specinterface_ln0  (specinterface ) [ 00000]
specbitsmap_ln0    (specbitsmap   ) [ 00000]
specinterface_ln0  (specinterface ) [ 00000]
specinterface_ln0  (specinterface ) [ 00000]
specbitsmap_ln0    (specbitsmap   ) [ 00000]
specinterface_ln0  (specinterface ) [ 00000]
specinterface_ln0  (specinterface ) [ 00000]
specbitsmap_ln0    (specbitsmap   ) [ 00000]
specinterface_ln0  (specinterface ) [ 00000]
specinterface_ln0  (specinterface ) [ 00000]
specbitsmap_ln0    (specbitsmap   ) [ 00000]
specinterface_ln0  (specinterface ) [ 00000]
specinterface_ln0  (specinterface ) [ 00000]
specbitsmap_ln0    (specbitsmap   ) [ 00000]
specinterface_ln0  (specinterface ) [ 00000]
specinterface_ln0  (specinterface ) [ 00000]
specbitsmap_ln0    (specbitsmap   ) [ 00000]
specinterface_ln0  (specinterface ) [ 00000]
specinterface_ln0  (specinterface ) [ 00000]
specbitsmap_ln0    (specbitsmap   ) [ 00000]
specinterface_ln0  (specinterface ) [ 00000]
specinterface_ln0  (specinterface ) [ 00000]
specbitsmap_ln0    (specbitsmap   ) [ 00000]
specinterface_ln0  (specinterface ) [ 00000]
specinterface_ln0  (specinterface ) [ 00000]
specbitsmap_ln0    (specbitsmap   ) [ 00000]
specinterface_ln0  (specinterface ) [ 00000]
specinterface_ln0  (specinterface ) [ 00000]
specbitsmap_ln0    (specbitsmap   ) [ 00000]
specinterface_ln0  (specinterface ) [ 00000]
specinterface_ln0  (specinterface ) [ 00000]
specbitsmap_ln0    (specbitsmap   ) [ 00000]
specinterface_ln0  (specinterface ) [ 00000]
specinterface_ln0  (specinterface ) [ 00000]
specbitsmap_ln0    (specbitsmap   ) [ 00000]
specinterface_ln0  (specinterface ) [ 00000]
specinterface_ln0  (specinterface ) [ 00000]
specbitsmap_ln0    (specbitsmap   ) [ 00000]
specinterface_ln0  (specinterface ) [ 00000]
specinterface_ln0  (specinterface ) [ 00000]
specbitsmap_ln0    (specbitsmap   ) [ 00000]
specinterface_ln0  (specinterface ) [ 00000]
specinterface_ln0  (specinterface ) [ 00000]
specbitsmap_ln0    (specbitsmap   ) [ 00000]
specinterface_ln0  (specinterface ) [ 00000]
specinterface_ln0  (specinterface ) [ 00000]
specbitsmap_ln0    (specbitsmap   ) [ 00000]
specinterface_ln0  (specinterface ) [ 00000]
specinterface_ln0  (specinterface ) [ 00000]
specbitsmap_ln0    (specbitsmap   ) [ 00000]
specinterface_ln0  (specinterface ) [ 00000]
specinterface_ln0  (specinterface ) [ 00000]
specbitsmap_ln0    (specbitsmap   ) [ 00000]
specinterface_ln0  (specinterface ) [ 00000]
specinterface_ln0  (specinterface ) [ 00000]
specbitsmap_ln0    (specbitsmap   ) [ 00000]
specinterface_ln0  (specinterface ) [ 00000]
specinterface_ln0  (specinterface ) [ 00000]
specbitsmap_ln0    (specbitsmap   ) [ 00000]
specinterface_ln0  (specinterface ) [ 00000]
specinterface_ln0  (specinterface ) [ 00000]
specbitsmap_ln0    (specbitsmap   ) [ 00000]
specinterface_ln0  (specinterface ) [ 00000]
specinterface_ln0  (specinterface ) [ 00000]
specbitsmap_ln0    (specbitsmap   ) [ 00000]
specinterface_ln0  (specinterface ) [ 00000]
specinterface_ln0  (specinterface ) [ 00000]
specbitsmap_ln0    (specbitsmap   ) [ 00000]
specinterface_ln0  (specinterface ) [ 00000]
specinterface_ln0  (specinterface ) [ 00000]
specbitsmap_ln0    (specbitsmap   ) [ 00000]
specinterface_ln0  (specinterface ) [ 00000]
specinterface_ln0  (specinterface ) [ 00000]
specbitsmap_ln0    (specbitsmap   ) [ 00000]
specinterface_ln0  (specinterface ) [ 00000]
specinterface_ln0  (specinterface ) [ 00000]
specbitsmap_ln0    (specbitsmap   ) [ 00000]
specinterface_ln0  (specinterface ) [ 00000]
specinterface_ln0  (specinterface ) [ 00000]
specbitsmap_ln0    (specbitsmap   ) [ 00000]
specinterface_ln0  (specinterface ) [ 00000]
specinterface_ln0  (specinterface ) [ 00000]
specinterface_ln0  (specinterface ) [ 00000]
ret_ln170          (ret           ) [ 00000]
</LifeTime>

<model>

<comp_list>
<comp id="0" class="1000" name="s_axis_video">
<pin_list>
<pin id="1" dir="1" index="0" bw="1" slack="0"/>
</pin_list>
<bind>
<StgValue><ssdm name="s_axis_video"/></StgValue>
</bind>
</comp>

<comp id="2" class="1000" name="m_axis_video">
<pin_list>
<pin id="3" dir="1" index="0" bw="1" slack="0"/>
</pin_list>
<bind>
<StgValue><ssdm name="m_axis_video"/></StgValue>
</bind>
</comp>

<comp id="4" class="1000" name="width">
<pin_list>
<pin id="5" dir="1" index="0" bw="1" slack="0"/>
</pin_list>
<bind>
<StgValue><ssdm name="width"/></StgValue>
</bind>
</comp>

<comp id="6" class="1000" name="height">
<pin_list>
<pin id="7" dir="1" index="0" bw="1" slack="0"/>
</pin_list>
<bind>
<StgValue><ssdm name="height"/></StgValue>
</bind>
</comp>

<comp id="8" class="1000" name="kernel_0_0">
<pin_list>
<pin id="9" dir="1" index="0" bw="1" slack="0"/>
</pin_list>
<bind>
<StgValue><ssdm name="kernel_0_0"/></StgValue>
</bind>
</comp>

<comp id="10" class="1000" name="kernel_0_1">
<pin_list>
<pin id="11" dir="1" index="0" bw="1" slack="0"/>
</pin_list>
<bind>
<StgValue><ssdm name="kernel_0_1"/></StgValue>
</bind>
</comp>

<comp id="12" class="1000" name="kernel_0_2">
<pin_list>
<pin id="13" dir="1" index="0" bw="1" slack="0"/>
</pin_list>
<bind>
<StgValue><ssdm name="kernel_0_2"/></StgValue>
</bind>
</comp>

<comp id="14" class="1000" name="kernel_0_3">
<pin_list>
<pin id="15" dir="1" index="0" bw="1" slack="0"/>
</pin_list>
<bind>
<StgValue><ssdm name="kernel_0_3"/></StgValue>
</bind>
</comp>

<comp id="16" class="1000" name="kernel_0_4">
<pin_list>
<pin id="17" dir="1" index="0" bw="1" slack="0"/>
</pin_list>
<bind>
<StgValue><ssdm name="kernel_0_4"/></StgValue>
</bind>
</comp>

<comp id="18" class="1000" name="kernel_1_0">
<pin_list>
<pin id="19" dir="1" index="0" bw="1" slack="0"/>
</pin_list>
<bind>
<StgValue><ssdm name="kernel_1_0"/></StgValue>
</bind>
</comp>

<comp id="20" class="1000" name="kernel_1_1">
<pin_list>
<pin id="21" dir="1" index="0" bw="1" slack="0"/>
</pin_list>
<bind>
<StgValue><ssdm name="kernel_1_1"/></StgValue>
</bind>
</comp>

<comp id="22" class="1000" name="kernel_1_2">
<pin_list>
<pin id="23" dir="1" index="0" bw="1" slack="0"/>
</pin_list>
<bind>
<StgValue><ssdm name="kernel_1_2"/></StgValue>
</bind>
</comp>

<comp id="24" class="1000" name="kernel_1_3">
<pin_list>
<pin id="25" dir="1" index="0" bw="1" slack="0"/>
</pin_list>
<bind>
<StgValue><ssdm name="kernel_1_3"/></StgValue>
</bind>
</comp>

<comp id="26" class="1000" name="kernel_1_4">
<pin_list>
<pin id="27" dir="1" index="0" bw="1" slack="0"/>
</pin_list>
<bind>
<StgValue><ssdm name="kernel_1_4"/></StgValue>
</bind>
</comp>

<comp id="28" class="1000" name="kernel_2_0">
<pin_list>
<pin id="29" dir="1" index="0" bw="1" slack="0"/>
</pin_list>
<bind>
<StgValue><ssdm name="kernel_2_0"/></StgValue>
</bind>
</comp>

<comp id="30" class="1000" name="kernel_2_1">
<pin_list>
<pin id="31" dir="1" index="0" bw="1" slack="0"/>
</pin_list>
<bind>
<StgValue><ssdm name="kernel_2_1"/></StgValue>
</bind>
</comp>

<comp id="32" class="1000" name="kernel_2_2">
<pin_list>
<pin id="33" dir="1" index="0" bw="1" slack="0"/>
</pin_list>
<bind>
<StgValue><ssdm name="kernel_2_2"/></StgValue>
</bind>
</comp>

<comp id="34" class="1000" name="kernel_2_3">
<pin_list>
<pin id="35" dir="1" index="0" bw="1" slack="0"/>
</pin_list>
<bind>
<StgValue><ssdm name="kernel_2_3"/></StgValue>
</bind>
</comp>

<comp id="36" class="1000" name="kernel_2_4">
<pin_list>
<pin id="37" dir="1" index="0" bw="1" slack="0"/>
</pin_list>
<bind>
<StgValue><ssdm name="kernel_2_4"/></StgValue>
</bind>
</comp>

<comp id="38" class="1000" name="kernel_3_0">
<pin_list>
<pin id="39" dir="1" index="0" bw="1" slack="0"/>
</pin_list>
<bind>
<StgValue><ssdm name="kernel_3_0"/></StgValue>
</bind>
</comp>

<comp id="40" class="1000" name="kernel_3_1">
<pin_list>
<pin id="41" dir="1" index="0" bw="1" slack="0"/>
</pin_list>
<bind>
<StgValue><ssdm name="kernel_3_1"/></StgValue>
</bind>
</comp>

<comp id="42" class="1000" name="kernel_3_2">
<pin_list>
<pin id="43" dir="1" index="0" bw="1" slack="0"/>
</pin_list>
<bind>
<StgValue><ssdm name="kernel_3_2"/></StgValue>
</bind>
</comp>

<comp id="44" class="1000" name="kernel_3_3">
<pin_list>
<pin id="45" dir="1" index="0" bw="1" slack="0"/>
</pin_list>
<bind>
<StgValue><ssdm name="kernel_3_3"/></StgValue>
</bind>
</comp>

<comp id="46" class="1000" name="kernel_3_4">
<pin_list>
<pin id="47" dir="1" index="0" bw="1" slack="0"/>
</pin_list>
<bind>
<StgValue><ssdm name="kernel_3_4"/></StgValue>
</bind>
</comp>

<comp id="48" class="1000" name="kernel_4_0">
<pin_list>
<pin id="49" dir="1" index="0" bw="1" slack="0"/>
</pin_list>
<bind>
<StgValue><ssdm name="kernel_4_0"/></StgValue>
</bind>
</comp>

<comp id="50" class="1000" name="kernel_4_1">
<pin_list>
<pin id="51" dir="1" index="0" bw="1" slack="0"/>
</pin_list>
<bind>
<StgValue><ssdm name="kernel_4_1"/></StgValue>
</bind>
</comp>

<comp id="52" class="1000" name="kernel_4_2">
<pin_list>
<pin id="53" dir="1" index="0" bw="1" slack="0"/>
</pin_list>
<bind>
<StgValue><ssdm name="kernel_4_2"/></StgValue>
</bind>
</comp>

<comp id="54" class="1000" name="kernel_4_3">
<pin_list>
<pin id="55" dir="1" index="0" bw="1" slack="0"/>
</pin_list>
<bind>
<StgValue><ssdm name="kernel_4_3"/></StgValue>
</bind>
</comp>

<comp id="56" class="1000" name="kernel_4_4">
<pin_list>
<pin id="57" dir="1" index="0" bw="1" slack="0"/>
</pin_list>
<bind>
<StgValue><ssdm name="kernel_4_4"/></StgValue>
</bind>
</comp>

<comp id="58" class="1000" name="inv_divisor">
<pin_list>
<pin id="59" dir="1" index="0" bw="1" slack="0"/>
</pin_list>
<bind>
<StgValue><ssdm name="inv_divisor"/></StgValue>
</bind>
</comp>

<comp id="60" class="1000" name="fraction_bits">
<pin_list>
<pin id="61" dir="1" index="0" bw="1" slack="0"/>
</pin_list>
<bind>
<StgValue><ssdm name="fraction_bits"/></StgValue>
</bind>
</comp>

<comp id="62" class="1000" name="delta">
<pin_list>
<pin id="63" dir="1" index="0" bw="1" slack="0"/>
</pin_list>
<bind>
<StgValue><ssdm name="delta"/></StgValue>
</bind>
</comp>

<comp id="64" class="1000" name="borderType">
<pin_list>
<pin id="65" dir="1" index="0" bw="1" slack="0"/>
</pin_list>
<bind>
<StgValue><ssdm name="borderType"/></StgValue>
</bind>
</comp>

<comp id="66" class="1001" name="const_66">
<pin_list>
<pin id="67" dir="1" index="0" bw="1" slack="0"/>
</pin_list>
<bind>
<StgValue><ssdm name="_ssdm_op_Read.s_axilite.i1"/></StgValue>
</bind>
</comp>

<comp id="68" class="1001" name="const_68">
<pin_list>
<pin id="69" dir="1" index="0" bw="1" slack="0"/>
</pin_list>
<bind>
<StgValue><ssdm name="_ssdm_op_Read.s_axilite.i32"/></StgValue>
</bind>
</comp>

<comp id="70" class="1001" name="const_70">
<pin_list>
<pin id="71" dir="1" index="0" bw="1" slack="0"/>
</pin_list>
<bind>
<StgValue><ssdm name="_ssdm_op_Read.s_axilite.i5"/></StgValue>
</bind>
</comp>

<comp id="72" class="1001" name="const_72">
<pin_list>
<pin id="73" dir="1" index="0" bw="1" slack="0"/>
</pin_list>
<bind>
<StgValue><ssdm name="_ssdm_op_Read.s_axilite.i13"/></StgValue>
</bind>
</comp>

<comp id="74" class="1001" name="const_74">
<pin_list>
<pin id="75" dir="1" index="0" bw="1" slack="0"/>
</pin_list>
<bind>
<StgValue><ssdm name="_ssdm_op_Read.s_axilite.i8P0A"/></StgValue>
</bind>
</comp>

<comp id="76" class="1001" name="const_76">
<pin_list>
<pin id="77" dir="1" index="0" bw="1" slack="0"/>
</pin_list>
<bind>
<StgValue><ssdm name="_ssdm_op_BitConcatenate.i14.i13.i1"/></StgValue>
</bind>
</comp>

<comp id="78" class="1001" name="const_78">
<pin_list>
<pin id="79" dir="1" index="0" bw="1" slack="0"/>
</pin_list>
<bind>
<StgValue><ssdm name=""/></StgValue>
</bind>
</comp>

<comp id="80" class="1001" name="const_80">
<pin_list>
<pin id="81" dir="1" index="0" bw="1" slack="0"/>
</pin_list>
<bind>
<StgValue><ssdm name=""/></StgValue>
</bind>
</comp>

<comp id="82" class="1001" name="const_82">
<pin_list>
<pin id="83" dir="1" index="0" bw="1" slack="0"/>
</pin_list>
<bind>
<StgValue><ssdm name=""/></StgValue>
</bind>
</comp>

<comp id="84" class="1001" name="const_84">
<pin_list>
<pin id="85" dir="1" index="0" bw="1" slack="0"/>
</pin_list>
<bind>
<StgValue><ssdm name=""/></StgValue>
</bind>
</comp>

<comp id="86" class="1001" name="const_86">
<pin_list>
<pin id="87" dir="1" index="0" bw="1" slack="0"/>
</pin_list>
<bind>
<StgValue><ssdm name=""/></StgValue>
</bind>
</comp>

<comp id="88" class="1001" name="const_88">
<pin_list>
<pin id="89" dir="1" index="0" bw="1" slack="0"/>
</pin_list>
<bind>
<StgValue><ssdm name="hls_filter_2d_Pipeline_VITIS_LOOP_51_1"/></StgValue>
</bind>
</comp>

<comp id="90" class="1001" name="const_90">
<pin_list>
<pin id="91" dir="1" index="0" bw="1" slack="2147483647"/>
</pin_list>
<bind>
<StgValue><ssdm name="_ssdm_op_SpecTopModule"/></StgValue>
</bind>
</comp>

<comp id="92" class="1001" name="const_92">
<pin_list>
<pin id="93" dir="1" index="0" bw="1" slack="2147483647"/>
</pin_list>
<bind>
<StgValue><ssdm name="empty_34"/></StgValue>
</bind>
</comp>

<comp id="94" class="1001" name="const_94">
<pin_list>
<pin id="95" dir="1" index="0" bw="1" slack="2147483647"/>
</pin_list>
<bind>
<StgValue><ssdm name="_ssdm_op_SpecInterface"/></StgValue>
</bind>
</comp>

<comp id="96" class="1001" name="const_96">
<pin_list>
<pin id="97" dir="1" index="0" bw="1" slack="2147483647"/>
</pin_list>
<bind>
<StgValue><ssdm name="empty_17"/></StgValue>
</bind>
</comp>

<comp id="98" class="1001" name="const_98">
<pin_list>
<pin id="99" dir="1" index="0" bw="1" slack="2147483647"/>
</pin_list>
<bind>
<StgValue><ssdm name=""/></StgValue>
</bind>
</comp>

<comp id="100" class="1001" name="const_100">
<pin_list>
<pin id="101" dir="1" index="0" bw="1" slack="2147483647"/>
</pin_list>
<bind>
<StgValue><ssdm name="empty_36"/></StgValue>
</bind>
</comp>

<comp id="102" class="1001" name="const_102">
<pin_list>
<pin id="103" dir="1" index="0" bw="1" slack="2147483647"/>
</pin_list>
<bind>
<StgValue><ssdm name=""/></StgValue>
</bind>
</comp>

<comp id="104" class="1001" name="const_104">
<pin_list>
<pin id="105" dir="1" index="0" bw="1" slack="2147483647"/>
</pin_list>
<bind>
<StgValue><ssdm name="empty"/></StgValue>
</bind>
</comp>

<comp id="106" class="1001" name="const_106">
<pin_list>
<pin id="107" dir="1" index="0" bw="1" slack="2147483647"/>
</pin_list>
<bind>
<StgValue><ssdm name=""/></StgValue>
</bind>
</comp>

<comp id="108" class="1001" name="const_108">
<pin_list>
<pin id="109" dir="1" index="0" bw="1" slack="2147483647"/>
</pin_list>
<bind>
<StgValue><ssdm name="_ssdm_op_SpecBitsMap"/></StgValue>
</bind>
</comp>

<comp id="110" class="1001" name="const_110">
<pin_list>
<pin id="111" dir="1" index="0" bw="1" slack="2147483647"/>
</pin_list>
<bind>
<StgValue><ssdm name="empty_0"/></StgValue>
</bind>
</comp>

<comp id="112" class="1001" name="const_112">
<pin_list>
<pin id="113" dir="1" index="0" bw="1" slack="2147483647"/>
</pin_list>
<bind>
<StgValue><ssdm name="empty_1"/></StgValue>
</bind>
</comp>

<comp id="114" class="1001" name="const_114">
<pin_list>
<pin id="115" dir="1" index="0" bw="1" slack="2147483647"/>
</pin_list>
<bind>
<StgValue><ssdm name="empty_2"/></StgValue>
</bind>
</comp>

<comp id="116" class="1001" name="const_116">
<pin_list>
<pin id="117" dir="1" index="0" bw="1" slack="2147483647"/>
</pin_list>
<bind>
<StgValue><ssdm name="empty_3"/></StgValue>
</bind>
</comp>

<comp id="118" class="1001" name="const_118">
<pin_list>
<pin id="119" dir="1" index="0" bw="1" slack="2147483647"/>
</pin_list>
<bind>
<StgValue><ssdm name="empty_4"/></StgValue>
</bind>
</comp>

<comp id="120" class="1001" name="const_120">
<pin_list>
<pin id="121" dir="1" index="0" bw="1" slack="2147483647"/>
</pin_list>
<bind>
<StgValue><ssdm name="empty_5"/></StgValue>
</bind>
</comp>

<comp id="122" class="1001" name="const_122">
<pin_list>
<pin id="123" dir="1" index="0" bw="1" slack="2147483647"/>
</pin_list>
<bind>
<StgValue><ssdm name="empty_6"/></StgValue>
</bind>
</comp>

<comp id="124" class="1001" name="const_124">
<pin_list>
<pin id="125" dir="1" index="0" bw="1" slack="2147483647"/>
</pin_list>
<bind>
<StgValue><ssdm name="empty_7"/></StgValue>
</bind>
</comp>

<comp id="126" class="1001" name="const_126">
<pin_list>
<pin id="127" dir="1" index="0" bw="1" slack="2147483647"/>
</pin_list>
<bind>
<StgValue><ssdm name="empty_8"/></StgValue>
</bind>
</comp>

<comp id="128" class="1001" name="const_128">
<pin_list>
<pin id="129" dir="1" index="0" bw="1" slack="2147483647"/>
</pin_list>
<bind>
<StgValue><ssdm name="empty_9"/></StgValue>
</bind>
</comp>

<comp id="130" class="1001" name="const_130">
<pin_list>
<pin id="131" dir="1" index="0" bw="1" slack="2147483647"/>
</pin_list>
<bind>
<StgValue><ssdm name="empty_10"/></StgValue>
</bind>
</comp>

<comp id="132" class="1001" name="const_132">
<pin_list>
<pin id="133" dir="1" index="0" bw="1" slack="2147483647"/>
</pin_list>
<bind>
<StgValue><ssdm name="empty_11"/></StgValue>
</bind>
</comp>

<comp id="134" class="1001" name="const_134">
<pin_list>
<pin id="135" dir="1" index="0" bw="1" slack="2147483647"/>
</pin_list>
<bind>
<StgValue><ssdm name="empty_12"/></StgValue>
</bind>
</comp>

<comp id="136" class="1001" name="const_136">
<pin_list>
<pin id="137" dir="1" index="0" bw="1" slack="2147483647"/>
</pin_list>
<bind>
<StgValue><ssdm name="empty_13"/></StgValue>
</bind>
</comp>

<comp id="138" class="1001" name="const_138">
<pin_list>
<pin id="139" dir="1" index="0" bw="1" slack="2147483647"/>
</pin_list>
<bind>
<StgValue><ssdm name="empty_14"/></StgValue>
</bind>
</comp>

<comp id="140" class="1001" name="const_140">
<pin_list>
<pin id="141" dir="1" index="0" bw="1" slack="2147483647"/>
</pin_list>
<bind>
<StgValue><ssdm name="empty_15"/></StgValue>
</bind>
</comp>

<comp id="142" class="1001" name="const_142">
<pin_list>
<pin id="143" dir="1" index="0" bw="1" slack="2147483647"/>
</pin_list>
<bind>
<StgValue><ssdm name="empty_16"/></StgValue>
</bind>
</comp>

<comp id="144" class="1001" name="const_144">
<pin_list>
<pin id="145" dir="1" index="0" bw="1" slack="2147483647"/>
</pin_list>
<bind>
<StgValue><ssdm name="empty_37"/></StgValue>
</bind>
</comp>

<comp id="146" class="1001" name="const_146">
<pin_list>
<pin id="147" dir="1" index="0" bw="1" slack="2147483647"/>
</pin_list>
<bind>
<StgValue><ssdm name="empty_18"/></StgValue>
</bind>
</comp>

<comp id="148" class="1001" name="const_148">
<pin_list>
<pin id="149" dir="1" index="0" bw="1" slack="2147483647"/>
</pin_list>
<bind>
<StgValue><ssdm name="empty_19"/></StgValue>
</bind>
</comp>

<comp id="150" class="1001" name="const_150">
<pin_list>
<pin id="151" dir="1" index="0" bw="1" slack="2147483647"/>
</pin_list>
<bind>
<StgValue><ssdm name="empty_20"/></StgValue>
</bind>
</comp>

<comp id="152" class="1001" name="const_152">
<pin_list>
<pin id="153" dir="1" index="0" bw="1" slack="2147483647"/>
</pin_list>
<bind>
<StgValue><ssdm name="empty_21"/></StgValue>
</bind>
</comp>

<comp id="154" class="1001" name="const_154">
<pin_list>
<pin id="155" dir="1" index="0" bw="1" slack="2147483647"/>
</pin_list>
<bind>
<StgValue><ssdm name="empty_22"/></StgValue>
</bind>
</comp>

<comp id="156" class="1001" name="const_156">
<pin_list>
<pin id="157" dir="1" index="0" bw="1" slack="2147483647"/>
</pin_list>
<bind>
<StgValue><ssdm name="empty_23"/></StgValue>
</bind>
</comp>

<comp id="158" class="1001" name="const_158">
<pin_list>
<pin id="159" dir="1" index="0" bw="1" slack="2147483647"/>
</pin_list>
<bind>
<StgValue><ssdm name="empty_24"/></StgValue>
</bind>
</comp>

<comp id="160" class="1001" name="const_160">
<pin_list>
<pin id="161" dir="1" index="0" bw="1" slack="2147483647"/>
</pin_list>
<bind>
<StgValue><ssdm name="empty_25"/></StgValue>
</bind>
</comp>

<comp id="162" class="1001" name="const_162">
<pin_list>
<pin id="163" dir="1" index="0" bw="1" slack="2147483647"/>
</pin_list>
<bind>
<StgValue><ssdm name="empty_26"/></StgValue>
</bind>
</comp>

<comp id="164" class="1001" name="const_164">
<pin_list>
<pin id="165" dir="1" index="0" bw="1" slack="2147483647"/>
</pin_list>
<bind>
<StgValue><ssdm name="empty_27"/></StgValue>
</bind>
</comp>

<comp id="166" class="1001" name="const_166">
<pin_list>
<pin id="167" dir="1" index="0" bw="1" slack="2147483647"/>
</pin_list>
<bind>
<StgValue><ssdm name="empty_28"/></StgValue>
</bind>
</comp>

<comp id="168" class="1001" name="const_168">
<pin_list>
<pin id="169" dir="1" index="0" bw="1" slack="2147483647"/>
</pin_list>
<bind>
<StgValue><ssdm name="empty_29"/></StgValue>
</bind>
</comp>

<comp id="170" class="1001" name="const_170">
<pin_list>
<pin id="171" dir="1" index="0" bw="1" slack="2147483647"/>
</pin_list>
<bind>
<StgValue><ssdm name="empty_30"/></StgValue>
</bind>
</comp>

<comp id="172" class="1001" name="const_172">
<pin_list>
<pin id="173" dir="1" index="0" bw="1" slack="2147483647"/>
</pin_list>
<bind>
<StgValue><ssdm name="empty_31"/></StgValue>
</bind>
</comp>

<comp id="174" class="1001" name="const_174">
<pin_list>
<pin id="175" dir="1" index="0" bw="1" slack="2147483647"/>
</pin_list>
<bind>
<StgValue><ssdm name="empty_32"/></StgValue>
</bind>
</comp>

<comp id="176" class="1001" name="const_176">
<pin_list>
<pin id="177" dir="1" index="0" bw="1" slack="2147483647"/>
</pin_list>
<bind>
<StgValue><ssdm name="empty_33"/></StgValue>
</bind>
</comp>

<comp id="178" class="1004" name="borderType_read_read_fu_178">
<pin_list>
<pin id="179" dir="0" index="0" bw="1" slack="0"/>
<pin id="180" dir="0" index="1" bw="1" slack="0"/>
<pin id="181" dir="1" index="2" bw="1" slack="1"/>
</pin_list>
<bind>
<opcode="read(1150) " fcode="read"/>
<opset="borderType_read/1 "/>
</bind>
</comp>

<comp id="184" class="1004" name="delta_read_read_fu_184">
<pin_list>
<pin id="185" dir="0" index="0" bw="32" slack="0"/>
<pin id="186" dir="0" index="1" bw="32" slack="0"/>
<pin id="187" dir="1" index="2" bw="32" slack="1"/>
</pin_list>
<bind>
<opcode="read(1150) " fcode="read"/>
<opset="delta_read/1 "/>
</bind>
</comp>

<comp id="190" class="1004" name="fraction_bits_read_read_fu_190">
<pin_list>
<pin id="191" dir="0" index="0" bw="5" slack="0"/>
<pin id="192" dir="0" index="1" bw="5" slack="0"/>
<pin id="193" dir="1" index="2" bw="5" slack="1"/>
</pin_list>
<bind>
<opcode="read(1150) " fcode="read"/>
<opset="fraction_bits_read/1 "/>
</bind>
</comp>

<comp id="196" class="1004" name="inv_divisor_read_read_fu_196">
<pin_list>
<pin id="197" dir="0" index="0" bw="32" slack="0"/>
<pin id="198" dir="0" index="1" bw="32" slack="0"/>
<pin id="199" dir="1" index="2" bw="32" slack="1"/>
</pin_list>
<bind>
<opcode="read(1150) " fcode="read"/>
<opset="inv_divisor_read/1 "/>
</bind>
</comp>

<comp id="202" class="1004" name="height_read_read_fu_202">
<pin_list>
<pin id="203" dir="0" index="0" bw="13" slack="0"/>
<pin id="204" dir="0" index="1" bw="13" slack="0"/>
<pin id="205" dir="1" index="2" bw="13" slack="0"/>
</pin_list>
<bind>
<opcode="read(1150) " fcode="read"/>
<opset="height_read/1 "/>
</bind>
</comp>

<comp id="208" class="1004" name="width_read_read_fu_208">
<pin_list>
<pin id="209" dir="0" index="0" bw="13" slack="0"/>
<pin id="210" dir="0" index="1" bw="13" slack="0"/>
<pin id="211" dir="1" index="2" bw="13" slack="0"/>
</pin_list>
<bind>
<opcode="read(1150) " fcode="read"/>
<opset="width_read/1 "/>
</bind>
</comp>

<comp id="214" class="1004" name="kernel_0_0_read_read_fu_214">
<pin_list>
<pin id="215" dir="0" index="0" bw="8" slack="0"/>
<pin id="216" dir="0" index="1" bw="8" slack="0"/>
<pin id="217" dir="1" index="2" bw="8" slack="1"/>
</pin_list>
<bind>
<opcode="read(1150) " fcode="read"/>
<opset="kernel_0_0_read/1 "/>
</bind>
</comp>

<comp id="220" class="1004" name="kernel_0_1_read_read_fu_220">
<pin_list>
<pin id="221" dir="0" index="0" bw="8" slack="0"/>
<pin id="222" dir="0" index="1" bw="8" slack="0"/>
<pin id="223" dir="1" index="2" bw="8" slack="1"/>
</pin_list>
<bind>
<opcode="read(1150) " fcode="read"/>
<opset="kernel_0_1_read/1 "/>
</bind>
</comp>

<comp id="226" class="1004" name="kernel_0_2_read_read_fu_226">
<pin_list>
<pin id="227" dir="0" index="0" bw="8" slack="0"/>
<pin id="228" dir="0" index="1" bw="8" slack="0"/>
<pin id="229" dir="1" index="2" bw="8" slack="1"/>
</pin_list>
<bind>
<opcode="read(1150) " fcode="read"/>
<opset="kernel_0_2_read/1 "/>
</bind>
</comp>

<comp id="232" class="1004" name="kernel_0_3_read_read_fu_232">
<pin_list>
<pin id="233" dir="0" index="0" bw="8" slack="0"/>
<pin id="234" dir="0" index="1" bw="8" slack="0"/>
<pin id="235" dir="1" index="2" bw="8" slack="1"/>
</pin_list>
<bind>
<opcode="read(1150) " fcode="read"/>
<opset="kernel_0_3_read/1 "/>
</bind>
</comp>

<comp id="238" class="1004" name="kernel_0_4_read_read_fu_238">
<pin_list>
<pin id="239" dir="0" index="0" bw="8" slack="0"/>
<pin id="240" dir="0" index="1" bw="8" slack="0"/>
<pin id="241" dir="1" index="2" bw="8" slack="1"/>
</pin_list>
<bind>
<opcode="read(1150) " fcode="read"/>
<opset="kernel_0_4_read/1 "/>
</bind>
</comp>

<comp id="244" class="1004" name="kernel_1_0_read_read_fu_244">
<pin_list>
<pin id="245" dir="0" index="0" bw="8" slack="0"/>
<pin id="246" dir="0" index="1" bw="8" slack="0"/>
<pin id="247" dir="1" index="2" bw="8" slack="1"/>
</pin_list>
<bind>
<opcode="read(1150) " fcode="read"/>
<opset="kernel_1_0_read/1 "/>
</bind>
</comp>

<comp id="250" class="1004" name="kernel_1_1_read_read_fu_250">
<pin_list>
<pin id="251" dir="0" index="0" bw="8" slack="0"/>
<pin id="252" dir="0" index="1" bw="8" slack="0"/>
<pin id="253" dir="1" index="2" bw="8" slack="1"/>
</pin_list>
<bind>
<opcode="read(1150) " fcode="read"/>
<opset="kernel_1_1_read/1 "/>
</bind>
</comp>

<comp id="256" class="1004" name="kernel_1_2_read_read_fu_256">
<pin_list>
<pin id="257" dir="0" index="0" bw="8" slack="0"/>
<pin id="258" dir="0" index="1" bw="8" slack="0"/>
<pin id="259" dir="1" index="2" bw="8" slack="1"/>
</pin_list>
<bind>
<opcode="read(1150) " fcode="read"/>
<opset="kernel_1_2_read/1 "/>
</bind>
</comp>

<comp id="262" class="1004" name="kernel_1_3_read_read_fu_262">
<pin_list>
<pin id="263" dir="0" index="0" bw="8" slack="0"/>
<pin id="264" dir="0" index="1" bw="8" slack="0"/>
<pin id="265" dir="1" index="2" bw="8" slack="1"/>
</pin_list>
<bind>
<opcode="read(1150) " fcode="read"/>
<opset="kernel_1_3_read/1 "/>
</bind>
</comp>

<comp id="268" class="1004" name="kernel_1_4_read_read_fu_268">
<pin_list>
<pin id="269" dir="0" index="0" bw="8" slack="0"/>
<pin id="270" dir="0" index="1" bw="8" slack="0"/>
<pin id="271" dir="1" index="2" bw="8" slack="1"/>
</pin_list>
<bind>
<opcode="read(1150) " fcode="read"/>
<opset="kernel_1_4_read/1 "/>
</bind>
</comp>

<comp id="274" class="1004" name="kernel_2_0_read_read_fu_274">
<pin_list>
<pin id="275" dir="0" index="0" bw="8" slack="0"/>
<pin id="276" dir="0" index="1" bw="8" slack="0"/>
<pin id="277" dir="1" index="2" bw="8" slack="1"/>
</pin_list>
<bind>
<opcode="read(1150) " fcode="read"/>
<opset="kernel_2_0_read/1 "/>
</bind>
</comp>

<comp id="280" class="1004" name="kernel_2_1_read_read_fu_280">
<pin_list>
<pin id="281" dir="0" index="0" bw="8" slack="0"/>
<pin id="282" dir="0" index="1" bw="8" slack="0"/>
<pin id="283" dir="1" index="2" bw="8" slack="1"/>
</pin_list>
<bind>
<opcode="read(1150) " fcode="read"/>
<opset="kernel_2_1_read/1 "/>
</bind>
</comp>

<comp id="286" class="1004" name="kernel_2_2_read_read_fu_286">
<pin_list>
<pin id="287" dir="0" index="0" bw="8" slack="0"/>
<pin id="288" dir="0" index="1" bw="8" slack="0"/>
<pin id="289" dir="1" index="2" bw="8" slack="1"/>
</pin_list>
<bind>
<opcode="read(1150) " fcode="read"/>
<opset="kernel_2_2_read/1 "/>
</bind>
</comp>

<comp id="292" class="1004" name="kernel_2_3_read_read_fu_292">
<pin_list>
<pin id="293" dir="0" index="0" bw="8" slack="0"/>
<pin id="294" dir="0" index="1" bw="8" slack="0"/>
<pin id="295" dir="1" index="2" bw="8" slack="1"/>
</pin_list>
<bind>
<opcode="read(1150) " fcode="read"/>
<opset="kernel_2_3_read/1 "/>
</bind>
</comp>

<comp id="298" class="1004" name="kernel_2_4_read_read_fu_298">
<pin_list>
<pin id="299" dir="0" index="0" bw="8" slack="0"/>
<pin id="300" dir="0" index="1" bw="8" slack="0"/>
<pin id="301" dir="1" index="2" bw="8" slack="1"/>
</pin_list>
<bind>
<opcode="read(1150) " fcode="read"/>
<opset="kernel_2_4_read/1 "/>
</bind>
</comp>

<comp id="304" class="1004" name="kernel_3_0_read_read_fu_304">
<pin_list>
<pin id="305" dir="0" index="0" bw="8" slack="0"/>
<pin id="306" dir="0" index="1" bw="8" slack="0"/>
<pin id="307" dir="1" index="2" bw="8" slack="1"/>
</pin_list>
<bind>
<opcode="read(1150) " fcode="read"/>
<opset="kernel_3_0_read/1 "/>
</bind>
</comp>

<comp id="310" class="1004" name="kernel_3_1_read_read_fu_310">
<pin_list>
<pin id="311" dir="0" index="0" bw="8" slack="0"/>
<pin id="312" dir="0" index="1" bw="8" slack="0"/>
<pin id="313" dir="1" index="2" bw="8" slack="1"/>
</pin_list>
<bind>
<opcode="read(1150) " fcode="read"/>
<opset="kernel_3_1_read/1 "/>
</bind>
</comp>

<comp id="316" class="1004" name="kernel_3_2_read_read_fu_316">
<pin_list>
<pin id="317" dir="0" index="0" bw="8" slack="0"/>
<pin id="318" dir="0" index="1" bw="8" slack="0"/>
<pin id="319" dir="1" index="2" bw="8" slack="1"/>
</pin_list>
<bind>
<opcode="read(1150) " fcode="read"/>
<opset="kernel_3_2_read/1 "/>
</bind>
</comp>

<comp id="322" class="1004" name="kernel_3_3_read_read_fu_322">
<pin_list>
<pin id="323" dir="0" index="0" bw="8" slack="0"/>
<pin id="324" dir="0" index="1" bw="8" slack="0"/>
<pin id="325" dir="1" index="2" bw="8" slack="1"/>
</pin_list>
<bind>
<opcode="read(1150) " fcode="read"/>
<opset="kernel_3_3_read/1 "/>
</bind>
</comp>

<comp id="328" class="1004" name="kernel_3_4_read_read_fu_328">
<pin_list>
<pin id="329" dir="0" index="0" bw="8" slack="0"/>
<pin id="330" dir="0" index="1" bw="8" slack="0"/>
<pin id="331" dir="1" index="2" bw="8" slack="1"/>
</pin_list>
<bind>
<opcode="read(1150) " fcode="read"/>
<opset="kernel_3_4_read/1 "/>
</bind>
</comp>

<comp id="334" class="1004" name="kernel_4_0_read_read_fu_334">
<pin_list>
<pin id="335" dir="0" index="0" bw="8" slack="0"/>
<pin id="336" dir="0" index="1" bw="8" slack="0"/>
<pin id="337" dir="1" index="2" bw="8" slack="1"/>
</pin_list>
<bind>
<opcode="read(1150) " fcode="read"/>
<opset="kernel_4_0_read/1 "/>
</bind>
</comp>

<comp id="340" class="1004" name="kernel_4_1_read_read_fu_340">
<pin_list>
<pin id="341" dir="0" index="0" bw="8" slack="0"/>
<pin id="342" dir="0" index="1" bw="8" slack="0"/>
<pin id="343" dir="1" index="2" bw="8" slack="1"/>
</pin_list>
<bind>
<opcode="read(1150) " fcode="read"/>
<opset="kernel_4_1_read/1 "/>
</bind>
</comp>

<comp id="346" class="1004" name="kernel_4_2_read_read_fu_346">
<pin_list>
<pin id="347" dir="0" index="0" bw="8" slack="0"/>
<pin id="348" dir="0" index="1" bw="8" slack="0"/>
<pin id="349" dir="1" index="2" bw="8" slack="1"/>
</pin_list>
<bind>
<opcode="read(1150) " fcode="read"/>
<opset="kernel_4_2_read/1 "/>
</bind>
</comp>

<comp id="352" class="1004" name="kernel_4_3_read_read_fu_352">
<pin_list>
<pin id="353" dir="0" index="0" bw="8" slack="0"/>
<pin id="354" dir="0" index="1" bw="8" slack="0"/>
<pin id="355" dir="1" index="2" bw="8" slack="1"/>
</pin_list>
<bind>
<opcode="read(1150) " fcode="read"/>
<opset="kernel_4_3_read/1 "/>
</bind>
</comp>

<comp id="358" class="1004" name="kernel_4_4_read_read_fu_358">
<pin_list>
<pin id="359" dir="0" index="0" bw="8" slack="0"/>
<pin id="360" dir="0" index="1" bw="8" slack="0"/>
<pin id="361" dir="1" index="2" bw="8" slack="1"/>
</pin_list>
<bind>
<opcode="read(1150) " fcode="read"/>
<opset="kernel_4_4_read/1 "/>
</bind>
</comp>

<comp id="364" class="1004" name="grp_hls_filter_2d_Pipeline_VITIS_LOOP_51_1_fu_364">
<pin_list>
<pin id="365" dir="0" index="0" bw="0" slack="0"/>
<pin id="366" dir="0" index="1" bw="26" slack="1"/>
<pin id="367" dir="0" index="2" bw="15" slack="0"/>
<pin id="368" dir="0" index="3" bw="27" slack="0"/>
<pin id="369" dir="0" index="4" bw="14" slack="0"/>
<pin id="370" dir="0" index="5" bw="13" slack="1"/>
<pin id="371" dir="0" index="6" bw="24" slack="0"/>
<pin id="372" dir="0" index="7" bw="14" slack="0"/>
<pin id="373" dir="0" index="8" bw="14" slack="0"/>
<pin id="374" dir="0" index="9" bw="13" slack="1"/>
<pin id="375" dir="0" index="10" bw="13" slack="1"/>
<pin id="376" dir="0" index="11" bw="13" slack="1"/>
<pin id="377" dir="0" index="12" bw="8" slack="1"/>
<pin id="378" dir="0" index="13" bw="8" slack="1"/>
<pin id="379" dir="0" index="14" bw="8" slack="1"/>
<pin id="380" dir="0" index="15" bw="8" slack="1"/>
<pin id="381" dir="0" index="16" bw="8" slack="1"/>
<pin id="382" dir="0" index="17" bw="8" slack="1"/>
<pin id="383" dir="0" index="18" bw="8" slack="1"/>
<pin id="384" dir="0" index="19" bw="8" slack="1"/>
<pin id="385" dir="0" index="20" bw="8" slack="1"/>
<pin id="386" dir="0" index="21" bw="8" slack="1"/>
<pin id="387" dir="0" index="22" bw="8" slack="1"/>
<pin id="388" dir="0" index="23" bw="8" slack="1"/>
<pin id="389" dir="0" index="24" bw="8" slack="1"/>
<pin id="390" dir="0" index="25" bw="8" slack="1"/>
<pin id="391" dir="0" index="26" bw="8" slack="1"/>
<pin id="392" dir="0" index="27" bw="8" slack="1"/>
<pin id="393" dir="0" index="28" bw="8" slack="1"/>
<pin id="394" dir="0" index="29" bw="8" slack="1"/>
<pin id="395" dir="0" index="30" bw="8" slack="1"/>
<pin id="396" dir="0" index="31" bw="8" slack="1"/>
<pin id="397" dir="0" index="32" bw="8" slack="1"/>
<pin id="398" dir="0" index="33" bw="8" slack="1"/>
<pin id="399" dir="0" index="34" bw="8" slack="1"/>
<pin id="400" dir="0" index="35" bw="8" slack="1"/>
<pin id="401" dir="0" index="36" bw="8" slack="1"/>
<pin id="402" dir="0" index="37" bw="32" slack="1"/>
<pin id="403" dir="0" index="38" bw="5" slack="1"/>
<pin id="404" dir="0" index="39" bw="32" slack="1"/>
<pin id="405" dir="0" index="40" bw="1" slack="1"/>
<pin id="406" dir="0" index="41" bw="14" slack="0"/>
<pin id="407" dir="0" index="42" bw="24" slack="0"/>
<pin id="408" dir="1" index="43" bw="0" slack="2147483647"/>
</pin_list>
<bind>
<opcode="call(48) " fcode="call"/>
<opset="call_ln42/2 "/>
</bind>
</comp>

<comp id="412" class="1004" name="zext_ln42_fu_412">
<pin_list>
<pin id="413" dir="0" index="0" bw="13" slack="0"/>
<pin id="414" dir="1" index="1" bw="26" slack="0"/>
</pin_list>
<bind>
<opcode="zext(34) " fcode="zext"/>
<opset="zext_ln42/1 "/>
</bind>
</comp>

<comp id="416" class="1004" name="zext_ln42_1_fu_416">
<pin_list>
<pin id="417" dir="0" index="0" bw="13" slack="0"/>
<pin id="418" dir="1" index="1" bw="26" slack="0"/>
</pin_list>
<bind>
<opcode="zext(34) " fcode="zext"/>
<opset="zext_ln42_1/1 "/>
</bind>
</comp>

<comp id="420" class="1004" name="total_pixels_fu_420">
<pin_list>
<pin id="421" dir="0" index="0" bw="13" slack="0"/>
<pin id="422" dir="0" index="1" bw="13" slack="0"/>
<pin id="423" dir="1" index="2" bw="26" slack="1"/>
</pin_list>
<bind>
<opcode="mul(12) " fcode="mul"/>
<opset="total_pixels/1 "/>
</bind>
</comp>

<comp id="426" class="1004" name="zext_ln43_fu_426">
<pin_list>
<pin id="427" dir="0" index="0" bw="13" slack="1"/>
<pin id="428" dir="1" index="1" bw="14" slack="0"/>
</pin_list>
<bind>
<opcode="zext(34) " fcode="zext"/>
<opset="zext_ln43/2 "/>
</bind>
</comp>

<comp id="429" class="1004" name="shl_ln_fu_429">
<pin_list>
<pin id="430" dir="0" index="0" bw="14" slack="0"/>
<pin id="431" dir="0" index="1" bw="13" slack="1"/>
<pin id="432" dir="0" index="2" bw="1" slack="0"/>
<pin id="433" dir="1" index="3" bw="14" slack="0"/>
</pin_list>
<bind>
<opcode="bitconcatenate(1004) " fcode="bitconcatenate"/>
<opset="shl_ln/2 "/>
</bind>
</comp>

<comp id="436" class="1004" name="zext_ln43_1_fu_436">
<pin_list>
<pin id="437" dir="0" index="0" bw="14" slack="0"/>
<pin id="438" dir="1" index="1" bw="15" slack="0"/>
</pin_list>
<bind>
<opcode="zext(34) " fcode="zext"/>
<opset="zext_ln43_1/2 "/>
</bind>
</comp>

<comp id="440" class="1004" name="flush_cycles_fu_440">
<pin_list>
<pin id="441" dir="0" index="0" bw="14" slack="0"/>
<pin id="442" dir="0" index="1" bw="3" slack="0"/>
<pin id="443" dir="1" index="2" bw="15" slack="0"/>
</pin_list>
<bind>
<opcode="add(8) " fcode="add"/>
<opset="flush_cycles/2 "/>
</bind>
</comp>

<comp id="447" class="1004" name="zext_ln44_fu_447">
<pin_list>
<pin id="448" dir="0" index="0" bw="26" slack="1"/>
<pin id="449" dir="1" index="1" bw="27" slack="0"/>
</pin_list>
<bind>
<opcode="zext(34) " fcode="zext"/>
<opset="zext_ln44/2 "/>
</bind>
</comp>

<comp id="450" class="1004" name="zext_ln44_1_fu_450">
<pin_list>
<pin id="451" dir="0" index="0" bw="15" slack="0"/>
<pin id="452" dir="1" index="1" bw="27" slack="0"/>
</pin_list>
<bind>
<opcode="zext(34) " fcode="zext"/>
<opset="zext_ln44_1/2 "/>
</bind>
</comp>

<comp id="454" class="1004" name="total_cycles_fu_454">
<pin_list>
<pin id="455" dir="0" index="0" bw="26" slack="0"/>
<pin id="456" dir="0" index="1" bw="15" slack="0"/>
<pin id="457" dir="1" index="2" bw="27" slack="0"/>
</pin_list>
<bind>
<opcode="add(8) " fcode="add"/>
<opset="total_cycles/2 "/>
</bind>
</comp>

<comp id="461" class="1004" name="add_ln88_fu_461">
<pin_list>
<pin id="462" dir="0" index="0" bw="13" slack="0"/>
<pin id="463" dir="0" index="1" bw="1" slack="0"/>
<pin id="464" dir="1" index="2" bw="14" slack="0"/>
</pin_list>
<bind>
<opcode="add(8) " fcode="add"/>
<opset="add_ln88/2 "/>
</bind>
</comp>

<comp id="468" class="1004" name="zext_ln122_fu_468">
<pin_list>
<pin id="469" dir="0" index="0" bw="13" slack="1"/>
<pin id="470" dir="1" index="1" bw="14" slack="0"/>
</pin_list>
<bind>
<opcode="zext(34) " fcode="zext"/>
<opset="zext_ln122/2 "/>
</bind>
</comp>

<comp id="471" class="1004" name="add_ln140_fu_471">
<pin_list>
<pin id="472" dir="0" index="0" bw="13" slack="0"/>
<pin id="473" dir="0" index="1" bw="2" slack="0"/>
<pin id="474" dir="1" index="2" bw="14" slack="0"/>
</pin_list>
<bind>
<opcode="add(8) " fcode="add"/>
<opset="add_ln140/2 "/>
</bind>
</comp>

<comp id="478" class="1004" name="add_ln141_fu_478">
<pin_list>
<pin id="479" dir="0" index="0" bw="13" slack="0"/>
<pin id="480" dir="0" index="1" bw="2" slack="0"/>
<pin id="481" dir="1" index="2" bw="14" slack="0"/>
</pin_list>
<bind>
<opcode="add(8) " fcode="add"/>
<opset="add_ln141/2 "/>
</bind>
</comp>

<comp id="485" class="1004" name="add_ln155_fu_485">
<pin_list>
<pin id="486" dir="0" index="0" bw="13" slack="0"/>
<pin id="487" dir="0" index="1" bw="3" slack="0"/>
<pin id="488" dir="1" index="2" bw="14" slack="0"/>
</pin_list>
<bind>
<opcode="add(8) " fcode="add"/>
<opset="add_ln155/2 "/>
</bind>
</comp>

<comp id="492" class="1005" name="borderType_read_reg_492">
<pin_list>
<pin id="493" dir="0" index="0" bw="1" slack="1"/>
<pin id="494" dir="1" index="1" bw="1" slack="1"/>
</pin_list>
<bind>
<opset="borderType_read "/>
</bind>
</comp>

<comp id="497" class="1005" name="delta_read_reg_497">
<pin_list>
<pin id="498" dir="0" index="0" bw="32" slack="1"/>
<pin id="499" dir="1" index="1" bw="32" slack="1"/>
</pin_list>
<bind>
<opset="delta_read "/>
</bind>
</comp>

<comp id="502" class="1005" name="fraction_bits_read_reg_502">
<pin_list>
<pin id="503" dir="0" index="0" bw="5" slack="1"/>
<pin id="504" dir="1" index="1" bw="5" slack="1"/>
</pin_list>
<bind>
<opset="fraction_bits_read "/>
</bind>
</comp>

<comp id="507" class="1005" name="inv_divisor_read_reg_507">
<pin_list>
<pin id="508" dir="0" index="0" bw="32" slack="1"/>
<pin id="509" dir="1" index="1" bw="32" slack="1"/>
</pin_list>
<bind>
<opset="inv_divisor_read "/>
</bind>
</comp>

<comp id="512" class="1005" name="height_read_reg_512">
<pin_list>
<pin id="513" dir="0" index="0" bw="13" slack="1"/>
<pin id="514" dir="1" index="1" bw="13" slack="1"/>
</pin_list>
<bind>
<opset="height_read "/>
</bind>
</comp>

<comp id="519" class="1005" name="width_read_reg_519">
<pin_list>
<pin id="520" dir="0" index="0" bw="13" slack="1"/>
<pin id="521" dir="1" index="1" bw="13" slack="1"/>
</pin_list>
<bind>
<opset="width_read "/>
</bind>
</comp>

<comp id="527" class="1005" name="total_pixels_reg_527">
<pin_list>
<pin id="528" dir="0" index="0" bw="26" slack="1"/>
<pin id="529" dir="1" index="1" bw="26" slack="1"/>
</pin_list>
<bind>
<opset="total_pixels "/>
</bind>
</comp>

<comp id="533" class="1005" name="kernel_0_0_read_reg_533">
<pin_list>
<pin id="534" dir="0" index="0" bw="8" slack="1"/>
<pin id="535" dir="1" index="1" bw="8" slack="1"/>
</pin_list>
<bind>
<opset="kernel_0_0_read "/>
</bind>
</comp>

<comp id="538" class="1005" name="kernel_0_1_read_reg_538">
<pin_list>
<pin id="539" dir="0" index="0" bw="8" slack="1"/>
<pin id="540" dir="1" index="1" bw="8" slack="1"/>
</pin_list>
<bind>
<opset="kernel_0_1_read "/>
</bind>
</comp>

<comp id="543" class="1005" name="kernel_0_2_read_reg_543">
<pin_list>
<pin id="544" dir="0" index="0" bw="8" slack="1"/>
<pin id="545" dir="1" index="1" bw="8" slack="1"/>
</pin_list>
<bind>
<opset="kernel_0_2_read "/>
</bind>
</comp>

<comp id="548" class="1005" name="kernel_0_3_read_reg_548">
<pin_list>
<pin id="549" dir="0" index="0" bw="8" slack="1"/>
<pin id="550" dir="1" index="1" bw="8" slack="1"/>
</pin_list>
<bind>
<opset="kernel_0_3_read "/>
</bind>
</comp>

<comp id="553" class="1005" name="kernel_0_4_read_reg_553">
<pin_list>
<pin id="554" dir="0" index="0" bw="8" slack="1"/>
<pin id="555" dir="1" index="1" bw="8" slack="1"/>
</pin_list>
<bind>
<opset="kernel_0_4_read "/>
</bind>
</comp>

<comp id="558" class="1005" name="kernel_1_0_read_reg_558">
<pin_list>
<pin id="559" dir="0" index="0" bw="8" slack="1"/>
<pin id="560" dir="1" index="1" bw="8" slack="1"/>
</pin_list>
<bind>
<opset="kernel_1_0_read "/>
</bind>
</comp>

<comp id="563" class="1005" name="kernel_1_1_read_reg_563">
<pin_list>
<pin id="564" dir="0" index="0" bw="8" slack="1"/>
<pin id="565" dir="1" index="1" bw="8" slack="1"/>
</pin_list>
<bind>
<opset="kernel_1_1_read "/>
</bind>
</comp>

<comp id="568" class="1005" name="kernel_1_2_read_reg_568">
<pin_list>
<pin id="569" dir="0" index="0" bw="8" slack="1"/>
<pin id="570" dir="1" index="1" bw="8" slack="1"/>
</pin_list>
<bind>
<opset="kernel_1_2_read "/>
</bind>
</comp>

<comp id="573" class="1005" name="kernel_1_3_read_reg_573">
<pin_list>
<pin id="574" dir="0" index="0" bw="8" slack="1"/>
<pin id="575" dir="1" index="1" bw="8" slack="1"/>
</pin_list>
<bind>
<opset="kernel_1_3_read "/>
</bind>
</comp>

<comp id="578" class="1005" name="kernel_1_4_read_reg_578">
<pin_list>
<pin id="579" dir="0" index="0" bw="8" slack="1"/>
<pin id="580" dir="1" index="1" bw="8" slack="1"/>
</pin_list>
<bind>
<opset="kernel_1_4_read "/>
</bind>
</comp>

<comp id="583" class="1005" name="kernel_2_0_read_reg_583">
<pin_list>
<pin id="584" dir="0" index="0" bw="8" slack="1"/>
<pin id="585" dir="1" index="1" bw="8" slack="1"/>
</pin_list>
<bind>
<opset="kernel_2_0_read "/>
</bind>
</comp>

<comp id="588" class="1005" name="kernel_2_1_read_reg_588">
<pin_list>
<pin id="589" dir="0" index="0" bw="8" slack="1"/>
<pin id="590" dir="1" index="1" bw="8" slack="1"/>
</pin_list>
<bind>
<opset="kernel_2_1_read "/>
</bind>
</comp>

<comp id="593" class="1005" name="kernel_2_2_read_reg_593">
<pin_list>
<pin id="594" dir="0" index="0" bw="8" slack="1"/>
<pin id="595" dir="1" index="1" bw="8" slack="1"/>
</pin_list>
<bind>
<opset="kernel_2_2_read "/>
</bind>
</comp>

<comp id="598" class="1005" name="kernel_2_3_read_reg_598">
<pin_list>
<pin id="599" dir="0" index="0" bw="8" slack="1"/>
<pin id="600" dir="1" index="1" bw="8" slack="1"/>
</pin_list>
<bind>
<opset="kernel_2_3_read "/>
</bind>
</comp>

<comp id="603" class="1005" name="kernel_2_4_read_reg_603">
<pin_list>
<pin id="604" dir="0" index="0" bw="8" slack="1"/>
<pin id="605" dir="1" index="1" bw="8" slack="1"/>
</pin_list>
<bind>
<opset="kernel_2_4_read "/>
</bind>
</comp>

<comp id="608" class="1005" name="kernel_3_0_read_reg_608">
<pin_list>
<pin id="609" dir="0" index="0" bw="8" slack="1"/>
<pin id="610" dir="1" index="1" bw="8" slack="1"/>
</pin_list>
<bind>
<opset="kernel_3_0_read "/>
</bind>
</comp>

<comp id="613" class="1005" name="kernel_3_1_read_reg_613">
<pin_list>
<pin id="614" dir="0" index="0" bw="8" slack="1"/>
<pin id="615" dir="1" index="1" bw="8" slack="1"/>
</pin_list>
<bind>
<opset="kernel_3_1_read "/>
</bind>
</comp>

<comp id="618" class="1005" name="kernel_3_2_read_reg_618">
<pin_list>
<pin id="619" dir="0" index="0" bw="8" slack="1"/>
<pin id="620" dir="1" index="1" bw="8" slack="1"/>
</pin_list>
<bind>
<opset="kernel_3_2_read "/>
</bind>
</comp>

<comp id="623" class="1005" name="kernel_3_3_read_reg_623">
<pin_list>
<pin id="624" dir="0" index="0" bw="8" slack="1"/>
<pin id="625" dir="1" index="1" bw="8" slack="1"/>
</pin_list>
<bind>
<opset="kernel_3_3_read "/>
</bind>
</comp>

<comp id="628" class="1005" name="kernel_3_4_read_reg_628">
<pin_list>
<pin id="629" dir="0" index="0" bw="8" slack="1"/>
<pin id="630" dir="1" index="1" bw="8" slack="1"/>
</pin_list>
<bind>
<opset="kernel_3_4_read "/>
</bind>
</comp>

<comp id="633" class="1005" name="kernel_4_0_read_reg_633">
<pin_list>
<pin id="634" dir="0" index="0" bw="8" slack="1"/>
<pin id="635" dir="1" index="1" bw="8" slack="1"/>
</pin_list>
<bind>
<opset="kernel_4_0_read "/>
</bind>
</comp>

<comp id="638" class="1005" name="kernel_4_1_read_reg_638">
<pin_list>
<pin id="639" dir="0" index="0" bw="8" slack="1"/>
<pin id="640" dir="1" index="1" bw="8" slack="1"/>
</pin_list>
<bind>
<opset="kernel_4_1_read "/>
</bind>
</comp>

<comp id="643" class="1005" name="kernel_4_2_read_reg_643">
<pin_list>
<pin id="644" dir="0" index="0" bw="8" slack="1"/>
<pin id="645" dir="1" index="1" bw="8" slack="1"/>
</pin_list>
<bind>
<opset="kernel_4_2_read "/>
</bind>
</comp>

<comp id="648" class="1005" name="kernel_4_3_read_reg_648">
<pin_list>
<pin id="649" dir="0" index="0" bw="8" slack="1"/>
<pin id="650" dir="1" index="1" bw="8" slack="1"/>
</pin_list>
<bind>
<opset="kernel_4_3_read "/>
</bind>
</comp>

<comp id="653" class="1005" name="kernel_4_4_read_reg_653">
<pin_list>
<pin id="654" dir="0" index="0" bw="8" slack="1"/>
<pin id="655" dir="1" index="1" bw="8" slack="1"/>
</pin_list>
<bind>
<opset="kernel_4_4_read "/>
</bind>
</comp>

<comp id="658" class="1005" name="flush_cycles_reg_658">
<pin_list>
<pin id="659" dir="0" index="0" bw="15" slack="1"/>
<pin id="660" dir="1" index="1" bw="15" slack="1"/>
</pin_list>
<bind>
<opset="flush_cycles "/>
</bind>
</comp>

<comp id="663" class="1005" name="total_cycles_reg_663">
<pin_list>
<pin id="664" dir="0" index="0" bw="27" slack="1"/>
<pin id="665" dir="1" index="1" bw="27" slack="1"/>
</pin_list>
<bind>
<opset="total_cycles "/>
</bind>
</comp>

<comp id="668" class="1005" name="add_ln88_reg_668">
<pin_list>
<pin id="669" dir="0" index="0" bw="14" slack="1"/>
<pin id="670" dir="1" index="1" bw="14" slack="1"/>
</pin_list>
<bind>
<opset="add_ln88 "/>
</bind>
</comp>

<comp id="673" class="1005" name="add_ln140_reg_673">
<pin_list>
<pin id="674" dir="0" index="0" bw="14" slack="1"/>
<pin id="675" dir="1" index="1" bw="14" slack="1"/>
</pin_list>
<bind>
<opset="add_ln140 "/>
</bind>
</comp>

<comp id="678" class="1005" name="add_ln141_reg_678">
<pin_list>
<pin id="679" dir="0" index="0" bw="14" slack="1"/>
<pin id="680" dir="1" index="1" bw="14" slack="1"/>
</pin_list>
<bind>
<opset="add_ln141 "/>
</bind>
</comp>

<comp id="683" class="1005" name="add_ln155_reg_683">
<pin_list>
<pin id="684" dir="0" index="0" bw="14" slack="1"/>
<pin id="685" dir="1" index="1" bw="14" slack="1"/>
</pin_list>
<bind>
<opset="add_ln155 "/>
</bind>
</comp>

</comp_list>

<net_list>
<net id="182"><net_src comp="66" pin="0"/><net_sink comp="178" pin=0"/></net>

<net id="183"><net_src comp="64" pin="0"/><net_sink comp="178" pin=1"/></net>

<net id="188"><net_src comp="68" pin="0"/><net_sink comp="184" pin=0"/></net>

<net id="189"><net_src comp="62" pin="0"/><net_sink comp="184" pin=1"/></net>

<net id="194"><net_src comp="70" pin="0"/><net_sink comp="190" pin=0"/></net>

<net id="195"><net_src comp="60" pin="0"/><net_sink comp="190" pin=1"/></net>

<net id="200"><net_src comp="68" pin="0"/><net_sink comp="196" pin=0"/></net>

<net id="201"><net_src comp="58" pin="0"/><net_sink comp="196" pin=1"/></net>

<net id="206"><net_src comp="72" pin="0"/><net_sink comp="202" pin=0"/></net>

<net id="207"><net_src comp="6" pin="0"/><net_sink comp="202" pin=1"/></net>

<net id="212"><net_src comp="72" pin="0"/><net_sink comp="208" pin=0"/></net>

<net id="213"><net_src comp="4" pin="0"/><net_sink comp="208" pin=1"/></net>

<net id="218"><net_src comp="74" pin="0"/><net_sink comp="214" pin=0"/></net>

<net id="219"><net_src comp="8" pin="0"/><net_sink comp="214" pin=1"/></net>

<net id="224"><net_src comp="74" pin="0"/><net_sink comp="220" pin=0"/></net>

<net id="225"><net_src comp="10" pin="0"/><net_sink comp="220" pin=1"/></net>

<net id="230"><net_src comp="74" pin="0"/><net_sink comp="226" pin=0"/></net>

<net id="231"><net_src comp="12" pin="0"/><net_sink comp="226" pin=1"/></net>

<net id="236"><net_src comp="74" pin="0"/><net_sink comp="232" pin=0"/></net>

<net id="237"><net_src comp="14" pin="0"/><net_sink comp="232" pin=1"/></net>

<net id="242"><net_src comp="74" pin="0"/><net_sink comp="238" pin=0"/></net>

<net id="243"><net_src comp="16" pin="0"/><net_sink comp="238" pin=1"/></net>

<net id="248"><net_src comp="74" pin="0"/><net_sink comp="244" pin=0"/></net>

<net id="249"><net_src comp="18" pin="0"/><net_sink comp="244" pin=1"/></net>

<net id="254"><net_src comp="74" pin="0"/><net_sink comp="250" pin=0"/></net>

<net id="255"><net_src comp="20" pin="0"/><net_sink comp="250" pin=1"/></net>

<net id="260"><net_src comp="74" pin="0"/><net_sink comp="256" pin=0"/></net>

<net id="261"><net_src comp="22" pin="0"/><net_sink comp="256" pin=1"/></net>

<net id="266"><net_src comp="74" pin="0"/><net_sink comp="262" pin=0"/></net>

<net id="267"><net_src comp="24" pin="0"/><net_sink comp="262" pin=1"/></net>

<net id="272"><net_src comp="74" pin="0"/><net_sink comp="268" pin=0"/></net>

<net id="273"><net_src comp="26" pin="0"/><net_sink comp="268" pin=1"/></net>

<net id="278"><net_src comp="74" pin="0"/><net_sink comp="274" pin=0"/></net>

<net id="279"><net_src comp="28" pin="0"/><net_sink comp="274" pin=1"/></net>

<net id="284"><net_src comp="74" pin="0"/><net_sink comp="280" pin=0"/></net>

<net id="285"><net_src comp="30" pin="0"/><net_sink comp="280" pin=1"/></net>

<net id="290"><net_src comp="74" pin="0"/><net_sink comp="286" pin=0"/></net>

<net id="291"><net_src comp="32" pin="0"/><net_sink comp="286" pin=1"/></net>

<net id="296"><net_src comp="74" pin="0"/><net_sink comp="292" pin=0"/></net>

<net id="297"><net_src comp="34" pin="0"/><net_sink comp="292" pin=1"/></net>

<net id="302"><net_src comp="74" pin="0"/><net_sink comp="298" pin=0"/></net>

<net id="303"><net_src comp="36" pin="0"/><net_sink comp="298" pin=1"/></net>

<net id="308"><net_src comp="74" pin="0"/><net_sink comp="304" pin=0"/></net>

<net id="309"><net_src comp="38" pin="0"/><net_sink comp="304" pin=1"/></net>

<net id="314"><net_src comp="74" pin="0"/><net_sink comp="310" pin=0"/></net>

<net id="315"><net_src comp="40" pin="0"/><net_sink comp="310" pin=1"/></net>

<net id="320"><net_src comp="74" pin="0"/><net_sink comp="316" pin=0"/></net>

<net id="321"><net_src comp="42" pin="0"/><net_sink comp="316" pin=1"/></net>

<net id="326"><net_src comp="74" pin="0"/><net_sink comp="322" pin=0"/></net>

<net id="327"><net_src comp="44" pin="0"/><net_sink comp="322" pin=1"/></net>

<net id="332"><net_src comp="74" pin="0"/><net_sink comp="328" pin=0"/></net>

<net id="333"><net_src comp="46" pin="0"/><net_sink comp="328" pin=1"/></net>

<net id="338"><net_src comp="74" pin="0"/><net_sink comp="334" pin=0"/></net>

<net id="339"><net_src comp="48" pin="0"/><net_sink comp="334" pin=1"/></net>

<net id="344"><net_src comp="74" pin="0"/><net_sink comp="340" pin=0"/></net>

<net id="345"><net_src comp="50" pin="0"/><net_sink comp="340" pin=1"/></net>

<net id="350"><net_src comp="74" pin="0"/><net_sink comp="346" pin=0"/></net>

<net id="351"><net_src comp="52" pin="0"/><net_sink comp="346" pin=1"/></net>

<net id="356"><net_src comp="74" pin="0"/><net_sink comp="352" pin=0"/></net>

<net id="357"><net_src comp="54" pin="0"/><net_sink comp="352" pin=1"/></net>

<net id="362"><net_src comp="74" pin="0"/><net_sink comp="358" pin=0"/></net>

<net id="363"><net_src comp="56" pin="0"/><net_sink comp="358" pin=1"/></net>

<net id="409"><net_src comp="88" pin="0"/><net_sink comp="364" pin=0"/></net>

<net id="410"><net_src comp="0" pin="0"/><net_sink comp="364" pin=6"/></net>

<net id="411"><net_src comp="2" pin="0"/><net_sink comp="364" pin=42"/></net>

<net id="415"><net_src comp="208" pin="2"/><net_sink comp="412" pin=0"/></net>

<net id="419"><net_src comp="202" pin="2"/><net_sink comp="416" pin=0"/></net>

<net id="424"><net_src comp="416" pin="1"/><net_sink comp="420" pin=0"/></net>

<net id="425"><net_src comp="412" pin="1"/><net_sink comp="420" pin=1"/></net>

<net id="434"><net_src comp="76" pin="0"/><net_sink comp="429" pin=0"/></net>

<net id="435"><net_src comp="78" pin="0"/><net_sink comp="429" pin=2"/></net>

<net id="439"><net_src comp="429" pin="3"/><net_sink comp="436" pin=0"/></net>

<net id="444"><net_src comp="436" pin="1"/><net_sink comp="440" pin=0"/></net>

<net id="445"><net_src comp="80" pin="0"/><net_sink comp="440" pin=1"/></net>

<net id="446"><net_src comp="440" pin="2"/><net_sink comp="364" pin=2"/></net>

<net id="453"><net_src comp="440" pin="2"/><net_sink comp="450" pin=0"/></net>

<net id="458"><net_src comp="447" pin="1"/><net_sink comp="454" pin=0"/></net>

<net id="459"><net_src comp="450" pin="1"/><net_sink comp="454" pin=1"/></net>

<net id="460"><net_src comp="454" pin="2"/><net_sink comp="364" pin=3"/></net>

<net id="465"><net_src comp="426" pin="1"/><net_sink comp="461" pin=0"/></net>

<net id="466"><net_src comp="82" pin="0"/><net_sink comp="461" pin=1"/></net>

<net id="467"><net_src comp="461" pin="2"/><net_sink comp="364" pin=4"/></net>

<net id="475"><net_src comp="426" pin="1"/><net_sink comp="471" pin=0"/></net>

<net id="476"><net_src comp="84" pin="0"/><net_sink comp="471" pin=1"/></net>

<net id="477"><net_src comp="471" pin="2"/><net_sink comp="364" pin=7"/></net>

<net id="482"><net_src comp="468" pin="1"/><net_sink comp="478" pin=0"/></net>

<net id="483"><net_src comp="84" pin="0"/><net_sink comp="478" pin=1"/></net>

<net id="484"><net_src comp="478" pin="2"/><net_sink comp="364" pin=8"/></net>

<net id="489"><net_src comp="426" pin="1"/><net_sink comp="485" pin=0"/></net>

<net id="490"><net_src comp="86" pin="0"/><net_sink comp="485" pin=1"/></net>

<net id="491"><net_src comp="485" pin="2"/><net_sink comp="364" pin=41"/></net>

<net id="495"><net_src comp="178" pin="2"/><net_sink comp="492" pin=0"/></net>

<net id="496"><net_src comp="492" pin="1"/><net_sink comp="364" pin=40"/></net>

<net id="500"><net_src comp="184" pin="2"/><net_sink comp="497" pin=0"/></net>

<net id="501"><net_src comp="497" pin="1"/><net_sink comp="364" pin=39"/></net>

<net id="505"><net_src comp="190" pin="2"/><net_sink comp="502" pin=0"/></net>

<net id="506"><net_src comp="502" pin="1"/><net_sink comp="364" pin=38"/></net>

<net id="510"><net_src comp="196" pin="2"/><net_sink comp="507" pin=0"/></net>

<net id="511"><net_src comp="507" pin="1"/><net_sink comp="364" pin=37"/></net>

<net id="515"><net_src comp="202" pin="2"/><net_sink comp="512" pin=0"/></net>

<net id="516"><net_src comp="512" pin="1"/><net_sink comp="468" pin=0"/></net>

<net id="517"><net_src comp="512" pin="1"/><net_sink comp="364" pin=9"/></net>

<net id="518"><net_src comp="512" pin="1"/><net_sink comp="364" pin=11"/></net>

<net id="522"><net_src comp="208" pin="2"/><net_sink comp="519" pin=0"/></net>

<net id="523"><net_src comp="519" pin="1"/><net_sink comp="426" pin=0"/></net>

<net id="524"><net_src comp="519" pin="1"/><net_sink comp="429" pin=1"/></net>

<net id="525"><net_src comp="519" pin="1"/><net_sink comp="364" pin=5"/></net>

<net id="526"><net_src comp="519" pin="1"/><net_sink comp="364" pin=10"/></net>

<net id="530"><net_src comp="420" pin="2"/><net_sink comp="527" pin=0"/></net>

<net id="531"><net_src comp="527" pin="1"/><net_sink comp="447" pin=0"/></net>

<net id="532"><net_src comp="527" pin="1"/><net_sink comp="364" pin=1"/></net>

<net id="536"><net_src comp="214" pin="2"/><net_sink comp="533" pin=0"/></net>

<net id="537"><net_src comp="533" pin="1"/><net_sink comp="364" pin=28"/></net>

<net id="541"><net_src comp="220" pin="2"/><net_sink comp="538" pin=0"/></net>

<net id="542"><net_src comp="538" pin="1"/><net_sink comp="364" pin=29"/></net>

<net id="546"><net_src comp="226" pin="2"/><net_sink comp="543" pin=0"/></net>

<net id="547"><net_src comp="543" pin="1"/><net_sink comp="364" pin=27"/></net>

<net id="551"><net_src comp="232" pin="2"/><net_sink comp="548" pin=0"/></net>

<net id="552"><net_src comp="548" pin="1"/><net_sink comp="364" pin=26"/></net>

<net id="556"><net_src comp="238" pin="2"/><net_sink comp="553" pin=0"/></net>

<net id="557"><net_src comp="553" pin="1"/><net_sink comp="364" pin=25"/></net>

<net id="561"><net_src comp="244" pin="2"/><net_sink comp="558" pin=0"/></net>

<net id="562"><net_src comp="558" pin="1"/><net_sink comp="364" pin=24"/></net>

<net id="566"><net_src comp="250" pin="2"/><net_sink comp="563" pin=0"/></net>

<net id="567"><net_src comp="563" pin="1"/><net_sink comp="364" pin=23"/></net>

<net id="571"><net_src comp="256" pin="2"/><net_sink comp="568" pin=0"/></net>

<net id="572"><net_src comp="568" pin="1"/><net_sink comp="364" pin=22"/></net>

<net id="576"><net_src comp="262" pin="2"/><net_sink comp="573" pin=0"/></net>

<net id="577"><net_src comp="573" pin="1"/><net_sink comp="364" pin=21"/></net>

<net id="581"><net_src comp="268" pin="2"/><net_sink comp="578" pin=0"/></net>

<net id="582"><net_src comp="578" pin="1"/><net_sink comp="364" pin=20"/></net>

<net id="586"><net_src comp="274" pin="2"/><net_sink comp="583" pin=0"/></net>

<net id="587"><net_src comp="583" pin="1"/><net_sink comp="364" pin=19"/></net>

<net id="591"><net_src comp="280" pin="2"/><net_sink comp="588" pin=0"/></net>

<net id="592"><net_src comp="588" pin="1"/><net_sink comp="364" pin=18"/></net>

<net id="596"><net_src comp="286" pin="2"/><net_sink comp="593" pin=0"/></net>

<net id="597"><net_src comp="593" pin="1"/><net_sink comp="364" pin=17"/></net>

<net id="601"><net_src comp="292" pin="2"/><net_sink comp="598" pin=0"/></net>

<net id="602"><net_src comp="598" pin="1"/><net_sink comp="364" pin=16"/></net>

<net id="606"><net_src comp="298" pin="2"/><net_sink comp="603" pin=0"/></net>

<net id="607"><net_src comp="603" pin="1"/><net_sink comp="364" pin=15"/></net>

<net id="611"><net_src comp="304" pin="2"/><net_sink comp="608" pin=0"/></net>

<net id="612"><net_src comp="608" pin="1"/><net_sink comp="364" pin=14"/></net>

<net id="616"><net_src comp="310" pin="2"/><net_sink comp="613" pin=0"/></net>

<net id="617"><net_src comp="613" pin="1"/><net_sink comp="364" pin=13"/></net>

<net id="621"><net_src comp="316" pin="2"/><net_sink comp="618" pin=0"/></net>

<net id="622"><net_src comp="618" pin="1"/><net_sink comp="364" pin=12"/></net>

<net id="626"><net_src comp="322" pin="2"/><net_sink comp="623" pin=0"/></net>

<net id="627"><net_src comp="623" pin="1"/><net_sink comp="364" pin=36"/></net>

<net id="631"><net_src comp="328" pin="2"/><net_sink comp="628" pin=0"/></net>

<net id="632"><net_src comp="628" pin="1"/><net_sink comp="364" pin=35"/></net>

<net id="636"><net_src comp="334" pin="2"/><net_sink comp="633" pin=0"/></net>

<net id="637"><net_src comp="633" pin="1"/><net_sink comp="364" pin=34"/></net>

<net id="641"><net_src comp="340" pin="2"/><net_sink comp="638" pin=0"/></net>

<net id="642"><net_src comp="638" pin="1"/><net_sink comp="364" pin=33"/></net>

<net id="646"><net_src comp="346" pin="2"/><net_sink comp="643" pin=0"/></net>

<net id="647"><net_src comp="643" pin="1"/><net_sink comp="364" pin=32"/></net>

<net id="651"><net_src comp="352" pin="2"/><net_sink comp="648" pin=0"/></net>

<net id="652"><net_src comp="648" pin="1"/><net_sink comp="364" pin=31"/></net>

<net id="656"><net_src comp="358" pin="2"/><net_sink comp="653" pin=0"/></net>

<net id="657"><net_src comp="653" pin="1"/><net_sink comp="364" pin=30"/></net>

<net id="661"><net_src comp="440" pin="2"/><net_sink comp="658" pin=0"/></net>

<net id="662"><net_src comp="658" pin="1"/><net_sink comp="364" pin=2"/></net>

<net id="666"><net_src comp="454" pin="2"/><net_sink comp="663" pin=0"/></net>

<net id="667"><net_src comp="663" pin="1"/><net_sink comp="364" pin=3"/></net>

<net id="671"><net_src comp="461" pin="2"/><net_sink comp="668" pin=0"/></net>

<net id="672"><net_src comp="668" pin="1"/><net_sink comp="364" pin=4"/></net>

<net id="676"><net_src comp="471" pin="2"/><net_sink comp="673" pin=0"/></net>

<net id="677"><net_src comp="673" pin="1"/><net_sink comp="364" pin=7"/></net>

<net id="681"><net_src comp="478" pin="2"/><net_sink comp="678" pin=0"/></net>

<net id="682"><net_src comp="678" pin="1"/><net_sink comp="364" pin=8"/></net>

<net id="686"><net_src comp="485" pin="2"/><net_sink comp="683" pin=0"/></net>

<net id="687"><net_src comp="683" pin="1"/><net_sink comp="364" pin=41"/></net>

</net_list>

</model> 
---------------- Datapath Model END ------------------

* FSMD analyzer results:
  - Output states:
	Port: m_axis_video | {2 3 }
 - Input state : 
	Port: hls_filter_2d : s_axis_video | {2 3 }
	Port: hls_filter_2d : width | {1 }
	Port: hls_filter_2d : height | {1 }
	Port: hls_filter_2d : kernel_0_0 | {1 }
	Port: hls_filter_2d : kernel_0_1 | {1 }
	Port: hls_filter_2d : kernel_0_2 | {1 }
	Port: hls_filter_2d : kernel_0_3 | {1 }
	Port: hls_filter_2d : kernel_0_4 | {1 }
	Port: hls_filter_2d : kernel_1_0 | {1 }
	Port: hls_filter_2d : kernel_1_1 | {1 }
	Port: hls_filter_2d : kernel_1_2 | {1 }
	Port: hls_filter_2d : kernel_1_3 | {1 }
	Port: hls_filter_2d : kernel_1_4 | {1 }
	Port: hls_filter_2d : kernel_2_0 | {1 }
	Port: hls_filter_2d : kernel_2_1 | {1 }
	Port: hls_filter_2d : kernel_2_2 | {1 }
	Port: hls_filter_2d : kernel_2_3 | {1 }
	Port: hls_filter_2d : kernel_2_4 | {1 }
	Port: hls_filter_2d : kernel_3_0 | {1 }
	Port: hls_filter_2d : kernel_3_1 | {1 }
	Port: hls_filter_2d : kernel_3_2 | {1 }
	Port: hls_filter_2d : kernel_3_3 | {1 }
	Port: hls_filter_2d : kernel_3_4 | {1 }
	Port: hls_filter_2d : kernel_4_0 | {1 }
	Port: hls_filter_2d : kernel_4_1 | {1 }
	Port: hls_filter_2d : kernel_4_2 | {1 }
	Port: hls_filter_2d : kernel_4_3 | {1 }
	Port: hls_filter_2d : kernel_4_4 | {1 }
	Port: hls_filter_2d : inv_divisor | {1 }
	Port: hls_filter_2d : fraction_bits | {1 }
	Port: hls_filter_2d : delta | {1 }
	Port: hls_filter_2d : borderType | {1 }
  - Chain level:
	State 1
		total_pixels : 1
	State 2
		zext_ln43_1 : 1
		flush_cycles : 2
		zext_ln44_1 : 3
		total_cycles : 4
		add_ln88 : 1
		add_ln140 : 1
		add_ln141 : 1
		add_ln155 : 1
		call_ln42 : 5
	State 3
	State 4


============================================================
+ Verbose Summary: Datapath Resource usage 
============================================================

* Functional unit list:
|----------|---------------------------------------------------|---------|---------|---------|---------|---------|---------|
| Operation|                  Functional Unit                  |   BRAM  |   DSP   |  Delay  |    FF   |   LUT   |   URAM  |
|----------|---------------------------------------------------|---------|---------|---------|---------|---------|---------|
|   call   | grp_hls_filter_2d_Pipeline_VITIS_LOOP_51_1_fu_364 |    16   |    18   |   8.47  |   1723  |   2168  |    0    |
|----------|---------------------------------------------------|---------|---------|---------|---------|---------|---------|
|          |                flush_cycles_fu_440                |    0    |    0    |    0    |    0    |    21   |    0    |
|          |                total_cycles_fu_454                |    0    |    0    |    0    |    0    |    33   |    0    |
|    add   |                  add_ln88_fu_461                  |    0    |    0    |    0    |    0    |    20   |    0    |
|          |                  add_ln140_fu_471                 |    0    |    0    |    0    |    0    |    20   |    0    |
|          |                  add_ln141_fu_478                 |    0    |    0    |    0    |    0    |    20   |    0    |
|          |                  add_ln155_fu_485                 |    0    |    0    |    0    |    0    |    20   |    0    |
|----------|---------------------------------------------------|---------|---------|---------|---------|---------|---------|
|    mul   |                total_pixels_fu_420                |    0    |    1    |    0    |    0    |    5    |    0    |
|----------|---------------------------------------------------|---------|---------|---------|---------|---------|---------|
|          |            borderType_read_read_fu_178            |    0    |    0    |    0    |    0    |    0    |    0    |
|          |               delta_read_read_fu_184              |    0    |    0    |    0    |    0    |    0    |    0    |
|          |           fraction_bits_read_read_fu_190          |    0    |    0    |    0    |    0    |    0    |    0    |
|          |            inv_divisor_read_read_fu_196           |    0    |    0    |    0    |    0    |    0    |    0    |
|          |              height_read_read_fu_202              |    0    |    0    |    0    |    0    |    0    |    0    |
|          |               width_read_read_fu_208              |    0    |    0    |    0    |    0    |    0    |    0    |
|          |            kernel_0_0_read_read_fu_214            |    0    |    0    |    0    |    0    |    0    |    0    |
|          |            kernel_0_1_read_read_fu_220            |    0    |    0    |    0    |    0    |    0    |    0    |
|          |            kernel_0_2_read_read_fu_226            |    0    |    0    |    0    |    0    |    0    |    0    |
|          |            kernel_0_3_read_read_fu_232            |    0    |    0    |    0    |    0    |    0    |    0    |
|          |            kernel_0_4_read_read_fu_238            |    0    |    0    |    0    |    0    |    0    |    0    |
|          |            kernel_1_0_read_read_fu_244            |    0    |    0    |    0    |    0    |    0    |    0    |
|          |            kernel_1_1_read_read_fu_250            |    0    |    0    |    0    |    0    |    0    |    0    |
|          |            kernel_1_2_read_read_fu_256            |    0    |    0    |    0    |    0    |    0    |    0    |
|          |            kernel_1_3_read_read_fu_262            |    0    |    0    |    0    |    0    |    0    |    0    |
|   read   |            kernel_1_4_read_read_fu_268            |    0    |    0    |    0    |    0    |    0    |    0    |
|          |            kernel_2_0_read_read_fu_274            |    0    |    0    |    0    |    0    |    0    |    0    |
|          |            kernel_2_1_read_read_fu_280            |    0    |    0    |    0    |    0    |    0    |    0    |
|          |            kernel_2_2_read_read_fu_286            |    0    |    0    |    0    |    0    |    0    |    0    |
|          |            kernel_2_3_read_read_fu_292            |    0    |    0    |    0    |    0    |    0    |    0    |
|          |            kernel_2_4_read_read_fu_298            |    0    |    0    |    0    |    0    |    0    |    0    |
|          |            kernel_3_0_read_read_fu_304            |    0    |    0    |    0    |    0    |    0    |    0    |
|          |            kernel_3_1_read_read_fu_310            |    0    |    0    |    0    |    0    |    0    |    0    |
|          |            kernel_3_2_read_read_fu_316            |    0    |    0    |    0    |    0    |    0    |    0    |
|          |            kernel_3_3_read_read_fu_322            |    0    |    0    |    0    |    0    |    0    |    0    |
|          |            kernel_3_4_read_read_fu_328            |    0    |    0    |    0    |    0    |    0    |    0    |
|          |            kernel_4_0_read_read_fu_334            |    0    |    0    |    0    |    0    |    0    |    0    |
|          |            kernel_4_1_read_read_fu_340            |    0    |    0    |    0    |    0    |    0    |    0    |
|          |            kernel_4_2_read_read_fu_346            |    0    |    0    |    0    |    0    |    0    |    0    |
|          |            kernel_4_3_read_read_fu_352            |    0    |    0    |    0    |    0    |    0    |    0    |
|          |            kernel_4_4_read_read_fu_358            |    0    |    0    |    0    |    0    |    0    |    0    |
|----------|---------------------------------------------------|---------|---------|---------|---------|---------|---------|
|          |                  zext_ln42_fu_412                 |    0    |    0    |    0    |    0    |    0    |    0    |
|          |                 zext_ln42_1_fu_416                |    0    |    0    |    0    |    0    |    0    |    0    |
|          |                  zext_ln43_fu_426                 |    0    |    0    |    0    |    0    |    0    |    0    |
|   zext   |                 zext_ln43_1_fu_436                |    0    |    0    |    0    |    0    |    0    |    0    |
|          |                  zext_ln44_fu_447                 |    0    |    0    |    0    |    0    |    0    |    0    |
|          |                 zext_ln44_1_fu_450                |    0    |    0    |    0    |    0    |    0    |    0    |
|          |                 zext_ln122_fu_468                 |    0    |    0    |    0    |    0    |    0    |    0    |
|----------|---------------------------------------------------|---------|---------|---------|---------|---------|---------|
|bitconcatenate|                   shl_ln_fu_429                   |    0    |    0    |    0    |    0    |    0    |    0    |
|----------|---------------------------------------------------|---------|---------|---------|---------|---------|---------|
|   Total  |                                                   |    16   |    19   |   8.47  |   1723  |   2307  |    0    |
|----------|---------------------------------------------------|---------|---------|---------|---------|---------|---------|

Memories:
N/A

* Register list:
+--------------------------+--------+
|                          |   FF   |
+--------------------------+--------+
|     add_ln140_reg_673    |   14   |
|     add_ln141_reg_678    |   14   |
|     add_ln155_reg_683    |   14   |
|     add_ln88_reg_668     |   14   |
|  borderType_read_reg_492 |    1   |
|    delta_read_reg_497    |   32   |
|   flush_cycles_reg_658   |   15   |
|fraction_bits_read_reg_502|    5   |
|    height_read_reg_512   |   13   |
| inv_divisor_read_reg_507 |   32   |
|  kernel_0_0_read_reg_533 |    8   |
|  kernel_0_1_read_reg_538 |    8   |
|  kernel_0_2_read_reg_543 |    8   |
|  kernel_0_3_read_reg_548 |    8   |
|  kernel_0_4_read_reg_553 |    8   |
|  kernel_1_0_read_reg_558 |    8   |
|  kernel_1_1_read_reg_563 |    8   |
|  kernel_1_2_read_reg_568 |    8   |
|  kernel_1_3_read_reg_573 |    8   |
|  kernel_1_4_read_reg_578 |    8   |
|  kernel_2_0_read_reg_583 |    8   |
|  kernel_2_1_read_reg_588 |    8   |
|  kernel_2_2_read_reg_593 |    8   |
|  kernel_2_3_read_reg_598 |    8   |
|  kernel_2_4_read_reg_603 |    8   |
|  kernel_3_0_read_reg_608 |    8   |
|  kernel_3_1_read_reg_613 |    8   |
|  kernel_3_2_read_reg_618 |    8   |
|  kernel_3_3_read_reg_623 |    8   |
|  kernel_3_4_read_reg_628 |    8   |
|  kernel_4_0_read_reg_633 |    8   |
|  kernel_4_1_read_reg_638 |    8   |
|  kernel_4_2_read_reg_643 |    8   |
|  kernel_4_3_read_reg_648 |    8   |
|  kernel_4_4_read_reg_653 |    8   |
|   total_cycles_reg_663   |   27   |
|   total_pixels_reg_527   |   26   |
|    width_read_reg_519    |   13   |
+--------------------------+--------+
|           Total          |   420  |
+--------------------------+--------+

* Multiplexer (MUX) list: 
|---------------------------------------------------|------|------|------|--------||---------||---------||---------|
|                        Comp                       |  Pin | Size |  BW  | S x BW ||  Delay  ||    FF   ||   LUT   |
|---------------------------------------------------|------|------|------|--------||---------||---------||---------|
| grp_hls_filter_2d_Pipeline_VITIS_LOOP_51_1_fu_364 |  p2  |   2  |  15  |   30   ||    0    ||    9    |
| grp_hls_filter_2d_Pipeline_VITIS_LOOP_51_1_fu_364 |  p3  |   2  |  27  |   54   ||    0    ||    9    |
| grp_hls_filter_2d_Pipeline_VITIS_LOOP_51_1_fu_364 |  p4  |   2  |  14  |   28   ||    0    ||    9    |
| grp_hls_filter_2d_Pipeline_VITIS_LOOP_51_1_fu_364 |  p7  |   2  |  14  |   28   ||    0    ||    9    |
| grp_hls_filter_2d_Pipeline_VITIS_LOOP_51_1_fu_364 |  p8  |   2  |  14  |   28   ||    0    ||    9    |
| grp_hls_filter_2d_Pipeline_VITIS_LOOP_51_1_fu_364 |  p41 |   2  |  14  |   28   ||    0    ||    9    |
|---------------------------------------------------|------|------|------|--------||---------||---------||---------|
|                       Total                       |      |      |      |   196  ||  2.562  ||    0    ||    54   |
|---------------------------------------------------|------|------|------|--------||---------||---------||---------|



* Summary:
+-----------+--------+--------+--------+--------+--------+--------+
|           |  BRAM  |   DSP  |  Delay |   FF   |   LUT  |  URAM  |
+-----------+--------+--------+--------+--------+--------+--------+
|  Function |   16   |   19   |    8   |  1723  |  2307  |    0   |
|   Memory  |    -   |    -   |    -   |    -   |    -   |    -   |
|Multiplexer|    -   |    -   |    2   |    0   |   54   |    -   |
|  Register |    -   |    -   |    -   |   420  |    -   |    -   |
+-----------+--------+--------+--------+--------+--------+--------+
|   Total   |   16   |   19   |   11   |  2143  |  2361  |    0   |
+-----------+--------+--------+--------+--------+--------+--------+
